name,year,location,citation,acm_fellow_profile,acm_fellow_profile_crawl_date,dblp_profile,dblp_profile_crawl_date,dblp_profile_quality,google_scholar_profile,google_scholar_profile_crawl_date,google_scholar_profile_quality,csrankings_name,csrankings_name_alignment_date
"Adar, Eytan",2025,USA,"For research in data mining, data visualization, and social computing.",https://awards.acm.org/award-recipients/adar_2005416,2026-09-13,https://dblp.org/pid/a/EytanAdar,2026-09-17,Y,https://scholar.google.com/citations?user=4tMapHYAAAAJ,2026-09-16,Y,Eytan Adar,2026-09-18
"Ahn, Gail-Joon",2025,USA,"For contributions to the foundations and practical applications of information and systems security, including formal models and policy frameworks.",https://awards.acm.org/award-recipients/ahn_UK34778,2026-09-13,https://dblp.org/pid/a/GailJoonAhn,2026-09-17,Y,https://scholar.google.com/citations?user=_dzO69sAAAAJ,2026-09-16,Y,Gail-Joon Ahn,2026-09-18
"Allman, Eric",2025,USA,For the development of electronic mail.,https://awards.acm.org/award-recipients/allman_1511070,2026-09-13,https://dblp.org/pid/71/1984,2026-09-17,Y,,,N,,
"Apel, Sven",2025,Germany,"For theories and methods that empower humans to comprehend, construct, and optimize software systems.",https://awards.acm.org/award-recipients/apel_3696781,2026-09-13,https://dblp.org/pid/a/SvenApel,2026-09-17,Y,https://scholar.google.com/citations?user=_4ssMloAAAAJ,2026-09-16,Y,Sven Apel,2026-09-18
"Bauer, Lujo",2025,USA,"For contributions to access control, usable security and privacy, and the security of machine learning.",https://awards.acm.org/award-recipients/bauer_8383135,2026-09-13,https://dblp.org/pid/32/3440,2026-09-17,Y,https://scholar.google.com/citations?user=5cJzDZEAAAAJ,2026-09-16,Y,Lujo Bauer,2026-09-18
"Bonifati, Angela",2025,Italy,For contributions to the foundations of graph databases and data integration.,https://awards.acm.org/award-recipients/bonifati_4027339,2026-09-13,https://dblp.org/pid/b/ABonifati,2026-09-17,Y,https://scholar.google.com/citations?user=0RdtBlUAAAAJ,2026-09-16,Y,,
"Buyya, Rajkumar",2025,Australia,For research contributions to cost and energy-efficient resource management and scheduling systems for cloud computing,https://awards.acm.org/award-recipients/buyya_5237615,2026-09-13,https://dblp.org/pid/b/RajkumarBuyya,2026-09-17,Y,https://scholar.google.com/citations?user=7xN6JqYAAAAJ,2026-09-16,Y,Rajkumar Buyya,2026-09-18
"Candea, George",2025,Switzerland,For broad contributions to dependable systems,https://awards.acm.org/award-recipients/candea_UK12950,2026-09-13,https://dblp.org/pid/c/GeorgeCandea,2026-09-17,Y,https://scholar.google.com/citations?user=Yd-SGH8AAAAJ,2026-09-16,Y,George Candea,2026-09-18
"Cao, Pei",2025,USA,"For contributions to web caching, search engine efficiency, and information quality.",https://awards.acm.org/award-recipients/cao_8112438,2026-09-13,https://dblp.org/pid/87/3674,2026-09-17,Y,https://scholar.google.com/citations?user=JHwivywAAAAJ,2026-09-16,Y,,
"Cappello, Franck",2025,USA,"For contributions to parallel/distributed computing, resilience, and scientific data reduction",https://awards.acm.org/award-recipients/cappello_5342872,2026-09-13,https://dblp.org/pid/c/FranckCappello,2026-09-17,Y,https://scholar.google.com/citations?user=z5u02kIAAAAJ,2026-09-16,Y,,
"Carloni, Luca P",2025,USA,For contributions to the design of system-on-chip architectures and heterogeneous computing platforms.,https://awards.acm.org/award-recipients/carloni_UJ17314,2026-09-13,https://dblp.org/pid/68/2644,2026-09-17,Y,https://scholar.google.com/citations?user=sEAoh3MAAAAJ,2026-09-16,Y,Luca P. Carloni,2026-09-18
"Carpendale, Sheelagh",2025,Canada,For contributions to expanding the diversity of data comprehension through innovative interactive visualizations.,https://awards.acm.org/award-recipients/carpendale_4897302,2026-09-13,https://dblp.org/pid/c/MSheelaghTCarpendale,2026-09-17,Y,https://scholar.google.com/citations?user=43LLX2kAAAAJ,2026-09-16,Y,Sheelagh Carpendale,2026-09-18
"Chaudhuri, Swarat",2025,USA,"For the development of tools for reliable systems, via approaches connecting formal methods and machine learning",https://awards.acm.org/award-recipients/chaudhuri_4339613,2026-09-13,https://dblp.org/pid/37/6100,2026-09-17,Y,https://scholar.google.com/citations?user=9j6RBYQAAAAJ,2026-09-16,Y,Swarat Chaudhuri,2026-09-18
"Chen, Baoquan",2025,China,"For contributions to large-scale scene reconstruction, discrete geometry processing, and shape design for manufacturing",https://awards.acm.org/award-recipients/chen_C102676,2026-09-13,https://dblp.org/pid/23/4197,2026-09-17,Y,https://scholar.google.com/citations?user=iHWtrEAAAAAJ,2026-09-16,Y,Baoquan Chen,2026-09-18
"Chen, Deming",2025,USA,"For contributions to reconfigurable computing, including synthesis algorithms and customizable AI accelerator design methodologies",https://awards.acm.org/award-recipients/chen_8226730,2026-09-13,https://dblp.org/pid/37/1234,2026-09-17,Y,https://scholar.google.com/citations?user=A_A_LrsAAAAJ,2026-09-16,Y,Deming Chen,2026-09-18
"Cheng, Kwang-Ting",2025,Hong Kong,For contributions to design automation and software-hardware co-design of electronic circuits and computing systems.,https://awards.acm.org/award-recipients/cheng_4587069,2026-09-13,https://dblp.org/pid/c/KwangTingCheng,2026-09-17,Y,https://scholar.google.com/citations?user=-SgpaF8AAAAJ,2026-09-16,Y,Kwang-Ting Cheng,2026-09-18
"Conati, Cristina",2025,Canada,For contributions to research in Human-AI interaction and AI-driven personalization,https://awards.acm.org/award-recipients/conati_CR39233,2026-09-13,https://dblp.org/pid/34/5056,2026-09-17,Y,https://scholar.google.com/citations?user=Ytp9oFQAAAAJ,2026-09-16,Y,Cristina Conati,2026-09-18
"Dorigo, Marco",2025,Belgium,For establishing swarm-intelligence as a research field,https://awards.acm.org/award-recipients/dorigo_0977371,2026-09-13,https://dblp.org/pid/d/MarcoDorigo,2026-09-17,Y,https://scholar.google.com/citations?user=PwYT6EMAAAAJ,2026-09-16,Y,Marco Dorigo,2026-09-18
"Drettakis, George",2025,France,"For contributions to computer graphics, image based rendering, and visual computing.",https://awards.acm.org/award-recipients/drettakis_3424991,2026-09-13,https://dblp.org/pid/59/2449,2026-09-17,Y,https://scholar.google.com/citations?user=LGo5J4IAAAAJ,2026-09-16,Y,,
"Dukkipati, Nandita",2025,USA,"For contributions to congestion control, TCP performance, and end-host network stacks.",https://awards.acm.org/award-recipients/dukkipati_3327860,2026-09-13,https://dblp.org/pid/74/5250,2026-09-17,Y,,,N,,
"Esparza, Javier",2025,Germany,For contributions to the theory of program verification and concurrent systems.,https://awards.acm.org/award-recipients/esparza_0737344,2026-09-13,https://dblp.org/pid/e/JEsparza,2026-09-17,Y,https://scholar.google.com/citations?user=c9qgPSYAAAAJ,2026-09-16,Y,Javier Esparza,2026-09-18
"Ferragina, Paolo",2025,Italy,For contributions to data structures and algorithms for efficient search and data compression,https://awards.acm.org/award-recipients/ferragina_ND16004,2026-09-13,https://dblp.org/pid/f/PaoloFerragina,2026-09-17,Y,https://scholar.google.com/citations?user=3EILU3MAAAAJ,2026-09-16,Y,Paolo Ferragina,2026-09-18
"Fu, Yun Raymond",2025,USA,"For contributions to representation learning, computer vision, face and gesture recognition",https://awards.acm.org/award-recipients/fu_2327618,2026-09-13,https://dblp.org/pid/153/2294,2026-09-17,N,https://scholar.google.com/citations?user=h-JEcQ8AAAAJ,2026-09-16,Y,Yun Fu 0001,2026-09-18
"Gleicher, Michael L",2025,USA,"For contributions to graphics, multimedia, visualization, and robotics",https://awards.acm.org/award-recipients/gleicher_3026374,2026-09-13,https://dblp.org/pid/g/MichaelGleicher,2026-09-17,Y,https://scholar.google.com/citations?user=kDkH9UkAAAAJ,2026-09-16,Y,Michael Gleicher,2026-09-18
"Heidrich, Wolfgang",2025,Saudi Arabia,"For contributions to computational photography and displays, and to high dynamic range imaging and display.",https://awards.acm.org/award-recipients/heidrich_3886801,2026-09-13,https://dblp.org/pid/h/WolfgangHeidrich,2026-09-17,Y,https://scholar.google.com/citations?user=IQSbom0AAAAJ,2026-09-16,Y,Wolfgang Heidrich,2026-09-18
"Hodges, Steve",2025,United Kingdom,For contributions to interactive device and systems research resulting in widely adopted impactful products,https://awards.acm.org/award-recipients/hodges_9356500,2026-09-13,https://dblp.org/pid/h/SteveHodges,2026-09-17,Y,https://scholar.google.com/citations?user=7-H0ry4AAAAJ,2026-09-16,Y,,
"Huang, Zi Helen",2025,Australia,"For contributions to large-scale multimedia content understanding, indexing and retrieval",https://awards.acm.org/award-recipients/huang_3708593,2026-09-13,https://dblp.org/pid/70/6862,2026-09-17,Y,https://scholar.google.com/citations?user=iAWMsgEAAAAJ,2026-09-17,Y,Zi Helen Huang,2026-09-18
"Jenkins, Odest Chadwicke",2025,USA,For contributions to robot learning and broadening participation in robotics and AI.,https://awards.acm.org/award-recipients/jenkins_1017102,2026-09-13,https://dblp.org/pid/99/4449,2026-09-17,Y,https://scholar.google.com/citations?user=dp5LnVAAAAAJ,2026-09-16,Y,Odest Chadwicke Jenkins,2026-09-18
"Jia, Jiaya",2025,Hong Kong,"For contributions to segmentation, scene parsing and texture analysis in computer vision",https://awards.acm.org/award-recipients/jia_6564062,2026-09-13,https://dblp.org/pid/31/5649,2026-09-17,Y,https://scholar.google.com/citations?user=XPAkzTEAAAAJ,2026-09-16,Y,Jiaya Jia,2026-09-18
"Jia, Xiaohua",2025,Hong Kong,For contributions to the advancement of data security and distributed computing systems,https://awards.acm.org/award-recipients/jia_2912296,2026-09-13,https://dblp.org/pid/j/XiaohuaJia,2026-09-17,Y,https://scholar.google.com/citations?user=L5iEhq0AAAAJ,2026-09-16,Y,Xiaohua Jia,2026-09-18
"Jin, Hai",2025,China,"For contributions to efficient data-centric processing, memory management, and distributed system architectures.",https://awards.acm.org/award-recipients/jin_5262688,2026-09-13,https://dblp.org/pid/98/4156,2026-09-17,Y,https://scholar.google.com/citations?user=o02W0aEAAAAJ,2026-09-16,Y,Hai Jin 0001,2026-09-18
"Kawarabayashi, Ken-Ichi",2025,Japan,"For his contributions to graph theory, graph algorithms, and their applications.",https://awards.acm.org/award-recipients/kawarabayashi_8923013,2026-09-13,https://dblp.org/pid/45/6846,2026-09-17,Y,https://scholar.google.com/citations?user=DWERCmsAAAAJ,2026-09-16,Y,Ken-ichi Kawarabayashi,2026-09-18
"Kiayias, Aggelos",2025,United Kingdom,For contributions to the principles and practice of cyber security and cryptography,https://awards.acm.org/award-recipients/kiayias_5240130,2026-09-13,https://dblp.org/pid/47/3682,2026-09-17,Y,https://scholar.google.com/citations?user=P_L_vZAAAAAJ,2026-09-16,Y,Aggelos Kiayias,2026-09-18
"Kohno, Tadayoshi",2025,USA,"For leadership in cybersecurity for emerging technologies, security ethics, and sociotechnical security.",https://awards.acm.org/award-recipients/kohno_1839959,2026-09-13,https://dblp.org/pid/k/TadayoshiKohno,2026-09-17,Y,https://scholar.google.com/citations?user=s_YDrrgAAAAJ,2026-09-16,Y,Tadayoshi Kohno,2026-09-18
"Lehner, Wolfgang",2025,Germany,For contributions to architectures of main-memory database management systems,https://awards.acm.org/award-recipients/lehner_4258676,2026-09-13,https://dblp.org/pid/l/WLehner,2026-09-17,Y,https://scholar.google.com/citations?user=YYzvyMQAAAAJ,2026-09-16,Y,Wolfgang Lehner,2026-09-18
"Ma, Jian",2025,USA,For contributions to computational biology algorithms and machine learning approaches for understanding genomes and cells,https://awards.acm.org/award-recipients/ma_3426463,2026-09-13,https://dblp.org/pid/26/4870-4,2026-09-17,Y,https://scholar.google.com/citations?user=nDw9v78AAAAJ,2026-09-16,Y,Jian Ma 0004,2026-09-18
"Mahajan, Ratul",2025,USA,For contributions to network verification and network control systems and their transfer to industrial practice,https://awards.acm.org/award-recipients/mahajan_CR70877,2026-09-13,https://dblp.org/pid/81/6327,2026-09-17,Y,https://scholar.google.com/citations?user=Sh1yq5QAAAAJ,2026-09-16,Y,Ratul Mahajan,2026-09-18
"Markopoulou, Athina",2025,USA,For contributions to internet measurement and privacy enhancing technologies.,https://awards.acm.org/award-recipients/markopoulou_1561968,2026-09-13,https://dblp.org/pid/82/5866,2026-09-17,Y,,,N,,
"Medvidovic, Nenad",2025,USA,For contributions to the foundations of software architectures and their application to software engineering,https://awards.acm.org/award-recipients/medvidovic_4521753,2026-09-13,https://dblp.org/pid/65/1728,2026-09-17,Y,https://scholar.google.com/citations?user=kqW_-2gAAAAJ,2026-09-16,Y,Nenad Medvidovic,2026-09-18
"Mei, Tao",2025,China,"For contributions to multimedia analysis, retrieval, and applications",https://awards.acm.org/award-recipients/mei_8219007,2026-09-13,https://dblp.org/pid/12/5444-1,2026-09-17,Y,https://scholar.google.com/citations?user=7Yq4wf4AAAAJ,2026-09-16,Y,,
"Melodia, Tommaso",2025,USA,For contributions to open radio access network architectures and AI-native wireless networks,https://awards.acm.org/award-recipients/melodia_7974362,2026-09-13,https://dblp.org/pid/05/1629,2026-09-17,Y,https://scholar.google.com/citations?user=WzLpSRkAAAAJ,2026-09-16,Y,,
"Milojicic, Dejan S",2025,USA,"For contributions to software and hardware architectures of distributed systems, from high performance computing to cloud computing.",https://awards.acm.org/award-recipients/milojicic_3644218,2026-09-13,https://dblp.org/pid/53/726,2026-09-17,Y,https://scholar.google.com/citations?user=4VqLAT8AAAAJ,2026-09-16,Y,,
"Moffat, Alistair M",2025,Australia,For contributions to the implementation and evaluation of search engines.,https://awards.acm.org/award-recipients/moffat_1885573,2026-09-13,https://dblp.org/pid/m/AlistairMoffat,2026-09-17,Y,https://scholar.google.com/citations?user=r3xSME0AAAAJ,2026-09-16,Y,Alistair Moffat,2026-09-18
"Mokbel, Mohamed F",2025,USA,For contributions in building scalable spatially-aware systems,https://awards.acm.org/award-recipients/mokbel_6489744,2026-09-13,https://dblp.org/pid/94/5893,2026-09-17,Y,https://scholar.google.com/citations?user=GHz1ZVIAAAAJ,2026-09-16,Y,Mohamed F. Mokbel,2026-09-18
"Musuvathi, Madanlal",2025,USA,"For the development of methods in concurrency verification and testing, and machine learning systems design",https://awards.acm.org/award-recipients/musuvathi_4713478,2026-09-13,https://dblp.org/pid/95/6578,2026-09-17,Y,https://scholar.google.com/citations?user=6ENuGyoAAAAJ,2026-09-16,Y,,
"Müller, Peter",2025,Switzerland,"For contributions to automated, modular program verification.",https://awards.acm.org/award-recipients/m%25C3%25BCller_1106936,2026-09-13,https://dblp.org/pid/m/PMuller1,2026-09-17,Y,https://scholar.google.com/citations?user=ttxZRHEAAAAJ,2026-09-17,Y,Peter Müller 0001,2026-09-18
"Nisan, Noam",2025,Israel,"For contributions to complexity theory, and for pioneering the field of economics and computation.",https://awards.acm.org/award-recipients/nisan_ND19594,2026-09-13,https://dblp.org/pid/n/NoamNisan,2026-09-17,Y,https://scholar.google.com/citations?user=zXQZPnMAAAAJ,2026-09-16,Y,Noam Nisan,2026-09-18
"Orso, Alessandro",2025,USA,For contributions in developing novel and impactful techniques for software testing and debugging,https://awards.acm.org/award-recipients/orso_4953717,2026-09-13,https://dblp.org/pid/35/805,2026-09-17,Y,https://scholar.google.com/citations?user=wCfYkMkAAAAJ,2026-09-16,Y,Alessandro Orso,2026-09-18
"Palpanas, Themis",2025,France,"For contributions to time-series and high-dimensional vector indexing and similarity-search, anomaly detection, and entity resolution.",https://awards.acm.org/award-recipients/palpanas_NA32961,2026-09-13,https://dblp.org/pid/p/ThemisPalpanas,2026-09-17,Y,https://scholar.google.com/citations?user=qUBdmWgAAAAJ,2026-09-16,Y,,
"Poshyvanyk, Denys",2025,USA,For the development of deep learning and software analytics methods that transformed software engineering research and practice,https://awards.acm.org/award-recipients/poshyvanyk_9168537,2026-09-13,https://dblp.org/pid/02/320,2026-09-17,Y,https://scholar.google.com/citations?user=gyLFs0IAAAAJ,2026-09-16,Y,Denys Poshyvanyk,2026-09-18
"Procaccia, Ariel",2025,USA,"For contributions to AI, algorithms, and society, including foundational work and practical impact.",https://awards.acm.org/award-recipients/procaccia_1176772,2026-09-13,https://dblp.org/pid/p/ArielDProcaccia,2026-09-17,Y,https://scholar.google.com/citations?user=8ZpV-lkAAAAJ,2026-09-16,Y,Ariel D. Procaccia,2026-09-18
"Rappaport, Theodore",2025,USA,For research contributions in wireless networks,https://awards.acm.org/award-recipients/rappaport_6520722,2026-09-13,https://dblp.org/pid/07/2123,2026-09-17,Y,https://scholar.google.com/citations?user=aLOSzWwAAAAJ,2026-09-16,Y,Theodore S. Rappaport,2026-09-18
"Ratnasamy, Sylvia",2025,USA,For contributions to networks and networked systems.,https://awards.acm.org/award-recipients/ratnasamy_3303665,2026-09-13,https://dblp.org/pid/68/5579,2026-09-17,Y,https://scholar.google.com/citations?user=sAdDcvQAAAAJ,2026-09-16,Y,Sylvia Ratnasamy,2026-09-18
"Regev, Oded",2025,USA,"For contributions to computational complexity, lattice-based cryptography, and quantum computing.",https://awards.acm.org/award-recipients/regev_4689813,2026-09-13,https://dblp.org/pid/r/OdedRegev,2026-09-17,Y,https://scholar.google.com/citations?user=3-gk0ioAAAAJ,2026-09-16,Y,Oded Regev 0001,2026-09-18
"Rudin, Cynthia",2025,USA,For contributions to and leadership in interpretable machine learning and societal applications,https://awards.acm.org/award-recipients/rudin_6865488,2026-09-13,https://dblp.org/pid/62/6936,2026-09-17,Y,https://scholar.google.com/citations?user=mezKJyoAAAAJ,2026-09-16,Y,Cynthia Rudin,2026-09-18
"Shankar, Natarajan",2025,USA,"For contributions in automated reasoning, mechanized metatheory, formalized mathematics, formal methods, and system assurance.",https://awards.acm.org/award-recipients/shankar_3285830,2026-09-13,https://dblp.org/pid/33/1623,2026-09-17,Y,https://scholar.google.com/citations?user=qVzY4XYAAAAJ,2026-09-16,Y,,
"Solihin, Yan",2025,USA,For contributions to shared cache architecture and trusted execution environment design.,https://awards.acm.org/award-recipients/solihin_3719551,2026-09-13,https://dblp.org/pid/11/2624,2026-09-17,Y,https://scholar.google.com/citations?user=sUQFclgAAAAJ,2026-09-17,Y,Yan Solihin,2026-09-18
"Starbird, Kate",2025,USA,"For contributions to understanding and improving information ecosystems, including during crisis events and addressing misinformation",https://awards.acm.org/award-recipients/starbird_5342784,2026-09-13,https://dblp.org/pid/84/7848,2026-09-17,Y,https://scholar.google.com/citations?user=C6KSF5gAAAAJ,2026-09-16,Y,,
"Suh, Gookwon Edward",2025,USA,For contributions to the development of secure hardware circuits and processors.,https://awards.acm.org/award-recipients/suh_UK42031,2026-09-13,https://dblp.org/pid/09/5657,2026-09-17,Y,https://scholar.google.com/citations?user=neO3vFYAAAAJ,2026-09-16,Y,,
"Tan, Kian-Lee",2025,Singapore,For contributions to query optimization and processing for advanced database applications,https://awards.acm.org/award-recipients/tan_3461761,2026-09-13,https://dblp.org/pid/t/KianLeeTan,2026-09-17,Y,https://scholar.google.com/citations?user=JQ-sxKYAAAAJ,2026-09-16,Y,Kian-Lee Tan,2026-09-18
"Tong, Hanghang",2025,USA,"For contributions to the theories, algorithms, and applications of large-scale graph mining",https://awards.acm.org/award-recipients/tong_5695427,2026-09-13,https://dblp.org/pid/58/1757,2026-09-17,Y,https://scholar.google.com/citations?user=RaINcuUAAAAJ,2026-09-16,Y,Hanghang Tong,2026-09-18
"Torralba, Antonio",2025,USA,"For contributions to computer vision, including novel datasets, scene recognition and context understanding.",https://awards.acm.org/award-recipients/torralba_2191086,2026-09-13,https://dblp.org/pid/t/AntonioBTorralba,2026-09-17,Y,https://scholar.google.com/citations?user=8cxDHS4AAAAJ,2026-09-16,Y,Antonio Torralba 0001,2026-09-18
"Weirich, Stephanie",2025,USA,For contributions to static type systems and mechanized mathematics of programming languages.,https://awards.acm.org/award-recipients/weirich_5025408,2026-09-13,https://dblp.org/pid/w/StephanieWeirich,2026-09-17,Y,https://scholar.google.com/citations?user=-vC_l2kAAAAJ,2026-09-16,Y,Stephanie Weirich,2026-09-18
"Wierman, Adam",2025,USA,"For contributions to online algorithms, scheduling theory, and applications to sustainable computing.",https://awards.acm.org/award-recipients/wierman_3144364,2026-09-13,https://dblp.org/pid/56/4447,2026-09-17,Y,https://scholar.google.com/citations?user=4OvOdSgAAAAJ,2026-09-16,Y,Adam Wierman,2026-09-18
"Wright, Rebecca N.",2025,USA,"For contributions to security and privacy, and for leadership in computing research and education",https://awards.acm.org/award-recipients/wright_9672189,2026-09-13,https://dblp.org/pid/w/RebeccaNWright,2026-09-17,Y,https://scholar.google.com/citations?user=L-xeJPoAAAAJ,2026-09-16,Y,,
"Xiong, Hui",2025,USA,For research contributions to the advancement of AI and mobile computing,https://awards.acm.org/award-recipients/xiong_2153112,2026-09-13,https://dblp.org/pid/262/1686-1,2026-09-17,Y,https://scholar.google.com/citations?user=cVDF1tkAAAAJ,2026-09-16,Y,Hui Xiong 0001,2026-09-18
"Xiong, Li",2025,USA,For contributions to privacy-preserving and secure data sharing and analytics,https://awards.acm.org/award-recipients/xiong_7440829,2026-09-13,https://dblp.org/pid/39/3530-1,2026-09-17,Y,https://scholar.google.com/citations?user=jJ8BLgsAAAAJ,2026-09-16,Y,Li Xiong 0001,2026-09-18
"Yang, Junfeng",2025,USA,For leadership and contributions to trustworthy software and AI systems,https://awards.acm.org/award-recipients/yang_3897197,2026-09-13,https://dblp.org/pid/71/3724,2026-09-17,Y,https://scholar.google.com/citations?user=JJ9AvbAAAAAJ,2026-09-16,Y,Junfeng Yang,2026-09-18
"Yi, Ke",2025,Hong Kong,For contributions to the theory and practice of query processing,https://awards.acm.org/award-recipients/yi_2901212,2026-09-13,https://dblp.org/pid/43/1219-1,2026-09-17,Y,https://scholar.google.com/citations?user=dWcZPFEAAAAJ,2026-09-16,Y,Ke Yi 0001,2026-09-18
"Zheng, Yu",2025,China,For contributions to spatio-temporal data mining and urban computing,https://awards.acm.org/award-recipients/zheng_0370383,2026-09-13,https://dblp.org/pid/87/1585-4,2026-09-17,Y,https://scholar.google.com/citations?user=juUcdgYAAAAJ,2026-09-16,Y,,
"Zhu, Jun",2025,China,For contributions to the theory and methods of probabilistic machine learning,https://awards.acm.org/award-recipients/zhu_5363164,2026-09-13,https://dblp.org/pid/50/2644-1,2026-09-17,Y,https://scholar.google.com/citations?user=axsP38wAAAAJ,2026-09-16,Y,Jun Zhu 0001,2026-09-18
"Alexa, Marc",2024,Germany,For contributions to computer graphics and geometry processing.,https://awards.acm.org/award-recipients/alexa_8605690,2026-09-13,https://dblp.org/pid/a/MarcAlexa,2026-09-17,Y,https://scholar.google.com/citations?user=KNwXLLsAAAAJ,2026-09-16,Y,Marc Alexa,2026-09-18
"Arenas, Marcelo",2024,Chile,For contributions to the foundations of data management.,https://awards.acm.org/award-recipients/arenas_UK74146,2026-09-13,https://dblp.org/pid/76/6735,2026-09-17,Y,https://scholar.google.com/citations?user=YHR0wkkAAAAJ,2026-09-16,Y,Marcelo Arenas,2026-09-18
"Bailey, Michael",2024,USA,For contributions to cybersecurity and internet measurement.,https://awards.acm.org/award-recipients/bailey_5046024,2026-09-13,https://dblp.org/pid/359/0958,2026-09-17,Y,https://scholar.google.com/citations?user=sMnocAYAAAAJ,2026-09-16,Y,Michael D. Bailey,2026-09-18
"Banerjee, Arindam",2024,USA,For contributions to advances in statistical machine learning and its applications in science,https://awards.acm.org/award-recipients/banerjee_7429962,2026-09-13,https://dblp.org/pid/82/4807,2026-09-17,Y,https://scholar.google.com/citations?user=RY7cuPAAAAAJ,2026-09-16,N,Arindam Banerjee 0001,2026-09-18
"Barrett, Clark",2024,USA,"For contributions to the theory, implementation, and application of SMT solving.",https://awards.acm.org/award-recipients/barrett_4192779,2026-09-13,https://dblp.org/pid/b/ClarkWBarrett,2026-09-17,Y,https://scholar.google.com/citations?user=BtwmZfQAAAAJ,2026-09-16,Y,Clark Barrett,2026-09-18
"Bodker, Susanne",2024,Denmark,"For contributions to participatory design, computer-supported collaborative work, and human-computer interaction.",https://awards.acm.org/award-recipients/bodker_4165858,2026-09-13,https://dblp.org/pid/20/1847,2026-09-17,Y,https://scholar.google.com/citations?user=tO-dGhkAAAAJ,2026-09-16,Y,Susanne Bødker,2026-09-18
"Chandra, Satish",2024,USA,For contributions to the foundations and practice of software development tools,https://awards.acm.org/award-recipients/chandra_3959079,2026-09-13,https://dblp.org/pid/c/SatishChandra,2026-09-17,Y,https://scholar.google.com/citations?user=4p8fJSgAAAAJ,2026-09-16,Y,,
"Chechik, Marsha",2024,Canada,For contributions to formal reasoning for quality software development at scale,https://awards.acm.org/award-recipients/chechik_4299178,2026-09-13,https://dblp.org/pid/c/MarshaChechik,2026-09-17,Y,https://scholar.google.com/citations?user=CYfxRVIAAAAJ,2026-09-16,Y,Marsha Chechik,2026-09-18
"Chen, Lei",2024,Hong Kong,"For contributions to spatial data management, spatial crowdsourcing, and deep learning frameworks",https://awards.acm.org/award-recipients/chen_7298235,2026-09-13,https://dblp.org/pid/c/LeiChen0002,2026-09-17,Y,https://scholar.google.com/citations?user=gtglwgYAAAAJ,2026-09-16,Y,Lei Chen 0002,2026-09-18
"Chen, Wei",2024,China,For contributions to network influence maximization and combinatorial online learning,https://awards.acm.org/award-recipients/chen_1945616,2026-09-13,https://dblp.org/pid/c/WeiChen13,2026-09-17,Y,https://scholar.google.com/citations?user=hlEPkxAAAAAJ,2026-09-16,Y,,
"Chiasserini, Carla Fabiana",2024,Italy,For contributions to the design of high-performance mobile networks and services,https://awards.acm.org/award-recipients/chiasserini_6232706,2026-09-13,https://dblp.org/pid/c/CFChiasserini,2026-09-17,Y,https://scholar.google.com/citations?user=np0OO24AAAAJ,2026-09-16,Y,,
"Chong, Fred",2024,USA,"For contributions to quantum computer architecture, compilation and optimization",https://awards.acm.org/award-recipients/chong_UK34364,2026-09-13,https://dblp.org/pid/c/FTChong,2026-09-17,Y,https://scholar.google.com/citations?user=U6OVPVMAAAAJ,2026-09-16,Y,Fred Chong,2026-09-18
"Cook, Diane Joyce",2024,USA,For contributions to machine learning and digital health,https://awards.acm.org/award-recipients/cook_3562958,2026-09-13,https://dblp.org/pid/c/DianeJCook,2026-09-17,Y,https://scholar.google.com/citations?user=VpfWvTUAAAAJ,2026-09-16,Y,Diane Joyce Cook,2026-09-18
"Crocker, Stephen David",2024,USA,For pioneering leadership in the design of the Arpanet Host-Host Protocols and applications,https://awards.acm.org/award-recipients/crocker_2161414,2026-09-13,https://dblp.org/pid/49/6744,2026-09-17,Y,,,N,,
"Curless, Brian",2024,USA,For contributions to 3D shape and appearance capture and reconstruction and to computational photography,https://awards.acm.org/award-recipients/curless_4978003,2026-09-13,https://dblp.org/pid/c/BrianCurless,2026-09-17,Y,https://scholar.google.com/citations?user=tlh8i7gAAAAJ,2026-09-16,Y,Brian Curless,2026-09-18
"de Alfaro, Luca",2024,USA,"For contributions to formal methods, concurrent games, and reputation systems.",https://awards.acm.org/award-recipients/dealfaro_6657902,2026-09-13,https://dblp.org/pid/d/LucadeAlfaro,2026-09-17,Y,https://scholar.google.com/citations?user=gkACFVcAAAAJ,2026-09-16,Y,Luca de Alfaro,2026-09-18
"de Rijke, Maarten",2024,Netherlands,For contributions to information retrieval and leadership in public-private research collaborations in computer science,https://awards.acm.org/award-recipients/derijke_4791711,2026-09-13,https://dblp.org/pid/r/MdRijke,2026-09-17,Y,https://scholar.google.com/citations?user=AVDkgFIAAAAJ,2026-09-16,Y,Maarten de Rijke,2026-09-18
"Delp, Edward J",2024,USA,"For Contributions to Multimedia Security, Image and Video Compression, and Image-Based Dietary Assessment",https://awards.acm.org/award-recipients/delp_4732418,2026-09-13,https://dblp.org/pid/d/EdwardJDelp,2026-09-17,Y,https://scholar.google.com/citations?user=qxs5pc4AAAAJ,2026-09-16,Y,,
"Dressler, Falko",2024,Germany,For contributions to foundations of self-organization in wireless communication protocols in IoT and vehicular applications,https://awards.acm.org/award-recipients/dressler_CR75375,2026-09-13,https://dblp.org/pid/d/FalkoDressler,2026-09-17,Y,https://scholar.google.com/citations?user=sK8213AAAAAJ,2026-09-16,Y,Falko Dressler,2026-09-18
"Dreyer, Derek",2024,Germany,For contributions to the logical and semantic foundations of programming languages,https://awards.acm.org/award-recipients/dreyer_5327374,2026-09-13,https://dblp.org/pid/d/DerekDreyer,2026-09-17,Y,https://scholar.google.com/citations?user=1_c89uMAAAAJ,2026-09-16,Y,Derek Dreyer [SWS],2026-09-18
"Elmqvist, Niklas",2024,Denmark,"For contributions to ubiquitous, immersive, and human-centered AI technologies for data visualization",https://awards.acm.org/award-recipients/elmqvist_UK11834,2026-09-13,https://dblp.org/pid/e/NiklasElmqvist,2026-09-17,Y,https://scholar.google.com/citations?user=LoQXe24AAAAJ,2026-09-16,Y,Niklas Elmqvist,2026-09-18
"Feldman, Michal",2024,Israel,For contributions to Algorithmic Game Theory and the interface between Computer Science and Economics.,https://awards.acm.org/award-recipients/feldman_5379799,2026-09-13,https://dblp.org/pid/43/1464,2026-09-17,Y,https://scholar.google.com/citations?user=VpLQu7oAAAAJ,2026-09-17,Y,Michal Feldman,2026-09-18
"Foster, Nate",2024,Switzerland,For contributions to applications of programming languages to networking,https://awards.acm.org/award-recipients/foster_8211492,2026-09-13,https://dblp.org/pid/15/3253,2026-09-17,Y,https://scholar.google.com/citations?user=AH5j40kAAAAJ,2026-09-16,Y,Nate Foster,2026-09-18
"Goel, Ashish",2024,USA,"For contributions to algorithms for social networks, market design, and civic platforms, bridging theory and real-world impact",https://awards.acm.org/award-recipients/goel_UJ76298,2026-09-13,https://dblp.org/pid/g/AshishGoel,2026-09-17,Y,https://scholar.google.com/citations?user=B_rKfusAAAAJ,2026-09-16,Y,Ashish Goel,2026-09-18
"Guha, Sudipto",2024,USA,For contributions to streaming and approximation algorithms and their applications.,https://awards.acm.org/award-recipients/guha_9889338,2026-09-13,https://dblp.org/pid/g/SudiptoGuha,2026-09-17,Y,https://scholar.google.com/citations?user=zHCTHbYAAAAJ,2026-09-16,Y,,
"Heer, Jeffrey Michael",2024,USA,"For contributions to information visualization, human-centered data science, and interactive machine learning.",https://awards.acm.org/award-recipients/heer_1520709,2026-09-13,https://dblp.org/pid/27/4508,2026-09-17,Y,https://scholar.google.com/citations?user=vlgs4G4AAAAJ,2026-09-16,Y,Jeffrey Michael Heer,2026-09-18
"Housley, Russell",2024,USA,"For contributions to Internet security standards, and leadership in the IETF.",https://awards.acm.org/award-recipients/housley_3073715,2026-09-13,https://dblp.org/pid/69/1293,2026-09-17,Y,,,N,,
"Hudson, Scott",2024,USA,"For contributions in user interface software, interactive devices, and computational fabrication applied to HCI.",https://awards.acm.org/award-recipients/hudson_1980200,2026-09-13,https://dblp.org/pid/h/ScottEHudson,2026-09-17,Y,https://scholar.google.com/citations?user=6YU6_QoAAAAJ,2026-09-16,Y,Scott E. Hudson,2026-09-18
"Kankanhalli, Mohan",2024,Singapore,For contributions to Multimedia Content Processing and Multimedia Security,https://awards.acm.org/award-recipients/kankanhalli_1167360,2026-09-13,https://dblp.org/pid/09/3613,2026-09-17,Y,https://scholar.google.com/citations?user=6Lx_eowAAAAJ,2026-09-16,Y,Mohan Kankanhalli,2026-09-18
"King, Irwin",2024,Hong Kong,For contributions to the theory and applications of machine learning in social computing,https://awards.acm.org/award-recipients/king_4675294,2026-09-13,https://dblp.org/pid/k/IrwinKing,2026-09-17,Y,https://scholar.google.com/citations?user=MXvC7tkAAAAJ,2026-09-16,Y,Irwin King,2026-09-18
"Lampe, Cliff",2024,USA,"For contributions on social network systems, and outstanding leadership in the ACM SIGCHI community.",https://awards.acm.org/award-recipients/lampe_0157663,2026-09-13,https://dblp.org/pid/81/2409,2026-09-17,Y,https://scholar.google.com/citations?user=aT8oqcoAAAAJ,2026-09-16,Y,,
"Leonardi, Stefano",2024,Italy,"For contributions to the theory of algorithms, approximation algorithms, algorithmic mechanism design, and community service.",https://awards.acm.org/award-recipients/leonardi_N017327,2026-09-13,https://dblp.org/pid/l/StefanoLeonardi,2026-09-17,Y,https://scholar.google.com/citations?user=p5LCHHEAAAAJ,2026-09-16,Y,Stefano Leonardi 0001,2026-09-18
"li, guoliang",2024,China,For contribution to human-in-the-loop data integration and learning-based database systems.,https://awards.acm.org/award-recipients/li_1339839,2026-09-13,https://dblp.org/pid/181/2628,2026-09-17,N,https://scholar.google.com/citations?user=Pi89P8kAAAAJ,2026-09-16,Y,Guoliang Li 0001,2026-09-18
"Madni, Azad M",2024,USA,For technical leadership in advancing augmented intelligence and machine learning for aerospace and automotive systems,https://awards.acm.org/award-recipients/madni_2019240,2026-09-13,https://dblp.org/pid/07/10936,2026-09-17,Y,,,N,,
"Menzies, Tim J.",2024,USA,For contributions to the foundation and application of AI to Software Engineering,https://awards.acm.org/award-recipients/menzies_8594681,2026-09-13,https://dblp.org/pid/m/TimMenzies,2026-09-17,Y,https://scholar.google.com/citations?user=7htTUTgmLtUC,2026-09-16,Y,Tim Menzies,2026-09-18
"Mezini, Mira",2024,Germany,"For contributions to programming languages and software analysis with applications in distributed systems, cybersecurity, and artificial intelligence and for contributions to learning-based code completion",https://awards.acm.org/award-recipients/mezini_4384244,2026-09-13,https://dblp.org/pid/m/MiraMezini,2026-09-17,Y,https://scholar.google.com/citations?user=ESQUnJEAAAAJ,2026-09-16,Y,Mira Mezini,2026-09-18
"Misra, Sudip",2024,India,For contributions to intelligent service-centric sensing and sustainable data processing in large-scale IoT networks,https://awards.acm.org/award-recipients/misra_6295194,2026-09-13,https://dblp.org/pid/36/1023,2026-09-17,Y,https://scholar.google.com/citations?user=h33l-A8AAAAJ,2026-09-16,Y,Sudip Misra,2026-09-18
"Nuseibeh, Bashar A",2024,United Kingdom,"For contributions to requirements engineering, improving software development practices and user experiences",https://awards.acm.org/award-recipients/nuseibeh_3175080,2026-09-13,https://dblp.org/pid/26/1319,2026-09-17,Y,https://scholar.google.com/citations?user=aUQ8O9gAAAAJ,2026-09-16,Y,Bashar Ahmad Nuseibeh,2026-09-18
"O'Hearn, Peter W",2024,United Kingdom,For fundamental contributions to the science and engineering of reasoning about programs.,https://awards.acm.org/award-recipients/ohearn_3785417,2026-09-13,https://dblp.org/pid/o/PeterWOHearn,2026-09-17,Y,https://scholar.google.com/citations?user=NonivoUAAAAJ,2026-09-16,Y,,
"Ozcan, Fatma",2024,USA,For contributions to the field of scalable data management systems,https://awards.acm.org/award-recipients/ozcan_5014857,2026-09-13,https://dblp.org/pid/o/FatmaOzcan,2026-09-17,Y,https://scholar.google.com/citations?user=JzoifEMAAAAJ,2026-09-16,Y,,
"Pagh, Rasmus",2024,Sweden,For contributions to the theory and practice of randomized algorithms.,https://awards.acm.org/award-recipients/pagh_UJ12464,2026-09-13,https://dblp.org/pid/p/RasmusPagh,2026-09-17,Y,https://scholar.google.com/citations?user=VO4oS8UAAAAJ,2026-09-16,Y,Rasmus Pagh,2026-09-18
"Panda, Dhabaleswar K",2024,USA,For contributions to high-performance and scalable communication in parallel and high-end computing systems.,https://awards.acm.org/award-recipients/panda_3506292,2026-09-13,https://dblp.org/pid/p/DhabaleswarKPanda,2026-09-17,Y,https://scholar.google.com/citations?user=7FXtL98AAAAJ,2026-09-16,Y,Dhabaleswar K. Panda 0001,2026-09-18
"Ramakrishnan, Naren",2024,USA,For contributions to algorithms and systems for modeling and forecasting significant societal events,https://awards.acm.org/award-recipients/ramakrishnan_4470340,2026-09-13,https://dblp.org/pid/r/NarenRamakrishnan,2026-09-17,Y,https://scholar.google.com/citations?user=fMJwG7MAAAAJ,2026-09-16,Y,Naren Ramakrishnan,2026-09-18
"Randall, Dana",2024,USA,For contributions to the theory of Markov chains and Programmable Active Matter,https://awards.acm.org/award-recipients/randall_8598344,2026-09-13,https://dblp.org/pid/62/3610,2026-09-17,Y,https://scholar.google.com/citations?user=6wCEmNYAAAAJ,2026-09-16,Y,Dana Randall,2026-09-18
"Roychoudhury, Abhik",2024,Singapore,"For contributions to software testing and analysis, including automated program repair and fuzz testing.",https://awards.acm.org/award-recipients/roychoudhury_UJ52779,2026-09-13,https://dblp.org/pid/04/5884,2026-09-17,Y,https://scholar.google.com/citations?user=UxFWSJIAAAAJ,2026-09-16,Y,Abhik Roychoudhury,2026-09-18
"Silva, Claudio T.",2024,USA,For contributions to scientific and information visualization and to geometric computing.,https://awards.acm.org/award-recipients/silva_3769908,2026-09-13,https://dblp.org/pid/s/ClaudioTSilva,2026-09-17,Y,https://scholar.google.com/citations?user=YIwiAAsAAAAJ,2026-09-16,Y,Cláudio T. Silva,2026-09-18
"Starner, Thad",2024,USA,"For foundational work in establishing, defining, and leading the wearable computing research community.",https://awards.acm.org/award-recipients/starner_4941019,2026-09-13,https://dblp.org/pid/s/ThadStarner,2026-09-17,Y,https://scholar.google.com/citations?user=qr8Vo9IAAAAJ,2026-09-16,Y,Thad Starner,2026-09-18
"Tian, Qi",2024,USA,"For contributions to multimedia information retrieval, computer vision, and AI for scientific computing",https://awards.acm.org/award-recipients/tian_0870782,2026-09-13,https://dblp.org/pid/78/1467-1,2026-09-17,Y,https://scholar.google.com/citations?user=61b6eYkAAAAJ,2026-09-16,Y,,
"Walid, Anwar",2024,USA,"For contributions to the theory of multipath congestion control, its practical realization, and its deployment",https://awards.acm.org/award-recipients/walid_4359859,2026-09-13,https://dblp.org/pid/75/6446,2026-09-17,Y,,,N,,
"Wang, Haixun",2024,USA,For contributions to graph-based systems and their application to text understanding.,https://awards.acm.org/award-recipients/wang_5236294,2026-09-13,https://dblp.org/pid/w/HaixunWang,2026-09-17,Y,https://scholar.google.com/citations?user=Q1mcglAAAAAJ,2026-09-16,Y,,
"Xing, Guoliang",2024,Hong Kong,For contributions to embedded AI and mobile computing systems,https://awards.acm.org/award-recipients/xing_2750077,2026-09-13,https://dblp.org/pid/63/4542,2026-09-17,Y,https://scholar.google.com/citations?user=kI5JKs8AAAAJ,2026-09-16,Y,Guoliang Xing,2026-09-18
"Zhao, Feng",2024,USA,For contributions to the theories and practices of networked embedded sensing and Internet of Things,https://awards.acm.org/award-recipients/zhao_3018413,2026-09-13,https://dblp.org/pid/332/5648,2026-09-17,N,https://scholar.google.com/citations?user=4C46Y8EAAAAJ,2026-09-16,Y,,
"Zhou, Jingren",2024,China,For contributions to cloud computing and query processing,https://awards.acm.org/award-recipients/zhou_9315680,2026-09-13,https://dblp.org/pid/84/2644-1,2026-09-17,Y,https://scholar.google.com/citations?user=64zxhRUAAAAJ,2026-09-16,Y,,
"Zobel, Justin",2024,Australia,For contributions to data structures and algorithms for efficient search and storage,https://awards.acm.org/award-recipients/zobel_3294691,2026-09-13,https://dblp.org/pid/z/JZobel,2026-09-17,Y,https://scholar.google.com/citations?user=uEHvqE8AAAAJ,2026-09-16,Y,Justin Zobel,2026-09-18
"Zorn, Benjamin G",2024,USA,"For contributions to programming language systems include run-time performance, security, and usability in programming.",https://awards.acm.org/award-recipients/zorn_2009520,2026-09-13,https://dblp.org/pid/z/BGZorn,2026-09-17,Y,https://scholar.google.com/citations?user=mpar-iAAAAAJ,2026-09-16,Y,,
"Akella, Aditya",2023,USA,"For contributions that improve the performance, efficiency, and robustness of cluster computing",https://awards.acm.org/award-recipients/akella_9932799,2026-09-13,https://dblp.org/pid/a/AdityaAkella,2026-09-17,Y,https://scholar.google.com/citations?user=d_rxnzAAAAAJ,2026-09-16,Y,Aditya Akella,2026-09-18
"Backes, Michael",2023,Germany,For contributions to information security and privacy,https://awards.acm.org/award-recipients/backes_CR87113,2026-09-13,https://dblp.org/pid/b/MichaelBackes1,2026-09-17,Y,https://scholar.google.com/citations?user=ZVS3KOEAAAAJ,2026-09-16,Y,Michael Backes 0001,2026-09-18
"Bafna, Vineet",2023,USA,"For contributions to the theory, design, and implementation of bioinformatics algorithms",https://awards.acm.org/award-recipients/bafna_4864611,2026-09-13,https://dblp.org/pid/b/VineetBafna,2026-09-17,Y,https://scholar.google.com/citations?user=zr2I_WMAAAAJ,2026-09-17,Y,Vineet Bafna,2026-09-18
"Balcan, Maria-Florina",2023,USA,For contributions to the foundations of machine learning and its applications to algorithmic economics and algorithm design,https://awards.acm.org/award-recipients/balcan_5194132,2026-09-13,https://dblp.org/pid/b/MariaFlorinaBalcan,2026-09-17,Y,https://scholar.google.com/citations?user=LWlN_BUAAAAJ,2026-09-16,Y,Maria-Florina Balcan,2026-09-18
"Bansal, Nikhil",2023,USA,"For contributions to the foundations of approximate and online algorithms, and their connections to mathematics",https://awards.acm.org/award-recipients/bansal_3280818,2026-09-13,https://dblp.org/pid/69/5601,2026-09-17,Y,https://scholar.google.com/citations?user=3Lmd6AMAAAAJ,2026-09-16,Y,Nikhil Bansal 0001,2026-09-18
"Belkin, Mikhail",2023,USA,For contributions to modern machine learning theory and algorithms.,https://awards.acm.org/award-recipients/belkin_8722948,2026-09-13,https://dblp.org/pid/41/2337,2026-09-17,Y,https://scholar.google.com/citations?user=Iwd9DdkAAAAJ,2026-09-16,Y,Mikhail Belkin,2026-09-18
"Ben-David, Shai",2023,Canada,For contributions to and research leadership in machine learning theory,https://awards.acm.org/award-recipients/ben-david_N016998,2026-09-13,https://dblp.org/pid/15/6319,2026-09-17,Y,https://scholar.google.com/citations?user=kezPqwoAAAAJ,2026-09-16,Y,Shai Ben-David,2026-09-18
"Bengio, Yoshua",2023,Canada,For conceptual and engineering breakthroughs that have made deep neural networks a critical component of computing,https://awards.acm.org/award-recipients/bengio_3406375,2026-09-13,https://dblp.org/pid/56/953,2026-09-17,Y,https://scholar.google.com/citations?user=kukA0LcAAAAJ,2026-09-17,Y,Yoshua Bengio,2026-09-18
"Berners-Lee, Tim",2023,United Kingdom,"For inventing the World Wide Web, the first web browser, and the fundamental protocols and algorithms allowing the Web to scale",https://awards.acm.org/award-recipients/berners-lee_8087960,2026-09-13,https://dblp.org/pid/b/TimBernersLee,2026-09-17,Y,,,N,,
"Betz, Vaughn Timothy",2023,Canada,For contributions to the architecture and computer-aided design of field programmable gate arrays (FPGAs),https://awards.acm.org/award-recipients/betz_2947711,2026-09-13,https://dblp.org/pid/76/1530,2026-09-17,Y,https://scholar.google.com/citations?user=bMdDigQAAAAJ,2026-09-16,Y,,
"Caceres, Ramon",2023,USA,For contributions to mobile and edge computing,https://awards.acm.org/award-recipients/caceres_2640969,2026-09-13,https://dblp.org/pid/69/1714,2026-09-17,Y,https://scholar.google.com/citations?user=rWMibvIAAAAJ,2026-09-16,Y,,
"Chekuri, Chandra",2023,USA,For contributions to approximation algorithms and submodular optimization,https://awards.acm.org/award-recipients/chekuri_4175170,2026-09-13,https://dblp.org/pid/82/3212,2026-09-17,Y,https://scholar.google.com/citations?user=7j3itaMAAAAJ,2026-09-16,Y,Chandra Chekuri,2026-09-18
"Chen, Haibo",2023,China,For contributions to improving the scalability and security of operating systems and distributed systems,https://awards.acm.org/award-recipients/chen_6251591,2026-09-13,https://dblp.org/pid/31/6601-1,2026-09-17,Y,https://scholar.google.com/citations?user=qd9xSkYAAAAJ,2026-09-16,Y,Haibo Chen 0001,2026-09-18
"Chen, Yingying",2023,USA,For contributions to design and application of mobile sensing and mobile security systems,https://awards.acm.org/award-recipients/chen_8914317,2026-09-13,https://dblp.org/pid/18/2343-1,2026-09-17,Y,https://scholar.google.com/citations?user=jCZaWOEAAAAJ,2026-09-16,Y,,
"Church, Kenneth Ward",2023,USA,For contributions to empirical methods in natural language processing,https://awards.acm.org/award-recipients/church_5316647,2026-09-13,https://dblp.org/pid/c/KennethWardChurch,2026-09-17,Y,https://scholar.google.com/citations?user=E6aqGvYAAAAJ,2026-09-16,Y,,
"Dannenberg, Roger B.",2023,USA,For contributions to the field of computer science through innovative computer music systems,https://awards.acm.org/award-recipients/dannenberg_3865244,2026-09-13,https://dblp.org/pid/59/6414,2026-09-17,Y,https://scholar.google.com/citations?user=whacJzwAAAAJ,2026-09-16,Y,,
"Dong, Xin Luna",2023,USA,For contributions to knowledge graph construction and data integration.,https://awards.acm.org/award-recipients/dong_4269593,2026-09-13,https://dblp.org/pid/d/XinLunaDong,2026-09-17,Y,https://scholar.google.com/citations?user=uGsKvHoAAAAJ,2026-09-16,Y,,
"Drechsler, Rolf",2023,Germany,"For contributions to foundations and applications of formal proof techniques in synthesis, test and verification.",https://awards.acm.org/award-recipients/drechsler_8411673,2026-09-13,https://dblp.org/pid/d/RolfDrechsler,2026-09-17,Y,https://scholar.google.com/citations?user=9v_MAAIAAAAJ,2026-09-16,Y,Rolf Drechsler,2026-09-18
"Du, Wenliang",2023,USA,For contributions to cybersecurity education and research,https://awards.acm.org/award-recipients/du_5045125,2026-09-13,https://dblp.org/pid/d/WenliangDu,2026-09-17,Y,https://scholar.google.com/citations?user=1aMkcasAAAAJ,2026-09-16,Y,Wenliang Du 0001,2026-09-18
"Dubey, Pradeep",2023,USA,For contributions to emerging compute- and data-intensive applications and parallel processing computer architectures,https://awards.acm.org/award-recipients/dubey_7622525,2026-09-13,https://dblp.org/pid/47/4438,2026-09-17,Y,https://scholar.google.com/citations?user=-ad5RSQAAAAJ,2026-09-16,Y,,
"Feldmann, Anja",2023,Germany,For contributions to the data-driven analysis of operational networks,https://awards.acm.org/award-recipients/feldmann_3643361,2026-09-13,https://dblp.org/pid/f/AnjaFeldmann,2026-09-17,Y,https://scholar.google.com/citations?user=mSK3340AAAAJ,2026-09-16,Y,Anja Feldmann [INF],2026-09-18
"Fitzmaurice, George",2023,Canada,For contributions to human-computer interaction and tangible user interfaces,https://awards.acm.org/award-recipients/fitzmaurice_4786307,2026-09-13,https://dblp.org/pid/01/5804,2026-09-17,Y,https://scholar.google.com/citations?user=u0JtLz0AAAAJ,2026-09-16,Y,,
"Fomin, Fedor",2023,Norway,For contributions to the development of parameterized complexity and exact exponential algorithms.,https://awards.acm.org/award-recipients/fomin_6324859,2026-09-13,https://dblp.org/pid/f/FedorVFomin,2026-09-17,Y,https://scholar.google.com/citations?user=96ZXvOsAAAAJ,2026-09-16,Y,Fedor V. Fomin,2026-09-18
"Foster, Jeffrey S",2023,USA,For contributions to program analysis and techniques to build more reliable and secure software,https://awards.acm.org/award-recipients/foster_4750717,2026-09-13,https://dblp.org/pid/18/2050,2026-09-17,Y,https://scholar.google.com/citations?user=QWPwfsgAAAAJ,2026-09-16,Y,Jeffrey S. Foster,2026-09-18
"Gao, Jianfeng",2023,USA,"For contributions to machine learning for web search, natural language processing and conversational systems",https://awards.acm.org/award-recipients/gao_CR71332,2026-09-13,https://dblp.org/pid/92/5339,2026-09-17,Y,https://scholar.google.com/citations?user=CQ1cqKkAAAAJ,2026-09-16,Y,,
"Goldberg, Ian",2023,Canada,For contributions to the development and deployment of privacy enhancing technologies,https://awards.acm.org/award-recipients/goldberg_4097200,2026-09-13,https://dblp.org/pid/04/6434,2026-09-17,Y,,,N,Ian Goldberg 0001,2026-09-18
"Gulwani, Sumit",2023,USA,"For contributions to AI-assisted programming for developers, data scientists, end users, and students",https://awards.acm.org/award-recipients/gulwani_6080665,2026-09-13,https://dblp.org/pid/g/SumitGulwani,2026-09-17,Y,https://scholar.google.com/citations?user=fZinJ_AAAAAJ,2026-09-16,Y,,
"Han, Zhu",2023,USA,For contributions to distributed and autonomous management for large scale communication networks,https://awards.acm.org/award-recipients/han_2285073,2026-09-13,https://dblp.org/pid/83/514,2026-09-17,Y,https://scholar.google.com/citations?user=ty7wIXoAAAAJ,2026-09-16,Y,Zhu Han 0001,2026-09-18
"Hinton, Geoffrey E",2023,Canada,For conceptual and engineering breakthroughs that have made deep neural networks a critical component of computing,https://awards.acm.org/award-recipients/hinton_4791679,2026-09-13,https://dblp.org/pid/10/3248,2026-09-17,Y,https://scholar.google.com/citations?user=JicYPdAAAAAJ,2026-09-17,Y,,
"Immorlica, Nicole",2023,USA,"For contributions to economics and computation, including market design, auctions and social networks",https://awards.acm.org/award-recipients/immorlica_0648972,2026-09-13,https://dblp.org/pid/43/3631,2026-09-17,Y,https://scholar.google.com/citations?user=_1hCq3UAAAAJ,2026-09-16,Y,Nicole Immorlica,2026-09-18
"Jaeger, Trent",2023,USA,For contributions to research and education for operating systems and software security,https://awards.acm.org/award-recipients/jaeger_0347321,2026-09-13,https://dblp.org/pid/45/576,2026-09-17,Y,https://scholar.google.com/citations?user=LpwdzeEAAAAJ,2026-09-16,Y,Trent Jaeger,2026-09-18
"Koedinger, Kenneth Richard",2023,USA,For the advancement of AI models of human learning and developing intelligent tutors to aid students,https://awards.acm.org/award-recipients/koedinger_3190890,2026-09-13,https://dblp.org/pid/93/3741,2026-09-17,Y,https://scholar.google.com/citations?user=_8DDVkAAAAAJ,2026-09-16,Y,Kenneth R. Koedinger,2026-09-18
"Krause, Andreas",2023,Switzerland,For contributions to learning-based decision making under uncertainty,https://awards.acm.org/award-recipients/krause_4493178,2026-09-13,https://dblp.org/pid/87/1831-1,2026-09-17,Y,https://scholar.google.com/citations?user=eDHv58AAAAAJ,2026-09-16,Y,Andreas Krause 0001,2026-09-18
"Kruegel, Christopher Ian",2023,USA,"For contributions to systems security, malware detection, and vulnerability analysis",https://awards.acm.org/award-recipients/kruegel_7635683,2026-09-13,https://dblp.org/pid/k/ChristopherKruegel,2026-09-17,Y,https://scholar.google.com/citations?user=f0NoTC0AAAAJ,2026-09-16,Y,Christopher Krügel,2026-09-18
"Kung, Ht",2023,USA,For contributions to computer architecture and concurrency control for parallel computation,https://awards.acm.org/award-recipients/kung_1566817,2026-09-13,https://dblp.org/pid/k/HTKung,2026-09-17,Y,https://scholar.google.com/citations?user=iLQqwosAAAAJ,2026-09-16,Y,H. T. Kung 0001,2026-09-18
"LeCun, Yann",2023,USA,For conceptual and engineering breakthroughs that have made deep neural networks a critical component of computing,https://awards.acm.org/award-recipients/lecun_6017366,2026-09-13,https://dblp.org/pid/l/YannLeCun,2026-09-17,Y,https://scholar.google.com/citations?user=WLN3QrAAAAAJ,2026-09-17,Y,,
"Lo, David",2023,Singapore,"For contributions to synergizing artificial intelligence and software engineering for human-in-the-loop automation, and software analytics",https://awards.acm.org/award-recipients/lo_3757548,2026-09-13,https://dblp.org/pid/89/6793-1,2026-09-17,Y,https://scholar.google.com/citations?user=Ra4bt-oAAAAJ,2026-09-16,Y,David Lo 0001,2026-09-18
"Lou, Wenjing",2023,USA,For contributions to information and network security,https://awards.acm.org/award-recipients/lou_1884627,2026-09-13,https://dblp.org/pid/73/3673,2026-09-17,Y,https://scholar.google.com/citations?user=hM8uAwoAAAAJ,2026-09-16,Y,Wenjing Lou,2026-09-18
"Ma, Kwan-Liu",2023,USA,For leadership and contributions to large-scale data visualization research,https://awards.acm.org/award-recipients/ma_2820462,2026-09-13,https://dblp.org/pid/93/5838,2026-09-17,Y,https://scholar.google.com/citations?user=LgL2HpkAAAAJ,2026-09-16,Y,Kwan-Liu Ma,2026-09-18
"Ma, Wei-Ying",2023,USA,For leadership and contributions to web search and data mining,https://awards.acm.org/award-recipients/ma_6019467,2026-09-13,https://dblp.org/pid/m/WYMa,2026-09-17,Y,https://scholar.google.com/citations?user=SToCbu8AAAAJ,2026-09-16,Y,Wei-Ying Ma,2026-09-18
"Mao, Morley",2023,USA,For contributions to internet security and performance,https://awards.acm.org/award-recipients/mao_CR60327,2026-09-13,https://dblp.org/pid/91/584,2026-09-18,Y,https://scholar.google.com/citations?user=Ba_Ci9UAAAAJ,2026-09-16,Y,Z. Morley Mao,2026-09-18
"McGuinness, Deborah",2023,USA,For contributions to knowledge technologies including ontologies and knowledge graphs,https://awards.acm.org/award-recipients/mcguinness_3903397,2026-09-13,https://dblp.org/pid/m/DLMcGuinness,2026-09-17,Y,https://scholar.google.com/citations?user=PLJ0L4QAAAAJ,2026-09-16,Y,,
"Medioni, Gerard",2023,USA,For contributions to computer vision and its consumer facing applications,https://awards.acm.org/award-recipients/medioni_2091171,2026-09-13,https://dblp.org/pid/02/3016,2026-09-17,Y,https://scholar.google.com/citations?user=b0k2tTgAAAAJ,2026-09-16,Y,,
"Mehrotra, Sharad",2023,USA,"For contributions to the fields of data management, multimedia information retrieval, and emergency response",https://awards.acm.org/award-recipients/mehrotra_4191219,2026-09-13,https://dblp.org/pid/m/SharadMehrotra,2026-09-17,Y,https://scholar.google.com/citations?user=MTZaRW4AAAAJ,2026-09-16,Y,Sharad Mehrotra,2026-09-18
"Naor, Seffi",2023,Israel,"For contributions to online, randomized, and approximation algorithms",https://awards.acm.org/award-recipients/naor_UK64865,2026-09-13,https://dblp.org/pid/n/JosephNaor,2026-09-17,Y,https://scholar.google.com/citations?user=xGbDr7YAAAAJ,2026-09-16,Y,Seffi Naor,2026-09-18
"Narayanan, Shrikanth",2023,USA,"For contributions to speech, language, multimedia processing, and affective computing and their human-centered applications",https://awards.acm.org/award-recipients/narayanan_9155401,2026-09-13,https://dblp.org/pid/19/3899,2026-09-17,Y,https://scholar.google.com/citations?user=8EDHmYkAAAAJ,2026-09-16,Y,Shrikanth Narayanan,2026-09-18
"Noy, Natasha",2023,USA,"For contributions to open data, data discovery, and semantic web",https://awards.acm.org/award-recipients/noy_4662698,2026-09-13,https://dblp.org/pid/n/NatalyaFridmanNoy,2026-09-17,Y,https://scholar.google.com/citations?user=FE08ALAAAAAJ,2026-09-16,Y,,
"Pasareanu, Corina S",2023,USA,For contributions to the development and application of symbolic execution and compositional verification,https://awards.acm.org/award-recipients/pasareanu_8831415,2026-09-13,https://dblp.org/pid/03/4368,2026-09-17,Y,https://scholar.google.com/citations?user=pwIuivQAAAAJ,2026-09-16,Y,,
"Pedram, Massoud",2023,USA,For contributions to low power design of VLSI circuits and contributions to energy efficient computing,https://awards.acm.org/award-recipients/pedram_4222774,2026-09-13,https://dblp.org/pid/p/MassoudPedram,2026-09-17,Y,https://scholar.google.com/citations?user=FHiQmOoAAAAJ,2026-09-16,Y,,
"Raghunathan, Anand",2023,USA,For contributions to the design of energy-efficient computing systems through design automation and approximate computing,https://awards.acm.org/award-recipients/raghunathan_9458945,2026-09-13,https://dblp.org/pid/74/3747,2026-09-17,Y,https://scholar.google.com/citations?user=OP7F8jEAAAAJ,2026-09-16,Y,,
"Raphael, Benjamin",2023,USA,"For contributions to computational biology, including algorithms for cancer genomics/evolution and biological network analysis",https://awards.acm.org/award-recipients/raphael_4460014,2026-09-13,https://dblp.org/pid/23/3243,2026-09-17,Y,https://scholar.google.com/citations?user=GhvZjJUAAAAJ,2026-09-16,Y,Benjamin J. Raphael,2026-09-18
"Ron, Dana",2023,Israel,For contributions to sub-linear time approximation algorithms,https://awards.acm.org/award-recipients/ron_4644787,2026-09-13,https://dblp.org/pid/85/4800,2026-09-17,Y,https://scholar.google.com/citations?user=f5vfsVkAAAAJ,2026-09-17,Y,,
"Roughgarden, Tim",2023,USA,For contributions to algorithmic game theory,https://awards.acm.org/award-recipients/roughgarden_4934147,2026-09-13,https://dblp.org/pid/r/TimRoughgarden,2026-09-17,Y,https://scholar.google.com/citations?user=0lcJYs8AAAAJ,2026-09-16,Y,Tim Roughgarden,2026-09-18
"Sankoff, David",2023,Canada,For contributions to research and leadership in computational biology and bioinformatics,https://awards.acm.org/award-recipients/sankoff_3953999,2026-09-13,https://dblp.org/pid/66/977,2026-09-17,Y,https://scholar.google.com/citations?user=-4VIi-UAAAAJ,2026-09-17,Y,,
"Saroiu, Stefan",2023,USA,For contributions to memory security and trusted computing,https://awards.acm.org/award-recipients/saroiu_7427693,2026-09-13,https://dblp.org/pid/17/3782,2026-09-17,Y,https://scholar.google.com/citations?user=7Z0Z6VsAAAAJ,2026-09-16,Y,,
"Schmidt, Albrecht",2023,Germany,"For contributions to human-computer interaction, ubiquitous computing and implicit interaction, and leadership in ACM SIGCHI",https://awards.acm.org/award-recipients/schmidt_5077334,2026-09-13,https://dblp.org/pid/s/AlbrechtSchmidt1,2026-09-17,Y,https://scholar.google.com/citations?user=qM5jR7YAAAAJ,2026-09-16,Y,Albrecht Schmidt 0001,2026-09-18
"Schuller, Björn W.",2023,United Kingdom,"For Empirical and Theoretical contributions to the development of computer audition, affective computing, and health informatics",https://awards.acm.org/award-recipients/schuller_4209762,2026-09-13,https://dblp.org/pid/54/4934,2026-09-17,Y,https://scholar.google.com/citations?user=TxKNCSoAAAAJ,2026-09-16,Y,Björn W. Schuller,2026-09-18
"Sengers, Phoebe",2023,USA,For contributions to critically-informed human-computer interaction and design,https://awards.acm.org/award-recipients/sengers_9454000,2026-09-13,https://dblp.org/pid/s/PhoebeSengers,2026-09-17,Y,https://scholar.google.com/citations?user=6c5cf1wAAAAJ,2026-09-16,Y,Phoebe Sengers,2026-09-18
"Shi, Elaine",2023,USA,For contributions to the scientific foundation of oblivious computation and decentralized blockchains,https://awards.acm.org/award-recipients/shi_1075428,2026-09-13,https://dblp.org/pid/80/4580,2026-09-17,Y,https://scholar.google.com/citations?user=rejzeocAAAAJ,2026-09-16,Y,Elaine Shi,2026-09-18
"Snavely, Keith Noah",2023,USA,For contributions to computer vision and computer graphics,https://awards.acm.org/award-recipients/snavely_7772775,2026-09-13,https://dblp.org/pid/33/4636,2026-09-17,Y,https://scholar.google.com/citations?user=Db4BCX8AAAAJ,2026-09-16,Y,Noah Snavely [Tech],2026-09-18
"Sriram, Ram D",2023,USA,For contributions in building innovative computational tools and automation techniques in engineering and health care,https://awards.acm.org/award-recipients/sriram_7289009,2026-09-13,https://dblp.org/pid/s/RamDSriram,2026-09-17,Y,https://scholar.google.com/citations?user=W4t8B20AAAAJ,2026-09-16,Y,,
"Staab, Steffen",2023,Germany,"For contributions to Semantic Technologies and Web Science, and distinguished service to the ACM community",https://awards.acm.org/award-recipients/staab_6934268,2026-09-13,https://dblp.org/pid/s/SteffenStaab,2026-09-17,Y,https://scholar.google.com/citations?user=QvpcUn8AAAAJ,2026-09-16,Y,Steffen Staab,2026-09-18
"Szalay, Alexander",2023,USA,"For contributions in systems, big data, and open data",https://awards.acm.org/award-recipients/szalay_5190506,2026-09-13,https://dblp.org/pid/s/AlexanderSSzalay,2026-09-17,Y,https://scholar.google.com/citations?user=rUiWchkAAAAJ,2026-09-16,Y,Alex Szalay,2026-09-18
"Varma, Manik",2023,India,For contributions to extreme machine learning and its applications,https://awards.acm.org/award-recipients/varma_8117035,2026-09-13,https://dblp.org/pid/07/918,2026-09-17,Y,,,N,,
"Wang, XiaoFeng",2023,USA,For contributions to systems security and privacy,https://awards.acm.org/award-recipients/wang_0175109,2026-09-13,https://dblp.org/pid/06/6268,2026-09-17,Y,https://scholar.google.com/citations?user=pONu-5EAAAAJ,2026-09-16,Y,XiaoFeng Wang 0001,2026-09-18
"Weinberger, Kilian",2023,USA,For contribution to machine learning and deep learning research,https://awards.acm.org/award-recipients/weinberger_5355323,2026-09-13,https://dblp.org/pid/88/4801,2026-09-17,Y,https://scholar.google.com/citations?user=8RVWMycAAAAJ,2026-09-17,Y,Kilian Q. Weinberger,2026-09-18
"Witchel, Emmett",2023,USA,"For contributions to high-performance, concurrent and secure systems",https://awards.acm.org/award-recipients/witchel_4520342,2026-09-13,https://dblp.org/pid/76/6082,2026-09-17,Y,https://scholar.google.com/citations?user=k4oSgRkAAAAJ,2026-09-16,Y,Emmett Witchel,2026-09-18
"Xie, Xing",2023,China,For contributions to spatial data mining and recommendation systems,https://awards.acm.org/award-recipients/xie_5371976,2026-09-13,https://dblp.org/pid/08/6809-1,2026-09-17,Y,https://scholar.google.com/citations?user=5EQfAFIAAAAJ,2026-09-16,Y,,
"Agrawala, Maneesh",2022,USA,"For contributions to visual communication through computer graphics, human-computer interaction, and information visualization",https://awards.acm.org/award-recipients/agrawala_4314621,2026-09-13,https://dblp.org/pid/64/2431,2026-09-17,Y,https://scholar.google.com/citations?user=YPzKczYAAAAJ,2026-09-16,Y,Maneesh Agrawala,2026-09-18
"Anandkumar, Anima",2022,USA,For contributions to tensor methods for probabilistic models and neural operators,https://awards.acm.org/award-recipients/anandkumar_6110403,2026-09-13,https://dblp.org/pid/25/1529,2026-09-17,Y,https://scholar.google.com/citations?user=bEcLezcAAAAJ,2026-09-16,Y,Anima Anandkumar,2026-09-18
"Atienza Alonso, David",2022,Switzerland,For contributions to the design of high-performance integrated systems and ultra-low power edge circuits and architectures,https://awards.acm.org/award-recipients/atienzaalonso_1847292,2026-09-13,https://dblp.org/pid/a/DavidAtienza,2026-09-17,Y,https://scholar.google.com/citations?user=H1JXhMIAAAAJ,2026-09-16,Y,,
"Barak, Boaz",2022,USA,"For contributions to theoretical computer science, in particular cryptography and computational complexity, and service to the theory community",https://awards.acm.org/award-recipients/barak_5889067,2026-09-13,https://dblp.org/pid/b/BBarak,2026-09-17,Y,https://scholar.google.com/citations?user=I0fbJ6cAAAAJ,2026-09-16,Y,Boaz Barak,2026-09-18
"Beaudouin-Lafon, Michel",2022,France,"For contributions to human-computer interaction, instrumental interaction and generative theory, and community leadership",https://awards.acm.org/award-recipients/beaudouin-lafon_4460754,2026-09-13,https://dblp.org/pid/00/2489,2026-09-17,Y,https://scholar.google.com/citations?user=OucrYFkAAAAJ,2026-09-16,Y,,
"Boncz, Peter",2022,Netherlands,"For contributions to the design of columnar, main-memory, and vectorized database systems",https://awards.acm.org/award-recipients/boncz_UJ15638,2026-09-13,https://dblp.org/pid/b/PeterABoncz,2026-09-17,Y,https://scholar.google.com/citations?user=DCIZE1kAAAAJ,2026-09-16,Y,Peter A. Boncz,2026-09-18
"Ceze, Luis H",2022,USA,For contributions to developing new architectures and programming systems for emerging applications and computing technologies,https://awards.acm.org/award-recipients/ceze_7000466,2026-09-13,https://dblp.org/pid/95/5263,2026-09-17,Y,https://scholar.google.com/citations?user=KzESVKwAAAAJ,2026-09-16,Y,Luis Ceze,2026-09-18
"Chandra, Ranveer",2022,USA,For contributions to software-defined wireless networking and applications to agriculture and rural broadband,https://awards.acm.org/award-recipients/chandra_0015439,2026-09-13,https://dblp.org/pid/99/2097,2026-09-17,Y,https://scholar.google.com/citations?user=Zq4ioqu5yb8C,2026-09-16,Y,,
"Chawla, Nitesh",2022,USA,"For contributions to machine learning research for imbalanced data, graphs, and interdisciplinary innovations",https://awards.acm.org/award-recipients/chawla_0295022,2026-09-13,https://dblp.org/pid/c/NiteshVChawla,2026-09-17,Y,https://scholar.google.com/citations?user=hDLBEhkAAAAJ,2026-09-16,Y,Nitesh V. Chawla,2026-09-18
"Chi, Ed H.",2022,USA,For contributions to machine learning and data mining techniques for social computing and recommender systems,https://awards.acm.org/award-recipients/chi_4183398,2026-09-13,https://dblp.org/pid/13/310,2026-09-17,Y,https://scholar.google.com/citations?user=VuWl-KUAAAAJ,2026-09-16,Y,,
"Cortes, Corinna",2022,USA,"For theoretical and practical contributions to machine learning, industrial leadership, and service to the field",https://awards.acm.org/award-recipients/cortes_5490222,2026-09-13,https://dblp.org/pid/77/5783,2026-09-17,Y,https://scholar.google.com/citations?user=U_IVY50AAAAJ,2026-09-16,Y,,
"Curtis, Bill",2022,USA,"For contributions to software process, software measurement, and human factors in software engineering",https://awards.acm.org/award-recipients/curtis_1822345,2026-09-13,https://dblp.org/pid/01/5712,2026-09-17,Y,https://scholar.google.com/citations?user=D5IKxV8AAAAJ,2026-09-16,Y,,
"Daskalakis, Constantinos",2022,USA,"For fundamental contributions to algorithmic game theory, mechanism design, sublinear algorithms and theoretical machine learning",https://awards.acm.org/award-recipients/daskalakis_4121823,2026-09-13,https://dblp.org/pid/d/ConstantinosDaskalakis,2026-09-17,Y,https://scholar.google.com/citations?user=iTv2cOgAAAAJ,2026-09-16,Y,Constantinos Daskalakis,2026-09-18
"de Supinski, Bronis R.",2022,USA,For contributions to the design of large-scale systems and their programming systems and software,https://awards.acm.org/award-recipients/desupinski_4862751,2026-09-13,https://dblp.org/pid/85/5840,2026-09-17,Y,https://scholar.google.com/citations?user=iuEBM58AAAAJ,2026-09-16,Y,,
"Deb, Kalyanmoy",2022,USA,For technical contributions in evolutionary multi-objective optimization algorithms and multi-criterion decision support,https://awards.acm.org/award-recipients/deb_9497348,2026-09-13,https://dblp.org/pid/21/4802,2026-09-17,Y,https://scholar.google.com/citations?user=paTAXiIAAAAJ,2026-09-16,Y,,
"Elbaum, Sebastian",2022,USA,For contributions to the analysis and testing of evolving systems and robotic systems,https://awards.acm.org/award-recipients/elbaum_UK19687,2026-09-13,https://dblp.org/pid/e/SebastianGElbaum,2026-09-17,Y,https://scholar.google.com/citations?user=swPW5FYAAAAJ,2026-09-16,Y,Sebastian G. Elbaum,2026-09-18
"Fang, Yuguang",2022,Hong Kong,For contributions to wireless networks and mobile computing,https://awards.acm.org/award-recipients/fang_5177712,2026-09-13,https://dblp.org/pid/f/YuguangFang,2026-09-17,Y,https://scholar.google.com/citations?user=cs45mqMAAAAJ,2026-09-17,Y,Yuguang Fang,2026-09-18
"Fu, Kevin",2022,USA,"""For contributions to computer security, and especially to the secure engineering of medical devices.""",https://awards.acm.org/award-recipients/fu_4063954,2026-09-13,https://dblp.org/pid/f/KevinFu,2026-09-17,Y,https://scholar.google.com/citations?user=pZQuSyUAAAAJ,2026-09-16,Y,Kevin Fu,2026-09-18
"Gotsman, Craig",2022,USA,"For contributions to computer graphics, geometry processing, and visual computing",https://awards.acm.org/award-recipients/gotsman_3554902,2026-09-13,https://dblp.org/pid/99/3488,2026-09-17,Y,https://scholar.google.com/citations?user=0JRBzUEAAAAJ,2026-09-16,Y,Craig Gotsman,2026-09-18
"Hassan, Ahmed E.",2022,Canada,For contributions to the quality assurance of large scale software systems,https://awards.acm.org/award-recipients/hassan_3864774,2026-09-13,https://dblp.org/pid/h/AhmedEHassan,2026-09-17,Y,https://scholar.google.com/citations?user=9hwXx34AAAAJ,2026-09-16,Y,Ahmed E. Hassan,2026-09-18
"Helal, Sumi",2022,USA,"For contributions to mobile and pervasive computing, and their applications in graceful aging and accessibility",https://awards.acm.org/award-recipients/helal_3653854,2026-09-13,https://dblp.org/pid/h/AHelal,2026-09-17,Y,https://scholar.google.com/citations?user=mTJLF-sAAAAJ,2026-09-16,Y,Sumi Helal,2026-09-18
"Henkel, Joerg",2022,Germany,For contributions to hardware/software co-design of power and thermal efficient embedded computing,https://awards.acm.org/award-recipients/henkel_6636986,2026-09-13,https://dblp.org/pid/h/JorgHenkel,2026-09-17,Y,https://scholar.google.com/citations?user=AmnIAhEAAAAJ,2026-09-16,Y,Jörg Henkel,2026-09-18
"Hermenegildo, Manuel V",2022,Spain,"For contributions to program analysis, verification, parallelism, logic programming, and the IMDEA Software Institute",https://awards.acm.org/award-recipients/hermenegildo_2534550,2026-09-13,https://dblp.org/pid/h/ManuelVHermenegildo,2026-09-17,Y,https://scholar.google.com/citations?user=VXQGJD0AAAAJ,2026-09-16,Y,Manuel V. Hermenegildo,2026-09-18
"Hicks, Michael W",2022,USA,"For contributions to programming language design and implementation, program analysis, and software security.",https://awards.acm.org/award-recipients/hicks_UI16381,2026-09-13,https://dblp.org/pid/h/MichaelWHicks,2026-09-17,Y,https://scholar.google.com/citations?user=Gggzp7UAAAAJ,2026-09-16,Y,Michael Hicks 0001,2026-09-18
"Hoefler, Torsten",2022,Switzerland,For foundational contributions to High Performance Computing and the application of HPC techniques to machine learning,https://awards.acm.org/award-recipients/hoefler_4381890,2026-09-13,https://dblp.org/pid/16/3869,2026-09-17,Y,https://scholar.google.com/citations?user=DdBvcBEAAAAJ,2026-09-16,Y,Torsten Hoefler,2026-09-18
"Hong, Jason",2022,USA,For contributions to ubiquitous computing and to usable privacy and security,https://awards.acm.org/award-recipients/hong_4784823,2026-09-13,https://dblp.org/pid/04/7125,2026-09-17,N,https://scholar.google.com/citations?user=MoFbcc0AAAAJ,2026-09-16,Y,Jason I. Hong,2026-09-18
"Irani, Sandy",2022,USA,For contributions to the theory of online algorithms and quantum complexity theory,https://awards.acm.org/award-recipients/irani_4469078,2026-09-13,https://dblp.org/pid/i/SandyIrani,2026-09-17,Y,https://scholar.google.com/citations?user=dBhm_oIAAAAJ,2026-09-16,Y,Sandy Irani,2026-09-18
"Ishii, Hiroshi",2022,USA,For contributions to tangible user interfaces and to human-computer interaction,https://awards.acm.org/award-recipients/ishii_3185337,2026-09-13,https://dblp.org/pid/45/2605-1,2026-09-17,Y,https://scholar.google.com/citations?user=wS0qP_MAAAAJ,2026-09-16,Y,,
"Kemper, Alfons",2022,Germany,For contributions to database management system technology,https://awards.acm.org/award-recipients/kemper_4001152,2026-09-13,https://dblp.org/pid/k/AlfonsKemper,2026-09-17,Y,https://scholar.google.com/citations?user=B8TzQFQAAAAJ,2026-09-17,Y,Alfons Kemper,2026-09-18
"Khuller, Samir",2022,USA,For contributions to algorithm design with real-world implications and for mentoring and community-building,https://awards.acm.org/award-recipients/khuller_3390846,2026-09-13,https://dblp.org/pid/k/SamirKhuller,2026-09-17,Y,https://scholar.google.com/citations?user=6vXTtDQAAAAJ,2026-09-16,Y,Samir Khuller,2026-09-18
"Koushanfar, Farinaz",2022,USA,For contributions to secure computing and privacy-preserving machine learning,https://awards.acm.org/award-recipients/koushanfar_2784014,2026-09-13,https://dblp.org/pid/k/FarinazKoushanfar,2026-09-17,Y,https://scholar.google.com/citations?user=3XnMVUAAAAAJ,2026-09-16,Y,Farinaz Koushanfar,2026-09-18
"Kuo, Chung C",2022,USA,"For contributions to technologies, applications, and mentorship in visual computing",https://awards.acm.org/award-recipients/kuo_3398864,2026-09-13,https://dblp.org/pid/32/1320,2026-09-17,N,https://scholar.google.com/citations?user=81d60okAAAAJ,2026-09-16,Y,C.-C. Jay Kuo,2026-09-18
"Li, Hang",2022,China,For contributions to machine learning for search and dialogue,https://awards.acm.org/award-recipients/li_5842974,2026-09-13,https://dblp.org/pid/83/5560-1,2026-09-17,Y,https://scholar.google.com/citations?user=nTl5mSwAAAAJ,2026-09-16,Y,,
"Lin, Jimmy",2022,USA,"For contributions to question answering, information retrieval, and natural language processing",https://awards.acm.org/award-recipients/lin_6998795,2026-09-13,https://dblp.org/pid/00/7739,2026-09-17,Y,https://scholar.google.com/citations?user=0EWw1z8AAAAJ,2026-09-16,Y,Jimmy Lin,2026-09-18
"Marculescu, Radu",2022,USA,For contributions to low-power and communication-based design of embedded systems,https://awards.acm.org/award-recipients/marculescu_4937777,2026-09-13,https://dblp.org/pid/88/3494,2026-09-17,Y,https://scholar.google.com/citations?user=ZCmYP5cAAAAJ,2026-09-16,Y,Radu Marculescu,2026-09-18
"Mei, Hong",2022,China,"For contributions to software engineering research and translation, and establishing research standards in China",https://awards.acm.org/award-recipients/mei_8736937,2026-09-13,https://dblp.org/pid/14/2036,2026-09-17,Y,,,N,Hong Mei 0001,2026-09-18
"Mount, David M",2022,USA,For contributions to algorithms and data structures for geometric data analysis and retrieval,https://awards.acm.org/award-recipients/mount_2204550,2026-09-13,https://dblp.org/pid/m/DavidMMount,2026-09-17,Y,,,N,David M. Mount,2026-09-18
"Navarro, Gonzalo",2022,Chile,For theoretical and practical contributions to the fields of text searching and compact data structures,https://awards.acm.org/award-recipients/navarro_UI58921,2026-09-13,https://dblp.org/pid/n/GonzaloNavarro,2026-09-17,Y,https://scholar.google.com/citations?user=_fx52FkAAAAJ,2026-09-16,Y,,
"Pass, Rafael",2022,Israel,For contributions to the foundations of cryptography,https://awards.acm.org/award-recipients/pass_0705801,2026-09-13,https://dblp.org/pid/p/RPass,2026-09-17,Y,https://scholar.google.com/citations?user=_7IzKZQAAAAJ,2026-09-16,Y,Rafael Pass,2026-09-18
"Pollefeys, Marc",2022,Switzerland,"For contributions to geometric computer vision and applications to AR/VR/MR, robotics, and autonomous vehicles",https://awards.acm.org/award-recipients/pollefeys_C104881,2026-09-13,https://dblp.org/pid/p/MarcPollefeys,2026-09-17,Y,https://scholar.google.com/citations?user=YYH0BjEAAAAJ,2026-09-16,Y,,
"Pothen, Alex",2022,USA,For contributions to and leadership in combinatorial scientific computing,https://awards.acm.org/award-recipients/pothen_5005655,2026-09-13,https://dblp.org/pid/03/854,2026-09-17,Y,https://scholar.google.com/citations?user=_Fah5fwAAAAJ,2026-09-16,Y,Alex Pothen,2026-09-18
"Qureshi, Moinuddin",2022,USA,For contributions to memory hierarchy design,https://awards.acm.org/award-recipients/qureshi_6889096,2026-09-13,https://dblp.org/pid/60/6934,2026-09-17,Y,https://scholar.google.com/citations?user=EWU0STsAAAAJ,2026-09-16,Y,Moinuddin K. Qureshi,2026-09-18
"Sabharwal, Ashutosh",2022,USA,For the invention of full-duplex wireless and open-source wireless research platforms,https://awards.acm.org/award-recipients/sabharwal_6171395,2026-09-13,https://dblp.org/pid/45/284,2026-09-17,Y,https://scholar.google.com/citations?user=MiqMO-kAAAAJ,2026-09-16,Y,Ashutosh Sabharwal,2026-09-18
"Sherwood, Tim",2022,USA,For contributions to computer system security and performance analysis,https://awards.acm.org/award-recipients/sherwood_4975710,2026-09-13,https://dblp.org/pid/23/3778,2026-09-17,Y,https://scholar.google.com/citations?user=nLuHfy4AAAAJ,2026-09-16,Y,Tim Sherwood,2026-09-18
"Soatto, Stefano",2022,USA,For contributions to the foundations and applications of visual geometry and visual representations learning,https://awards.acm.org/award-recipients/soatto_7972221,2026-09-13,https://dblp.org/pid/08/1262,2026-09-17,Y,https://scholar.google.com/citations?user=lH1PdF8AAAAJ,2026-09-16,Y,,
"Stasko, John",2022,USA,"For contributions to the design, analysis, usage, and evaluation of software and information visualization",https://awards.acm.org/award-recipients/stasko_2936201,2026-09-13,https://dblp.org/pid/s/JohnTStasko,2026-09-17,Y,https://scholar.google.com/citations?user=2PxFftgAAAAJ,2026-09-16,Y,,
"Su, Zhendong",2022,Switzerland,For contributions to software testing and analysis,https://awards.acm.org/award-recipients/su_4914685,2026-09-13,https://dblp.org/pid/s/ZhendongSu,2026-09-18,Y,https://scholar.google.com/citations?user=RivxoIcAAAAJ,2026-09-16,Y,Zhendong Su 0001,2026-09-18
"Sullivan, Gary J.",2022,USA,For contributions to video and image compression and leadership in its standardization,https://awards.acm.org/award-recipients/sullivan_4760472,2026-09-13,https://dblp.org/pid/77/3125,2026-09-17,Y,https://scholar.google.com/citations?user=5g5a1SgAAAAJ,2026-09-16,Y,,
"Teevan, Jaime",2022,USA,"For contributions to human-computer interaction, information retrieval, and productivity",https://awards.acm.org/award-recipients/teevan_3995073,2026-09-13,https://dblp.org/pid/38/129,2026-09-17,Y,https://scholar.google.com/citations?user=F5Ik84MAAAAJ,2026-09-16,Y,,
"Toyama, Kentaro",2022,USA,For contributions to the innovation and critique of digital technology for socio-economic development and social justice,https://awards.acm.org/award-recipients/toyama_4938668,2026-09-13,https://dblp.org/pid/24/1434,2026-09-17,Y,https://scholar.google.com/citations?user=JdxjEQIAAAAJ,2026-09-16,Y,,
"Vidal, Rene",2022,USA,For contributions to subspace clustering and motion segmentation in computer vision,https://awards.acm.org/award-recipients/vidal_6695711,2026-09-13,https://dblp.org/pid/v/ReneVidal,2026-09-17,Y,https://scholar.google.com/citations?user=uT8fgagAAAAJ,2026-09-16,Y,René Vidal,2026-09-18
"Xing, Eric",2022,USA,"For contributions to algorithms, architectures, and applications in machine learning",https://awards.acm.org/award-recipients/xing_9708021,2026-09-13,https://dblp.org/pid/36/3855,2026-09-17,Y,https://scholar.google.com/citations?user=5pKTRxEAAAAJ,2026-09-16,Y,Eric P. Xing,2026-09-18
"Yu, Dong",2022,USA,For contributions in speech processing and deep learning applications,https://awards.acm.org/award-recipients/yu_7075850,2026-09-13,https://dblp.org/pid/71/4598-1,2026-09-17,Y,https://scholar.google.com/citations?user=tMY31_gAAAAJ,2026-09-16,Y,,
"Yu, Yizhou",2022,Hong Kong,For contributions to computer graphics and computer vision,https://awards.acm.org/award-recipients/yu_4734414,2026-09-13,https://dblp.org/pid/90/6896,2026-09-17,Y,https://scholar.google.com/citations?user=e38fTZQAAAAJ,2026-09-16,Y,Yizhou Yu,2026-09-18
"Zheng, Haitao",2022,USA,For contributions to wireless networking and mobile computing,https://awards.acm.org/award-recipients/zheng_5064513,2026-09-13,https://dblp.org/pid/43/4261,2026-09-18,Y,https://scholar.google.com/citations?user=XrIr0nYAAAAJ,2026-09-16,Y,Haitao Zheng 0001,2026-09-18
"Zhu, Wenwu",2022,China,For contributions to multimedia networking and network representation,https://awards.acm.org/award-recipients/zhu_0220763,2026-09-13,https://dblp.org/pid/97/6308-1,2026-09-18,Y,https://scholar.google.com/citations?user=7t2jzpgAAAAJ,2026-09-16,Y,Wenwu Zhu 0001,2026-09-18
"Zorin, Denis",2022,USA,"For contributions to computer graphics, geometry processing, and scientific computing",https://awards.acm.org/award-recipients/zorin_5054197,2026-09-13,https://dblp.org/pid/21/2496,2026-09-17,Y,https://scholar.google.com/citations?user=cagVT0AAAAAJ,2026-09-16,Y,Denis Zorin,2026-09-18
"Adleman, Leonard M.",2021,USA,For contributions to making public-key cryptography useful in practice,https://awards.acm.org/award-recipients/adleman_7308544,2026-09-13,https://dblp.org/pid/a/LeonardMAdleman,2026-09-17,Y,,,N,Leonard M. Adleman,2026-09-18
"Bader, David A",2021,USA,"For contributions to high-performance computing systems, graph analytics, and technical leadership in parallel computing",https://awards.acm.org/award-recipients/bader_4554572,2026-09-13,https://dblp.org/pid/41/3005,2026-09-17,Y,https://scholar.google.com/citations?user=uXUA1pgAAAAJ,2026-09-16,Y,David A. Bader,2026-09-18
"Balakrishnan, Meenakshi",2021,India,"For contributions to system-level design, embedded systems and assistive technologies for the visually impaired",https://awards.acm.org/award-recipients/balakrishnan_4440475,2026-09-13,https://dblp.org/pid/222/4034,2026-09-17,N,https://scholar.google.com/citations?user=e_749FUAAAAJ,2026-09-16,Y,,
"Bjørner, Nikolaj",2021,USA,For contributions to SMT solvers and network verification,https://awards.acm.org/award-recipients/nikolaj_6098119,2026-09-13,https://dblp.org/pid/51/912,2026-09-18,Y,https://scholar.google.com/citations?user=kja6dIzH9GwJ,2026-09-16,Y,,
"Braverman, Mark",2021,USA,"For contributions to computational complexity, information theory, and algorithmic mechanism design",https://awards.acm.org/award-recipients/braverman_9877897,2026-09-13,https://dblp.org/pid/16/6136,2026-09-17,Y,https://scholar.google.com/citations?user=5elBSHQAAAAJ,2026-09-16,Y,Mark Braverman,2026-09-18
"Camp, Linda Jean",2021,USA,For contributions to computer security and e-crime measures,https://awards.acm.org/award-recipients/camp_4022810,2026-09-13,https://dblp.org/pid/72/4476,2026-09-17,Y,https://scholar.google.com/citations?user=wJPGa2IAAAAJ,2026-09-16,Y,Linda Jean Camp,2026-09-18
"Chang, Edward Y",2021,USA,For contributions to scalable machine learning and healthcare,https://awards.acm.org/award-recipients/chang_4684536,2026-09-13,https://dblp.org/pid/c/EdwardYChang,2026-09-17,Y,https://scholar.google.com/citations?user=pZmOvyYAAAAJ,2026-09-16,Y,,
"Choudhury, Tanzeem",2021,USA,For contributions to mobile systems for behavioral sensing and health interventions,https://awards.acm.org/award-recipients/choudhury_3175955,2026-09-13,https://dblp.org/pid/86/45,2026-09-17,Y,https://scholar.google.com/citations?user=-pyztDMAAAAJ,2026-09-16,Y,,
"Cohen-Or, Daniel",2021,Israel,"For contributions to computer graphics, geometry processing and visual computing",https://awards.acm.org/award-recipients/cohen-or_8339869,2026-09-13,https://dblp.org/pid/c/DCohenOr,2026-09-17,Y,https://scholar.google.com/citations?user=fAxws1sAAAAJ,2026-09-16,Y,Daniel Cohen-Or,2026-09-18
"Das, Gautam",2021,USA,For contributions to database search and graph algorithms,https://awards.acm.org/award-recipients/das_4900977,2026-09-13,https://dblp.org/pid/44/4238,2026-09-17,N,https://scholar.google.com/citations?user=oleB9xIAAAAJ,2026-09-16,Y,Gautam Das 0001,2026-09-18
"Dey, Anind K.",2021,USA,For contributions to ubiquitous computing and large-scale behavioral studies,https://awards.acm.org/award-recipients/dey_0555709,2026-09-13,https://dblp.org/pid/04/4652,2026-09-17,Y,https://scholar.google.com/citations?user=ydA8Q5AAAAAJ,2026-09-16,Y,Anind K. Dey,2026-09-18
"Eeckhout, Lieven",2021,Belgium,For contributions in computer architecture performance analysis and modeling,https://awards.acm.org/award-recipients/eeckhout_6935601,2026-09-13,https://dblp.org/pid/e/LievenEeckhout,2026-09-17,Y,https://scholar.google.com/citations?user=biYmJXsAAAAJ,2026-09-16,Y,,
"Farach-Colton, Martin",2021,USA,For contributions to data structures for biocomputing and big data,https://awards.acm.org/award-recipients/farach-colton_N017087,2026-09-13,https://dblp.org/pid/f/MartinFarachColton,2026-09-17,Y,https://scholar.google.com/citations?user=2uHUSa8AAAAJ,2026-09-16,Y,Martin Farach-Colton,2026-09-18
"Fiat, Amos",2021,Israel,"For contributions to cryptography, online algorithms, and algorithmic game theory",https://awards.acm.org/award-recipients/fiat_8021946,2026-09-13,https://dblp.org/pid/06/894,2026-09-17,Y,https://scholar.google.com/citations?user=0MzVIUsAAAAJ,2026-09-16,Y,,
"Franke, Hubertus",2021,USA,"For contributions to the communication, concurrency and resource control in parallel systems",https://awards.acm.org/award-recipients/franke_0111101,2026-09-13,https://dblp.org/pid/17/3453,2026-09-17,Y,https://scholar.google.com/citations?user=iklPa0oAAAAJ,2026-09-16,Y,,
"Friedman, Batya",2021,USA,For contributions to human values in the technical design process,https://awards.acm.org/award-recipients/friedman_3437027,2026-09-13,https://dblp.org/pid/20/2143,2026-09-17,Y,https://scholar.google.com/citations?user=dkjR4cAAAAAJ,2026-09-16,Y,,
"Gabrilovich, Evgeniy",2021,USA,"For contributions to the acquisition, representation, and dissemination of web-knowledge with applications to the medical domain",https://awards.acm.org/award-recipients/gabrilovich_5181813,2026-09-13,https://dblp.org/pid/84/1449,2026-09-17,Y,https://scholar.google.com/citations?user=DKCx8hcAAAAJ,2026-09-16,Y,,
"Gal-Ezer, Judith",2021,Israel,For contributions to research and implementation in computer science education,https://awards.acm.org/award-recipients/gal-ezer_3857372,2026-09-13,https://dblp.org/pid/26/3189,2026-09-17,Y,https://scholar.google.com/citations?user=Z67FftMAAAAJ,2026-09-16,Y,,
"Ganesan, Deepak",2021,USA,For contributions to ultra-low power wireless sensing systems,https://awards.acm.org/award-recipients/ganesan_6469654,2026-09-13,https://dblp.org/pid/g/DeepakGanesan,2026-09-17,Y,https://scholar.google.com/citations?user=cbTB5-EAAAAJ,2026-09-16,Y,Deepak Ganesan,2026-09-18
"Gupta, Anupam",2021,USA,"For contributions to approximation algorithms, online algorithms, stochastic algorithms and metric embeddings",https://awards.acm.org/award-recipients/gupta_9367426,2026-09-13,https://dblp.org/pid/237/9038,2026-09-17,N,https://scholar.google.com/citations?user=g87CIwgAAAAJ,2026-09-16,Y,Anupam Gupta 0001,2026-09-18
"Haas, Zygmunt",2021,USA,For contributions to communication and security protocols for ad hoc and sensor networks,https://awards.acm.org/award-recipients/haas_4395034,2026-09-13,https://dblp.org/pid/h/ZygmuntJHaas,2026-09-17,Y,https://scholar.google.com/citations?user=tk8qFe0AAAAJ,2026-09-16,Y,Zygmunt J. Haas,2026-09-18
"Hazan, Elad",2021,USA,For contributions to efficient algorithms for convex and nonconvex optimization,https://awards.acm.org/award-recipients/hazan_7142407,2026-09-13,https://dblp.org/pid/72/739,2026-09-17,Y,https://scholar.google.com/citations?user=LnhCGNMAAAAJ,2026-09-16,Y,Elad Hazan,2026-09-18
"Hu, Xiaobo Sharon",2021,USA,For contributions to the design of power-constrained and real-time embedded systems,https://awards.acm.org/award-recipients/hu_7254774,2026-09-13,https://dblp.org/pid/h/XiaoboSharonHu,2026-09-17,Y,https://scholar.google.com/citations?user=tQRvus8AAAAJ,2026-09-16,Y,Xiaobo Sharon Hu,2026-09-18
"Inverardi, Paola",2021,Italy,For contributions to software architecture,https://awards.acm.org/award-recipients/inverardi_4724209,2026-09-13,https://dblp.org/pid/i/PaolaInverardi,2026-09-17,Y,,,N,Paola Inverardi,2026-09-18
"Ives, Zachary",2021,USA,"For contributions to data integration, sharing, and management for scientific applications",https://awards.acm.org/award-recipients/ives_5059670,2026-09-13,https://dblp.org/pid/i/ZacharyGIves,2026-09-17,Y,https://scholar.google.com/citations?user=2wJaIkEAAAAJ,2026-09-16,Y,Zachary G. Ives,2026-09-18
"Jajodia, Sushil",2021,USA,"For contributions to cyber security, data protection, and privacy",https://awards.acm.org/award-recipients/jajodia_2061893,2026-09-13,https://dblp.org/pid/j/SushilJajodia,2026-09-17,Y,https://scholar.google.com/citations?user=lOZ1vHIAAAAJ,2026-09-16,Y,,
"Jhala, Ranjit",2021,USA,For contributions to software verification,https://awards.acm.org/award-recipients/jhala_0608632,2026-09-13,https://dblp.org/pid/47/4244,2026-09-17,Y,https://scholar.google.com/citations?user=lh6orZ0AAAAJ,2026-09-17,Y,Ranjit Jhala,2026-09-18
"Kaeli, David R",2021,USA,For contributions to computer architecture and compilers,https://awards.acm.org/award-recipients/kaeli_4170395,2026-09-13,https://dblp.org/pid/k/DavidRKaeli,2026-09-17,Y,https://scholar.google.com/citations?user=Mkgn0qcAAAAJ,2026-09-16,Y,David R. Kaeli,2026-09-18
"Katz, Jonathan",2021,USA,For contributions to cryptographic protocol design and cryptography education,https://awards.acm.org/award-recipients/katz_1276948,2026-09-13,https://dblp.org/pid/k/JonathanKatz,2026-09-17,Y,https://scholar.google.com/citations?user=H4rKFc8AAAAJ,2026-09-16,Y,,
"Kleinberg, Robert",2021,USA,For contributions to online learning and decision problems,https://awards.acm.org/award-recipients/kleinberg_3600864,2026-09-13,https://dblp.org/pid/k/RDKleinberg,2026-09-17,Y,https://scholar.google.com/citations?user=zkvW8FQAAAAJ,2026-09-16,Y,Robert Kleinberg,2026-09-18
"Lengauer, Thomas",2021,Germany,For contributions to bioinformatics and medical informatics,https://awards.acm.org/award-recipients/lengauer_1628387,2026-09-13,https://dblp.org/pid/l/TLengauer,2026-09-17,Y,,,N,,
"Li, Feifei",2021,China,For contributions to query processing and optimization and to cloud database systems,https://awards.acm.org/award-recipients/li_2526881,2026-09-13,https://dblp.org/pid/l/FeifeiLi,2026-09-17,Y,https://scholar.google.com/citations?user=qPDhlWkAAAAJ,2026-09-16,Y,,
"Li, Hai",2021,USA,For contributions to neuromorphic computing and deep-learning acceleration,https://awards.acm.org/award-recipients/li_8793251,2026-09-13,https://dblp.org/pid/06/5975,2026-09-17,N,https://scholar.google.com/citations?user=E6Tpfq8AAAAJ,2026-09-16,Y,Hai Li 0001,2026-09-18
"Li, Ninghui",2021,USA,"For contributions to data privacy, access control, and trust management",https://awards.acm.org/award-recipients/li_UJ45057,2026-09-13,https://dblp.org/pid/l/NinghuiLi,2026-09-17,Y,https://scholar.google.com/citations?user=XpHwrPsAAAAJ,2026-09-16,Y,Ninghui Li 0001,2026-09-18
"Liu, Tie-Yan",2021,China,For contributions to machine learning algorithms and their applications,https://awards.acm.org/award-recipients/liu_2478350,2026-09-13,https://dblp.org/pid/l/TieYanLiu,2026-09-17,Y,https://scholar.google.com/citations?user=Nh832fgAAAAJ,2026-09-16,Y,,
"Marschner, Steve",2021,USA,For contributions to modeling the appearance of physical materials,https://awards.acm.org/award-recipients/marschner_4315040,2026-09-13,https://dblp.org/pid/m/StephenRMarschner,2026-09-17,Y,https://scholar.google.com/citations?user=llo3F3QAAAAJ,2026-09-16,Y,Steve Marschner,2026-09-18
"Mason, Matthew T",2021,USA,For contributions to robotic manipulation and manipulation path planning,https://awards.acm.org/award-recipients/mason_5093703,2026-09-13,https://dblp.org/pid/69/5537,2026-09-17,Y,https://scholar.google.com/citations?user=D_JpQnAAAAAJ,2026-09-16,Y,Matthew T. Mason,2026-09-18
"Miller, Dale A",2021,France,For contributions to proof theory and computational logic,https://awards.acm.org/award-recipients/miller_2617538,2026-09-13,https://dblp.org/pid/m/DaleMiller,2026-09-17,Y,https://scholar.google.com/citations?user=d9WopvMAAAAJ,2026-09-16,Y,,
"Mossel, Elchanan",2021,USA,For contributions to theoretical computer science and inference,https://awards.acm.org/award-recipients/mossel_0709865,2026-09-13,https://dblp.org/pid/m/EMossel,2026-09-17,Y,https://scholar.google.com/citations?user=5t2myD8AAAAJ,2026-09-16,Y,,
"Nebel, Bernhard",2021,Germany,"For contributions to knowledge representation and reasoning, automatic planning, and their applications in robotics",https://awards.acm.org/award-recipients/nebel_7811934,2026-09-13,https://dblp.org/pid/n/BernhardNebel,2026-09-17,Y,https://scholar.google.com/citations?user=4MhUHPcAAAAJ,2026-09-16,Y,Bernhard Nebel,2026-09-18
"Ostrovsky, Rafail",2021,USA,For contributions to the foundations of cryptography,https://awards.acm.org/award-recipients/ostrovsky_N017384,2026-09-13,https://dblp.org/pid/o/RafailOstrovsky,2026-09-17,Y,https://scholar.google.com/citations?user=UvFrX04AAAAJ,2026-09-16,Y,Rafail Ostrovsky,2026-09-18
"Ouaknine, Joel",2021,Germany,For contributions to algorithmic analysis of dynamical systems,https://awards.acm.org/award-recipients/ouaknine_6048259,2026-09-13,https://dblp.org/pid/55/4663,2026-09-17,Y,https://scholar.google.com/citations?user=ZfE4iQ4AAAAJ,2026-09-16,Y,Joël Ouaknine [SWS],2026-09-18
"Pan, David Z.",2021,USA,"For contributions to electronic design automation, including design for manufacturing and physical design",https://awards.acm.org/award-recipients/pan_4706800,2026-09-13,https://dblp.org/pid/p/DavidZhigangPan,2026-09-17,Y,https://scholar.google.com/citations?user=3aLlroEAAAAJ,2026-09-16,Y,David Z. Pan,2026-09-18
"Picard, Rosalind Wright",2021,USA,For contributions to physiological signal sensing for individual health and wellbeing,https://awards.acm.org/award-recipients/picard_4794384,2026-09-13,https://dblp.org/pid/p/RWPicard,2026-09-17,Y,https://scholar.google.com/citations?user=hH3DA2YAAAAJ,2026-09-17,Y,,
"Qadeer, Shaz",2021,USA,"For contributions to software verification, software testing, and programming languages",https://awards.acm.org/award-recipients/qadeer_3771219,2026-09-13,https://dblp.org/pid/q/ShazQadeer,2026-09-17,Y,https://scholar.google.com/citations?user=EqIVfYcAAAAJ,2026-09-16,Y,,
"Ricart, Glenn",2021,USA,For leadership in creating advanced research infrastructure including the first Internet interconnection point,https://awards.acm.org/award-recipients/ricart_1241702,2026-09-13,https://dblp.org/pid/54/1042,2026-09-17,Y,,,N,,
"Rosing, Tajana",2021,USA,"For contributions to power, thermal, and reliability management",https://awards.acm.org/award-recipients/rosing_7389287,2026-09-13,https://dblp.org/pid/s/TajanaSimunic,2026-09-17,Y,https://scholar.google.com/citations?user=DY_XcO4AAAAJ,2026-09-17,Y,Tajana Rosing,2026-09-18
"Ross, Robert B",2021,USA,For contributions to high-performance computing in storage and parallel I/O,https://awards.acm.org/award-recipients/ross_2879428,2026-09-13,https://dblp.org/pid/r/RBRoss,2026-09-17,Y,https://scholar.google.com/citations?user=hvS9R4wAAAAJ,2026-09-16,Y,,
"Rusinkiewicz, Szymon",2021,USA,"For contributions to acquisition, representation, analysis, rendering, and fabrication of 3D models",https://awards.acm.org/award-recipients/rusinkiewicz_0296210,2026-09-13,https://dblp.org/pid/61/5465,2026-09-17,Y,https://scholar.google.com/citations?user=RaScARwAAAAJ,2026-09-16,Y,Szymon Rusinkiewicz,2026-09-18
"Samarati, Pierangela",2021,Italy,For contributions to data security and privacy,https://awards.acm.org/award-recipients/samarati_NB36699,2026-09-13,https://dblp.org/pid/s/PSamarati,2026-09-17,Y,https://scholar.google.com/citations?user=nAGXeFkAAAAJ,2026-09-16,Y,,
"Sarawagi, Sunita",2021,India,"For contributions to statistical machine learning for information analysis, extraction, and integration",https://awards.acm.org/award-recipients/sarawagi_7006117,2026-09-13,https://dblp.org/pid/s/SunitaSarawagi,2026-09-17,Y,https://scholar.google.com/citations?user=Hg4HmTAAAAAJ,2026-09-16,Y,Sunita Sarawagi,2026-09-18
"Schiele, Bernt",2021,Germany,"For contributions to large-scale object recognition, human detection, and pose estimation",https://awards.acm.org/award-recipients/schiele_5009214,2026-09-13,https://dblp.org/pid/s/BerntSchiele,2026-09-17,Y,https://scholar.google.com/citations?user=z76PBfYAAAAJ,2026-09-16,Y,Bernt Schiele [INF],2026-09-18
"Shah, Mubarak Ali",2021,USA,For contributions to human action recognition in video and leadership for undergraduate research experience,https://awards.acm.org/award-recipients/shah_2657963,2026-09-13,https://dblp.org/pid/s/MubarakShah,2026-09-17,Y,https://scholar.google.com/citations?user=p8gsO3gAAAAJ,2026-09-16,Y,Mubarak Shah,2026-09-18
"Sheffer, Alla",2021,Canada,"For contributions to geometry processing, mesh parameterization, and perception-driven shape analysis and modeling",https://awards.acm.org/award-recipients/sheffer_C106914,2026-09-13,https://dblp.org/pid/65/3735,2026-09-17,Y,https://scholar.google.com/citations?user=IgkGxLsAAAAJ,2026-09-16,Y,Alla Sheffer,2026-09-18
"Singh, Munindar P.",2021,USA,For contributions to artificial intelligence and multiagent systems and their applications in service-oriented computing and sociotechnical systems,https://awards.acm.org/award-recipients/singh_4715637,2026-09-13,https://dblp.org/pid/s/MunindarPSingh,2026-09-17,Y,https://scholar.google.com/citations?user=qNznu3kAAAAJ,2026-09-16,Y,Munindar P. Singh,2026-09-18
"Sistla, Aravinda P",2021,USA,"For contributions to verifying concurrent programs, probabilistic systems, security and database systems",https://awards.acm.org/award-recipients/sistla_2470656,2026-09-13,https://dblp.org/pid/s/APrasadSistla,2026-09-17,Y,https://scholar.google.com/citations?user=P-wJ6Y4AAAAJ,2026-09-16,Y,A. Prasad Sistla,2026-09-18
"Smolka, Scott",2021,USA,"For contributions in process algebra, model checking, and runtime verification",https://awards.acm.org/award-recipients/smolka_1625607,2026-09-13,https://dblp.org/pid/s/ScottASmolka,2026-09-17,Y,https://scholar.google.com/citations?user=4q-QenMAAAAJ,2026-09-16,Y,Scott A. Smolka,2026-09-18
"Tang, Jie",2021,China,For contributions to information and social network mining,https://awards.acm.org/award-recipients/tang_9003592,2026-09-13,https://dblp.org/pid/t/JieTang,2026-09-17,Y,https://scholar.google.com/citations?user=n1zDCkQAAAAJ,2026-09-16,Y,Jie Tang 0001,2026-09-18
"Tehranipoor, Mark",2021,USA,For contributions to microelectronics security and trust,https://awards.acm.org/award-recipients/tehranipoor_3149580,2026-09-13,https://dblp.org/pid/t/MohammadTehranipoor,2026-09-17,Y,https://scholar.google.com/citations?user=n9JsBeAAAAAJ,2026-09-16,Y,,
"Trevisan, Luca",2021,Italy,For contributions to complexity theory and combinatorial optimization,https://awards.acm.org/award-recipients/trevisan_1476744,2026-09-13,https://dblp.org/pid/t/LucaTrevisan,2026-09-17,Y,https://scholar.google.com/citations?user=4yuKD_AAAAAJ,2026-09-16,Y,Luca Trevisan 0001,2026-09-18
"Wang, Wenping",2021,USA,For contributions to geometric modeling and computer graphics,https://awards.acm.org/award-recipients/wang_2867478,2026-09-13,https://dblp.org/pid/49/4096-1,2026-09-18,Y,https://scholar.google.com/citations?user=28shvv0AAAAJ,2026-09-16,Y,Wenping Wang 0001,2026-09-18
"Waters, Brent",2021,USA,For contributions to cryptography,https://awards.acm.org/award-recipients/waters_3058089,2026-09-13,https://dblp.org/pid/w/BrentWaters,2026-09-17,Y,https://scholar.google.com/citations?user=VEKxHOAAAAAJ,2026-09-16,Y,Brent R. Waters,2026-09-18
"White, Ryen W",2021,USA,"For contributions to information retrieval, human-computer interaction, and computational health",https://awards.acm.org/award-recipients/white_6607089,2026-09-13,https://dblp.org/pid/w/RyenWWhite,2026-09-17,Y,https://scholar.google.com/citations?user=U69fiZMAAAAJ,2026-09-16,Y,,
"Wobbrock, Jacob Otto",2021,USA,For contributions to human-computer interaction and accessible computing,https://awards.acm.org/award-recipients/wobbrock_3026192,2026-09-13,https://dblp.org/pid/18/6907,2026-09-17,Y,https://scholar.google.com/citations?user=TmZ3howAAAAJ,2026-09-16,Y,Jacob O. Wobbrock,2026-09-18
"Xie, Tao",2021,China,For contributions to software testing and analytics,https://awards.acm.org/award-recipients/xie_CR80884,2026-09-13,https://dblp.org/pid/x/TaoXie,2026-09-17,Y,https://scholar.google.com/citations?user=DhhH9J4AAAAJ,2026-09-16,Y,Tao Xie 0001,2026-09-18
"Yang, Ming-Hsuan",2021,USA,"For contributions to visual tracking, face processing, and low-level vision",https://awards.acm.org/award-recipients/yang_4468088,2026-09-13,https://dblp.org/pid/79/3711,2026-09-17,Y,https://scholar.google.com/citations?user=p9-ohHsAAAAJ,2026-09-16,Y,Ming-Hsuan Yang 0001,2026-09-18
"Zaki, Mohammed",2021,USA,For contributions to data mining algorithms and foundations,https://awards.acm.org/award-recipients/zaki_4721650,2026-09-13,https://dblp.org/pid/z/MohammedJaveedZaki,2026-09-17,Y,https://scholar.google.com/citations?user=UmwJklEAAAAJ,2026-09-16,Y,Mohammed J. Zaki,2026-09-18
"Zhao, Ben",2021,USA,For contributions to peer-to-peer systems and online social networks,https://awards.acm.org/award-recipients/zhao_4998316,2026-09-13,https://dblp.org/pid/z/BenYZhao,2026-09-17,Y,https://scholar.google.com/citations?user=cYReSuEAAAAJ,2026-09-16,Y,Ben Y. Zhao,2026-09-18
"Zhong, Lin",2021,USA,For contributions to mobile and network systems,https://awards.acm.org/award-recipients/zhong_5960281,2026-09-13,https://dblp.org/pid/27/2552-1,2026-09-17,Y,https://scholar.google.com/citations?user=hJPN-G8AAAAJ,2026-09-16,Y,Lin Zhong 0001,2026-09-18
"Zilberstein, Shlomo",2021,USA,"For contributions to automated planning, resource-bounded reasoning, and multi-agent systems",https://awards.acm.org/award-recipients/zilberstein_3193232,2026-09-13,https://dblp.org/pid/z/ShlomoZilberstein,2026-09-17,Y,https://scholar.google.com/citations?user=q_n7d6EAAAAJ,2026-09-16,Y,Shlomo Zilberstein,2026-09-18
"Zimmermann, Thomas",2021,USA,For contributions to mining software repositories and defect prediction,https://awards.acm.org/award-recipients/zimmermann_UK62792,2026-09-13,https://dblp.org/pid/19/3622-1,2026-09-17,Y,https://scholar.google.com/citations?user=5zvbpooAAAAJ,2026-09-16,Y,Thomas Zimmermann 0001,2026-09-18
"Abadi, Daniel J",2020,USA,"For contributions to distributed databases, column-store databases, deterministic databases, graph databases, and stream databases",https://awards.acm.org/award-recipients/abadi_6455095,2026-09-13,https://dblp.org/pid/a/DJAbadi,2026-09-17,Y,https://scholar.google.com/citations?user=zxeEF2gAAAAJ,2026-09-16,Y,Daniel J. Abadi,2026-09-18
"Allan, James",2020,USA,"For contributions to information retrieval, including topic detection and tracking",https://awards.acm.org/award-recipients/allan_3528049,2026-09-13,https://dblp.org/pid/10/4537,2026-09-17,Y,https://scholar.google.com/citations?user=-bLGeg0AAAAJ,2026-09-16,Y,James Allan 0001,2026-09-18
"Aluru, Srinivas",2020,USA,For contributions to parallel methods in computational biology and leadership in data science,https://awards.acm.org/award-recipients/aluru_4009189,2026-09-13,https://dblp.org/pid/a/SAluru,2026-09-17,Y,https://scholar.google.com/citations?user=YOGOScoAAAAJ,2026-09-16,Y,Srinivas Aluru,2026-09-18
"Arpaci-Dusseau, Andrea",2020,USA,For contributions to storage and computer systems,https://awards.acm.org/award-recipients/arpaci-dusseau_4484671,2026-09-13,https://dblp.org/pid/a/AndreaCArpaciDusseau,2026-09-17,Y,https://scholar.google.com/citations?user=8VkvOEEAAAAJ,2026-09-16,Y,Andrea C. Arpaci-Dusseau,2026-09-18
"Arpaci-Dusseau, Remzi",2020,USA,For contributions to storage and computer systems,https://awards.acm.org/award-recipients/arpaci-dusseau_4247391,2026-09-13,https://dblp.org/pid/a/RemziHArpaciDusseau,2026-09-17,Y,https://scholar.google.com/citations?user=C1skWKgAAAAJ,2026-09-16,Y,Remzi H. Arpaci-Dusseau,2026-09-18
"Banerjee, Suman",2020,USA,"For contributions to design, implementation, and tools of wireless systems",https://awards.acm.org/award-recipients/banerjee_2544948,2026-09-13,https://dblp.org/pid/345/5455,2026-09-17,N,https://scholar.google.com/citations?user=cLb-v7gAAAAJ,2026-09-16,Y,Suman Banerjee 0001,2026-09-18
"Blum, Manuel",2020,USA,For contributions to the foundations of computational complexity theory and its application to cryptography and program checking,https://awards.acm.org/award-recipients/blum_4659082,2026-09-13,https://dblp.org/pid/b/ManuelBlum,2026-09-17,Y,,,N,Manuel Blum 0001,2026-09-18
"Briand, Lionel",2020,Canada,For contributions to automated software testing,https://awards.acm.org/award-recipients/briand_4712363,2026-09-13,https://dblp.org/pid/93/1501,2026-09-17,Y,https://scholar.google.com/citations?user=Zj897NoAAAAJ,2026-09-16,Y,,
"Brooks, David",2020,USA,For contributions to software and hardware design for power-efficient computer architectures,https://awards.acm.org/award-recipients/brooks_5830932,2026-09-13,https://dblp.org/pid/30/135,2026-09-17,Y,https://scholar.google.com/citations?user=vXHA_XYAAAAJ,2026-09-16,Y,David Brooks 0001,2026-09-18
"Canetti, Ran",2020,USA,For contributions to cryptography and computer security,https://awards.acm.org/award-recipients/canetti_4338863,2026-09-13,https://dblp.org/pid/c/RanCanetti,2026-09-17,Y,https://scholar.google.com/citations?user=-PWcE1YAAAAJ,2026-09-16,Y,Ran Canetti,2026-09-18
"Canny, John",2020,USA,"For contributions in robotics, machine perception, human-computer interaction, and ubiquitous computing",https://awards.acm.org/award-recipients/canny_4939518,2026-09-13,https://dblp.org/pid/c/JohnFCanny,2026-09-17,Y,https://scholar.google.com/citations?user=LAv0HTEAAAAJ,2026-09-16,Y,John F. Canny,2026-09-18
"Chandrakasan, Anantha",2020,USA,For energy-efficient design methodologies and circuits that enabled ultralow-power wireless sensors and computing devices,https://awards.acm.org/award-recipients/chandrakasan_NA88310,2026-09-13,https://dblp.org/pid/c/AnanthaChandrakasan,2026-09-17,Y,https://scholar.google.com/citations?user=N6ah30sAAAAJ,2026-09-16,Y,,
"Chang, Yao-Wen",2020,Taiwan,For contributions to algorithmic electronic design automation,https://awards.acm.org/award-recipients/chang_4541314,2026-09-13,https://dblp.org/pid/c/YaoWenChang,2026-09-17,Y,https://scholar.google.com/citations?user=qKJ_7jAAAAAJ,2026-09-16,Y,,
"Charikar, Moses",2020,USA,"For design of efficient algorithmic techniques for big data, hashing, approximation algorithms, and metric embeddings",https://awards.acm.org/award-recipients/charikar_0308379,2026-09-13,https://dblp.org/pid/c/MosesCharikar,2026-09-17,Y,https://scholar.google.com/citations?user=zX3ba1kAAAAJ,2026-09-16,Y,Moses Charikar,2026-09-18
"Chen, Yiran",2020,USA,For contributions to nonvolatile memory technologies,https://awards.acm.org/award-recipients/chen_9508444,2026-09-13,https://dblp.org/pid/80/1641,2026-09-17,Y,https://scholar.google.com/citations?user=3G-nnjMAAAAJ,2026-09-16,Y,Yiran Chen 0001,2026-09-18
"Cormode, Graham R.",2020,United Kingdom,For contributions to data summarization and privacy enabling data management and analysis,https://awards.acm.org/award-recipients/cormode_0692129,2026-09-13,https://dblp.org/pid/c/GrahamCormode,2026-09-17,Y,https://scholar.google.com/citations?user=gpLVKmEAAAAJ,2026-09-16,Y,Graham Cormode,2026-09-18
"Cousot, Patrick",2020,USA,For contributions to programming languages through the invention and development of abstract interpretation,https://awards.acm.org/award-recipients/cousot_4651105,2026-09-13,https://dblp.org/pid/c/PCousot,2026-09-17,Y,https://scholar.google.com/citations?user=mhlvI8wAAAAJ,2026-09-16,Y,Patrick Cousot,2026-09-18
"Desbrun, Mathieu",2020,France,For contributions to geometry processing and discrete differential geometry,https://awards.acm.org/award-recipients/desbrun_UK23204,2026-09-13,https://dblp.org/pid/93/1994,2026-09-17,Y,https://scholar.google.com/citations?user=a8ZyGisAAAAJ,2026-09-16,Y,,
"Diffie, Whitfield",2020,USA,For the invention of asymmetric public-key cryptography and the promulgation of a practical cryptographic key-exchange method,https://awards.acm.org/award-recipients/diffie_8371646,2026-09-13,https://dblp.org/pid/93/2898,2026-09-17,Y,,,N,,
"Dorr, Bonnie J",2020,USA,For human-centered and linguistically inspired approaches to natural language processing,https://awards.acm.org/award-recipients/dorr_6824825,2026-09-13,https://dblp.org/pid/d/BonnieJDorr,2026-09-17,Y,https://scholar.google.com/citations?user=jSjEWosAAAAJ,2026-09-16,Y,Bonnie J. Dorr,2026-09-18
"Duffield, Nicholas",2020,USA,For contributions to network measurement and analysis,https://awards.acm.org/award-recipients/duffield_7506264,2026-09-13,https://dblp.org/pid/d/NickGDuffield,2026-09-18,Y,https://scholar.google.com/citations?user=hrQOcZcAAAAJ,2026-09-16,Y,Nick G. Duffield,2026-09-18
"Edelman, Alan",2020,USA,For contributions to algorithms and languages for numerical and scientific computing,https://awards.acm.org/award-recipients/edelman_6704154,2026-09-13,https://dblp.org/pid/79/4166,2026-09-17,Y,https://scholar.google.com/citations?user=QVBIKh4AAAAJ,2026-09-16,Y,,
"Eiter, Thomas",2020,Austria,"For contributions to knowledge representation and reasoning, logic programming, and declarative problem solving",https://awards.acm.org/award-recipients/eiter_5151170,2026-09-13,https://dblp.org/pid/e/TEiter,2026-09-17,Y,https://scholar.google.com/citations?user=X1L03cIAAAAJ,2026-09-16,Y,Thomas Eiter,2026-09-18
"Flanagan, Cormac",2020,USA,For contributions to static and dynamic program debugging and verification methods,https://awards.acm.org/award-recipients/flanagan_1514595,2026-09-13,https://dblp.org/pid/f/CormacFlanagan,2026-09-17,Y,https://scholar.google.com/citations?user=XkiApd4AAAAJ,2026-09-16,Y,Cormac Flanagan,2026-09-18
"Forlizzi, Jodi",2020,USA,For contributions to design research in human-computer interaction,https://awards.acm.org/award-recipients/forlizzi_4613055,2026-09-13,https://dblp.org/pid/46/4227,2026-09-17,Y,https://scholar.google.com/citations?user=Hyhp_zUAAAAJ,2026-09-16,Y,Jodi Forlizzi,2026-09-18
"Fox, Dieter",2020,USA,"For contributions to probabilistic state estimation, RGB-D perception, and learning for robotics and computer vision",https://awards.acm.org/award-recipients/fox_2449177,2026-09-13,https://dblp.org/pid/f/DieterFox,2026-09-17,Y,https://scholar.google.com/citations?user=DqXsbPAAAAAJ,2026-09-16,Y,,
"Ghemawat, Sanjay",2020,USA,For contributions to distributed systems design,https://awards.acm.org/award-recipients/ghemawat_1482280,2026-09-13,https://dblp.org/pid/g/SGhemawat,2026-09-17,Y,https://scholar.google.com/citations?user=0KF6ZC8AAAAJ,2026-09-16,Y,,
"Gonzalez, Antonio",2020,Spain,For contributions to the design of energy-efficient and resilient computer architectures,https://awards.acm.org/award-recipients/gonzalez_4199824,2026-09-13,https://dblp.org/pid/g/AntonioGonzalez1,2026-09-17,Y,https://scholar.google.com/citations?user=DRP_OcMAAAAJ,2026-09-16,Y,Antonio González 0001,2026-09-18
"Gordon, Andrew D.",2020,United Kingdom,"For contributions to programming languages: their principles, logic, usability, and trustworthiness",https://awards.acm.org/award-recipients/gordon_N026872,2026-09-13,https://dblp.org/pid/g/AndrewDGordon,2026-09-17,Y,https://scholar.google.com/citations?user=mfBjUiIAAAAJ,2026-09-16,Y,,
"Gribble, Steven",2020,USA,"For contributions to virtualization technology across clusters, servers, and networks",https://awards.acm.org/award-recipients/gribble_5105697,2026-09-13,https://dblp.org/pid/g/StevenDGribble,2026-09-17,Y,https://scholar.google.com/citations?user=7CohtIMAAAAJ,2026-09-16,Y,,
"Hambrusch, Susanne E",2020,USA,For research and leadership contributions to computer science education,https://awards.acm.org/award-recipients/hambrusch_1930809,2026-09-13,https://dblp.org/pid/h/SusanneSHambrusch,2026-09-17,Y,https://scholar.google.com/citations?user=5k0KS3UAAAAJ,2026-09-16,Y,,
"Hellman, Martin",2020,USA,For the invention of asymmetric public-key cryptography and the promulgation of a practical cryptographic key-exchange method,https://awards.acm.org/award-recipients/hellman_4055781,2026-09-13,https://dblp.org/pid/h/MartinEHellman,2026-09-17,Y,,,N,,
"Higham, Nicholas",2020,United Kingdom,"For contributions to numerical linear algebra, numerical stability analysis, and communication of mathematics",https://awards.acm.org/award-recipients/higham_5202406,2026-09-13,https://dblp.org/pid/99/756,2026-09-17,Y,https://scholar.google.com/citations?user=EYlMkOgAAAAJ,2026-09-16,Y,,
"Hoare, C. Antony R.",2020,United Kingdom,"For contributions to the theory of programming, and its application to the practice of engineering of software",https://awards.acm.org/award-recipients/hoare_4622167,2026-09-13,https://dblp.org/pid/h/CARHoare,2026-09-17,Y,,,N,,
"Hoos, Holger H.",2020,Netherlands,For contributions to automated algorithm selection and configuration for optimization and machine learning,https://awards.acm.org/award-recipients/hoos_2593420,2026-09-13,https://dblp.org/pid/h/HolgerHHoos,2026-09-17,Y,https://scholar.google.com/citations?user=l6c85tMAAAAJ,2026-09-16,Y,Holger H. Hoos,2026-09-18
"Ilyas, Ihab F.",2020,USA,For contributions to data cleaning and data integration,https://awards.acm.org/award-recipients/ilyas_5391412,2026-09-13,https://dblp.org/pid/i/IhabFIlyas,2026-09-17,Y,https://scholar.google.com/citations?user=YG6mTEIAAAAJ,2026-09-16,Y,Ihab F. Ilyas,2026-09-18
"John, Lizy Kurian",2020,USA,"For contributions to the design, modeling and benchmarking of computer architectures",https://awards.acm.org/award-recipients/john_3760857,2026-09-13,https://dblp.org/pid/j/LizyKurianJohn,2026-09-17,Y,https://scholar.google.com/citations?user=YPu9rWUAAAAJ,2026-09-16,Y,,
"Katoen, Joost-Pieter",2020,Germany,For contributions to model checking of software and probabilistic systems,https://awards.acm.org/award-recipients/katoen_4521779,2026-09-13,https://dblp.org/pid/k/JoostPieterKatoen,2026-09-17,Y,https://scholar.google.com/citations?user=yjjO5_oAAAAJ,2026-09-16,Y,Joost-Pieter Katoen,2026-09-18
"Kim, Nam Sung",2020,USA,For contribution to design and modeling of power-efficient computer architectures,https://awards.acm.org/award-recipients/kim_7277515,2026-09-13,https://dblp.org/pid/13/6350,2026-09-17,N,https://scholar.google.com/citations?user=iccBxJIAAAAJ,2026-09-16,Y,Nam Sung Kim,2026-09-18
"Koenig, Sven",2020,USA,"For contributions to artificial intelligence, including heuristic search and multi-agent coordination",https://awards.acm.org/award-recipients/koenig_3810207,2026-09-13,https://dblp.org/pid/k/SvenKoenig,2026-09-17,Y,https://scholar.google.com/citations?user=tpoh43QAAAAJ,2026-09-16,Y,Sven Koenig,2026-09-18
"Kotz, David",2020,USA,"For contributions to the security, privacy, and usability of mobile systems",https://awards.acm.org/award-recipients/kotz_3177011,2026-09-13,https://dblp.org/pid/k/DavidKotz,2026-09-17,Y,https://scholar.google.com/citations?user=s5QkqdcAAAAJ,2026-09-16,Y,David Kotz,2026-09-18
"Krishnamurthy, Arvind",2020,USA,For contributions to networks and distributed computer systems,https://awards.acm.org/award-recipients/krishnamurthy_8315164,2026-09-13,https://dblp.org/pid/k/AKrishnamurthy,2026-09-17,Y,https://scholar.google.com/citations?user=EnCwNycAAAAJ,2026-09-16,Y,Arvind Krishnamurthy,2026-09-18
"Kumar, Ravi",2020,USA,"For contributions to web science modeling, analytics, and algorithms",https://awards.acm.org/award-recipients/kumar_2505048,2026-09-13,https://dblp.org/pid/183/6742,2026-09-17,N,https://scholar.google.com/citations?user=J_XhIsgAAAAJ,2026-09-16,Y,,
"Levine, Brian",2020,USA,"For contributions to network forensics, security, and privacy, and for thwarting crimes against children",https://awards.acm.org/award-recipients/levine_UJ71277,2026-09-13,https://dblp.org/pid/92/3381,2026-09-17,N,https://scholar.google.com/citations?user=oHbIF48AAAAJ,2026-09-16,Y,Brian Neil Levine,2026-09-18
"Leyton-Brown, Kevin",2020,Canada,"For contributions to artificial intelligence, including computational game theory, multi-agent systems, machine learning, and optimization",https://awards.acm.org/award-recipients/leyton-brown_5621412,2026-09-13,https://dblp.org/pid/81/1149,2026-09-17,Y,https://scholar.google.com/citations?user=_4dnp0IAAAAJ,2026-09-16,Y,Kevin Leyton-Brown,2026-09-18
"LI, Xuelong",2020,China,For contributions to computing on and learning from higher-order data,https://awards.acm.org/award-recipients/li_3165359,2026-09-13,https://dblp.org/pid/l/XuelongLi,2026-09-18,Y,https://scholar.google.com/citations?user=ahUibskAAAAJ,2026-09-16,Y,,
"Low, Steven H.",2020,USA,For theoretical foundations and real-world deployment of Internet congestion control and smart grid optimization,https://awards.acm.org/award-recipients/low_1122456,2026-09-13,https://dblp.org/pid/l/StevenHLow,2026-09-17,Y,https://scholar.google.com/citations?user=4BrebIYAAAAJ,2026-09-16,Y,Steven H. Low,2026-09-18
"Lu, Chenyang",2020,USA,"For contributions to adaptive real-time systems, real-time virtualization, and wireless cyber-physical systems",https://awards.acm.org/award-recipients/lu_4942207,2026-09-13,https://dblp.org/pid/346/0861,2026-09-17,N,https://scholar.google.com/citations?user=tCq7Wx0AAAAJ,2026-09-16,Y,Chenyang Lu 0001,2026-09-18
"Madden, Samuel",2020,USA,For contributions to data management and sensor computing systems,https://awards.acm.org/award-recipients/madden_2510659,2026-09-13,https://dblp.org/pid/m/SamuelMadden,2026-09-17,Y,https://scholar.google.com/citations?user=a1ngrCIAAAAJ,2026-09-16,Y,Samuel Madden 0001,2026-09-18
"Mahlke, Scott",2020,USA,"For contributions in compiler code generation for instruction level parallelism, and customized microprocessor architectures",https://awards.acm.org/award-recipients/mahlke_4550588,2026-09-13,https://dblp.org/pid/m/SAMahlke,2026-09-17,Y,https://scholar.google.com/citations?user=-XpZ4fgAAAAJ,2026-09-16,Y,Scott A. Mahlke,2026-09-18
"Maltz, David",2020,USA,"For contributions to networking infrastructure, including data center networking, network operating systems, and cloud networking",https://awards.acm.org/award-recipients/maltz_N015560,2026-09-13,https://dblp.org/pid/65/1459,2026-09-17,Y,https://scholar.google.com/citations?user=-YmsnYMAAAAJ,2026-09-16,Y,,
"Markl, Volker",2020,Germany,"For contributions to query optimization, scalable data processing, and data programmability",https://awards.acm.org/award-recipients/markl_UK78103,2026-09-13,https://dblp.org/pid/m/VMarkl,2026-09-17,Y,https://scholar.google.com/citations?user=el2k_oIAAAAJ,2026-09-16,Y,Volker Markl,2026-09-18
"Mataric, Maja",2020,USA,For contributions to socially assistive robotics and human-robot systems,https://awards.acm.org/award-recipients/mataric_0572874,2026-09-13,https://dblp.org/pid/37/5216,2026-09-18,Y,https://scholar.google.com/citations?user=o5YQMkMAAAAJ,2026-09-16,Y,Maja Mataric,2026-09-18
"Menczer, Filippo",2020,USA,For research on the vulnerability of social media networks to disinformation and manipulation,https://awards.acm.org/award-recipients/menczer_2889301,2026-09-13,https://dblp.org/pid/79/3056,2026-09-17,Y,https://scholar.google.com/citations?user=f_kGJwkAAAAJ,2026-09-16,Y,Filippo Menczer,2026-09-18
"Meseguer, Jose",2020,USA,For the development of logical methods for design and verification of computational systems,https://awards.acm.org/award-recipients/meseguer_CR79727,2026-09-13,https://dblp.org/pid/m/JoseMeseguer,2026-09-17,Y,https://scholar.google.com/citations?user=KZFo7ZkAAAAJ,2026-09-16,Y,José Meseguer 0001,2026-09-18
"Morris, Meredith Ringel",2020,USA,"For contributions to human-computer interaction, information retrieval, computer-supported cooperative work, and accessibility",https://awards.acm.org/award-recipients/morris_6317538,2026-09-13,https://dblp.org/pid/m/MeredithRingelMorris,2026-09-17,Y,https://scholar.google.com/citations?user=eJsW6W8AAAAJ,2026-09-16,Y,,
"Nagappan, Nachiappan",2020,USA,For contributions to empirical software engineering and data-driven software development,https://awards.acm.org/award-recipients/nagappan_0576124,2026-09-13,https://dblp.org/pid/91/1758,2026-09-17,Y,https://scholar.google.com/citations?user=Nzx_7P8AAAAJ,2026-09-16,Y,,
"Nagpal, Radhika",2020,USA,"For contributions to collective intelligence, including self-organizing systems and swarm robotics",https://awards.acm.org/award-recipients/nagpal_4930808,2026-09-13,https://dblp.org/pid/84/5637,2026-09-17,Y,https://scholar.google.com/citations?user=a3ZGDsoAAAAJ,2026-09-16,Y,Radhika Nagpal,2026-09-18
"Naor, Moni",2020,Israel,For contributions to the foundations of cryptography and theoretical computer science,https://awards.acm.org/award-recipients/naor_5261987,2026-09-13,https://dblp.org/pid/n/MoniNaor,2026-09-17,Y,https://scholar.google.com/citations?user=stSUaHAAAAAJ,2026-09-16,Y,Moni Naor,2026-09-18
"Narayanaswami, Chandra",2020,USA,"For design and development of the Linux Watch and SoulPad, which influenced wearable and mobile systems",https://awards.acm.org/award-recipients/narayanaswami_4658217,2026-09-13,https://dblp.org/pid/91/3542,2026-09-17,Y,https://scholar.google.com/citations?user=jZUeVbcAAAAJ,2026-09-16,Y,,
"Noh, Sam H.",2020,USA,"For contributions to storage system software, including flash and byte-addressable non-volatile memory",https://awards.acm.org/award-recipients/noh_4617189,2026-09-13,https://dblp.org/pid/81/970,2026-09-17,Y,https://scholar.google.com/citations?user=i5lr8uEAAAAJ,2026-09-16,Y,Sam H. Noh,2026-09-18
"Panangaden, Prakash",2020,Canada,For making continuous state systems amenable to logical and computational treatment,https://awards.acm.org/award-recipients/panangaden_2875508,2026-09-13,https://dblp.org/pid/p/PPanangaden,2026-09-17,Y,https://scholar.google.com/citations?user=IROzEKQAAAAJ,2026-09-16,Y,Prakash Panangaden,2026-09-18
"Panchanathan, Sethuraman",2020,USA,For contributions to multimedia technologies and leadership in the scientific community,https://awards.acm.org/award-recipients/panchanathan_4753208,2026-09-13,https://dblp.org/pid/31/6591,2026-09-17,Y,https://scholar.google.com/citations?user=GKTKZ8kAAAAJ,2026-09-16,Y,Sethuraman Panchanathan,2026-09-18
"Parashar, Manish",2020,USA,For contributions to high-performance parallel and distributed computing and computational science,https://awards.acm.org/award-recipients/parashar_4185880,2026-09-13,https://dblp.org/pid/p/ManishParashar,2026-09-17,Y,https://scholar.google.com/citations?user=BGNzBsUAAAAJ,2026-09-16,Y,Manish Parashar,2026-09-18
"Parhi, Keshab K.",2020,USA,For contributions to architectures and design tools for signal processing and networking accelerators,https://awards.acm.org/award-recipients/parhi_7136349,2026-09-13,https://dblp.org/pid/p/KeshabKParhi,2026-09-17,Y,https://scholar.google.com/citations?user=G8RIjYMAAAAJ,2026-09-16,Y,,
"Park, Haesun",2020,USA,"For contributions to numerical algorithms, data analytics, and leadership in computational science and engineering",https://awards.acm.org/award-recipients/park_9980091,2026-09-13,https://dblp.org/pid/263/1018,2026-09-17,N,https://scholar.google.com/citations?user=G6kA1CMAAAAJ,2026-09-16,Y,Haesun Park,2026-09-18
"Plotkin, Gordon",2020,USA,"For contributions to the science of programming languages, particularly their operational and denotational semantics",https://awards.acm.org/award-recipients/plotkin_8625851,2026-09-13,https://dblp.org/pid/p/GordonDPlotkin,2026-09-17,Y,https://scholar.google.com/citations?user=0KiEfGcAAAAJ,2026-09-16,Y,Gordon D. Plotkin,2026-09-18
"Rabin, Michael O.",2020,USA,"For fundamental, pioneering contributions to the theory of computation, probabilistic algorithms, and cryptography",https://awards.acm.org/award-recipients/rabin_9681074,2026-09-13,https://dblp.org/pid/r/MORabin,2026-09-17,Y,https://scholar.google.com/citations?user=_UUtVF4AAAAJ,2026-09-17,Y,Michael O. Rabin,2026-09-18
"Ren, Kui",2020,China,For contributions to wireless system security and cloud data security,https://awards.acm.org/award-recipients/ren_9485281,2026-09-13,https://dblp.org/pid/20/6179-1,2026-09-17,Y,https://scholar.google.com/citations?user=uuQA_rcAAAAJ,2026-09-16,Y,Kui Ren 0001,2026-09-18
"Resnick, Paul",2020,USA,"For contributions to recommender systems, economics and computation, and online communities",https://awards.acm.org/award-recipients/resnick_5173331,2026-09-13,https://dblp.org/pid/r/PaulResnick,2026-09-17,Y,https://scholar.google.com/citations?user=SftrEEMAAAAJ,2026-09-16,Y,,
"Rosson, Marybeth",2020,USA,"For contributions to human-computer interaction, including scenario-based design",https://awards.acm.org/award-recipients/rosson_2902369,2026-09-13,https://dblp.org/pid/r/MBRosson,2026-09-17,Y,https://scholar.google.com/citations?user=1GUWOTEAAAAJ,2026-09-16,Y,,
"Salzberg, Steven",2020,USA,"For contributions to computational biology, including software for DNA sequence analysis, alignment, and genome assembly",https://awards.acm.org/award-recipients/salzberg_3469343,2026-09-13,https://dblp.org/pid/s/StevenSalzberg,2026-09-17,Y,https://scholar.google.com/citations?user=sUVeH-4AAAAJ,2026-09-16,Y,Steven Salzberg,2026-09-18
"Seshia, Sanjit Arunkumar",2020,USA,"For contributions to formal verification, inductive synthesis, and cyber-physical systems",https://awards.acm.org/award-recipients/seshia_UJ14341,2026-09-13,https://dblp.org/pid/s/SanjitASeshia,2026-09-17,Y,https://scholar.google.com/citations?user=SlZavnIAAAAJ,2026-09-16,Y,Sanjit A. Seshia,2026-09-18
"Shamir, Adi",2020,Israel,For contributions to the field of cryptography,https://awards.acm.org/award-recipients/shamir_2327856,2026-09-13,https://dblp.org/pid/s/AdiShamir,2026-09-17,Y,https://scholar.google.com/citations?user=EHLBP20AAAAJ,2026-09-17,Y,Adi Shamir,2026-09-18
"Shen, Heng Tao",2020,China,"For contributions to large-scale multimedia content understanding, indexing and retrieval",https://awards.acm.org/award-recipients/shen_9231878,2026-09-13,https://dblp.org/pid/s/HTShen,2026-09-17,Y,https://scholar.google.com/citations?user=krryaDkAAAAJ,2026-09-16,Y,Heng Tao Shen,2026-09-18
"Sheth, Amit",2020,USA,For contributions to data semantics and knowledge-enhanced computing,https://awards.acm.org/award-recipients/sheth_2299642,2026-09-13,https://dblp.org/pid/149/1472-1,2026-09-17,N,https://scholar.google.com/citations?user=2T3H4ekAAAAJ,2026-09-16,Y,Amit P. Sheth,2026-09-18
"Smith, Adam",2020,USA,For contributions to data privacy and cryptography,https://awards.acm.org/award-recipients/smith_9268378,2026-09-13,https://dblp.org/pid/115/9177,2026-09-17,N,https://scholar.google.com/citations?user=fkGi-JMAAAAJ,2026-09-16,Y,Adam Smith 0006,2026-09-18
"Sorkine-Hornung, Olga",2020,Switzerland,"For contributions to digital geometry processing, computer animation, computer graphics and visual computing",https://awards.acm.org/award-recipients/sorkine-hornung_4761288,2026-09-13,https://dblp.org/pid/s/OlgaSorkine,2026-09-17,Y,https://scholar.google.com/citations?user=GBU568oAAAAJ,2026-09-16,Y,Olga Sorkine-Hornung,2026-09-18
"Stevens, Rick",2020,USA,"For contributions in high-performance computing systems, collaborative environments, and tools for large-scale science initiatives",https://awards.acm.org/award-recipients/stevens_4742631,2026-09-13,https://dblp.org/pid/s/RickLStevens,2026-09-17,Y,https://scholar.google.com/citations?user=2oSSsLYAAAAJ,2026-09-16,Y,Rick Stevens,2026-09-18
"Stone, Peter",2020,USA,"For contributions to automated planning, learning, and multiagent systems with applications in robotics and ecommerce",https://awards.acm.org/award-recipients/stone_3436441,2026-09-13,https://dblp.org/pid/s/PeterStone,2026-09-17,Y,https://scholar.google.com/citations?user=qnwjcfAAAAAJ,2026-09-16,Y,Peter Stone 0001,2026-09-18
"Tao, Yufei",2020,Hong Kong,For contributions to algorithms for large scale data processing,https://awards.acm.org/award-recipients/tao_0950279,2026-09-13,https://dblp.org/pid/t/YufeiTao,2026-09-17,Y,https://scholar.google.com/citations?user=3FmJBHkAAAAJ,2026-09-16,Y,Yufei Tao 0001,2026-09-18
"Tassiulas, Leandros",2020,USA,For contributions to network control and optimization with applications in communication networks,https://awards.acm.org/award-recipients/tassiulas_7955612,2026-09-13,https://dblp.org/pid/03/3843,2026-09-17,Y,https://scholar.google.com/citations?user=9qtgcZ8AAAAJ,2026-09-16,Y,Leandros Tassiulas,2026-09-18
"Thompson, Kenneth Lane",2020,USA,For contributions to the development of operating systems theory and for the implementation of the UNIX operating system,https://awards.acm.org/award-recipients/thompson_4588371,2026-09-13,https://dblp.org/pid/t/KenThompson,2026-09-17,Y,https://scholar.google.com/citations?user=FsHMg9AAAAAJ,2026-09-17,Y,,
"Tomkins, Andrew",2020,USA,For contributions to the understanding of the web and web-based social networks,https://awards.acm.org/award-recipients/tomkins_0483830,2026-09-13,https://dblp.org/pid/t/ATomkins,2026-09-17,Y,https://scholar.google.com/citations?user=-JOkpfQAAAAJ,2026-09-16,Y,,
"Troyanskaya, Olga",2020,USA,"For contributions to computational biology, data integration and deep learning applications for genome interpretation",https://awards.acm.org/award-recipients/troyanskaya_6455940,2026-09-13,https://dblp.org/pid/09/2486,2026-09-17,Y,https://scholar.google.com/citations?user=PjCDBjIAAAAJ,2026-09-16,Y,Olga G. Troyanskaya,2026-09-18
"Turk, Matthew A",2020,USA,"For contributions to face recognition, computer vision, and multimodal interaction",https://awards.acm.org/award-recipients/turk_3946811,2026-09-13,https://dblp.org/pid/61/3381,2026-09-17,Y,https://scholar.google.com/citations?user=KltleWgAAAAJ,2026-09-16,Y,Matthew A. Turk,2026-09-18
"Van Der Aalst, Wil",2020,Germany,"For contributions to process mining, process management, and data science",https://awards.acm.org/award-recipients/vanderaalst_5194599,2026-09-13,https://dblp.org/pid/a/WilMPvanderAalst,2026-09-17,Y,https://scholar.google.com/citations?user=aSZYyxIAAAAJ,2026-09-16,Y,Wil M. P. van der Aalst,2026-09-18
"Walsh, Toby",2020,Australia,For contributions to artificial intelligence,https://awards.acm.org/award-recipients/walsh_1141540,2026-09-13,https://dblp.org/pid/86/2576,2026-09-17,Y,https://scholar.google.com/citations?user=oOQ6x0IAAAAJ,2026-09-16,Y,Toby Walsh,2026-09-18
"Wang, Wei",2020,USA,For contributions to the foundation and practice of data mining,https://awards.acm.org/award-recipients/wang_7192664,2026-09-13,https://dblp.org/pid/w/WeiWang11,2026-09-17,Y,https://scholar.google.com/citations?user=08CVzE8AAAAJ,2026-09-17,Y,Wei Wang 0010,2026-09-18
"Williams, Laurie Ann",2020,USA,"For contributions to empirical research on agile software development, software security, and software engineering education",https://awards.acm.org/award-recipients/williams_4628996,2026-09-13,https://dblp.org/pid/w/LaurieAWilliams,2026-09-17,Y,https://scholar.google.com/citations?user=Cln2viUAAAAJ,2026-09-16,Y,Laurie A. Williams,2026-09-18
"Wu, Cathy H",2020,USA,"For contributions to bioinformatics, computational biology, knowledge mining and semantic data integration",https://awards.acm.org/award-recipients/wu_9696040,2026-09-13,https://dblp.org/pid/w/CathyHWu,2026-09-17,Y,https://scholar.google.com/citations?user=eiRdbhsAAAAJ,2026-09-16,Y,Cathy H. Wu,2026-09-18
"Yan, Shuicheng",2020,Singapore,For contributions to visual content understanding techniques and applications,https://awards.acm.org/award-recipients/yan_2615226,2026-09-13,https://dblp.org/pid/y/ShuichengYan,2026-09-17,Y,https://scholar.google.com/citations?user=DNuiPHwAAAAJ,2026-09-16,Y,Shuicheng Yan,2026-09-18
"Yi, Wang",2020,Sweden,For contributions to the automated analysis and verification of real-time systems,https://awards.acm.org/award-recipients/yi_8982226,2026-09-13,https://dblp.org/pid/y/WangYi,2026-09-17,Y,https://scholar.google.com/citations?user=_ynjrUUAAAAJ,2026-09-16,Y,Wang Yi 0001,2026-09-18
"Zhou, Kun",2020,China,For contributions to computer graphics,https://awards.acm.org/award-recipients/zhou_2169472,2026-09-13,https://dblp.org/pid/48/3927-1,2026-09-17,Y,https://scholar.google.com/citations?user=N-iYby0AAAAJ,2026-09-16,Y,Kun Zhou 0001,2026-09-18
"Zyda, Michael J",2020,USA,"For contributions to game design, game and virtual reality networking, and body tracking",https://awards.acm.org/award-recipients/zyda_1609668,2026-09-13,https://dblp.org/pid/z/MichaelZyda,2026-09-17,Y,https://scholar.google.com/citations?user=qPWq9YwAAAAJ,2026-09-16,Y,,
"Aaronson, Scott J",2019,USA,For contributions to quantum computing and computational complexity,https://awards.acm.org/award-recipients/aaronson_9555914,2026-09-13,https://dblp.org/pid/56/1358,2026-09-17,Y,https://scholar.google.com/citations?user=EYv2BNQAAAAJ,2026-09-16,Y,Scott Aaronson,2026-09-18
"Abdelzaher, Tarek",2019,USA,"For interdisciplinary contributions that bridge cyber-physical systems, social sensing, real-time computing, and control",https://awards.acm.org/award-recipients/abdelzaher_UJ76483,2026-09-13,https://dblp.org/pid/a/TarekFAbdelzaher,2026-09-17,Y,https://scholar.google.com/citations?user=cA28Zs0AAAAJ,2026-09-16,Y,Tarek F. Abdelzaher,2026-09-18
"Amarasinghe, Saman",2019,USA,"For contributions to high performance computing on modern hardware platforms, domain-specific languages, and compilation techniques",https://awards.acm.org/award-recipients/amarasinghe_4130225,2026-09-13,https://dblp.org/pid/a/SPAmarasinghe,2026-09-17,Y,https://scholar.google.com/citations?user=cF6i_goAAAAJ,2026-09-16,Y,Saman P. Amarasinghe,2026-09-18
"Bala, Kavita",2019,USA,For contributions to rendering and scene understanding,https://awards.acm.org/award-recipients/bala_4162558,2026-09-13,https://dblp.org/pid/b/KavitaBala,2026-09-17,Y,https://scholar.google.com/citations?user=Rh16nsIAAAAJ,2026-09-16,Y,Kavita Bala,2026-09-18
"Balazinska, Magdalena",2019,USA,For contributions to scalable distributed data systems,https://awards.acm.org/award-recipients/balazinska_1316264,2026-09-13,https://dblp.org/pid/b/MagdalenaBalazinska,2026-09-17,Y,https://scholar.google.com/citations?user=DDxFvcIAAAAJ,2026-09-16,Y,Magdalena Balazinska,2026-09-18
"Beame, Paul",2019,USA,"For contributions in computational and proof complexity and their applications, and for outstanding service",https://awards.acm.org/award-recipients/beame_3208394,2026-09-13,https://dblp.org/pid/b/PaulBeame,2026-09-17,Y,https://scholar.google.com/citations?user=plYoF-MAAAAJ,2026-09-16,Y,Paul Beame,2026-09-18
"Berger, Emery David",2019,USA,For contributions in memory management and programming language implementation,https://awards.acm.org/award-recipients/berger_4417531,2026-09-13,https://dblp.org/pid/98/4487,2026-09-17,Y,https://scholar.google.com/citations?user=RaHaArkAAAAJ,2026-09-16,Y,,
"Boisvert, Ronald F",2019,USA,For contributions to mathematical software and service to the profession,https://awards.acm.org/award-recipients/boisvert_1461136,2026-09-13,https://dblp.org/pid/83/1418,2026-09-17,Y,https://scholar.google.com/citations?user=ctI1jBAAAAAJ,2026-09-16,Y,,
"Cachin, Christian",2019,Switzerland,For contributions to secure distributed computing and cryptographic protocols,https://awards.acm.org/award-recipients/cachin_4033205,2026-09-13,https://dblp.org/pid/c/ChristianCachin,2026-09-17,Y,https://scholar.google.com/citations?user=c8zferMAAAAJ,2026-09-16,Y,,
"Calder, Bradley G",2019,USA,"For contributions to cloud storage; processor simulation, replay, and feedback-directed optimization of systems and applications",https://awards.acm.org/award-recipients/calder_4123469,2026-09-13,https://dblp.org/pid/c/BradCalder,2026-09-17,Y,https://scholar.google.com/citations?user=ToaGb5YAAAAJ,2026-09-16,Y,,
"Calvanese, Diego",2019,Italy,For contributions to description logics and their applications in data management and software engineering,https://awards.acm.org/award-recipients/calvanese_0397786,2026-09-13,https://dblp.org/pid/c/DiegoCalvanese,2026-09-17,Y,https://scholar.google.com/citations?user=We0kRfEAAAAJ,2026-09-16,Y,,
"Capkun, Srdjan",2019,Switzerland,For contributions to systems and wireless network security,https://awards.acm.org/award-recipients/capkun_8123382,2026-09-13,https://dblp.org/pid/51/1639,2026-09-17,Y,https://scholar.google.com/citations?user=VtkPBNsAAAAJ,2026-09-16,Y,Srdjan Capkun,2026-09-18
"Cardie, Claire",2019,USA,"For contributions to natural language processing, including coreference resolution, information and opinion extraction",https://awards.acm.org/award-recipients/cardie_4215893,2026-09-13,https://dblp.org/pid/c/ClaireCardie,2026-09-17,Y,https://scholar.google.com/citations?user=ex9BQiIAAAAJ,2026-09-16,Y,Claire Cardie,2026-09-18
"Chan, Timothy",2019,USA,"For contributions to computational geometry, algorithms, and data structures",https://awards.acm.org/award-recipients/chan_4172730,2026-09-13,https://dblp.org/pid/95/5439,2026-09-17,N,https://scholar.google.com/citations?user=CiesWGcAAAAJ,2026-09-16,Y,Timothy M. Chan,2026-09-18
"Chandy, Kanianthra Mani",2019,USA,"For contributions to queuing networks, performance analysis, distributed and parallel programming, and distributed simulation",https://awards.acm.org/award-recipients/chandy_4104642,2026-09-13,https://dblp.org/pid/c/KManiChandy,2026-09-17,Y,https://scholar.google.com/citations?user=_e1E9DQAAAAJ,2026-09-16,Y,,
"Chen, Xilin",2019,China,For contributions to face and sign language recognition and multimedia systems,https://awards.acm.org/award-recipients/chen_9151253,2026-09-13,https://dblp.org/pid/c/XilinChen,2026-09-17,Y,https://scholar.google.com/citations?user=vVx2v20AAAAJ,2026-09-16,Y,Xilin Chen 0001,2026-09-18
"Churchill, Elizabeth Frances",2019,USA,For contributions to human-computer interaction and service to the ACM.,https://awards.acm.org/award-recipients/churchill_4552865,2026-09-13,https://dblp.org/pid/99/3360,2026-09-17,Y,https://scholar.google.com/citations?user=wZB07xAAAAAJ,2026-09-16,Y,Elizabeth F. Churchill,2026-09-18
"Cohen, Philip R",2019,USA,"For contributions to the theory and practice of multi-agent systems, human-computer dialogue, and multimodal interaction",https://awards.acm.org/award-recipients/cohen_4633822,2026-09-13,https://dblp.org/pid/69/1786,2026-09-17,Y,https://scholar.google.com/citations?user=V72PR9wAAAAJ,2026-09-16,Y,,
"Conitzer, Vincent",2019,USA,"For contributions to game theory, social choice theory, and mechanism design",https://awards.acm.org/award-recipients/conitzer_3162059,2026-09-13,https://dblp.org/pid/c/VincentConitzer,2026-09-17,Y,https://scholar.google.com/citations?user=juRk4lQAAAAJ,2026-09-16,Y,Vincent Conitzer,2026-09-18
"Contractor, Noshir",2019,USA,"For contributions to advances in computational social science, network science and web science",https://awards.acm.org/award-recipients/contractor_N008268,2026-09-13,https://dblp.org/pid/84/4114,2026-09-17,Y,https://scholar.google.com/citations?user=Fqw9o84AAAAJ,2026-09-16,Y,Noshir Contractor,2026-09-18
"Dwyer, Matthew B",2019,USA,For contributions to the specification and analysis of software,https://awards.acm.org/award-recipients/dwyer_2631372,2026-09-13,https://dblp.org/pid/d/MatthewBDwyer,2026-09-17,Y,https://scholar.google.com/citations?user=-ZRKCcEAAAAJ,2026-09-16,Y,Matthew B. Dwyer,2026-09-18
"Ferrari, Elena",2019,Italy,For contributions to security and privacy of data and social network systems,https://awards.acm.org/award-recipients/ferrari_0528703,2026-09-13,https://dblp.org/pid/389/7043-1,2026-09-17,Y,,,N,,
"Freedman, Michael J.",2019,USA,For contributions to robust distributed systems for the modern cloud,https://awards.acm.org/award-recipients/freedman_6665293,2026-09-13,https://dblp.org/pid/65/1370,2026-09-17,Y,https://scholar.google.com/citations?user=BFE6IQwAAAAJ,2026-09-16,Y,Michael J. Freedman,2026-09-18
"Frincke, Deborah",2019,USA,"For contributions in education, the practice of research, and the leadership of cybersecurity",https://awards.acm.org/award-recipients/frincke_3189248,2026-09-13,https://dblp.org/pid/01/2316,2026-09-17,Y,https://scholar.google.com/citations?user=LO7ZkPgAAAAJ,2026-09-16,Y,,
"Getoor, Lise",2019,USA,"For contributions to machine learning, reasoning under uncertainty, and responsible data science",https://awards.acm.org/award-recipients/getoor_2946767,2026-09-13,https://dblp.org/pid/g/LiseGetoor,2026-09-17,Y,https://scholar.google.com/citations?user=Y8-xGncAAAAJ,2026-09-16,Y,Lise Getoor,2026-09-18
"Gini, Maria L",2019,USA,For contributions to robotics and multi-agent systems and a lifelong commitment to diversity in computing,https://awards.acm.org/award-recipients/gini_1720564,2026-09-13,https://dblp.org/pid/g/MariaLGini,2026-09-17,Y,https://scholar.google.com/citations?user=2ewb-10AAAAJ,2026-09-16,Y,Maria L. Gini,2026-09-18
"Kambhampati, Subbarao",2019,USA,For contributions to automated planning and human-aware AI systems and leadership within the field,https://awards.acm.org/award-recipients/kambhampati_5416417,2026-09-13,https://dblp.org/pid/k/SKambhampati,2026-09-17,Y,https://scholar.google.com/citations?user=yl3L07sAAAAJ,2026-09-16,Y,Subbarao Kambhampati,2026-09-18
"Kolda, Tamara G",2019,USA,"For innovations in algorithms for tensor decompositions, contributions to data science, and community leadership",https://awards.acm.org/award-recipients/kolda_5055801,2026-09-13,https://dblp.org/pid/45/6474,2026-09-17,Y,https://scholar.google.com/citations?user=9hjmW7AAAAAJ,2026-09-16,Y,,
"Li, Xiangyang",2019,China,"For contributions to the design, analysis and optimization of IoT and mobile systems",https://awards.acm.org/award-recipients/li_5098611,2026-09-13,https://dblp.org/pid/l/XiangYangLi,2026-09-17,Y,https://scholar.google.com/citations?user=JURtNb0AAAAJ,2026-09-16,Y,Xiangyang Li 0001,2026-09-18
"Lu, Songwu",2019,USA,For helping create a more resilient and performant cellular network,https://awards.acm.org/award-recipients/lu_UK94644,2026-09-13,https://dblp.org/pid/55/758,2026-09-17,Y,https://scholar.google.com/citations?user=PVdTviYAAAAJ,2026-09-16,Y,Songwu Lu,2026-09-18
"Mackay, Wendy Elizabeth",2019,France,"For contributions to human-computer interaction, mixed reality and participatory design, and leadership in ACM SIGCHI",https://awards.acm.org/award-recipients/mackay_4789780,2026-09-13,https://dblp.org/pid/m/WendyEMackay,2026-09-17,Y,https://scholar.google.com/citations?user=nxSqwG4AAAAJ,2026-09-16,Y,,
"Marculescu, Diana",2019,USA,For contributions to the design and optimization of energy-aware computing systems,https://awards.acm.org/award-recipients/marculescu_4918843,2026-09-13,https://dblp.org/pid/59/2715,2026-09-17,Y,https://scholar.google.com/citations?user=MRHzTAIAAAAJ,2026-09-16,Y,Diana Marculescu,2026-09-18
"McIlraith, Sheila",2019,Canada,For contributions to knowledge representation and its applications to automated planning and semantic web services,https://awards.acm.org/award-recipients/mcilraith_2299173,2026-09-13,https://dblp.org/pid/66/3221,2026-09-17,Y,https://scholar.google.com/citations?user=ny2zuvMAAAAJ,2026-09-16,Y,Sheila A. McIlraith,2026-09-18
"Mihalcea, Rada",2019,USA,"For contributions to natural language processing, with innovations in data-driven and graph-based language processing",https://awards.acm.org/award-recipients/mihalcea_5516842,2026-09-13,https://dblp.org/pid/m/RadaMihalcea,2026-09-17,Y,https://scholar.google.com/citations?user=UetM7FgAAAAJ,2026-09-16,Y,Rada Mihalcea,2026-09-18
"Murphy, Robin R",2019,USA,For contributions in founding and advancing the field of computing for disasters and robotics,https://awards.acm.org/award-recipients/murphy_3201472,2026-09-13,https://dblp.org/pid/71/3442,2026-09-17,Y,https://scholar.google.com/citations?user=SIcRijoAAAAJ,2026-09-16,Y,Robin R. Murphy,2026-09-18
"Najork, Marc",2019,USA,For contributions to web search and web science,https://awards.acm.org/award-recipients/najork_3678687,2026-09-13,https://dblp.org/pid/n/MarcNajork,2026-09-17,Y,https://scholar.google.com/citations?user=7HeAnjwAAAAJ,2026-09-16,Y,,
"Nieh, Jason",2019,USA,"For contributions to operating systems, virtualization, and computer science education",https://awards.acm.org/award-recipients/nieh_4272597,2026-09-13,https://dblp.org/pid/n/JasonNieh,2026-09-17,Y,https://scholar.google.com/citations?user=e84VgEYAAAAJ,2026-09-16,Y,Jason Nieh,2026-09-18
"Pfister, Hanspeter",2019,USA,"For contributions to volume rendering, visualization, computer graphics, and computer vision applications",https://awards.acm.org/award-recipients/pfister_4049490,2026-09-13,https://dblp.org/pid/p/HanspeterPfister,2026-09-17,Y,https://scholar.google.com/citations?user=VWX-GMAAAAAJ,2026-09-16,Y,Hanspeter Pfister,2026-09-18
"Pinkston, Timothy",2019,USA,"For contributions to interconnection network routing algorithms and architectures, and leadership in expanding computing research",https://awards.acm.org/award-recipients/pinkston_4451597,2026-09-13,https://dblp.org/pid/10/2904,2026-09-17,Y,https://scholar.google.com/citations?user=eZSkx1wAAAAJ,2026-09-16,Y,,
"Pop, Mihai",2019,USA,"For contributions to computational biology, algorithms, and software for DNA sequence analysis and sequence assembly",https://awards.acm.org/award-recipients/pop_4359402,2026-09-13,https://dblp.org/pid/293/3689,2026-09-17,N,https://scholar.google.com/citations?user=4glkLD0AAAAJ,2026-09-16,Y,Mihai Pop,2026-09-18
"Reuter, Andreas",2019,Germany,For contributions to database concurrency control and for service to the community,https://awards.acm.org/award-recipients/reuter_2059137,2026-09-13,https://dblp.org/pid/r/AReuter,2026-09-17,Y,,,N,,
"Rosenschein, Jeffrey S",2019,Israel,"For contributions to multi-agent systems, in particular, the use of game theory in multi-agent systems",https://awards.acm.org/award-recipients/rosenschein_UI64416,2026-09-13,https://dblp.org/pid/r/JeffreySRosenschein,2026-09-17,Y,https://scholar.google.com/citations?user=TIQlTAEAAAAJ,2026-09-16,Y,Jeffrey S. Rosenschein,2026-09-18
"Seshan, Srinivasan",2019,USA,"For contributions to computer networking, mobile computing and wireless communications",https://awards.acm.org/award-recipients/seshan_4001905,2026-09-13,https://dblp.org/pid/s/SrinivasanSeshan,2026-09-17,Y,https://scholar.google.com/citations?user=0irVeiQAAAAJ,2026-09-16,Y,Srinivasan Seshan,2026-09-18
"Shenoy, Prashant J",2019,USA,For contributions to the modeling and design of distributed systems,https://awards.acm.org/award-recipients/shenoy_4174397,2026-09-13,https://dblp.org/pid/s/PrashantJShenoy,2026-09-17,Y,https://scholar.google.com/citations?user=TciP6mcAAAAJ,2026-09-16,Y,Prashant J. Shenoy,2026-09-18
"Shor, Peter W",2019,USA,"For contributions to quantum computing, information theory, and randomized algorithms",https://awards.acm.org/award-recipients/shor_UJ26384,2026-09-13,https://dblp.org/pid/s/PeterWShor,2026-09-17,Y,,,N,,
"Singh, Mona",2019,USA,"For contributions to computational biology, spearheading algorithmic and machine learning approaches for characterizing proteins and their interactions",https://awards.acm.org/award-recipients/singh_3869211,2026-09-13,https://dblp.org/pid/73/6093-1,2026-09-17,Y,,,N,Mona Singh 0001,2026-09-18
"Sitaraman, Ramesh Kumar",2019,USA,"For contributions to content delivery networks, distributed systems, and scalable Internet services",https://awards.acm.org/award-recipients/sitaraman_4810933,2026-09-13,https://dblp.org/pid/s/RameshKSitaraman,2026-09-17,Y,https://scholar.google.com/citations?user=Hj4o7GYAAAAJ,2026-09-16,Y,Ramesh K. Sitaraman,2026-09-18
"Song, Dawn",2019,USA,For contributions to security and privacy,https://awards.acm.org/award-recipients/song_ND94565,2026-09-13,https://dblp.org/pid/s/DXSong,2026-09-17,Y,https://scholar.google.com/citations?user=84WzBlYAAAAJ,2026-09-16,Y,Dawn Song,2026-09-18
"Stolfo, Salvatore J",2019,USA,For contributions to machine-learning-based cybersecurity and parallel hardware for database inference systems,https://awards.acm.org/award-recipients/stolfo_1487883,2026-09-13,https://dblp.org/pid/s/SalvatoreJStolfo,2026-09-17,Y,https://scholar.google.com/citations?user=iLXSMP8AAAAJ,2026-09-17,Y,Salvatore J. Stolfo,2026-09-18
"Tao, Dacheng",2019,Australia,For contributions to representation learning and its applications,https://awards.acm.org/award-recipients/tao_6316488,2026-09-13,https://dblp.org/pid/46/3391,2026-09-17,Y,https://scholar.google.com/citations?user=RwlJNLcAAAAJ,2026-09-16,Y,Dacheng Tao,2026-09-18
"Tennenholtz, Moshe",2019,Israel,For contributions to AI and algorithmic game theory,https://awards.acm.org/award-recipients/tennenholtz_UI18460,2026-09-13,https://dblp.org/pid/t/MosheTennenholtz,2026-09-17,Y,https://scholar.google.com/citations?user=65FCPpwAAAAJ,2026-09-16,Y,Moshe Tennenholtz,2026-09-18
"Vigna, Giovanni",2019,USA,For contributions to improving the security of the Internet and combating cybercrime,https://awards.acm.org/award-recipients/vigna_4457024,2026-09-13,https://dblp.org/pid/v/GiovanniVigna,2026-09-17,Y,https://scholar.google.com/citations?user=2eM6GocAAAAJ,2026-09-16,Y,Giovanni Vigna,2026-09-18
"Vishnoi, Nisheeth Kumar",2019,USA,"For contributions to theoretical computer science and its connections with mathematics, sciences, and social sciences",https://awards.acm.org/award-recipients/vishnoi_3313941,2026-09-13,https://dblp.org/pid/02/2229,2026-09-17,Y,,,N,Nisheeth K. Vishnoi,2026-09-18
"Whitley, Darrell",2019,USA,For technical and professional leadership in the field of genetic and evolutionary computation,https://awards.acm.org/award-recipients/whitley_0163816,2026-09-13,https://dblp.org/pid/w/LDarrellWhitley,2026-09-17,Y,https://scholar.google.com/citations?user=0VzUxIcAAAAJ,2026-09-16,Y,Darrell Whitley,2026-09-18
"Xie, Yuan",2019,USA,For contributions to the design techniques and tools for the implementation and evaluation of computer architectures,https://awards.acm.org/award-recipients/xie_UK86900,2026-09-13,https://dblp.org/pid/x/YuanXie,2026-09-17,Y,https://scholar.google.com/citations?user=dK2ZuDcAAAAJ,2026-09-16,Y,Yuan Xie 0001,2026-09-18
"Youssef, Moustafa",2019,Egypt,For contributions to location tracking algorithms,https://awards.acm.org/award-recipients/youssef_1643915,2026-09-13,https://dblp.org/pid/52/727,2026-09-17,Y,https://scholar.google.com/citations?user=r6DUyxsAAAAJ,2026-09-16,Y,,
"Zaniolo, Carlo A",2019,USA,For contributions to the theory and practice of data and knowledge-base systems,https://awards.acm.org/award-recipients/zaniolo_1278936,2026-09-13,https://dblp.org/pid/z/CZaniolo,2026-09-17,Y,https://scholar.google.com/citations?user=f8FjAtMAAAAJ,2026-09-16,Y,,
"Zhou, Lidong",2019,USA,For contributions to trustworthy distributed computing and to systems research and education in China,https://awards.acm.org/award-recipients/zhou_UI17761,2026-09-13,https://dblp.org/pid/z/LidongZhou,2026-09-17,Y,https://scholar.google.com/citations?user=rillZYsAAAAJ,2026-09-16,Y,,
"Agha, Gul",2018,USA,"For research in concurrent programming and formal methods, specifically the Actor Model",https://awards.acm.org/award-recipients/agha_2268985,2026-09-13,https://dblp.org/pid/a/GulAAgha,2026-09-17,Y,https://scholar.google.com/citations?user=orHlhhQAAAAJ,2026-09-16,Y,,
"Asanovic, Krste",2018,USA,"For contributions to computer architecture, including the open RISC-V instruction set and Agile hardware development",https://awards.acm.org/award-recipients/asanovic_3737731,2026-09-13,https://dblp.org/pid/a/KrsteAsanovic,2026-09-17,Y,https://scholar.google.com/citations?user=e4I7ihkAAAAJ,2026-09-16,Y,,
"Asokan, N",2018,Canada,"For contributions to systems security and privacy, especially of mobile systems",https://awards.acm.org/award-recipients/asokan_4672457,2026-09-13,https://dblp.org/pid/39/2508,2026-09-18,Y,https://scholar.google.com/citations?user=0MqQ8AgAAAAJ,2026-09-16,Y,N. Asokan,2026-09-18
"Barham, Paul",2018,USA,For contributions to the design of operating systems and scalable distributed information processing systems,https://awards.acm.org/award-recipients/barham_CR73674,2026-09-13,https://dblp.org/pid/b/PaulBarham,2026-09-17,Y,https://scholar.google.com/citations?user=q34R9psAAAAJ,2026-09-16,Y,,
"Bartlett, Peter L",2018,USA,For contributions to the theory of machine learning,https://awards.acm.org/award-recipients/bartlett_5155502,2026-09-13,https://dblp.org/pid/68/4020,2026-09-17,Y,https://scholar.google.com/citations?user=yQNhFGUAAAAJ,2026-09-16,Y,,
"Basin, David",2018,Switzerland,For contributions to Information Security and Formal Methods,https://awards.acm.org/award-recipients/basin_8763042,2026-09-13,https://dblp.org/pid/b/DavidABasin,2026-09-17,Y,https://scholar.google.com/citations?user=-BA-kHYAAAAJ,2026-09-16,Y,David A. Basin,2026-09-18
"Belding, Elizabeth",2018,USA,For contributions to communication in mobile networks and their deployment in developing regions,https://awards.acm.org/award-recipients/belding_5044698,2026-09-13,https://dblp.org/pid/b/EMBeldingRoyer,2026-09-17,Y,https://scholar.google.com/citations?user=3G79TTEAAAAJ,2026-09-16,Y,Elizabeth M. Belding,2026-09-18
"Bodik, Rastislav",2018,USA,For contributions to program synthesis,https://awards.acm.org/award-recipients/bodik_4751111,2026-09-13,https://dblp.org/pid/20/1858,2026-09-17,Y,https://scholar.google.com/citations?user=YrihYtsAAAAJ,2026-09-16,Y,,
"Borner, Katy",2018,USA,For contributions to methods and tools that enable users to render data into actionable insights,https://awards.acm.org/award-recipients/borner_9001082,2026-09-13,https://dblp.org/pid/b/KatyBorner,2026-09-17,Y,https://scholar.google.com/citations?user=YirSp_cAAAAJ,2026-09-16,Y,Katy Börner,2026-09-18
"Bruckman, Amy S",2018,USA,For contributions to collaborative computing and foundational work in Internet research ethics.,https://awards.acm.org/award-recipients/bruckman_3906062,2026-09-13,https://dblp.org/pid/b/AmyBruckman,2026-09-17,Y,https://scholar.google.com/citations?user=IdWa_JkAAAAJ,2026-09-16,Y,Amy S. Bruckman,2026-09-18
"Camenisch, Jan",2018,Switzerland,For contributions to privacy-enhancing cryptographic protocols and leadership in their practical realization,https://awards.acm.org/award-recipients/camenisch_6375022,2026-09-13,https://dblp.org/pid/c/JanCamenisch,2026-09-17,Y,https://scholar.google.com/citations?user=T6esJiIAAAAJ,2026-09-16,Y,,
"Darwiche, Adnan",2018,USA,For contributions to the foundations and technology of automated reasoning,https://awards.acm.org/award-recipients/darwiche_1685692,2026-09-13,https://dblp.org/pid/p/ADarwiche,2026-09-17,Y,https://scholar.google.com/citations?user=NzyvbZoAAAAJ,2026-09-16,Y,Adnan Darwiche,2026-09-18
"Dehon, Andre M",2018,USA,"For contributions to architecture exploration and design automation of spatially programmable computing fabrics, especially FPGAs",https://awards.acm.org/award-recipients/dehon_3448123,2026-09-13,https://dblp.org/pid/d/ADeHon,2026-09-17,Y,https://scholar.google.com/citations?user=nintPk8AAAAJ,2026-09-16,Y,André DeHon,2026-09-18
"Devanbu, Premkumar T",2018,USA,For contributions to using software data and meta-data to improve software tools and processes,https://awards.acm.org/award-recipients/devanbu_UJ34070,2026-09-13,https://dblp.org/pid/d/PremkumarTDevanbu,2026-09-17,Y,https://scholar.google.com/citations?user=tQ5vbOAAAAAJ,2026-09-16,Y,,
"Dey, Tamal Krishna",2018,USA,For contributions to computational geometry and computational topology,https://awards.acm.org/award-recipients/dey_3385473,2026-09-13,https://dblp.org/pid/d/TamalKDey,2026-09-17,Y,https://scholar.google.com/citations?user=k7VhUnAAAAAJ,2026-09-16,Y,Tamal Krishna Dey,2026-09-18
"Dwarkadas, Sandhya",2018,USA,For contributions to shared memory and reconfigurability,https://awards.acm.org/award-recipients/dwarkadas_3738523,2026-09-13,https://dblp.org/pid/62/1421,2026-09-17,Y,https://scholar.google.com/citations?user=L1pb8GUAAAAJ,2026-09-16,Y,Sandhya Dwarkadas,2026-09-18
"Feiner, Steven",2018,USA,"For contributions to human-computer interaction, virtual and augmented reality, and 3D user interfaces",https://awards.acm.org/award-recipients/feiner_1592955,2026-09-13,https://dblp.org/pid/f/StevenFeiner,2026-09-17,Y,https://scholar.google.com/citations?user=PogsVkYAAAAJ,2026-09-16,Y,Steven Feiner,2026-09-18
"Finin, Tim",2018,USA,For contributions to theory and practice of knowledge sharing in distributed systems and the World-Wide Web,https://awards.acm.org/award-recipients/finin_8020786,2026-09-13,https://dblp.org/pid/f/TWFinin,2026-09-17,Y,https://scholar.google.com/citations?user=p5oWQ0AAAAAJ,2026-09-16,Y,Tim Finin,2026-09-18
"Funkhouser, Thomas",2018,USA,For research contributions in computer graphics,https://awards.acm.org/award-recipients/funkhouser_9011235,2026-09-13,https://dblp.org/pid/f/TAFunkhouser,2026-09-17,Y,https://scholar.google.com/citations?user=BghVDhgAAAAJ,2026-09-16,Y,,
"Garofalakis, Minos",2018,Greece,"For contributions to data processing and analytics, particularly data streaming, approximation, and uncertainty.",https://awards.acm.org/award-recipients/garofalakis_4173290,2026-09-13,https://dblp.org/pid/g/MinosNGarofalakis,2026-09-17,Y,https://scholar.google.com/citations?user=WemX9rAAAAAJ,2026-09-16,Y,,
"Gerla, Mario",2018,USA,For contributions to design and analysis of mobile wireless protocols for vehicular safety and traffic applications,https://awards.acm.org/award-recipients/gerla_6390231,2026-09-13,https://dblp.org/pid/g/MarioGerla,2026-09-17,Y,,,N,,
"Gilbert, Juan E",2018,USA,For contributions to broadening participation in computing and to accessible voting technologies,https://awards.acm.org/award-recipients/gilbert_4661013,2026-09-13,https://dblp.org/pid/01/6747,2026-09-17,Y,https://scholar.google.com/citations?user=FKbHXRUAAAAJ,2026-09-16,Y,Juan E. Gilbert,2026-09-18
"Hajiaghayi, Mohammad T.",2018,USA,For contributions to the fields of algorithmic graph theory and algorithmic game theory,https://awards.acm.org/award-recipients/hajiaghayi_7113843,2026-09-13,https://dblp.org/pid/334/4488,2026-09-17,Y,https://scholar.google.com/citations?user=SQ1eGN4AAAAJ,2026-09-16,Y,Mohammad Taghi Hajiaghayi,2026-09-18
"Halperin, Dan",2018,Israel,For contributions to robust geometric computing and applications to robotics and automation,https://awards.acm.org/award-recipients/halperin_4119301,2026-09-13,https://dblp.org/pid/h/DanHalperin,2026-09-17,Y,https://scholar.google.com/citations?user=2-e0jiEAAAAJ,2026-09-16,Y,Dan Halperin,2026-09-18
"He, Tian",2018,USA,"For contributions to wireless networks, sensing systems, and Internet of things (IoT)",https://awards.acm.org/award-recipients/he_8977704,2026-09-13,https://dblp.org/pid/h/TianHe,2026-09-18,Y,https://scholar.google.com/citations?user=hc1m_BQAAAAJ,2026-09-16,Y,Tian He 0001,2026-09-18
"Heinzelman, Wendi Beth",2018,USA,For contributions to wireless communication systems and protocols and leadership in broadening participation in computing,https://awards.acm.org/award-recipients/heinzelman_UK35306,2026-09-13,https://dblp.org/pid/h/WendiRabinerHeinzelman,2026-09-17,Y,https://scholar.google.com/citations?user=myYVVuYAAAAJ,2026-09-16,Y,Wendi Beth Heinzelman,2026-09-18
"Hertzmann, Aaron",2018,USA,"For contributions to computer graphics, non-photorealistic rendering, computer animation, and machine learning",https://awards.acm.org/award-recipients/hertzmann_4551057,2026-09-13,https://dblp.org/pid/91/3132,2026-09-17,Y,https://scholar.google.com/citations?user=ZcWO2AEAAAAJ,2026-09-16,Y,,
"Hodgins, Jessica K",2018,USA,"For contributions to character animation, human simulation, and humanoid robotics.",https://awards.acm.org/award-recipients/hodgins_3953155,2026-09-13,https://dblp.org/pid/75/3852,2026-09-17,Y,https://scholar.google.com/citations?user=vswo4rQAAAAJ,2026-09-16,Y,Jessica K. Hodgins,2026-09-18
"Hughes, John",2018,Sweden,For contributions to software testing and functional programming.,https://awards.acm.org/award-recipients/hughes_UJ36548,2026-09-13,https://dblp.org/pid/h/JohnHughes,2026-09-17,Y,https://scholar.google.com/citations?user=adD4xmAAAAAJ,2026-09-16,Y,John Hughes 0001,2026-09-18
"Håstad, Johan",2018,Sweden,"For contributions in circuit complexity, approximability and inapproximability, and foundations of pseudorandomness",https://awards.acm.org/award-recipients/h%25C3%25A5stad_3245750,2026-09-13,https://dblp.org/pid/47/3155,2026-09-17,Y,https://scholar.google.com/citations?user=n0QrdEMAAAAJ,2026-09-16,Y,Johan Håstad,2026-09-18
"Isbell, Charles Lee",2018,USA,For contributions to interactive machine learning; and for contributions to increasing access and diversity in computing,https://awards.acm.org/award-recipients/isbell_8161655,2026-09-13,https://dblp.org/pid/i/LCIsbell,2026-09-17,Y,,,N,Charles Lee Isbell Jr.,2026-09-18
"Keeton, Kimberly",2018,USA,"For contributions improving the dependability, manageability, and usability of storage and novel memory systems",https://awards.acm.org/award-recipients/keeton_4065769,2026-09-13,https://dblp.org/pid/k/KimberlyKeeton,2026-09-17,Y,https://scholar.google.com/citations?user=wR_tv-kAAAAJ,2026-09-16,Y,,
"Khanna, Sanjeev",2018,USA,"For contributions to approximation algorithms, hardness of approximation, and sublinear algorithms",https://awards.acm.org/award-recipients/khanna_N017236,2026-09-13,https://dblp.org/pid/k/SanjeevKhanna,2026-09-17,Y,https://scholar.google.com/citations?user=HriWXcEAAAAJ,2026-09-16,Y,Sanjeev Khanna,2026-09-18
"Lee, Lillian",2018,USA,"For contributions to natural language processing, sentiment analysis, and computational social science",https://awards.acm.org/award-recipients/lee_5392887,2026-09-13,https://dblp.org/pid/l/LillianLee,2026-09-17,Y,https://scholar.google.com/citations?user=oJESe-cAAAAJ,2026-09-16,Y,Lillian Lee,2026-09-18
"Leighton, Tom",2018,USA,"For his leadership in the establishment of content delivery networks, and his contributions to algorithm design",https://awards.acm.org/award-recipients/leighton_3453302,2026-09-13,https://dblp.org/pid/l/FrankThomsonLeighton,2026-09-17,Y,,,N,,
"Li, Fei-Fei",2018,USA,For contributions in building large knowledge bases for machine learning and visual understanding,https://awards.acm.org/award-recipients/li_4289668,2026-09-13,https://dblp.org/pid/79/2528,2026-09-17,Y,https://scholar.google.com/citations?user=rDfyQnIAAAAJ,2026-09-16,Y,Fei-Fei Li 0001,2026-09-18
"Littman, Michael",2018,USA,For contributions to the design and analysis of sequential decision making algorithms in artificial intelligence,https://awards.acm.org/award-recipients/littman_5691718,2026-09-13,https://dblp.org/pid/181/2369,2026-09-17,N,https://scholar.google.com/citations?user=iRMZ2hoAAAAJ,2026-09-16,Y,Michael L. Littman,2026-09-18
"Liu, Huan",2018,USA,For contributions in feature selection for data mining and knowledge discovery and in social computing,https://awards.acm.org/award-recipients/liu_3081791,2026-09-13,https://dblp.org/pid/226/0686,2026-09-17,N,https://scholar.google.com/citations?user=Dzf46C8AAAAJ,2026-09-16,Y,Huan Liu 0001,2026-09-18
"Luo, Jiebo",2018,USA,For contributions to multimedia content analysis and social multimedia informatics,https://awards.acm.org/award-recipients/luo_4262591,2026-09-13,https://dblp.org/pid/25/5545,2026-09-17,Y,https://scholar.google.com/citations?user=CcbnBvgAAAAJ,2026-09-16,Y,Jiebo Luo 0001,2026-09-18
"Maggs, Bruce M",2018,USA,For contributions to the development of content distribution networks and the theory of computer networks,https://awards.acm.org/award-recipients/maggs_3684958,2026-09-13,https://dblp.org/pid/m/BruceMMaggs,2026-09-17,Y,https://scholar.google.com/citations?user=Gwrwxa0AAAAJ,2026-09-16,Y,Bruce M. Maggs,2026-09-18
"Manjunath, Bangalore S",2018,USA,"For contributions to image search and retrieval with applications in digital libraries, marine sciences, and biology",https://awards.acm.org/award-recipients/manjunath_5138235,2026-09-13,https://dblp.org/pid/m/BSManjunath,2026-09-17,Y,https://scholar.google.com/citations?user=wRYM4qgAAAAJ,2026-09-16,Y,Bangalore S. Manjunath,2026-09-18
"Misra, Vishal",2018,USA,"For contributions to network traffic modeling, congestion control and Internet economics",https://awards.acm.org/award-recipients/misra_3219540,2026-09-13,https://dblp.org/pid/29/6724,2026-09-17,Y,https://scholar.google.com/citations?user=IlCfRosAAAAJ,2026-09-17,Y,Vishal Misra,2026-09-18
"Mueller, Frank",2018,USA,"For contributions to the predictability of real-time systems, resilience in high-performance computing, and multi-threading techniques",https://awards.acm.org/award-recipients/mueller_3510757,2026-09-13,https://dblp.org/pid/46/2933-1,2026-09-17,Y,https://scholar.google.com/citations?user=1hEE9ZsAAAAJ,2026-09-16,Y,Frank Mueller 0001,2026-09-18
"Parkes, David",2018,USA,"For contributions to computational markets, including novel mechanism design and incentive engineering methods",https://awards.acm.org/award-recipients/parkes_9764989,2026-09-13,https://dblp.org/pid/198/5164,2026-09-17,N,https://scholar.google.com/citations?user=JUn8PgwAAAAJ,2026-09-16,Y,David C. Parkes,2026-09-18
"Parulkar, Gurudatta",2018,USA,For contributions to improving the Internet architecture and open source software,https://awards.acm.org/award-recipients/parulkar_2949303,2026-09-13,https://dblp.org/pid/50/4579,2026-09-17,Y,,,N,,
"Pitassi, Toniann",2018,Canada,For contributions to research and education in the fields of computational and proof complexity,https://awards.acm.org/award-recipients/pitassi_8619645,2026-09-13,https://dblp.org/pid/p/TPitassi,2026-09-17,Y,,,N,Toniann Pitassi,2026-09-18
"Qiu, Lili",2018,USA,For contributions to the design and analysis of wireless network protocols and mobile systems,https://awards.acm.org/award-recipients/qiu_0655423,2026-09-13,https://dblp.org/pid/54/4031,2026-09-17,Y,https://scholar.google.com/citations?user=16posrQAAAAJ,2026-09-16,Y,Lili Qiu,2026-09-18
"Roughan, Matthew",2018,Australia,"For contributions to Internet measurement and analysis, with applications to network engineering",https://awards.acm.org/award-recipients/roughan_1189487,2026-09-13,https://dblp.org/pid/72/6960,2026-09-17,Y,https://scholar.google.com/citations?user=Mnkm_NsAAAAJ,2026-09-16,Y,,
"Sahai, Amit",2018,USA,For contributions to cryptography and to the development of indistinguishability obfuscation,https://awards.acm.org/award-recipients/sahai_4570016,2026-09-13,https://dblp.org/pid/s/AmitSahai,2026-09-17,Y,https://scholar.google.com/citations?user=gqB23VMAAAAJ,2026-09-16,Y,Amit Sahai,2026-09-18
"Snoeren, Alex C.",2018,USA,"For innovative approaches to measuring, managing and directing network traffic",https://awards.acm.org/award-recipients/snoeren_5175211,2026-09-13,https://dblp.org/pid/s/AlexCSnoeren,2026-09-17,Y,https://scholar.google.com/citations?user=lBzZU1IAAAAJ,2026-09-16,Y,Alex C. Snoeren,2026-09-18
"Tesauro, Gerald",2018,USA,"For contributions to reinforcement learning, neural networks, and intelligent autonomous agents",https://awards.acm.org/award-recipients/tesauro_3484462,2026-09-13,https://dblp.org/pid/68/2197,2026-09-17,Y,https://scholar.google.com/citations?user=5_UCvUgAAAAJ,2026-09-16,Y,,
"Thuraisingham, Bhavani",2018,USA,"For contributions to methods, tools, and systems for security and privacy of data and applications",https://awards.acm.org/award-recipients/thuraisingham_2058444,2026-09-13,https://dblp.org/pid/t/BMThuraisingham,2026-09-17,Y,https://scholar.google.com/citations?user=o_xUNWkAAAAJ,2026-09-16,Y,Bhavani Thuraisingham,2026-09-18
"Vadhan, Salil",2018,USA,"For advancing computational complexity and cryptography, and for promoting public support for theoretical computer science",https://awards.acm.org/award-recipients/vadhan_6783936,2026-09-13,https://dblp.org/pid/v/SPVadhan,2026-09-17,Y,https://scholar.google.com/citations?user=dqVjyRQAAAAJ,2026-09-16,Y,Salil P. Vadhan,2026-09-18
"Voorhees, Ellen M",2018,USA,"For contributions in evaluation of information retrieval, question answering, and other language technologies",https://awards.acm.org/award-recipients/voorhees_3103744,2026-09-13,https://dblp.org/pid/60/3753,2026-09-17,Y,https://scholar.google.com/citations?user=Bfs9j20AAAAJ,2026-09-16,Y,,
"Wigderson, Avi",2018,USA,For contributions to theoretical computer science and mathematics,https://awards.acm.org/award-recipients/wigderson_3844537,2026-09-13,https://dblp.org/pid/w/AviWigderson,2026-09-17,Y,,,N,,
"Wolman, Alec",2018,USA,For contributions to trusted mobile systems and services,https://awards.acm.org/award-recipients/wolman_3324563,2026-09-13,https://dblp.org/pid/06/915,2026-09-17,Y,https://scholar.google.com/citations?user=DVml6kMAAAAJ,2026-09-16,Y,,
"Birkedal, Lars",2017,Denmark,For contributions to the semantic and logical foundations of compilers and program verification systems,https://awards.acm.org/award-recipients/birkedal_8961187,2026-09-13,https://dblp.org/pid/31/910,2026-09-17,Y,https://scholar.google.com/citations?user=1rW-bi0AAAAJ,2026-09-16,Y,Lars Birkedal,2026-09-18
"Bugnion, Edouard",2017,Switzerland,For contributions to virtual machines,https://awards.acm.org/award-recipients/bugnion_3886645,2026-09-13,https://dblp.org/pid/b/EBugnion,2026-09-17,Y,https://scholar.google.com/citations?user=8ztj2yEAAAAJ,2026-09-16,Y,Edouard Bugnion,2026-09-18
"Burnett, Margaret",2017,USA,"For contributions to end-user software engineering, understanding gender biases in software, and broadening participation in computing",https://awards.acm.org/award-recipients/burnett_3882230,2026-09-13,https://dblp.org/pid/b/MMBurnett,2026-09-17,Y,https://scholar.google.com/citations?user=Vc58tYYAAAAJ,2026-09-16,Y,Margaret Burnett,2026-09-18
"Chang, Shih Fu",2017,USA,For contributions to large-scale multimedia content recognition and multimedia information retrieval,https://awards.acm.org/award-recipients/chang_4609509,2026-09-13,https://dblp.org/pid/c/ShihFuChang,2026-09-17,Y,https://scholar.google.com/citations?user=OMVTRscAAAAJ,2026-09-16,Y,Shih-Fu Chang,2026-09-18
"Cohen, Edith",2017,USA,For contributions to the design of efficient algorithms for networking and big data,https://awards.acm.org/award-recipients/cohen_8497887,2026-09-13,https://dblp.org/pid/40/1039,2026-09-17,Y,https://scholar.google.com/citations?user=O-TV6OgAAAAJ,2026-09-16,Y,,
"Comaniciu, Dorin",2017,USA,"For contributions to machine intelligence, diagnostic imaging, image-guided interventions, and computer vision",https://awards.acm.org/award-recipients/comaniciu_9798946,2026-09-13,https://dblp.org/pid/54/4552,2026-09-17,Y,https://scholar.google.com/citations?user=-XZ2HrAAAAAJ,2026-09-16,Y,,
"Dray, Susan",2017,USA,For co-founding ACM SIGCHI and disseminating exemplary user experience design and evaluation practices worldwide,https://awards.acm.org/award-recipients/dray_N948257,2026-09-13,https://dblp.org/pid/19/4597,2026-09-17,Y,https://scholar.google.com/citations?user=8OQFLXgAAAAJ,2026-09-16,Y,,
"Fox, Edward Alan",2017,USA,For contributions in information retrieval and digital libraries,https://awards.acm.org/award-recipients/fox_1239482,2026-09-13,https://dblp.org/pid/f/EdwardAFox,2026-09-17,Y,https://scholar.google.com/citations?user=KcbSBrUAAAAJ,2026-09-16,Y,,
"Fujimoto, Richard M",2017,USA,For contributions to parallel and distributed discrete event simulation,https://awards.acm.org/award-recipients/fujimoto_1572247,2026-09-13,https://dblp.org/pid/f/RichardMFujimoto,2026-09-17,Y,https://scholar.google.com/citations?user=q1bkP7AAAAAJ,2026-09-16,Y,,
"Goldwasser, Shafi",2017,Israel,For transformative work that laid the complexity-theoretic foundations for the science of cryptography,https://awards.acm.org/award-recipients/goldwasser_8627889,2026-09-13,https://dblp.org/pid/g/ShafiGoldwasser,2026-09-17,Y,https://scholar.google.com/citations?user=KA8dgpMAAAAJ,2026-09-17,Y,Shafi Goldwasser,2026-09-18
"Gomes, Carla",2017,USA,"For establishing the field of computational sustainability, and for foundational contributions to artificial intelligence",https://awards.acm.org/award-recipients/gomes_3449980,2026-09-13,https://dblp.org/pid/g/CarlaPGomes,2026-09-18,Y,,,N,Carla P. Gomes,2026-09-18
"Grohe, Martin",2017,Germany,"For contributions to logic in computer science, database theory, algorithms, and computational complexity",https://awards.acm.org/award-recipients/grohe_2633511,2026-09-13,https://dblp.org/pid/g/MGrohe,2026-09-17,Y,https://scholar.google.com/citations?user=Sou5ih0AAAAJ,2026-09-16,Y,Martin Grohe,2026-09-18
"Gupta, Aarti",2017,USA,For contributions to system analysis and verification techniques and their transfer to industrial practice,https://awards.acm.org/award-recipients/gupta_3877826,2026-09-13,https://dblp.org/pid/18/2229,2026-09-17,Y,https://scholar.google.com/citations?user=S_jYB2sAAAAJ,2026-09-16,Y,Aarti Gupta,2026-09-18
"guruswami, venkatesan",2017,USA,"For contributions to algorithmic coding theory, pseudorandomness, and the complexity of approximate optimization",https://awards.acm.org/award-recipients/guruswami_9450339,2026-09-13,https://dblp.org/pid/g/VenkatesanGuruswami,2026-09-17,Y,https://scholar.google.com/citations?user=Es6jE1kAAAAJ,2026-09-16,Y,Venkatesan Guruswami,2026-09-18
"Gusfield, Dan",2017,USA,For contributions to combinatorial optimization and to algorithmic computational biology,https://awards.acm.org/award-recipients/gusfield_6074553,2026-09-13,https://dblp.org/pid/g/DanGusfield,2026-09-17,Y,https://scholar.google.com/citations?user=VoAHydgAAAAJ,2026-09-16,Y,,
"Hager, Gregory",2017,USA,For contributions to vision-based robotics and to computer-enhanced interventional medicine,https://awards.acm.org/award-recipients/hager_9477633,2026-09-13,https://dblp.org/pid/12/5814,2026-09-17,Y,https://scholar.google.com/citations?user=ivApfKcAAAAJ,2026-09-16,Y,Gregory D. Hager,2026-09-18
"Hand, Steven Michael",2017,USA,For contributions to virtual machines and cloud computing,https://awards.acm.org/award-recipients/hand_UJ74035,2026-09-13,https://dblp.org/pid/69/6457,2026-09-17,Y,,,N,,
"Harchol-Balter, Mor",2017,USA,For contributions to performance modeling and analysis of distributed computing systems,https://awards.acm.org/award-recipients/harchol-balter_4518452,2026-09-13,https://dblp.org/pid/01/3967,2026-09-17,Y,https://scholar.google.com/citations?user=Ooc7UNUAAAAJ,2026-09-16,Y,Mor Harchol-Balter,2026-09-18
"Kale, Laxmikant",2017,USA,For development of new parallel programming techniques and their deployment in high performance computing applications,https://awards.acm.org/award-recipients/kale_3486685,2026-09-13,https://dblp.org/pid/k/LaxmikantVKale,2026-09-17,Y,https://scholar.google.com/citations?user=TPOorDcAAAAJ,2026-09-16,Y,,
"Kass, Michael",2017,USA,"For contributions to computer vision and computer graphics, particularly optimization and simulation",https://awards.acm.org/award-recipients/kass_C103297,2026-09-13,https://dblp.org/pid/46/6511,2026-09-17,Y,https://scholar.google.com/citations?user=ma2bi00AAAAJ,2026-09-16,Y,,
"Keromytis, Angelos Dennis",2017,USA,For contributions to the theory and practice of systems and network security,https://awards.acm.org/award-recipients/keromytis_4897328,2026-09-13,https://dblp.org/pid/k/AngelosDKeromytis,2026-09-17,Y,https://scholar.google.com/citations?user=mncyWbcAAAAJ,2026-09-16,Y,Angelos Dennis Keromytis,2026-09-18
"Kesselman, Carl",2017,USA,"For contributions to high-performance computing, distributed systems, and scientific data management",https://awards.acm.org/award-recipients/kesselman_ND94649,2026-09-13,https://dblp.org/pid/06/4477,2026-09-17,Y,https://scholar.google.com/citations?user=5c38WVcAAAAJ,2026-09-16,Y,,
"Knightly, Edward",2017,USA,"For contributions to multi-user wireless LANs, wireless networks for underserved regions, and cross-layer wireless networking",https://awards.acm.org/award-recipients/knightly_4715645,2026-09-13,https://dblp.org/pid/k/EWKnightly,2026-09-17,Y,https://scholar.google.com/citations?user=-0vALDMAAAAJ,2026-09-16,Y,Edward W. Knightly,2026-09-18
"Knoblock, Craig",2017,USA,"For contributions to artificial intelligence, semantic web, and semantic data integration",https://awards.acm.org/award-recipients/knoblock_3469376,2026-09-13,https://dblp.org/pid/k/CAKnoblock,2026-09-17,Y,https://scholar.google.com/citations?user=onXXy6MAAAAJ,2026-09-16,Y,,
"Lee, Insup",2017,USA,For theoretical and practical contributions to compositional real-time scheduling and runtime verification,https://awards.acm.org/award-recipients/lee_1794767,2026-09-13,https://dblp.org/pid/l/InsupLee,2026-09-17,Y,https://scholar.google.com/citations?user=qPlUgrgAAAAJ,2026-09-16,Y,Insup Lee 0001,2026-09-18
"Lee, Wenke",2017,USA,"For contributions to systems and network security, intrusion and anomaly detection and malware analysis",https://awards.acm.org/award-recipients/lee_4678421,2026-09-13,https://dblp.org/pid/29/5976,2026-09-17,Y,https://scholar.google.com/citations?user=nfkH5V4AAAAJ,2026-09-16,Y,Wenke Lee,2026-09-18
"Li, Li Erran",2017,USA,"For contributions to the design and analysis of wireless networks, improving architectures, throughput, and analytics",https://awards.acm.org/award-recipients/li_3188992,2026-09-13,https://dblp.org/pid/l/ErranLLi,2026-09-17,Y,https://scholar.google.com/citations?user=GkMfzy4AAAAJ,2026-09-16,Y,,
"Loh, Gabriel H",2017,USA,For contributions to die-stacking technologies in computer architecture,https://awards.acm.org/award-recipients/loh_4716668,2026-09-13,https://dblp.org/pid/03/2782,2026-09-17,Y,https://scholar.google.com/citations?user=e_D2XsUAAAAJ,2026-09-16,Y,,
"Lozano-Perez, Tomas",2017,USA,"For contributions to robotics, and motion planning, geometric algorithms, and their applications",https://awards.acm.org/award-recipients/lozano-perez_9392767,2026-09-13,https://dblp.org/pid/90/752,2026-09-17,Y,https://scholar.google.com/citations?user=gQOKAggAAAAJ,2026-09-16,Y,Tomás Lozano-Pérez,2026-09-18
"Lynch, Clifford A",2017,USA,"For contributions to library automation, information retrieval, scholarly communication, and information policy",https://awards.acm.org/award-recipients/lynch_1428184,2026-09-13,https://dblp.org/pid/l/CliffordALynch,2026-09-17,Y,,,N,,
"Ma, Yi",2017,Hong Kong,For contributions to theory and application of low-dimensional models for computer vision and pattern recognition,https://awards.acm.org/award-recipients/ma_7611119,2026-09-13,https://dblp.org/pid/69/1112-1,2026-09-17,Y,https://scholar.google.com/citations?user=XqLiBQMAAAAJ,2026-09-16,Y,Yi Ma 0001,2026-09-18
"Mccallum, Andrew K.",2017,USA,"For contributions to machine learning with structured data, and innovations in scientific communication",https://awards.acm.org/award-recipients/mccallum_5725015,2026-09-13,https://dblp.org/pid/m/AndrewMcCallum,2026-09-17,Y,https://scholar.google.com/citations?user=yILa1y0AAAAJ,2026-09-16,Y,Andrew McCallum,2026-09-18
"Micali, Silvio",2017,USA,For transformative work that laid the complexity-theoretic foundations for the science of cryptography,https://awards.acm.org/award-recipients/micali_9954407,2026-09-13,https://dblp.org/pid/49/5661,2026-09-17,Y,,,N,Silvio Micali,2026-09-18
"Moshovos, Andreas",2017,Canada,For contributions to high-performance architecture including memory dependence prediction and snooping coherence,https://awards.acm.org/award-recipients/moshovos_4102331,2026-09-13,https://dblp.org/pid/m/AndreasMoshovos,2026-09-17,Y,https://scholar.google.com/citations?user=D2VLt-8AAAAJ,2026-09-16,Y,Andreas Moshovos,2026-09-18
"Murphy, Gail C",2017,Canada,For contributions to recommenders for software engineering and to program comprehension,https://awards.acm.org/award-recipients/murphy_3713542,2026-09-13,https://dblp.org/pid/95/712,2026-09-17,Y,https://scholar.google.com/citations?user=EGA1deoAAAAJ,2026-09-16,Y,Gail C. Murphy,2026-09-18
"Mutlu, Onur",2017,USA,"For contributions to computer architecture research, especially in memory systems",https://awards.acm.org/award-recipients/mutlu_0675882,2026-09-13,https://dblp.org/pid/m/OnurMutlu,2026-09-17,Y,https://scholar.google.com/citations?user=7XyGUGkAAAAJ,2026-09-16,Y,Onur Mutlu,2026-09-18
"Oliver, Nuria",2017,Spain,"For contributions in probabilistic multimodal models of human behavior and uses in intelligent, interactive systems",https://awards.acm.org/award-recipients/oliver_CL65690,2026-09-13,https://dblp.org/pid/o/NuriaOliver,2026-09-17,Y,https://scholar.google.com/citations?user=VJlCMGYAAAAJ,2026-09-16,Y,,
"Prabhakar, Balaji",2017,USA,For developing algorithms and systems for large-scale data center networks and societal networks,https://awards.acm.org/award-recipients/prabhakar_8126690,2026-09-13,https://dblp.org/pid/48/1750,2026-09-17,Y,https://scholar.google.com/citations?user=TyPF9V4AAAAJ,2026-09-16,Y,Balaji Prabhakar,2026-09-18
"Rabin, Tal",2017,USA,"For contributions to foundations of cryptography, including multi-party computations, signatures, and threshold and proactive protocol design",https://awards.acm.org/award-recipients/rabin_7297576,2026-09-13,https://dblp.org/pid/r/TalRabin,2026-09-17,Y,https://scholar.google.com/citations?user=18exh0MAAAAJ,2026-09-16,Y,,
"Ramakrishnan, K. K.",2017,USA,"For contributions to congestion control, operating system support for networks and virtual private networks",https://awards.acm.org/award-recipients/ramakrishnan_2971273,2026-09-13,https://dblp.org/pid/r/KKRamakrishnan,2026-09-17,Y,https://scholar.google.com/citations?user=Da-s1FQAAAAJ,2026-09-16,Y,K. K. Ramakrishnan,2026-09-18
"Ramamoorthi, Ravi",2017,USA,For contributions to computer graphics rendering and physics-based computer vision,https://awards.acm.org/award-recipients/ramamoorthi_3254539,2026-09-13,https://dblp.org/pid/88/6919,2026-09-17,Y,https://scholar.google.com/citations?user=q0MzO6cAAAAJ,2026-09-16,Y,Ravi Ramamoorthi,2026-09-18
"Rogers, Yvonne",2017,United Kingdom,For contributions to human-computer interaction and the design of human-centered technology,https://awards.acm.org/award-recipients/rogers_5173828,2026-09-13,https://dblp.org/pid/r/YvonneRogers,2026-09-17,Y,https://scholar.google.com/citations?user=qzcYcEAAAAAJ,2026-09-16,Y,Yvonne Rogers,2026-09-18
"Rui, Yong",2017,China,"For contributions to image, video and multimedia analysis, understanding, and retrieval",https://awards.acm.org/award-recipients/rui_C100589,2026-09-13,https://dblp.org/pid/r/YongRui,2026-09-17,Y,https://scholar.google.com/citations?user=rCGsLtcAAAAJ,2026-09-16,Y,,
"Schoelkopf, Bernhard",2017,Germany,For contributions to the theory and practice of machine learning,https://awards.acm.org/award-recipients/schoelkopf_9149237,2026-09-13,https://dblp.org/pid/97/119,2026-09-17,Y,https://scholar.google.com/citations?user=DZ-fHPgAAAAJ,2026-09-16,Y,Bernhard Schölkopf [IS],2026-09-18
"Seitz, Steve",2017,USA,For contributions to computer vision and computer graphics,https://awards.acm.org/award-recipients/seitz_3858198,2026-09-13,https://dblp.org/pid/24/2152,2026-09-17,N,https://scholar.google.com/citations?user=-6cOYcYAAAAJ,2026-09-16,Y,Steven M. Seitz,2026-09-18
"Sipser, Michael",2017,USA,"For contributions to computational complexity, particularly randomized computation and circuit complexity",https://awards.acm.org/award-recipients/sipser_1534403,2026-09-13,https://dblp.org/pid/s/MichaelSipser,2026-09-17,Y,,,N,,
"Sivasubramaniam, Anand",2017,USA,For contributions to power management of datacenters and high-end computer systems,https://awards.acm.org/award-recipients/sivasubramaniam_3785862,2026-09-13,https://dblp.org/pid/72/3356,2026-09-17,Y,https://scholar.google.com/citations?user=JWXlepgAAAAJ,2026-09-16,Y,Anand Sivasubramaniam,2026-09-18
"Srivastava, Mani B.",2017,USA,"For contributions to sensor networks, mobile personal sensing, and cyber-physical systems",https://awards.acm.org/award-recipients/srivastava_3309366,2026-09-13,https://dblp.org/pid/s/ManiBSrivastava,2026-09-17,Y,https://scholar.google.com/citations?user=X2Qs7XYAAAAJ,2026-09-16,Y,Mani B. Srivastava,2026-09-18
"Vardy, Alexander",2017,USA,For contributions to the theory and practice of error-correcting codes and their study in complexity theory,https://awards.acm.org/award-recipients/vardy_5473699,2026-09-13,https://dblp.org/pid/11/2669,2026-09-17,Y,https://scholar.google.com/citations?user=WtalCkkAAAAJ,2026-09-16,Y,,
"Voelker, Geoffrey",2017,USA,"For contributions to empirical measurement and analysis in systems, networking and security",https://awards.acm.org/award-recipients/voelker_4468054,2026-09-13,https://dblp.org/pid/v/GeoffreyMVoelker,2026-09-17,Y,https://scholar.google.com/citations?user=45CJ-rgAAAAJ,2026-09-16,Y,Geoffrey M. Voelker,2026-09-18
"Wong, Martin",2017,Hong Kong,For contributions to the algorithmic aspects of electronic design automation (EDA),https://awards.acm.org/award-recipients/wong_2111201,2026-09-13,https://dblp.org/pid/342/1326,2026-09-17,N,https://scholar.google.com/citations?user=WPhoQiUAAAAJ,2026-09-16,Y,Martin D. F. Wong,2026-09-18
"Yang, Qiang",2017,Hong Kong,For contributions to artificial intelligence and data mining,https://awards.acm.org/award-recipients/yang_5016171,2026-09-13,https://dblp.org/pid/82/6362-1,2026-09-17,Y,https://scholar.google.com/citations?user=1LxWZLQAAAAJ,2026-09-16,Y,Qiang Yang 0001,2026-09-18
"Zhai, Chengxiang",2017,USA,For contributions to information retrieval and text data mining,https://awards.acm.org/award-recipients/zhai_9953944,2026-09-13,https://dblp.org/pid/z/ChengXiangZhai,2026-09-17,Y,https://scholar.google.com/citations?user=YU-baPIAAAAJ,2026-09-16,Y,ChengXiang Zhai,2026-09-18
"Zhang, Aidong",2017,USA,For contributions to bioinformatics and data mining,https://awards.acm.org/award-recipients/zhang_4021432,2026-09-13,https://dblp.org/pid/z/AidongZhang,2026-09-17,Y,https://scholar.google.com/citations?user=O8XxkE4AAAAJ,2026-09-16,Y,Aidong Zhang 0001,2026-09-18
"Alon, Noga",2016,Israel,"For contributions in the study of expander graphs, derandomization and streaming algorithms.",https://awards.acm.org/award-recipients/alon_6955744,2026-09-13,https://dblp.org/pid/a/NAlon,2026-09-17,Y,https://scholar.google.com/citations?user=vOYl40wAAAAJ,2026-09-16,Y,,
"Barford, Paul",2016,USA,For contributions to Internet measurement and analysis.,https://awards.acm.org/award-recipients/barford_CR55066,2026-09-13,https://dblp.org/pid/b/PaulBarford,2026-09-17,Y,https://scholar.google.com/citations?user=4uypulQAAAAJ,2026-09-16,Y,Paul Barford,2026-09-18
"Benini, Luca",2016,Italy,For contributions to the design of low power multi-processor systems.,https://awards.acm.org/award-recipients/benini_4640504,2026-09-13,https://dblp.org/pid/b/LucaBenini,2026-09-17,Y,https://scholar.google.com/citations?user=8riq3sYAAAAJ,2026-09-16,Y,Luca Benini,2026-09-18
"Bianchini, Ricardo",2016,USA,"For contributions to power, energy, and thermal management of servers and datacenters.",https://awards.acm.org/award-recipients/bianchini_3969516,2026-09-13,https://dblp.org/pid/85/2722,2026-09-17,Y,,,N,,
"Blackburn, Steve",2016,Australia,For contributions to memory management in programming languages.,https://awards.acm.org/award-recipients/blackburn_4890836,2026-09-13,https://dblp.org/pid/b/StephenMBlackburn,2026-09-17,Y,https://scholar.google.com/citations?user=HgSTO7oAAAAJ,2026-09-16,Y,,
"Boneh, Dan",2016,USA,For contributions to cryptography and computer security.,https://awards.acm.org/award-recipients/boneh_4125431,2026-09-13,https://dblp.org/pid/b/DanBoneh,2026-09-17,Y,https://scholar.google.com/citations?user=MwLqCs4AAAAJ,2026-09-16,Y,Dan Boneh,2026-09-18
"Brodley, Carla",2016,USA,For applications of machine learning and for increasing participation of women in computer science.,https://awards.acm.org/award-recipients/brodley_0736905,2026-09-13,https://dblp.org/pid/24/1941,2026-09-17,Y,https://scholar.google.com/citations?user=sQ8u6h4AAAAJ,2026-09-16,Y,Carla E. Brodley,2026-09-18
"Cassell, Justine",2016,USA,For contributions to human-computer interaction and advocacy for empowerment and voice through technology.,https://awards.acm.org/award-recipients/cassell_9133845,2026-09-13,https://dblp.org/pid/61/1634,2026-09-17,Y,https://scholar.google.com/citations?user=wkC9xHMAAAAJ,2026-09-16,Y,Justine Cassell,2026-09-18
"Demaine, Erik",2016,Canada,"For contributions to geometric computing, data structures, and graph algorithms.",https://awards.acm.org/award-recipients/demaine_4859765,2026-09-13,https://dblp.org/pid/d/ErikDDemaine,2026-09-17,Y,https://scholar.google.com/citations?user=6Ff2c8wAAAAJ,2026-09-16,Y,Erik D. Demaine,2026-09-18
"Druin, Allison",2016,USA,For contributions to creating information and computing technologies with and for children.,https://awards.acm.org/award-recipients/druin_2936797,2026-09-13,https://dblp.org/pid/d/AllisonDruin,2026-09-17,Y,https://scholar.google.com/citations?user=QpaGsuMAAAAJ,2026-09-16,Y,,
"Durand, Fredo",2016,USA,For contributions to computational photography and computer graphics rendering.,https://awards.acm.org/award-recipients/durand_7449309,2026-09-13,https://dblp.org/pid/87/2617,2026-09-17,Y,https://scholar.google.com/citations?user=NJ9c4ygAAAAJ,2026-09-16,Y,Frédo Durand,2026-09-18
"Feamster, Nick",2016,USA,For data-driven studies of Internet security and Internet censorship.,https://awards.acm.org/award-recipients/feamster_4220634,2026-09-13,https://dblp.org/pid/87/840,2026-09-17,Y,https://scholar.google.com/citations?user=xYfYnG4AAAAJ,2026-09-16,Y,Nick Feamster,2026-09-18
"Flinn, Jason",2016,USA,For contributions to mobile computing and reliable distributed systems.,https://awards.acm.org/award-recipients/flinn_4792545,2026-09-13,https://dblp.org/pid/14/85,2026-09-17,Y,https://scholar.google.com/citations?user=YxGHbuMAAAAJ,2026-09-16,Y,,
"Freeman, William",2016,USA,"For contributions to low-level computer vision, machine learning, and computer graphics.",https://awards.acm.org/award-recipients/freeman_8348008,2026-09-13,https://dblp.org/pid/86/6650,2026-09-17,Y,https://scholar.google.com/citations?user=0zZnyMEAAAAJ,2026-09-16,Y,William T. Freeman,2026-09-18
"Gil, Yolanda",2016,USA,For leadership in advancing the use of artificial intelligence in support of science and for service to the community.,https://awards.acm.org/award-recipients/gil_6797860,2026-09-13,https://dblp.org/pid/88/2686,2026-09-17,Y,https://scholar.google.com/citations?user=NDmGsCgAAAAJ,2026-09-16,Y,,
"Grossman, Robert L.",2016,USA,"For contributions to data science, data intensive computing and data mining.",https://awards.acm.org/award-recipients/grossman_5209192,2026-09-13,https://dblp.org/pid/g/RobertLGrossman,2026-09-17,Y,https://scholar.google.com/citations?user=3KG8arsAAAAJ,2026-09-16,Y,,
"Gupta, Rajesh",2016,USA,For contributions in design of embedded systems and hardware-software codesign.,https://awards.acm.org/award-recipients/gupta_5151451,2026-09-13,https://dblp.org/pid/213/9138-1,2026-09-17,Y,https://scholar.google.com/citations?user=I1w51gUAAAAJ,2026-09-16,Y,Rajesh Gupta 0001,2026-09-18
"Hendler, James",2016,USA,For contributions to artificial intelligence and the development of the Semantic Web.,https://awards.acm.org/award-recipients/hendler_8529710,2026-09-13,https://dblp.org/pid/h/JamesAHendler,2026-09-17,Y,https://scholar.google.com/citations?user=JNPbTdIAAAAJ,2026-09-16,Y,James A. Hendler,2026-09-18
"Henzinger, Monika",2016,Austria,For contributions to computing theory and its practical application.,https://awards.acm.org/award-recipients/henzinger_0179495,2026-09-13,https://dblp.org/pid/h/MonikaRauchHenzinger,2026-09-17,Y,https://scholar.google.com/citations?user=NXbggxYAAAAJ,2026-09-16,Y,Monika Henzinger,2026-09-18
"Hey, Anthony",2016,United Kingdom,For leadership in high performance computing and eScience.,https://awards.acm.org/award-recipients/hey_8598791,2026-09-13,https://dblp.org/pid/h/AnthonyJGHey,2026-09-17,Y,https://scholar.google.com/citations?user=eyOUs-kAAAAJ,2026-09-16,Y,,
"Huang, Xuedong",2016,USA,For contributions to spoken language processing.,https://awards.acm.org/award-recipients/huang_NC99002,2026-09-13,https://dblp.org/pid/273/8161,2026-09-17,N,https://scholar.google.com/citations?user=xByATywAAAAJ,2026-09-16,Y,,
"Jackson, Daniel",2016,United Kingdom,For contributions to software modeling and the creation of the modeling language Alloy.,https://awards.acm.org/award-recipients/jackson_N984229,2026-09-13,https://dblp.org/pid/80/1906-2,2026-09-17,N,,,N,Daniel Jackson 0001,2026-09-18
"Jacob, Robert J.K.",2016,USA,"For contributions to human-computer interaction, particularly new interaction modes and novel user interface software formalisms.",https://awards.acm.org/award-recipients/jacob_1771807,2026-09-13,https://dblp.org/pid/j/RobertJKJacob,2026-09-17,Y,https://scholar.google.com/citations?user=FWjqglcAAAAJ,2026-09-16,Y,Robert J. K. Jacob,2026-09-18
"Jha, Somesh",2016,USA,"For contributions to verification, programming languages, and software engineering.",https://awards.acm.org/award-recipients/jha_5553649,2026-09-13,https://dblp.org/pid/j/SomeshJha,2026-09-17,Y,https://scholar.google.com/citations?user=BaI7l8QAAAAJ,2026-09-16,Y,Somesh Jha,2026-09-18
"Kannan, Ravi",2016,USA,For contributions to the field of theoretical computer science.,https://awards.acm.org/award-recipients/kannan_0345975,2026-09-13,https://dblp.org/pid/k/RaviKannan,2026-09-17,Y,,,N,,
"Kermarrec, Anne-Marie",2016,France,For contributions to large-scale distributed computing.,https://awards.acm.org/award-recipients/kermarrec_CR80291,2026-09-13,https://dblp.org/pid/86/676,2026-09-17,Y,https://scholar.google.com/citations?user=aIAy-qcAAAAJ,2026-09-16,Y,Anne-Marie Kermarrec,2026-09-18
"Kersten, Martin",2016,Netherlands,For the design and implementation of column-store and main-memory database systems.,https://awards.acm.org/award-recipients/kersten_5257076,2026-09-13,https://dblp.org/pid/k/MartinLKersten,2026-09-17,Y,https://scholar.google.com/citations?user=Kr6jppsAAAAJ,2026-09-16,Y,Martin L. Kersten,2026-09-18
"Kozyrakis, Christos",2016,USA,For contributions to transactional memory and data center architecture.,https://awards.acm.org/award-recipients/kozyrakis_4317434,2026-09-13,https://dblp.org/pid/k/ChristoforosEKozyrakis,2026-09-17,Y,https://scholar.google.com/citations?user=G2EJz5kAAAAJ,2026-09-16,Y,Christos Kozyrakis,2026-09-18
"Kwiatkowska, Marta",2016,United Kingdom,For contributions to the theory and practice of probabilistic verification.,https://awards.acm.org/award-recipients/kwiatkowska_5005992,2026-09-13,https://dblp.org/pid/k/MartaZKwiatkowska,2026-09-17,Y,https://scholar.google.com/citations?user=ArcH6PkAAAAJ,2026-09-16,Y,Marta Kwiatkowska,2026-09-18
"Landay, James",2016,USA,"For contributions to human-computer interaction, with a focus on user interface design tools and ubiquitous computing.",https://awards.acm.org/award-recipients/landay_4743282,2026-09-13,https://dblp.org/pid/l/JamesALanday,2026-09-17,Y,https://scholar.google.com/citations?user=oQsObk0AAAAJ,2026-09-16,Y,James A. Landay,2026-09-18
"Leino, K. Rustan M.",2016,USA,For contributions to making program verification accessible and practical.,https://awards.acm.org/award-recipients/leino_3322476,2026-09-13,https://dblp.org/pid/l/KRMLeino,2026-09-17,Y,,,N,,
"Lyles, Joseph Bryan",2016,USA,"For contributions to local network technology, internet measurement, and research.",https://awards.acm.org/award-recipients/lyles_1245539,2026-09-13,https://dblp.org/pid/03/4762,2026-09-18,Y,https://scholar.google.com/citations?user=U12mxPQAAAAJ,2026-09-16,Y,,
"Mowry, Todd C",2016,USA,For contributions to software prefetching and thread-level speculation.,https://awards.acm.org/award-recipients/mowry_3743598,2026-09-13,https://dblp.org/pid/65/4120,2026-09-17,Y,https://scholar.google.com/citations?user=MYsIXF4AAAAJ,2026-09-16,Y,Todd C. Mowry,2026-09-18
"Mudge, Trevor",2016,USA,For contributions to power aware computer architecture.,https://awards.acm.org/award-recipients/mudge_1601467,2026-09-13,https://dblp.org/pid/m/TrevorNMudge,2026-09-17,Y,https://scholar.google.com/citations?user=d1KEK84AAAAJ,2026-09-16,Y,,
"Oviatt, Sharon",2016,USA,"For contributions to the empirical and theoretical foundations of multimodal systems, and to human-centered computer interfaces.",https://awards.acm.org/award-recipients/oviatt_N937979,2026-09-13,https://dblp.org/pid/o/SharonLOviatt,2026-09-17,Y,https://scholar.google.com/citations?user=3CsBn00AAAAJ,2026-09-16,Y,,
"Padmanabhan, Venkata",2016,India,For research contributions and professional leadership in networked and mobile computing systems.,https://awards.acm.org/award-recipients/padmanabhan_4354973,2026-09-13,https://dblp.org/pid/p/VenkataNPadmanabhan,2026-09-17,Y,https://scholar.google.com/citations?user=ae1ve-EAAAAJ,2026-09-16,Y,,
"Patel, Shwetak N",2016,USA,"For contributions to sustainability sensing, low-power wireless sensing, and mobile health.",https://awards.acm.org/award-recipients/patel_3462843,2026-09-13,https://dblp.org/pid/p/ShwetakNPatel,2026-09-17,Y,https://scholar.google.com/citations?user=z4S5rC0AAAAJ,2026-09-16,Y,Shwetak N. Patel,2026-09-18
"Peleg, David",2016,Israel,For contributions to distributed computing and graph algorithms.,https://awards.acm.org/award-recipients/peleg_3329364,2026-09-13,https://dblp.org/pid/p/DavidPeleg,2026-09-17,Y,https://scholar.google.com/citations?user=wBVagosAAAAJ,2026-09-16,Y,David Peleg,2026-09-18
"Perlman, Radia",2016,USA,For contributions to the theory and practice of Internet routing and bridging protocols.,https://awards.acm.org/award-recipients/perlman_0754474,2026-09-13,https://dblp.org/pid/87/2370,2026-09-17,Y,,,N,,
"Perrig, Adrian",2016,Switzerland,For contributions in protocols for network and system security.,https://awards.acm.org/award-recipients/perrig_4745790,2026-09-13,https://dblp.org/pid/16/6873,2026-09-17,Y,https://scholar.google.com/citations?user=n-Oret4AAAAJ,2026-09-16,Y,Adrian Perrig,2026-09-18
"Ramalingam, Ganesan",2016,USA,For contributions to static program analysis.,https://awards.acm.org/award-recipients/ramalingam_3321122,2026-09-13,https://dblp.org/pid/r/GRamalingam,2026-09-17,Y,https://scholar.google.com/citations?user=PMZ1bA4AAAAJ,2026-09-16,Y,,
"Raschid, Louiqa",2016,USA,"For data management and integration in non-traditional domains including biomedicine, finance, and humanitarian applications.",https://awards.acm.org/award-recipients/raschid_4509063,2026-09-13,https://dblp.org/pid/r/LouiqaRaschid,2026-09-17,Y,https://scholar.google.com/citations?user=MD8nInYAAAAJ,2026-09-16,Y,Louiqa Raschid,2026-09-18
"Rushmeier, Holly E",2016,USA,"For work on global illumination, material capture, and display of high-dynamic-range images.",https://awards.acm.org/award-recipients/rushmeier_3463221,2026-09-13,https://dblp.org/pid/13/6571,2026-09-17,Y,https://scholar.google.com/citations?user=saY3qN5NWbcC,2026-09-16,Y,Holly E. Rushmeier,2026-09-18
"Saks, Michael E",2016,USA,"For contributions to computational complexity, theory of distributed computing, and design and analysis of algorithms.",https://awards.acm.org/award-recipients/saks_3412244,2026-09-13,https://dblp.org/pid/s/MichaelESaks,2026-09-17,Y,https://scholar.google.com/citations?user=mu2I688AAAAJ,2026-09-16,Y,Michael E. Saks,2026-09-18
"Sapatnekar, Sachin S.",2016,USA,For contributions to the enhancement of performance and reliability in integrated circuits.,https://awards.acm.org/award-recipients/sapatnekar_4427506,2026-09-13,https://dblp.org/pid/s/SachinSSapatnekar,2026-09-17,Y,https://scholar.google.com/citations?user=RbDCxkpnnmsC,2026-09-16,Y,,
"Sellen, Abigail",2016,Canada,For contributions to human-computer interaction and the design of human-centered technology.,https://awards.acm.org/award-recipients/sellen_7796964,2026-09-13,https://dblp.org/pid/s/AbigailSellen,2026-09-17,Y,https://scholar.google.com/citations?user=3UlxG6UAAAAJ,2026-09-16,Y,,
"Sengupta, Sudipta",2016,USA,"For contributions to cloud networking, storage, and data management.",https://awards.acm.org/award-recipients/sengupta_0287417,2026-09-13,https://dblp.org/pid/88/4889,2026-09-17,Y,https://scholar.google.com/citations?user=h8M0U0oAAAAJ,2026-09-16,Y,,
"Seznec, Andre",2016,France,For contributions to branch prediction and cache memory design.,https://awards.acm.org/award-recipients/seznec_0977925,2026-09-13,https://dblp.org/pid/08/6044,2026-09-17,Y,https://scholar.google.com/citations?user=BHupl5EAAAAJ,2026-09-16,Y,,
"Taylor, Valerie",2016,USA,For leadership in broadening participation in computing.,https://awards.acm.org/award-recipients/taylor_3883493,2026-09-13,https://dblp.org/pid/50/1380,2026-09-17,Y,https://scholar.google.com/citations?user=UUWrt60AAAAJ,2026-09-16,Y,Valerie Taylor 0001,2026-09-18
"Tomasi, Carlo",2016,USA,For contributions in computer vision.,https://awards.acm.org/award-recipients/tomasi_3245438,2026-09-13,https://dblp.org/pid/24/2162,2026-09-17,Y,https://scholar.google.com/citations?user=xViwZ0QAAAAJ,2026-09-16,Y,Carlo Tomasi,2026-09-18
"Van Oorschot, Paul",2016,Canada,"For contributions to applied cryptography, authentication and computer security.",https://awards.acm.org/award-recipients/vanoorschot_5794524,2026-09-13,https://dblp.org/pid/o/PCvOorschot,2026-09-17,Y,https://scholar.google.com/citations?user=CMRzTi8AAAAJ,2026-09-16,Y,Paul C. van Oorschot,2026-09-18
"Veloso, Manuela",2016,USA,"For contributions to the field of artificial intelligence, in particular in planning, learning, multi-agent systems, and robotics.",https://awards.acm.org/award-recipients/veloso_4988599,2026-09-13,https://dblp.org/pid/v/ManuelaMVeloso,2026-09-17,Y,https://scholar.google.com/citations?user=2FbkAzYAAAAJ,2026-09-16,Y,,
"Zhou, Zhi-Hua",2016,China,For contributions to machine learning and data mining.,https://awards.acm.org/award-recipients/zhou_3808048,2026-09-13,https://dblp.org/pid/z/ZhiHuaZhou,2026-09-17,Y,https://scholar.google.com/citations?user=rSVIHasAAAAJ,2026-09-16,Y,Zhi-Hua Zhou,2026-09-18
"Ailamaki, Anastasia",2015,Switzerland,"For contributions to the design, implementation, and evaluation of modern database systems.",https://awards.acm.org/award-recipients/ailamaki_4682027,2026-09-13,https://dblp.org/pid/a/AnastassiaAilamaki,2026-09-17,Y,https://scholar.google.com/citations?user=YdrkeNwAAAAJ,2026-09-16,Y,Anastasia Ailamaki,2026-09-18
"Amato, Nancy M",2015,USA,For contributions to robotics and leadership in broadening participation in computing.,https://awards.acm.org/award-recipients/amato_4421558,2026-09-13,https://dblp.org/pid/a/NMAmato,2026-09-17,Y,https://scholar.google.com/citations?user=AmaB9c4AAAAJ,2026-09-16,Y,Nancy M. Amato,2026-09-18
"Blei, David M.",2015,USA,For contributions to the theory and practice of probabilistic topic modeling and Bayesian machine learning.,https://awards.acm.org/award-recipients/blei_3974465,2026-09-13,https://dblp.org/pid/86/1910,2026-09-17,Y,https://scholar.google.com/citations?user=8OYE6iEAAAAJ,2026-09-16,Y,David M. Blei,2026-09-18
"Chang, Naehyuck",2015,Republic of Korea,For contributions to low-power computing systems.,https://awards.acm.org/award-recipients/chang_UJ32668,2026-09-13,https://dblp.org/pid/84/5634,2026-09-17,Y,https://scholar.google.com/citations?user=w0uiMd4AAAAJ,2026-09-16,Y,Naehyuck Chang,2026-09-18
"Chen, Hsinchun",2015,USA,For contributions to the research and development of security informatics and health informatics systems.,https://awards.acm.org/award-recipients/chen_3182110,2026-09-13,https://dblp.org/pid/61/8513,2026-09-17,N,https://scholar.google.com/citations?user=ypvW54sAAAAJ,2026-09-16,Y,,
"Czerwinski, Mary P.",2015,USA,For contributions to human-computer interaction and leadership in the CHI community.,https://awards.acm.org/award-recipients/czerwinski_4071353,2026-09-13,https://dblp.org/pid/c/MaryCzerwinski,2026-09-17,Y,https://scholar.google.com/citations?user=LHkrpqEAAAAJ,2026-09-16,Y,,
"De Giacomo, Giuseppe",2015,Italy,"For contributions to description logics, data management, and verification of data-driven processes",https://awards.acm.org/award-recipients/degiacomo_5943097,2026-09-13,https://dblp.org/pid/g/GDGiacomo,2026-09-17,Y,https://scholar.google.com/citations?user=Sfo4K0oAAAAJ,2026-09-16,Y,Giuseppe De Giacomo,2026-09-18
"Dourish, Paul",2015,USA,For contributions in social computing and human-computer interaction.,https://awards.acm.org/award-recipients/dourish_3480381,2026-09-13,https://dblp.org/pid/97/936,2026-09-17,Y,https://scholar.google.com/citations?user=wyCIJfQAAAAJ,2026-09-16,Y,Paul Dourish,2026-09-18
"Dwork, Cynthia",2015,USA,"For contributions to the science of database privacy, cryptography, and distributed computing.",https://awards.acm.org/award-recipients/dwork_5162449,2026-09-13,https://dblp.org/pid/83/6616,2026-09-17,Y,,,N,Cynthia Dwork,2026-09-18
"Fall, Kevin",2015,USA,For contributions to delay-tolerant networking.,https://awards.acm.org/award-recipients/fall_4550307,2026-09-13,https://dblp.org/pid/38/3635,2026-09-17,Y,,,N,,
"Falsafi, Babak",2015,USA,For contributions to multiprocessor and memory architecture design and evaluation.,https://awards.acm.org/award-recipients/falsafi_3889037,2026-09-13,https://dblp.org/pid/f/BabakFalsafi,2026-09-17,Y,https://scholar.google.com/citations?user=LaNEuBUAAAAJ,2026-09-16,Y,Babak Falsafi,2026-09-18
"Franz, Michael",2015,USA,For contributions to just-in-time compilation and optimization and to compiler techniques for computer security.,https://awards.acm.org/award-recipients/franz_3053576,2026-09-13,https://dblp.org/pid/f/MichaelFranz,2026-09-17,Y,,,N,Michael Franz,2026-09-18
"Grumberg, Orna",2015,Israel,For contributions to research in automated formal verification of hardware and software systems.,https://awards.acm.org/award-recipients/grumberg_3069713,2026-09-13,https://dblp.org/pid/g/OrnaGrumberg,2026-09-17,Y,https://scholar.google.com/citations?user=ZPed8YYAAAAJ,2026-09-16,Y,,
"Guha, Ramanathan",2015,USA,For contributions to structured data representation and specification and their impact on the Web.,https://awards.acm.org/award-recipients/guha_1031819,2026-09-13,https://dblp.org/pid/g/RamanathanVGuha,2026-09-17,Y,,,N,,
"Haritsa, Jayant R",2015,India,For contributions to the theory and practice of data management systems.,https://awards.acm.org/award-recipients/haritsa_3455151,2026-09-13,https://dblp.org/pid/h/JayantRHaritsa,2026-09-17,Y,https://scholar.google.com/citations?user=dc626ewAAAAJ,2026-09-16,Y,Jayant R. Haritsa,2026-09-18
"Hirschberg, Julia",2015,USA,For contributions to spoken language processing.,https://awards.acm.org/award-recipients/hirschberg_0374375,2026-09-13,https://dblp.org/pid/h/JuliaHirschberg,2026-09-17,Y,https://scholar.google.com/citations?user=Qrd7FCoAAAAJ,2026-09-16,Y,Julia Hirschberg,2026-09-18
"Indyk, Piotr",2015,Poland,"For contributions to high-dimensional geometric computing, streaming/sketching algorithms, and the Sparse Fourier Transform.",https://awards.acm.org/award-recipients/indyk_2720472,2026-09-13,https://dblp.org/pid/i/PiotrIndyk,2026-09-17,Y,https://scholar.google.com/citations?user=oOwNKsAAAAAJ,2026-09-16,Y,Piotr Indyk,2026-09-18
"Kuo, Tei-Wei",2015,Taiwan,For contributions to performance and reliability enhancement of flash-memory storage systems.,https://awards.acm.org/award-recipients/kuo_0302666,2026-09-13,https://dblp.org/pid/07/3181,2026-09-17,Y,https://scholar.google.com/citations?user=gBuHlIQAAAAJ,2026-09-16,Y,Tei-Wei Kuo,2026-09-18
"Leroy, Xavier",2015,France,"For contributions to safe, high-performance functional programming languages and compilers, and to compiler verification.",https://awards.acm.org/award-recipients/leroy_4273298,2026-09-13,https://dblp.org/pid/03/352,2026-09-17,Y,https://scholar.google.com/citations?user=K5yXAeAAAAAJ,2026-09-16,Y,Xavier Leroy,2026-09-18
"Lin, Chih-Jen",2015,Taiwan,For contributions to the theory and practice of machine learning and data mining.,https://awards.acm.org/award-recipients/lin_CL37276,2026-09-13,https://dblp.org/pid/61/1218,2026-09-17,Y,https://scholar.google.com/citations?user=SLMkts8AAAAJ,2026-09-16,Y,Chih-Jen Lin,2026-09-18
"Liu, Bing",2015,USA,"For contributions to knowledge discovery and data mining, opinion mining, and sentiment analysis.",https://awards.acm.org/award-recipients/liu_N032151,2026-09-13,https://dblp.org/pid/97/4797,2026-09-17,N,https://scholar.google.com/citations?user=Kt1bjZoAAAAJ,2026-09-16,Y,Bing Liu 0001,2026-09-18
"Liu, Yunhao",2015,China,For contributions to sensor networks.,https://awards.acm.org/award-recipients/liu_4478877,2026-09-13,https://dblp.org/pid/27/2403,2026-09-18,Y,https://scholar.google.com/citations?user=hon00PIAAAAJ,2026-09-16,Y,Yunhao Liu 0001,2026-09-18
"Luby, Michael George",2015,USA,"For contributions to coding theory, cryptography, parallel algorithms and derandomization.",https://awards.acm.org/award-recipients/luby_4157467,2026-09-13,https://dblp.org/pid/l/MichaelLuby,2026-09-17,Y,https://scholar.google.com/citations?user=OCzTJZ8AAAAJ,2026-09-16,Y,,
"Lyu, Michael Rung-Tsong",2015,Hong Kong,For contributions to the theory and practice of software reliability engineering.,https://awards.acm.org/award-recipients/lyu_3920785,2026-09-18,https://dblp.org/pid/l/MichaelRLyu,2026-09-17,Y,https://scholar.google.com/citations?user=uQnBgK0AAAAJ,2026-09-16,Y,Michael Rung-Tsong Lyu,2026-09-18
"Maurer, Ueli M",2015,Switzerland,For contributions to cryptography and information security.,https://awards.acm.org/award-recipients/maurer_4204848,2026-09-13,https://dblp.org/pid/m/UMMaurer,2026-09-17,Y,https://scholar.google.com/citations?user=TSsq3GMAAAAJ,2026-09-16,Y,Ueli M. Maurer,2026-09-18
"McDaniel, Patrick",2015,USA,For contributions to computer and mobile systems security.,https://awards.acm.org/award-recipients/mcdaniel_8949018,2026-09-13,https://dblp.org/pid/m/PatrickDrewMcDaniel,2026-09-17,Y,https://scholar.google.com/citations?user=AMGqrI0AAAAJ,2026-09-16,Y,Patrick McDaniel,2026-09-18
"Miller, Victor",2015,USA,For contributions to cryptography and software research.,https://awards.acm.org/award-recipients/miller_2751441,2026-09-13,https://dblp.org/pid/28/2651,2026-09-17,N,https://scholar.google.com/citations?user=ewfv9nEAAAAJ,2026-09-16,Y,,
"Mynatt, Elizabeth D.",2015,USA,For contributions to human-centered computing and to the development of health information technologies.,https://awards.acm.org/award-recipients/mynatt_8471898,2026-09-13,https://dblp.org/pid/m/ElizabethDMynatt,2026-09-17,Y,https://scholar.google.com/citations?user=l7nsfT4AAAAJ,2026-09-16,Y,Elizabeth D. Mynatt,2026-09-18
"Pearl, Judea",2015,USA,For contributions to artificial intelligence through the development of a calculus for probabilistic and causal reasoning.,https://awards.acm.org/award-recipients/pearl_2658896,2026-09-13,https://dblp.org/pid/p/JudeaPearl,2026-09-17,Y,https://scholar.google.com/citations?user=bAipNH8AAAAJ,2026-09-17,Y,,
"Pei, Jian",2015,Canada,"For contributions to the foundation, methodology and applications of data mining.",https://awards.acm.org/award-recipients/pei_2306918,2026-09-13,https://dblp.org/pid/p/JianPei,2026-09-17,Y,https://scholar.google.com/citations?user=zIMEVKsAAAAJ,2026-09-16,Y,Jian Pei 0001,2026-09-18
"Pfenning, Frank",2015,Germany,For contributions to the logical foundations of automatic theorem proving and types for programming languages.,https://awards.acm.org/award-recipients/pfenning_3196938,2026-09-13,https://dblp.org/pid/p/FPfenning,2026-09-17,Y,https://scholar.google.com/citations?user=ghWKWBUAAAAJ,2026-09-16,Y,Frank Pfenning,2026-09-18
"Radev, Dragomir R",2015,USA,For contributions to natural language processing and computational linguistics,https://awards.acm.org/award-recipients/radev_4508164,2026-09-13,https://dblp.org/pid/r/DragomirRRadev,2026-09-17,Y,https://scholar.google.com/citations?user=vIqWvgwAAAAJ,2026-09-16,Y,,
"Rajamani, Sriram",2015,India,For contributions to software analysis and defect detection.,https://awards.acm.org/award-recipients/rajamani_4149217,2026-09-13,https://dblp.org/pid/335/3550,2026-09-17,N,https://scholar.google.com/citations?user=o-EdErcAAAAJ,2026-09-16,Y,,
"Rodriguez, Pablo",2015,Spain,For contributions to content distribution architectures in peer-to-peer networks.,https://awards.acm.org/award-recipients/rodriguez_4941866,2026-09-13,https://dblp.org/pid/r/PabloRodriguez,2026-09-17,Y,https://scholar.google.com/citations?user=yetbFCsAAAAJ,2026-09-16,Y,,
"Sagiv, Shmuel",2015,Israel,For contributions to the theory and practice of automated analysis and verification of software.,https://awards.acm.org/award-recipients/sagiv_4372223,2026-09-13,https://dblp.org/pid/s/SSagiv,2026-09-17,Y,https://scholar.google.com/citations?user=j4UuW80AAAAJ,2026-09-16,Y,Shmuel Sagiv,2026-09-18
"Schroeder, Peter",2015,USA,For contributions to computer graphics and geometry processing.,https://awards.acm.org/award-recipients/schroeder_2750750,2026-09-13,https://dblp.org/pid/40/2885,2026-09-18,Y,https://scholar.google.com/citations?user=t3TgxNwAAAAJ,2026-09-16,Y,Peter Schröder,2026-09-18
"Schuster, Assaf",2015,Israel,For contributions to cloud computing.,https://awards.acm.org/award-recipients/schuster_2922672,2026-09-13,https://dblp.org/pid/s/AssafSchuster,2026-09-17,Y,https://scholar.google.com/citations?user=KfwgjswAAAAJ,2026-09-16,Y,Assaf Schuster,2026-09-18
"Skadron, Kevin",2015,USA,"For contributions in power- and thermal-aware modeling, design and benchmarking of microprocessors, including GPUs.",https://awards.acm.org/award-recipients/skadron_4608824,2026-09-13,https://dblp.org/pid/s/KevinSkadron,2026-09-17,Y,https://scholar.google.com/citations?user=Q-As1CEAAAAJ,2026-09-16,Y,Kevin Skadron,2026-09-18
"Tan, Wang-Chiew",2015,USA,For contributions to data provenance and to the foundations of information integration.,https://awards.acm.org/award-recipients/tan_0563874,2026-09-13,https://dblp.org/pid/t/WangChiewTan,2026-09-17,Y,https://scholar.google.com/citations?user=sOY-wjkAAAAJ,2026-09-16,Y,,
"Vempala, Santosh",2015,India,For contributions to algorithms for convex sets and probability distributions.,https://awards.acm.org/award-recipients/vempala_0298773,2026-09-13,https://dblp.org/pid/v/SantoshVempala,2026-09-17,Y,https://scholar.google.com/citations?user=hRggMmIAAAAJ,2026-09-16,Y,Santosh Vempala,2026-09-18
"Warnow, Tandy",2015,USA,"For contributions to mathematical theory, algorithms, and software for large-scale molecular phylogenetics and historical linguistics.",https://awards.acm.org/award-recipients/warnow_1091023,2026-09-13,https://dblp.org/pid/w/TandyWarnow,2026-09-17,Y,https://scholar.google.com/citations?user=BYZtDXEAAAAJ,2026-09-16,Y,Tandy J. Warnow,2026-09-18
"Wooldridge, Michael",2015,United Kingdom,For contributions to multi-agent systems and the formalization of rational action in multi-agent environments.,https://awards.acm.org/award-recipients/wooldridge_UK33119,2026-09-13,https://dblp.org/pid/56/389,2026-09-17,N,https://scholar.google.com/citations?user=JD8v9fkAAAAJ,2026-09-16,Y,Michael Wooldridge,2026-09-18
"Abramsky, Samson",2014,United Kingdom,"For contributions to domains in logical form, game semantics, categorical quantum mechanics, and contextual semantics.",https://awards.acm.org/award-recipients/abramsky_5676539,2026-09-13,https://dblp.org/pid/a/SamsonAbramsky,2026-09-17,Y,https://scholar.google.com/citations?user=L2vmD3MAAAAJ,2026-09-16,Y,Samson Abramsky,2026-09-18
"Adve, Vikram",2014,India,For developing the LLVM compiler and for contributions to parallel computing and software security.,https://awards.acm.org/award-recipients/adve_3453297,2026-09-13,https://dblp.org/pid/78/4438,2026-09-17,Y,https://scholar.google.com/citations?user=VbruE20AAAAJ,2026-09-16,Y,Vikram S. Adve,2026-09-18
"Afrati, Foto",2014,Greece,For contributions to the theory of database systems.,https://awards.acm.org/award-recipients/afrati_5120647,2026-09-13,https://dblp.org/pid/a/FotoNAfrati,2026-09-17,Y,https://scholar.google.com/citations?user=pU0dce0AAAAJ,2026-09-16,Y,,
"Bachman, Charles W",2014,USA,"For contributions to database technology, notably the integrated data store",https://awards.acm.org/award-recipients/bachman_9385610,2026-09-13,https://dblp.org/pid/91/5139,2026-09-17,Y,,,N,,
"Borodin, Allan",2014,Canada,"For contributions to theoretical computer science in complexity, on-line algorithms, resource tradeoffs, and models of algorithmic paradigms.",https://awards.acm.org/award-recipients/borodin_N003921,2026-09-13,https://dblp.org/pid/02/5164,2026-09-17,Y,https://scholar.google.com/citations?user=VIFfuYgAAAAJ,2026-09-16,Y,Allan Borodin,2026-09-18
"Bundy, Alan",2014,United Kingdom,"For contributions to artificial intelligence, automated reasoning, and the formation and evolution of representations.",https://awards.acm.org/award-recipients/bundy_2915504,2026-09-13,https://dblp.org/pid/b/AlanBundy,2026-09-17,Y,https://scholar.google.com/citations?user=n7STZEYAAAAJ,2026-09-16,Y,Alan Bundy,2026-09-18
"Cranor, Lorrie Faith",2014,USA,For contributions to research and education in usable privacy and security.,https://awards.acm.org/award-recipients/cranor_3956703,2026-09-13,https://dblp.org/pid/03/1595,2026-09-17,Y,https://scholar.google.com/citations?user=kIUqgbcAAAAJ,2026-09-16,Y,Lorrie Faith Cranor,2026-09-18
"Davis, Timothy Alden",2014,USA,For contributions to sparse matrix algorithms and software.,https://awards.acm.org/award-recipients/davis_3790896,2026-09-13,https://dblp.org/pid/81/2844-1,2026-09-17,Y,https://scholar.google.com/citations?user=gNMqz_4AAAAJ,2026-09-16,Y,Timothy A. Davis 0001,2026-09-18
"Devadas, Srinivas",2014,USA,For contributions to secure and energy-efficient hardware.,https://awards.acm.org/award-recipients/devadas_3387669,2026-09-13,https://dblp.org/pid/14/3973,2026-09-17,Y,https://scholar.google.com/citations?user=y80AokkAAAAJ,2026-09-16,Y,Srinivas Devadas,2026-09-18
"Dhillon, Inderjit",2014,USA,"For contributions to large-scale data analysis, machine learning and computational mathematics.",https://awards.acm.org/award-recipients/dhillon_8822330,2026-09-13,https://dblp.org/pid/d/InderjitSDhillon,2026-09-17,Y,https://scholar.google.com/citations?user=xBv5ZfkAAAAJ,2026-09-16,Y,,
"Dutt, Nikil D.",2014,USA,"For contributions to embedded architecture exploration, and service to electronic design automation and embedded systems.",https://awards.acm.org/award-recipients/dutt_3887684,2026-09-13,https://dblp.org/pid/d/NikilDDutt,2026-09-17,Y,https://scholar.google.com/citations?user=CpBXPVoAAAAJ,2026-09-16,Y,Nikil Dutt,2026-09-18
"Ellen, Faith",2014,Canada,"For contributions to data structures, and the theory of distributed and parallel computing.",https://awards.acm.org/award-recipients/ellen_1645878,2026-09-13,https://dblp.org/pid/f/FEFich,2026-09-17,Y,,,N,Faith Ellen,2026-09-18
"Ernst, Michael D",2014,USA,"For contributions to software analysis, testing, and verification.",https://awards.acm.org/award-recipients/ernst_4038352,2026-09-13,https://dblp.org/pid/e/MDErnst,2026-09-17,Y,https://scholar.google.com/citations?user=oQ6AeyEAAAAJ,2026-09-16,Y,Michael D. Ernst,2026-09-18
"Finkelstein, Adam",2014,USA,"For contributions to non-photorealistic rendering, multi-resolution representations, and computer graphics.",https://awards.acm.org/award-recipients/finkelstein_5120159,2026-09-13,https://dblp.org/pid/f/AdamFinkelstein,2026-09-17,Y,https://scholar.google.com/citations?user=a959F6AAAAAJ,2026-09-16,Y,Adam Finkelstein,2026-09-18
"Freire, Juliana",2014,USA,"For contributions to provenance management research and technology, and computational reproducibility.",https://awards.acm.org/award-recipients/freire_NB37655,2026-09-13,https://dblp.org/pid/f/JulianaFreire,2026-09-17,Y,https://scholar.google.com/citations?user=sSzAlq0AAAAJ,2026-09-16,Y,Juliana Freire,2026-09-18
"Gehrke, Johannes",2014,USA,For his contributions to data mining and data stream query processing.,https://awards.acm.org/award-recipients/gehrke_4146023,2026-09-13,https://dblp.org/pid/g/JohannesGehrke,2026-09-17,Y,https://scholar.google.com/citations?user=FtbGhBQAAAAJ,2026-09-16,Y,,
"Grimson, Eric",2014,USA,"For contributions to computer vision, and medical image computing.",https://awards.acm.org/award-recipients/grimson_0490961,2026-09-13,https://dblp.org/pid/g/WEricLGrimson,2026-09-17,Y,https://scholar.google.com/citations?user=zZ0-4SUAAAAJ,2026-09-16,Y,,
"Guzdial, Mark",2014,USA,"For contributions to computing education, and broadening participation.",https://awards.acm.org/award-recipients/guzdial_2795904,2026-09-13,https://dblp.org/pid/g/MarkGuzdial,2026-09-17,Y,https://scholar.google.com/citations?user=iQV2L2IAAAAJ,2026-09-16,Y,Mark Guzdial,2026-09-18
"Heiser, Gernot",2014,Australia,For contributions demonstrating that provably correct operating systems are feasible and suitable for real-world use.,https://awards.acm.org/award-recipients/heiser_2552925,2026-09-13,https://dblp.org/pid/h/GernotHeiser,2026-09-17,Y,https://scholar.google.com/citations?user=0e0Vw3kAAAAJ,2026-09-16,Y,Gernot Heiser,2026-09-18
"Horvitz, Eric",2014,USA,"For contributions to artificial intelligence, and human-computer interaction.",https://awards.acm.org/award-recipients/horvitz_4722252,2026-09-13,https://dblp.org/pid/h/EricHorvitz,2026-09-17,Y,https://scholar.google.com/citations?user=V4OPEAgAAAAJ,2026-09-16,Y,,
"Joachims, Thorsten",2014,Germany,For contributions to the theory and practice of machine learning and information retrieval.,https://awards.acm.org/award-recipients/joachims_4544946,2026-09-13,https://dblp.org/pid/j/ThorstenJoachims,2026-09-17,Y,https://scholar.google.com/citations?user=5tk1PV8AAAAJ,2026-09-16,Y,Thorsten Joachims,2026-09-18
"Kearns, Michael",2014,USA,"For contributions to machine learning, artificial intelligence, and algorithmic game theory and computational social science.",https://awards.acm.org/award-recipients/kearns_3336462,2026-09-13,https://dblp.org/pid/78/6858,2026-09-17,Y,https://scholar.google.com/citations?user=8iQk0DIAAAAJ,2026-09-16,Y,Michael Kearns,2026-09-18
"King, Valerie",2014,Canada,"For contributions to randomized algorithms, especially dynamic graph algorithms and fault tolerant distributed computing.",https://awards.acm.org/award-recipients/king_7524077,2026-09-13,https://dblp.org/pid/k/ValerieKing,2026-09-17,Y,https://scholar.google.com/citations?user=2-iEYMUAAAAJ,2026-09-16,Y,Valerie King,2026-09-18
"Kraus, Sarit",2014,Israel,"For contributions to artificial intelligence, including multi-agent systems, human-agent interaction and non-monotonic reasoning.",https://awards.acm.org/award-recipients/kraus_4452744,2026-09-13,https://dblp.org/pid/k/SaritKraus,2026-09-17,Y,https://scholar.google.com/citations?user=PfgeYGwAAAAJ,2026-09-16,Y,Sarit Kraus,2026-09-18
"Lamport, Leslie Barry",2014,USA,For contributions to the theory and practice of distributed and concurrent systems,https://awards.acm.org/award-recipients/lamport_1205376,2026-09-13,https://dblp.org/pid/l/LeslieLamport,2026-09-17,Y,https://scholar.google.com/citations?user=uG3icVgAAAAJ,2026-09-17,Y,,
"Malik, Sharad",2014,USA,"For contributions to efficient and capable SAT solvers, and accurate embedded software models.",https://awards.acm.org/award-recipients/malik_3144771,2026-09-13,https://dblp.org/pid/79/6934,2026-09-17,Y,https://scholar.google.com/citations?user=MV8KGT0AAAAJ,2026-09-16,Y,,
"Mansour, Yishay",2014,Israel,"For contributions to machine learning, algorithmic game theory, distributed computing, and communication networks.",https://awards.acm.org/award-recipients/mansour_4552311,2026-09-13,https://dblp.org/pid/m/YishayMansour,2026-09-17,Y,https://scholar.google.com/citations?user=OEJUgwkAAAAJ,2026-09-16,Y,Yishay Mansour,2026-09-18
"Mitra, Subhasish",2014,India,For contributions to the design and testing of robust computing systems.,https://awards.acm.org/award-recipients/mitra_2813928,2026-09-13,https://dblp.org/pid/30/4561,2026-09-17,Y,https://scholar.google.com/citations?user=SCdhzWoAAAAJ,2026-09-16,Y,Subhasish Mitra,2026-09-18
"Mitzenmacher, Michael",2014,USA,"For contributions to coding theory, hashing algorithms and data structures, and networking algorithms.",https://awards.acm.org/award-recipients/mitzenmacher_N017376,2026-09-13,https://dblp.org/pid/74/838,2026-09-17,Y,https://scholar.google.com/citations?user=e8aRmAsAAAAJ,2026-09-16,Y,Michael Mitzenmacher,2026-09-18
"Morris, Robert",2014,USA,"For contributions to computer networking, distributed systems, and operating systems.",https://awards.acm.org/award-recipients/morris_4169967,2026-09-13,https://dblp.org/pid/20/6501-2,2026-09-17,N,https://scholar.google.com/citations?user=in6eBIwAAAAJ,2026-09-16,Y,Robert Tappan Morris,2026-09-18
"Narayanan, Vijaykrishnan",2014,USA,For contributions to power estimation and optimization in the design of power-aware systems.,https://awards.acm.org/award-recipients/narayanan_0382432,2026-09-13,https://dblp.org/pid/v/NarayananVijaykrishnan,2026-09-17,Y,https://scholar.google.com/citations?user=UyeTBeoAAAAJ,2026-09-16,Y,Vijaykrishnan Narayanan,2026-09-18
"Navathe, Shamkant",2014,USA,"For contribution to data modeling, database design, and database education.",https://awards.acm.org/award-recipients/navathe_1444884,2026-09-13,https://dblp.org/pid/n/ShamkantBNavathe,2026-09-17,Y,https://scholar.google.com/citations?user=_Z12v2IAAAAJ,2026-09-16,Y,Shamkant B. Navathe,2026-09-18
"Patel, Jignesh M",2014,USA,"For contributions to high-performance database query processing methods, in particular on spatial data.",https://awards.acm.org/award-recipients/patel_4222741,2026-09-13,https://dblp.org/pid/p/JMPatel,2026-09-17,Y,https://scholar.google.com/citations?user=tOjfnFMAAAAJ,2026-09-16,Y,Jignesh M. Patel,2026-09-18
"Ranganathan, Parthasarathy",2014,USA,For contributions to the areas of energy efficiency and server architectures.,https://awards.acm.org/award-recipients/ranganathan_4587556,2026-09-13,https://dblp.org/pid/12/6848,2026-09-17,Y,https://scholar.google.com/citations?user=S3gQoMgAAAAJ,2026-09-16,Y,,
"Reingold, Omer",2014,USA,"For contributions to the study of pseudorandomness, derandomization, and cryptography.",https://awards.acm.org/award-recipients/reingold_9955609,2026-09-13,https://dblp.org/pid/r/OmerReingold,2026-09-17,Y,https://scholar.google.com/citations?user=TD9RhcgAAAAJ,2026-09-16,Y,Omer Reingold,2026-09-18
"Rodden, Tom",2014,United Kingdom,"For contributions to ubiquitous computing, and computer supported cooperative work.",https://awards.acm.org/award-recipients/rodden_2684314,2026-09-13,https://dblp.org/pid/r/TomRodden,2026-09-17,Y,https://scholar.google.com/citations?user=gWbK0A0AAAAJ,2026-09-16,Y,Tom Rodden,2026-09-18
"Rubinfeld, Ronitt",2014,USA,"For contributions to delegated computation, sublinear time algorithms and property testing.",https://awards.acm.org/award-recipients/rubinfeld_4823875,2026-09-13,https://dblp.org/pid/r/RonittRubinfeld,2026-09-17,Y,https://scholar.google.com/citations?user=pZhZndYAAAAJ,2026-09-16,Y,Ronitt Rubinfeld,2026-09-18
"Rus, Daniela",2014,USA,For contributions to robotics and sensor networks.,https://awards.acm.org/award-recipients/rus_7597545,2026-09-13,https://dblp.org/pid/r/DanielaRus,2026-09-17,Y,https://scholar.google.com/citations?user=910z20QAAAAJ,2026-09-16,Y,Daniela Rus,2026-09-18
"Sangiovanni Vincentelli, Alberto Luigi",2014,USA,For contributions to electronic design automation.,https://awards.acm.org/award-recipients/sangiovannivincentelli_2168532,2026-09-13,https://dblp.org/pid/s/ALSangiovanniV,2026-09-17,Y,https://scholar.google.com/citations?user=AhgjQ2QAAAAJ,2026-09-16,Y,Alberto L. Sangiovanni-Vincentelli,2026-09-18
"Schulzrinne, Henning",2014,USA,"For contributions to the design of protocols, applications, and algorithms for Internet multimedia.",https://awards.acm.org/award-recipients/schulzrinne_UI22946,2026-09-13,https://dblp.org/pid/s/HenningSchulzrinne,2026-09-17,Y,https://scholar.google.com/citations?user=6IHX8J4AAAAJ,2026-09-16,Y,Henning Schulzrinne,2026-09-18
"Shieber, Stuart",2014,USA,"For contributions to natural-language processing, and to open-access systems and policy.",https://awards.acm.org/award-recipients/shieber_1887579,2026-09-13,https://dblp.org/pid/s/StuartMShieber,2026-09-17,Y,https://scholar.google.com/citations?user=oq8WAwsAAAAJ,2026-09-16,Y,Stuart M. Shieber,2026-09-18
"Srikant, Ramakrishnan",2014,USA,For contributions to knowledge discovery and data mining.,https://awards.acm.org/award-recipients/srikant_UJ17103,2026-09-13,https://dblp.org/pid/s/RamSrikant,2026-09-17,Y,https://scholar.google.com/citations?user=lxt0O5IAAAAJ,2026-09-16,Y,,
"Srinivasan, Aravind",2014,USA,"For contributions to algorithms, probabilistic methods, and networks.",https://awards.acm.org/award-recipients/srinivasan_5108279,2026-09-13,https://dblp.org/pid/s/AravindSrinivasan,2026-09-17,Y,https://scholar.google.com/citations?user=sPzla6IAAAAJ,2026-09-16,Y,Aravind Srinivasan,2026-09-18
"Sudarshan, S.",2014,India,"For contributions to database education, query processing, query optimization and keyword queries.",https://awards.acm.org/award-recipients/sudarshan_N031625,2026-09-13,https://dblp.org/pid/s/SSudarshan1,2026-09-17,Y,https://scholar.google.com/citations?user=KtP9-zYAAAAJ,2026-09-16,Y,S. Sudarshan 0001,2026-09-18
"Syverson, Paul",2014,USA,For contributions to and leadership in the theory and practice of privacy and security.,https://awards.acm.org/award-recipients/syverson_5067587,2026-09-13,https://dblp.org/pid/81/5221,2026-09-17,Y,https://scholar.google.com/citations?user=QDnC2nAAAAAJ,2026-09-16,Y,,
"Tsudik, Gene",2014,USA,For contributions to Internet security and privacy.,https://awards.acm.org/award-recipients/tsudik_7236851,2026-09-13,https://dblp.org/pid/08/1183,2026-09-17,Y,https://scholar.google.com/citations?user=WLvuu74AAAAJ,2026-09-16,Y,Gene Tsudik,2026-09-18
"Whittaker, Stephen J",2014,USA,For contributions to human-computer interaction.,https://awards.acm.org/award-recipients/whittaker_1473868,2026-09-13,https://dblp.org/pid/41/2145-1,2026-09-17,Y,https://scholar.google.com/citations?user=TkVUIVsAAAAJ,2026-09-16,Y,Steve Whittaker 0001,2026-09-18
"Ackerman, Mark S",2013,USA,"For contributions to human computer interaction, with an emphasis on finding and sharing expertise.",https://awards.acm.org/award-recipients/ackerman_2446870,2026-09-13,https://dblp.org/pid/a/MSAckerman,2026-09-17,Y,https://scholar.google.com/citations?user=qBTbnEQAAAAJ,2026-09-16,Y,,
"Aggarwal, Charu Chandra",2013,USA,For contributions to knowledge discovery and data mining algorithms.,https://awards.acm.org/award-recipients/aggarwal_6102260,2026-09-13,https://dblp.org/pid/a/CharuCAggarwal,2026-09-17,Y,https://scholar.google.com/citations?user=x_wsduUAAAAJ,2026-09-16,Y,,
"Anderson, James H",2013,USA,For contributions to the implementation and analysis of multiprocessor and multicore real-time systems.,https://awards.acm.org/award-recipients/anderson_2160703,2026-09-13,https://dblp.org/pid/a/JamesHAnderson,2026-09-17,Y,https://scholar.google.com/citations?user=mIZu9oQAAAAJ,2026-09-16,Y,James H. Anderson,2026-09-18
"Bellare, Mihir",2013,USA,"For contributions to provable security methods supporting high-quality, cost-effective cryptography.",https://awards.acm.org/award-recipients/bellare_4763074,2026-09-13,https://dblp.org/pid/b/MBellare,2026-09-17,Y,https://scholar.google.com/citations?user=td_5W1cAAAAJ,2026-09-16,Y,Mihir Bellare,2026-09-18
"Borgman, Christine L",2013,USA,"For contributions to research on human interaction with information systems, data practices, and information policy.",https://awards.acm.org/award-recipients/borgman_2203826,2026-09-13,https://dblp.org/pid/b/CLBorgman,2026-09-17,Y,https://scholar.google.com/citations?user=e1y6CcQAAAAJ,2026-09-16,Y,,
"Ceri, Stefano",2013,Italy,"For contributions to database management, including distributed databases, rule-processing, and search computing.",https://awards.acm.org/award-recipients/ceri_2338531,2026-09-13,https://dblp.org/pid/c/StefanoCeri,2026-09-17,Y,https://scholar.google.com/citations?user=aiulJmIAAAAJ,2026-09-16,Y,Stefano Ceri,2026-09-18
"Chakrabarty, Krishnendu",2013,USA,"For contributions to optimization methods for system-on-chip test automation, microfluidic biochips, and sensor network infrastructure.",https://awards.acm.org/award-recipients/chakrabarty_UK56049,2026-09-13,https://dblp.org/pid/c/KrishnenduChakrabarty,2026-09-17,Y,https://scholar.google.com/citations?user=R_VPUyEAAAAJ,2026-09-16,Y,Krishnendu Chakrabarty,2026-09-18
"Chellappa, Ramalingam",2013,USA,"For contributions to image processing, computer vision, and pattern recognition.",https://awards.acm.org/award-recipients/chellappa_5282967,2026-09-13,https://dblp.org/pid/c/RamaChellappa,2026-09-17,Y,https://scholar.google.com/citations?user=L60tuywAAAAJ,2026-09-16,Y,Ramalingam Chellappa,2026-09-18
"Cox, Ingemar J.",2013,United Kingdom,"For contributions to computer vision, image retrieval, and digital watermarking.",https://awards.acm.org/award-recipients/cox_3652302,2026-09-13,https://dblp.org/pid/c/IngemarJCox,2026-09-17,Y,https://scholar.google.com/citations?user=b88nUpYAAAAJ,2026-09-16,Y,Ingemar J. Cox,2026-09-18
"De Lucena, Carlos J P",2013,Brazil,"For contributions in software engineering and multiagent systems, and for computer science leadership in Brazil.",https://awards.acm.org/award-recipients/delucena_UK77047,2026-09-13,https://dblp.org/pid/l/CarlosJosePereiradeLucena,2026-09-17,Y,https://scholar.google.com/citations?user=BCW5XGIAAAAJ,2026-09-16,Y,Carlos José Pereira de Lucena,2026-09-18
"Dechter, Rina",2013,USA,For contributions to the algorithmic foundations of automated reasoning with constraint-based and probabilistic information.,https://awards.acm.org/award-recipients/dechter_2165652,2026-09-13,https://dblp.org/pid/d/RDechter,2026-09-17,Y,https://scholar.google.com/citations?user=PI_3bqEAAAAJ,2026-09-16,Y,Rina Dechter,2026-09-18
"Elliott, Chip",2013,USA,"For scientific contributions enabling quantum communications, advanced tactical networks, and programming literacy.",https://awards.acm.org/award-recipients/elliott_4552162,2026-09-13,https://dblp.org/pid/78/115,2026-09-17,Y,,,N,,
"Forsyth, David",2013,USA,For contributions to computer vision.,https://awards.acm.org/award-recipients/forsyth_4507323,2026-09-13,https://dblp.org/pid/f/DavidAForsyth,2026-09-17,Y,https://scholar.google.com/citations?user=5H0arvkAAAAJ,2026-09-16,Y,David A. Forsyth,2026-09-18
"Gao, Wen",2013,China,"For contributions to video technology, and for leadership to advance computing in China.",https://awards.acm.org/award-recipients/gao_0100021,2026-09-13,https://dblp.org/pid/18/7486,2026-09-17,N,https://scholar.google.com/citations?user=u9aw5o8AAAAJ,2026-09-16,Y,Wen Gao 0001,2026-09-18
"Garlan, David",2013,USA,For contributions to the development of software architecture as a discipline in software engineering.,https://awards.acm.org/award-recipients/garlan_1879857,2026-09-13,https://dblp.org/pid/01/2201,2026-09-17,Y,https://scholar.google.com/citations?user=saLJmksAAAAJ,2026-09-16,Y,David Garlan,2026-09-18
"Gosling, James",2013,USA,"For Java, NeWS, Emacs, NetBeans, and other contributions to programming languages, tools, and environments.",https://awards.acm.org/award-recipients/gosling_9843418,2026-09-13,https://dblp.org/pid/92/3710,2026-09-17,Y,,,N,,
"Haas, Peter",2013,USA,For leadership in probabilistic methods for the management and analysis of data and for system simulation.,https://awards.acm.org/award-recipients/haas_4166369,2026-09-13,https://dblp.org/pid/46/1252,2026-09-17,N,https://scholar.google.com/citations?user=PeCI8KcAAAAJ,2026-09-16,Y,Peter J. Haas,2026-09-18
"Hearst, Marti",2013,USA,For contributions to information retrieval and computational linguistics.,https://awards.acm.org/award-recipients/hearst_3302403,2026-09-13,https://dblp.org/pid/h/MartiAHearst,2026-09-17,Y,https://scholar.google.com/citations?user=664NOb0AAAAJ,2026-09-16,Y,Marti Hearst,2026-09-18
"Jarke, Matthias",2013,Germany,"For contributions to conceptual modeling, requirements engineering, metadata management, and computer science leadership in Germany.",https://awards.acm.org/award-recipients/jarke_1639012,2026-09-13,https://dblp.org/pid/j/MatthiasJarke,2026-09-17,Y,https://scholar.google.com/citations?user=JbioEFgAAAAJ,2026-09-16,Y,Matthias Jarke,2026-09-18
"Kannan, Sampath Kumar",2013,USA,"For contributions to algorithmic approaches to program reliability, bioinformatics, and for service to the computer science research community.",https://awards.acm.org/award-recipients/kannan_UJ34784,2026-09-13,https://dblp.org/pid/86/5425,2026-09-17,Y,https://scholar.google.com/citations?user=WhvtccoAAAAJ,2026-09-16,Y,Sampath Kannan,2026-09-18
"Kasik, David J",2013,USA,"For contributions to computer graphics, user interface software, and visual analytics.",https://awards.acm.org/award-recipients/kasik_1266766,2026-09-13,https://dblp.org/pid/32/2190,2026-09-17,Y,,,N,,
"Katabi, Dina",2013,USA,"For contributions in cross-layer wireless networking, wireless network coding, and Internet congestion control.",https://awards.acm.org/award-recipients/katabi_4985255,2026-09-13,https://dblp.org/pid/k/DinaKatabi,2026-09-17,Y,https://scholar.google.com/citations?user=nst5fHgAAAAJ,2026-09-16,Y,Dina Katabi,2026-09-18
"Kautz, Henry A",2013,USA,For contributions to artificial intelligence and pervasive computing with applications to assistive technology and health.,https://awards.acm.org/award-recipients/kautz_0838441,2026-09-13,https://dblp.org/pid/k/HenryAKautz,2026-09-17,Y,https://scholar.google.com/citations?user=WxQyOYQAAAAJ,2026-09-16,Y,Henry A. Kautz,2026-09-18
"Kleinberg, Jon",2013,USA,For contributions to the science of information and social networks.,https://awards.acm.org/award-recipients/kleinberg_0032532,2026-09-13,https://dblp.org/pid/k/JonMKleinberg,2026-09-17,Y,https://scholar.google.com/citations?user=VX7d5EQAAAAJ,2026-09-16,Y,Jon M. Kleinberg,2026-09-18
"Kumar, Panganamala",2013,USA,For contributions to wireless communication and control technologies.,https://awards.acm.org/award-recipients/kumar_2386142,2026-09-13,https://dblp.org/pid/83/4027,2026-09-17,Y,https://scholar.google.com/citations?user=qGUpTVwAAAAJ,2026-09-16,Y,,
"Lea, Douglas",2013,USA,"For contributions to software, particularly in support of concurrency.",https://awards.acm.org/award-recipients/lea_3428158,2026-09-13,https://dblp.org/pid/l/DougLea,2026-09-17,Y,https://scholar.google.com/citations?user=7yk1kw4AAAAJ,2026-09-16,Y,,
"Maarek, Yoelle",2013,Israel,For contributions to industrial leadership and to information retrieval and Web search.,https://awards.acm.org/award-recipients/maarek_4442703,2026-09-13,https://dblp.org/pid/m/YoelleSMaarek,2026-09-17,Y,https://scholar.google.com/citations?user=foccT34AAAAJ,2026-09-16,Y,,
"Manning, Christopher",2013,Australia,For contributions to natural language processing research and education.,https://awards.acm.org/award-recipients/manning_4438248,2026-09-13,https://dblp.org/pid/m/ChristopherDManning,2026-09-17,Y,https://scholar.google.com/citations?user=1zmDOdwAAAAJ,2026-09-16,Y,Christopher D. Manning,2026-09-18
"Marathe, Madhav",2013,USA,For contributions to high performance computing algorithms and software environments for simulating and analyzing socio-technical systems.,https://awards.acm.org/award-recipients/marathe_7636280,2026-09-13,https://dblp.org/pid/52/991,2026-09-17,Y,https://scholar.google.com/citations?user=diIore8AAAAJ,2026-09-16,Y,Madhav Marathe,2026-09-18
"Mellor-Crummey, John",2013,USA,For contributions to parallel and high performance computing.,https://awards.acm.org/award-recipients/mellor-crummey_2978823,2026-09-13,https://dblp.org/pid/m/JMMellorCrummey,2026-09-17,Y,https://scholar.google.com/citations?user=wX0XpxMAAAAJ,2026-09-16,Y,John M. Mellor-Crummey,2026-09-18
"Morrisett, Greg",2013,USA,For contributions to mathematically-based methods for ensuring the efficient implementation and verification of practical programming languages.,https://awards.acm.org/award-recipients/morrisett_3964848,2026-09-13,https://dblp.org/pid/m/JGMorrisett,2026-09-17,Y,https://scholar.google.com/citations?user=Dswus94AAAAJ,2026-09-16,Y,J. Gregory Morrisett [Tech],2026-09-18
"Myers, Andrew",2013,USA,For contributions to languages and systems that use information flow for implementing secure computing systems.,https://awards.acm.org/award-recipients/myers_UK20507,2026-09-13,https://dblp.org/pid/m/AndrewCMyers,2026-09-17,Y,https://scholar.google.com/citations?user=ovlpa_IAAAAJ,2026-09-16,Y,Andrew C. Myers,2026-09-18
"Nau, Dana",2013,USA,For contributions to automated search and planning.,https://awards.acm.org/award-recipients/nau_9374109,2026-09-13,https://dblp.org/pid/n/DanaSNau,2026-09-17,Y,https://scholar.google.com/citations?user=fez4ulcAAAAJ,2026-09-16,Y,,
"Rao, Satish",2013,USA,For contributions to algorithms for graph partitioning and for single- and multi-commodity flows.,https://awards.acm.org/award-recipients/rao_9569625,2026-09-13,https://dblp.org/pid/r/SRao,2026-09-18,Y,https://scholar.google.com/citations?user=62Uqu6wAAAAJ,2026-09-17,Y,Satish Rao,2026-09-18
"Robertson, S E",2013,United Kingdom,For contributions to the theory and practice of information retrieval.,https://awards.acm.org/award-recipients/robertson_N024075,2026-09-13,https://dblp.org/pid/r/SERobertson,2026-09-17,Y,,,N,,
"Roscoe, Timothy",2013,United Kingdom,For contributions to operating systems and networking research.,https://awards.acm.org/award-recipients/roscoe_4522017,2026-09-13,https://dblp.org/pid/r/TimothyRoscoe,2026-09-17,Y,https://scholar.google.com/citations?user=QfVWndgAAAAJ,2026-09-16,Y,Timothy Roscoe,2026-09-18
"Sellis, Timoleon",2013,Greece,"For contributions to database query optimization, spatial data management, and data warehousing.",https://awards.acm.org/award-recipients/sellis_2439610,2026-09-13,https://dblp.org/pid/s/TimosKSellis,2026-09-17,Y,https://scholar.google.com/citations?user=G1Iux80AAAAJ,2026-09-16,Y,,
"Shasha, Dennis E",2013,USA,For technical and literary contributions over a broad range of data management topics.,https://awards.acm.org/award-recipients/shasha_2169415,2026-09-13,https://dblp.org/pid/s/DennisShasha,2026-09-17,Y,https://scholar.google.com/citations?user=UH3qseUAAAAJ,2026-09-16,Y,Dennis E. Shasha,2026-09-18
"Shavit, Nir N",2013,USA,For contributions to the theory and practice of synchronization in concurrent programming.,https://awards.acm.org/award-recipients/shavit_4451837,2026-09-13,https://dblp.org/pid/s/NirShavit,2026-09-17,Y,,,N,Nir Shavit,2026-09-18
"Shim, Kyuseok",2013,Republic of Korea,For contributions to scalable data mining and query processing.,https://awards.acm.org/award-recipients/shim_7832926,2026-09-13,https://dblp.org/pid/156/3851,2026-09-17,N,https://scholar.google.com/citations?user=3Y254i4AAAAJ,2026-09-16,Y,Kyuseok Shim,2026-09-18
"Smyth, Padhraic",2013,USA,For contributions to probabilistic and statistical approaches to data mining and machine learning.,https://awards.acm.org/award-recipients/smyth_NA27474,2026-09-13,https://dblp.org/pid/s/PadhraicSmyth,2026-09-17,Y,https://scholar.google.com/citations?user=OsoQ-dcAAAAJ,2026-09-16,Y,Padhraic Smyth,2026-09-18
"Tambe, Milind",2013,USA,"For contributions to the theory and practice of multi-agent systems, teamwork and security games.",https://awards.acm.org/award-recipients/tambe_8080891,2026-09-13,https://dblp.org/pid/67/2667,2026-09-17,Y,https://scholar.google.com/citations?user=YOVZiJkAAAAJ,2026-09-16,Y,Milind Tambe,2026-09-18
"Tannen, Val",2013,USA,"For contributions to query languages, query optimization and data provenance.",https://awards.acm.org/award-recipients/tannen_8113043,2026-09-13,https://dblp.org/pid/t/ValTannen,2026-09-17,Y,https://scholar.google.com/citations?user=3Jus1k0AAAAJ,2026-09-16,Y,Val Tannen,2026-09-18
"Williamson, David",2013,USA,For contributions to the design and analysis of approximation algorithms.,https://awards.acm.org/award-recipients/williamson_4646584,2026-09-13,https://dblp.org/pid/88/7487,2026-09-17,N,https://scholar.google.com/citations?user=pOd2M64AAAAJ,2026-09-16,Y,David P. Williamson,2026-09-18
"Wong, Limsoon",2013,Singapore,For contributions to database theory and computational biology.,https://awards.acm.org/award-recipients/wong_7541103,2026-09-13,https://dblp.org/pid/w/LimsoonWong,2026-09-17,Y,https://scholar.google.com/citations?user=Inqu8SkAAAAJ,2026-09-16,Y,Limsoon Wong,2026-09-18
"Yung, Moti",2013,USA,For contributions to cryptography and its use in security and privacy of systems.,https://awards.acm.org/award-recipients/yung_N005082,2026-09-13,https://dblp.org/pid/y/MotiYung,2026-09-17,Y,https://scholar.google.com/citations?user=ScL8iFQAAAAJ,2026-09-16,Y,,
"Zegura, Ellen",2013,USA,For contributions to communication and computation in intermittingly-connected networks.,https://awards.acm.org/award-recipients/zegura_3750494,2026-09-13,https://dblp.org/pid/z/EllenWZegura,2026-09-17,Y,https://scholar.google.com/citations?user=Z6EHuGcAAAAJ,2026-09-16,Y,Ellen W. Zegura,2026-09-18
"Zhang, Zhengyou",2013,USA,For contributions to computer vision and multimedia.,https://awards.acm.org/award-recipients/zhang_5032776,2026-09-13,https://dblp.org/pid/307/0125,2026-09-17,N,https://scholar.google.com/citations?user=1I-DKy8AAAAJ,2026-09-16,Y,,
"Zhou, Yuanyuan",2013,USA,For contributions to software reliability and quality.,https://awards.acm.org/award-recipients/zhou_7451867,2026-09-13,https://dblp.org/pid/46/7346,2026-09-17,N,https://scholar.google.com/citations?user=jJ_9TvEAAAAJ,2026-09-17,Y,Yuanyuan Zhou 0001,2026-09-18
"Zuckerman, David",2013,USA,"For contributions to randomness extraction, pseudorandomness, and their role in complexity theory.",https://awards.acm.org/award-recipients/zuckerman_N975391,2026-09-13,https://dblp.org/pid/z/DZuckerman,2026-09-17,Y,https://scholar.google.com/citations?user=MCe-I6wAAAAJ,2026-09-16,Y,David Zuckerman,2026-09-18
"Alonso, Gustavo",2012,Spain,"For contributions to distributed systems, middleware, and data management.",https://awards.acm.org/award-recipients/alonso_1463314,2026-09-13,https://dblp.org/pid/a/GustavoAlonso,2026-09-17,Y,https://scholar.google.com/citations?user=fkNjVcIAAAAJ,2026-09-16,Y,Gustavo Alonso,2026-09-18
"Arge, Lars",2012,Denmark,For contributions to massive data algorithmics,https://awards.acm.org/award-recipients/arge_4751673,2026-09-13,https://dblp.org/pid/a/LArge,2026-09-17,Y,https://scholar.google.com/citations?user=MgdxxbAAAAAJ,2026-09-16,Y,,
"Baldi, Pierre",2012,USA,For contributions to artificial intelligence and statistical machine learning for bioinformatics.,https://awards.acm.org/award-recipients/baldi_3816096,2026-09-13,https://dblp.org/pid/54/1564,2026-09-17,Y,https://scholar.google.com/citations?user=RhFhIIgAAAAJ,2026-09-16,Y,Pierre Baldi,2026-09-18
"Boehm, Hans",2012,Germany,For contributions to multithreaded programming and to algorithms and libraries for automatic memory management.,https://awards.acm.org/award-recipients/boehm_1686237,2026-09-13,https://dblp.org/pid/232/5517,2026-09-17,N,https://scholar.google.com/citations?user=gqkpV2kAAAAJ,2026-09-16,Y,,
"Boutilier, Craig",2012,Canada,For contributions to knowledge representation and computational decision making.,https://awards.acm.org/award-recipients/boutilier_6612295,2026-09-13,https://dblp.org/pid/10/3411,2026-09-17,Y,https://scholar.google.com/citations?user=cXkm3rsAAAAJ,2026-09-16,Y,,
"Camp, Tracy",2012,USA,For contributions in wireless networking and leadership in broadening participation in computing.,https://awards.acm.org/award-recipients/camp_3837804,2026-09-13,https://dblp.org/pid/91/2315,2026-09-17,Y,https://scholar.google.com/citations?user=8TyIlFgAAAAJ,2026-09-16,Y,Tracy Camp,2026-09-18
"Cattell, Rick",2012,USA,For contributions to database systems.,https://awards.acm.org/award-recipients/cattell_1468248,2026-09-13,https://dblp.org/pid/91/9532,2026-09-17,N,https://scholar.google.com/citations?user=Kc64bEcAAAAJ,2026-09-16,Y,,
"Davis, Larry S",2012,USA,For contributions to image processing and computer vision.,https://awards.acm.org/award-recipients/davis_4079562,2026-09-13,https://dblp.org/pid/d/LarrySDavis,2026-09-17,Y,https://scholar.google.com/citations?user=lc0ARagAAAAJ,2026-09-16,Y,,
"Elmagarmid, Ahmed",2012,USA,For contributions to database management systems.,https://awards.acm.org/award-recipients/elmagarmid_1872514,2026-09-13,https://dblp.org/pid/e/AKElmagarmid,2026-09-18,Y,https://scholar.google.com/citations?user=Cb9BDJkAAAAJ,2026-09-16,Y,Ahmed K. Elmagarmid,2026-09-18
"Fan, Wenfei",2012,USA,For contributions to Web data management,https://awards.acm.org/award-recipients/fan_NA31468,2026-09-13,https://dblp.org/pid/94/2372,2026-09-17,Y,https://scholar.google.com/citations?user=u0S6ofAAAAAJ,2026-09-16,Y,Wenfei Fan,2026-09-18
"Gao, Lixin",2012,USA,For contributions to network protocols and internet routing.,https://awards.acm.org/award-recipients/gao_4424933,2026-09-13,https://dblp.org/pid/69/3480,2026-09-17,Y,https://scholar.google.com/citations?user=bOKmjf8AAAAJ,2026-09-16,Y,Lixin Gao 0001,2026-09-18
"Garfinkel, Simson L",2012,USA,For contributions to digital forensics and to computer security education.,https://awards.acm.org/award-recipients/garfinkel_2595445,2026-09-13,https://dblp.org/pid/70/2101,2026-09-17,Y,https://scholar.google.com/citations?user=87fGQ0AAAAAJ,2026-09-16,Y,,
"Gibson, Garth A",2012,Canada,For contributions to the performance and reliability of storage systems.,https://awards.acm.org/award-recipients/gibson_2521995,2026-09-13,https://dblp.org/pid/g/GarthAGibson,2026-09-17,Y,https://scholar.google.com/citations?user=WYctQAQAAAAJ,2026-09-16,Y,,
"Greenberg, Saul",2012,Canada,For contributions to computer supported cooperative work and ubiquitous computing,https://awards.acm.org/award-recipients/greenberg_3362027,2026-09-13,https://dblp.org/pid/g/SaulGreenberg,2026-09-17,Y,https://scholar.google.com/citations?user=TthhUuoAAAAJ,2026-09-16,Y,Saul Greenberg,2026-09-18
"Gross, Markus",2012,Germany,For contributions to computer graphics and animation.,https://awards.acm.org/award-recipients/gross_4668489,2026-09-13,https://dblp.org/pid/g/MarkusHGross,2026-09-17,Y,https://scholar.google.com/citations?user=uxk0GmUAAAAJ,2026-09-16,Y,Markus Gross 0001,2026-09-18
"Grove, David Paul",2012,USA,For contributions to programming languages and for the development of open-source research infrastructures.,https://awards.acm.org/award-recipients/grove_4112884,2026-09-13,https://dblp.org/pid/65/2846,2026-09-17,Y,https://scholar.google.com/citations?user=iU8ijrYAAAAJ,2026-09-16,Y,,
"Grudin, Jonathan",2012,USA,For contributions to human computer interaction with an emphasis on computer supported cooperative work.,https://awards.acm.org/award-recipients/grudin_3028016,2026-09-13,https://dblp.org/pid/g/JonathanGrudin,2026-09-17,Y,,,N,,
"Guerraoui, Rachid",2012,Switzerland,For contributions to the theory and practice of reliable distributed computing.,https://awards.acm.org/award-recipients/guerraoui_8950545,2026-09-13,https://dblp.org/pid/g/RachidGuerraoui,2026-09-17,Y,https://scholar.google.com/citations?user=_TR-7CEAAAAJ,2026-09-16,Y,Rachid Guerraoui,2026-09-18
"Gupta, Manish",2012,USA,For contributions to high performance computing software and compiler optimizations.,https://awards.acm.org/award-recipients/gupta_9121534,2026-09-13,https://dblp.org/pid/g/ManishGupta2,2026-09-17,Y,https://scholar.google.com/citations?user=fHISoWoAAAAJ,2026-09-17,Y,,
"Hershberger, John",2012,USA,For contributions to geometric computing and to design tools for integrated circuits.,https://awards.acm.org/award-recipients/hershberger_2869725,2026-09-13,https://dblp.org/pid/56/510,2026-09-17,Y,,,N,,
"Kahng, Andrew B.",2012,USA,For contributions to physical design automation and to design for manufacturability of microelectronic systems.,https://awards.acm.org/award-recipients/kahng_3483146,2026-09-13,https://dblp.org/pid/k/AndrewBKahng,2026-09-17,Y,https://scholar.google.com/citations?user=zQ9GU2EAAAAJ,2026-09-17,Y,Andrew B. Kahng,2026-09-18
"Karlin, Anna",2012,USA,For contributions to the design and analysis of algorithms and their use in the study of systems design.,https://awards.acm.org/award-recipients/karlin_3133790,2026-09-13,https://dblp.org/pid/k/AnnaRKarlin,2026-09-17,Y,https://scholar.google.com/citations?user=9ZGqm5QAAAAJ,2026-09-16,Y,Anna R. Karlin,2026-09-18
"Keshav, Srinivasan",2012,Canada,For contributions to computer communication networks and systems.,https://awards.acm.org/award-recipients/keshav_0714063,2026-09-13,https://dblp.org/pid/59/739,2026-09-17,Y,https://scholar.google.com/citations?user=-EMkK7QAAAAJ,2026-09-16,Y,Srinivasan Keshav,2026-09-18
"Kiczales, Gregor",2012,USA,For contributions to aspect-oriented programming language design and implementation.,https://awards.acm.org/award-recipients/kiczales_3170917,2026-09-13,https://dblp.org/pid/k/GregorKiczales,2026-09-17,Y,https://scholar.google.com/citations?user=Odh4GSYAAAAJ,2026-09-16,Y,Gregor Kiczales,2026-09-18
"Kitsuregawa, Masaru",2012,Japan,For contributions to high performance database systems.,https://awards.acm.org/award-recipients/kitsuregawa_4334298,2026-09-13,https://dblp.org/pid/k/MasaruKitsuregawa,2026-09-17,Y,,,N,Masaru Kitsuregawa,2026-09-18
"Libkin, Leonid",2012,USA,For contributions to finite model theory and database theory.,https://awards.acm.org/award-recipients/libkin_4391876,2026-09-13,https://dblp.org/pid/l/LeonidLibkin,2026-09-17,Y,https://scholar.google.com/citations?user=4q-MIB0AAAAJ,2026-09-16,Y,Leonid Libkin,2026-09-18
"Milo, Tova",2012,Israel,For contributions to database theory and business process management.,https://awards.acm.org/award-recipients/milo_7180652,2026-09-13,https://dblp.org/pid/m/TovaMilo,2026-09-17,Y,https://scholar.google.com/citations?user=X1-ovCkAAAAJ,2026-09-16,Y,Tova Milo,2026-09-18
"Nahrstedt, Klara",2012,USA,For contributions to quality-of-service management for distributed multimedia systems.,https://awards.acm.org/award-recipients/nahrstedt_4613253,2026-09-13,https://dblp.org/pid/45/3224,2026-09-17,Y,https://scholar.google.com/citations?user=TW0t25AAAAAJ,2026-09-16,Y,Klara Nahrstedt,2026-09-18
"O'Rourke, Joseph",2012,USA,For contributions to computational geometry and for broadening participation in computing.,https://awards.acm.org/award-recipients/orourke_1530385,2026-09-13,https://dblp.org/pid/o/JosephORourke,2026-09-17,Y,https://scholar.google.com/citations?user=AdrTURsAAAAJ,2026-09-16,Y,,
"Pierce, Benjamin C.",2012,USA,For contributions to the theory and practice of programming languages and their type systems.,https://awards.acm.org/award-recipients/pierce_4660460,2026-09-13,https://dblp.org/pid/p/BenjaminCPierce,2026-09-17,Y,https://scholar.google.com/citations?user=2kkddh0AAAAJ,2026-09-16,Y,Benjamin C. Pierce,2026-09-18
"Pingali, Keshav K",2012,USA,For contributions to data-centric parallel programming and to parallel compilation theory and practice.,https://awards.acm.org/award-recipients/pingali_3088747,2026-09-13,https://dblp.org/pid/71/5735,2026-09-17,Y,https://scholar.google.com/citations?user=02UU6wgAAAAJ,2026-09-16,Y,,
"Pitts, Andrew M",2012,United Kingdom,For contributions to the theory of programming language semantics.,https://awards.acm.org/award-recipients/pitts_4659264,2026-09-13,https://dblp.org/pid/p/AMPitts,2026-09-17,Y,https://scholar.google.com/citations?user=J1wRn3oAAAAJ,2026-09-16,Y,,
"Rastogi, Rajeev Ramnarain",2012,USA,For contributions to the analysis and management of large data sets.,https://awards.acm.org/award-recipients/rastogi_N030429,2026-09-13,https://dblp.org/pid/r/RajeevRastogi,2026-09-17,Y,https://scholar.google.com/citations?user=3ggE9SkAAAAJ,2026-09-16,Y,,
"Reddy, Raj",2012,USA,For pioneering the design and construction of large scale artificial intelligence systems,https://awards.acm.org/award-recipients/reddy_9634208,2026-09-13,https://dblp.org/pid/r/RajReddy,2026-09-17,Y,https://scholar.google.com/citations?user=mYu2uuIAAAAJ,2026-09-17,Y,Raj Reddy,2026-09-18
"Ross, Keith",2012,USA,For contributions to the design and modeling of computer networks and Internet applications.,https://awards.acm.org/award-recipients/ross_5425728,2026-09-13,https://dblp.org/pid/151/6229,2026-09-17,N,https://scholar.google.com/citations?user=RhUcYmQAAAAJ,2026-09-16,Y,Keith W. Ross,2026-09-18
"Sakallah, Karem",2012,USA,For algorithms for Boolean Satisfiability that advanced the state-of-the-art of hardware verification.,https://awards.acm.org/award-recipients/sakallah_3682317,2026-09-13,https://dblp.org/pid/34/5374,2026-09-17,Y,https://scholar.google.com/citations?user=M441iZ8AAAAJ,2026-09-16,Y,Karem A. Sakallah,2026-09-18
"Schreiber, Robert",2012,USA,"For contributions to matrix computations and to languages, compilers, and architectures for parallel scientific computing.",https://awards.acm.org/award-recipients/schreiber_3384971,2026-09-13,https://dblp.org/pid/69/2277,2026-09-17,Y,https://scholar.google.com/citations?user=APiItS4AAAAJ,2026-09-16,Y,,
"Scott, Steven",2012,USA,For contributions to the architecture of interconnection networks and supercomputers.,https://awards.acm.org/award-recipients/scott_3157930,2026-09-13,https://dblp.org/pid/313/4438,2026-09-17,N,,,N,,
"Selman, Bart",2012,Netherlands,For contributions to artificial intelligence with applications to automated reasoning and planning.,https://awards.acm.org/award-recipients/selman_0217398,2026-09-13,https://dblp.org/pid/s/BartSelman,2026-09-17,Y,https://scholar.google.com/citations?user=pJ28HA0AAAAJ,2026-09-16,Y,Bart Selman,2026-09-18
"Shamir, Ron",2012,Israel,For contributions to bioinformatics.,https://awards.acm.org/award-recipients/shamir_3130614,2026-09-13,https://dblp.org/pid/66/6913,2026-09-17,Y,https://scholar.google.com/citations?user=ri4rEPMAAAAJ,2026-09-16,Y,Ron Shamir,2026-09-18
"Shoham, Yoav",2012,USA,"For contributions at the intersection of artificial intelligence, logic, and economics.",https://awards.acm.org/award-recipients/shoham_2838361,2026-09-13,https://dblp.org/pid/s/YoavShoham,2026-09-17,Y,https://scholar.google.com/citations?user=fV5P_6MAAAAJ,2026-09-16,Y,,
"Sifakis, Joseph",2012,France,For contributions to hardware and software verification technology.,https://awards.acm.org/award-recipients/sifakis_1701095,2026-09-13,https://dblp.org/pid/s/JosephSifakis,2026-09-17,Y,https://scholar.google.com/citations?user=8jCwk4EAAAAJ,2026-09-17,Y,,
"Sinclair, Alistair",2012,USA,For contributions to randomized algorithms and their applications to statistical physics.,https://awards.acm.org/award-recipients/sinclair_6148019,2026-09-13,https://dblp.org/pid/s/AlistairSinclair,2026-09-17,Y,,,N,Alistair Sinclair,2026-09-18
"Stein, Clifford",2012,USA,For contributions to the theory of combinatorial optimization and to the design and analysis of graph algorithms.,https://awards.acm.org/award-recipients/stein_3733722,2026-09-13,https://dblp.org/pid/s/CliffordStein,2026-09-17,Y,https://scholar.google.com/citations?user=r49_E2cAAAAJ,2026-09-16,Y,Clifford Stein 0001,2026-09-18
"Stoica, Ion",2012,USA,"For contributions to networking, distributed systems, and cloud computing.",https://awards.acm.org/award-recipients/stoica_CR56854,2026-09-13,https://dblp.org/pid/s/IonStoica,2026-09-17,Y,https://scholar.google.com/citations?user=vN-is70AAAAJ,2026-09-16,Y,Ion Stoica,2026-09-18
"Tamassia, Roberto",2012,USA,"For contributions to graph drawing, algorithms and data structures and to computer science education.",https://awards.acm.org/award-recipients/tamassia_3474947,2026-09-13,https://dblp.org/pid/t/RobertoTamassia,2026-09-17,Y,https://scholar.google.com/citations?user=eEYPTKUAAAAJ,2026-09-16,Y,Roberto Tamassia,2026-09-18
"Tichy, Walter F.",2012,Germany,For contributions to software engineering and revision control systems.,https://awards.acm.org/award-recipients/tichy_1465905,2026-09-13,https://dblp.org/pid/t/WalterFTichy,2026-09-17,Y,https://scholar.google.com/citations?user=23RPQBQAAAAJ,2026-09-16,Y,Walter F. Tichy,2026-09-18
"Valduriez, Patrick",2012,France,For contributions to parallel and distributed data management.,https://awards.acm.org/award-recipients/valduriez_2852754,2026-09-13,https://dblp.org/pid/v/PatrickValduriez,2026-09-17,Y,https://scholar.google.com/citations?user=Vj0m2A0AAAAJ,2026-09-16,Y,,
"Valiant, Leslie G",2012,USA,For transformative contributions to the theory of computation.,https://awards.acm.org/award-recipients/valiant_2612174,2026-09-13,https://dblp.org/pid/v/LeslieGValiant,2026-09-17,Y,https://scholar.google.com/citations?user=H509xdsAAAAJ,2026-09-17,Y,Leslie G. Valiant,2026-09-18
"Yelick, Katherine",2012,USA,For contributions to parallel languages that improve programmer productivity.,https://awards.acm.org/award-recipients/yelick_3873601,2026-09-13,https://dblp.org/pid/y/KAYelick,2026-09-17,Y,https://scholar.google.com/citations?user=93yNuV0AAAAJ,2026-09-16,Y,Katherine A. Yelick,2026-09-18
"Zabih, Ramin",2012,USA,For contributions to discrete optimization in computer vision.,https://awards.acm.org/award-recipients/zabih_4467866,2026-09-13,https://dblp.org/pid/z/RaminZabih,2026-09-17,Y,https://scholar.google.com/citations?user=8Lp0W54AAAAJ,2026-09-16,Y,,
"Zhang, Xiaodong",2012,USA,For contributions to data and memory management in distributed systems.,https://awards.acm.org/award-recipients/zhang_3302635,2026-09-13,https://dblp.org/pid/37/4356,2026-09-17,N,https://scholar.google.com/citations?user=qFiMLsIAAAAJ,2026-09-16,Y,Xiaodong Zhang 0001,2026-09-18
"Abiteboul, Serge",2011,France,For contributions to the theory and practice of databases.,https://awards.acm.org/award-recipients/abiteboul_NB53173,2026-09-13,https://dblp.org/pid/a/SergeAbiteboul,2026-09-17,Y,https://scholar.google.com/citations?user=lk_jn24AAAAJ,2026-09-16,Y,Serge Abiteboul,2026-09-18
"Agrawal, Divyakant",2011,USA,For contributions to distributed data management systems.,https://awards.acm.org/award-recipients/agrawal_3166444,2026-09-13,https://dblp.org/pid/a/DivyakantAgrawal,2026-09-17,Y,https://scholar.google.com/citations?user=XcaEg-cAAAAJ,2026-09-16,Y,Divyakant Agrawal,2026-09-18
"Baecker, Ronald M",2011,USA,For contributions to human-computer interaction and computer animation.,https://awards.acm.org/award-recipients/baecker_1649771,2026-09-13,https://dblp.org/pid/b/RonaldBaecker,2026-09-17,Y,https://scholar.google.com/citations?user=-X6Rj5EAAAAJ,2026-09-16,Y,Ronald M. Baecker,2026-09-18
"Ball, Thomas",2011,USA,For contributions to software analysis and defect detection.,https://awards.acm.org/award-recipients/ball_3707775,2026-09-13,https://dblp.org/pid/296/1574-1,2026-09-17,Y,https://scholar.google.com/citations?user=d2f0VUQAAAAJ,2026-09-16,Y,,
"Blelloch, Guy",2011,USA,For contributions to parallel computing.,https://awards.acm.org/award-recipients/blelloch_3352499,2026-09-13,https://dblp.org/pid/b/GEBlelloch,2026-09-17,Y,https://scholar.google.com/citations?user=Z6nLCukAAAAJ,2026-09-16,Y,Guy E. Blelloch,2026-09-18
"Ebeling, Carl",2011,USA,For contributions to the architecture and design of reconfigurable systems.,https://awards.acm.org/award-recipients/ebeling_1915388,2026-09-13,https://dblp.org/pid/e/CarlEbeling,2026-09-17,Y,,,N,,
"Eppstein, David",2011,USA,For contributions to graph algorithms and computational geometry.,https://awards.acm.org/award-recipients/eppstein_3054103,2026-09-13,https://dblp.org/pid/e/DEppstein,2026-09-17,Y,https://scholar.google.com/citations?user=QSY7ufMAAAAJ,2026-09-16,Y,David Eppstein,2026-09-18
"Fox, Geoffrey",2011,USA,"For contributions to software applications for high-performance computing, and for diversity outreach.",https://awards.acm.org/award-recipients/fox_2961621,2026-09-13,https://dblp.org/pid/f/GeoffreyFox,2026-09-17,Y,https://scholar.google.com/citations?user=dJ-fD-sAAAAJ,2026-09-16,Y,Geoffrey C. Fox,2026-09-18
"Furnas, George",2011,USA,For contributions to human-computer interaction.,https://awards.acm.org/award-recipients/furnas_2334274,2026-09-13,https://dblp.org/pid/52/3166,2026-09-17,Y,https://scholar.google.com/citations?user=9tzvo38AAAAJ,2026-09-16,Y,,
"Gifford, David K",2011,USA,"For contributions to distributed systems, e-commerce and content distribution.",https://awards.acm.org/award-recipients/gifford_1281641,2026-09-13,https://dblp.org/pid/g/DavidKGifford,2026-09-17,Y,,,N,David K. Gifford,2026-09-18
"Govindan, Ramesh",2011,USA,For contributions to computer networking.,https://awards.acm.org/award-recipients/govindan_5808456,2026-09-13,https://dblp.org/pid/g/RameshGovindan,2026-09-17,Y,https://scholar.google.com/citations?user=ZTkRs84AAAAJ,2026-09-16,Y,Ramesh Govindan,2026-09-18
"Guo, Baining",2011,Canada,For contributions to computer graphics.,https://awards.acm.org/award-recipients/guo_4838059,2026-09-13,https://dblp.org/pid/44/3946,2026-09-17,Y,https://scholar.google.com/citations?user=h4kYmRYAAAAJ,2026-09-16,Y,,
"Heckerman, David",2011,USA,For contributions to reasoning and decision-making under uncertainty.,https://awards.acm.org/award-recipients/heckerman_UJ73150,2026-09-13,https://dblp.org/pid/h/DavidHeckerman,2026-09-17,Y,https://scholar.google.com/citations?user=VTGXKrYAAAAJ,2026-09-16,Y,,
"Holzmann, Gerard J.",2011,USA,For contributions to software verification by model checking.,https://awards.acm.org/award-recipients/holzmann_1625680,2026-09-13,https://dblp.org/pid/h/GerardJHolzmann,2026-09-17,Y,https://scholar.google.com/citations?user=thNT9QYAAAAJ,2026-09-16,Y,,
"Hoppe, Hugues",2011,USA,For contributions to computer graphics.,https://awards.acm.org/award-recipients/hoppe_4601894,2026-09-13,https://dblp.org/pid/25/6720,2026-09-17,Y,https://scholar.google.com/citations?user=RXrifC8AAAAJ,2026-09-16,Y,,
"Jensen, Christian S.",2011,Denmark,For contributions to temporal and spatio-temporal data management.,https://awards.acm.org/award-recipients/jensen_3676889,2026-09-13,https://dblp.org/pid/262/0478,2026-09-17,N,https://scholar.google.com/citations?user=wo20cPYAAAAJ,2026-09-16,Y,Christian S. Jensen,2026-09-18
"Karloff, Howard J",2011,USA,For contributions to the design and analysis of algorithms.,https://awards.acm.org/award-recipients/karloff_2184786,2026-09-13,https://dblp.org/pid/44/5186,2026-09-17,Y,https://scholar.google.com/citations?user=i5PazXwAAAAJ,2026-09-16,Y,,
"Keckler, Stephen",2011,USA,For contributions to computer architectures and technology modeling.,https://awards.acm.org/award-recipients/keckler_4044954,2026-09-13,https://dblp.org/pid/k/StephenWKeckler,2026-09-17,Y,https://scholar.google.com/citations?user=PpjjRvoAAAAJ,2026-09-16,Y,,
"Key, Peter B.",2011,United Kingdom,For network control and routing.,https://awards.acm.org/award-recipients/key_N019877,2026-09-13,https://dblp.org/pid/22/3458,2026-09-17,Y,https://scholar.google.com/citations?user=muWfggEAAAAJ,2026-09-16,Y,,
"Kirkpatrick, Scott",2011,USA,For simulated annealing and contributions to combinatorial optimization.,https://awards.acm.org/award-recipients/kirkpatrick_CR61160,2026-09-13,https://dblp.org/pid/85/6022,2026-09-17,N,https://scholar.google.com/citations?user=qlKWTsUAAAAJ,2026-09-16,Y,,
"Kraut, Robert E",2011,USA,For contributions to human-computer interaction.,https://awards.acm.org/award-recipients/kraut_1476423,2026-09-13,https://dblp.org/pid/k/RobertEKraut,2026-09-17,Y,https://scholar.google.com/citations?user=HKGYvu4AAAAJ,2026-09-16,Y,,
"Landau, Susan",2011,USA,For public policy leadership in security and privacy.,https://awards.acm.org/award-recipients/landau_2455723,2026-09-13,https://dblp.org/pid/44/6965,2026-09-17,Y,https://scholar.google.com/citations?user=6emSUYoAAAAJ,2026-09-16,Y,Susan Landau 0001,2026-09-18
"Lin, Ming C",2011,USA,For contributions to geometric modeling and computer graphics.,https://awards.acm.org/award-recipients/lin_5364120,2026-09-13,https://dblp.org/pid/289/3331,2026-09-17,N,https://scholar.google.com/citations?user=ugFNit4AAAAJ,2026-09-16,Y,Ming C. Lin,2026-09-18
"Magnusson, Peter",2011,Sweden,For contributions to full-system simulation.,https://awards.acm.org/award-recipients/magnusson_4793956,2026-09-13,https://dblp.org/pid/63/6851,2026-09-17,N,,,N,,
"Malkhi, Dahlia",2011,Israel,For contributions to fault-tolerant distributed computing.,https://awards.acm.org/award-recipients/malkhi_5043831,2026-09-13,https://dblp.org/pid/m/DahliaMalkhi,2026-09-17,Y,https://scholar.google.com/citations?user=A_VZ7N0AAAAJ,2026-09-16,Y,Dahlia Malkhi,2026-09-18
"Marzullo, Keith",2011,USA,For contributions to distributed systems and service to the computing community.,https://awards.acm.org/award-recipients/marzullo_3051828,2026-09-13,https://dblp.org/pid/m/KMarzullo,2026-09-17,Y,https://scholar.google.com/citations?user=hWzTk6MAAAAJ,2026-09-16,Y,Keith Marzullo,2026-09-18
"MATSUOKA, SATOSHI",2011,Japan,For contributions to the design of high-performance computers.,https://awards.acm.org/award-recipients/matsuoka_2964732,2026-09-13,https://dblp.org/pid/57/4464,2026-09-17,Y,https://scholar.google.com/citations?user=UcWOl8YAAAAJ,2026-09-16,Y,Satoshi Matsuoka,2026-09-18
"Max, Nelson",2011,USA,For contributions to visualization tools and computer animation.,https://awards.acm.org/award-recipients/max_1735901,2026-09-13,https://dblp.org/pid/06/3255,2026-09-17,Y,https://scholar.google.com/citations?user=di1ip9IAAAAJ,2026-09-16,Y,Nelson L. Max,2026-09-18
"Mitchell, Joseph",2011,USA,For contributions to geometric computing and approximation algorithms.,https://awards.acm.org/award-recipients/mitchell_3261294,2026-09-13,https://dblp.org/pid/167/3247,2026-09-17,N,https://scholar.google.com/citations?user=KICA5DoAAAAJ,2026-09-16,Y,Joseph S. B. Mitchell,2026-09-18
"Mukherjee, Shubu",2011,USA,For contributions to modeling and design of high-performance and soft-error tolerant microarchitectures.,https://awards.acm.org/award-recipients/mukherjee_4035622,2026-09-13,https://dblp.org/pid/64/992,2026-09-17,N,https://scholar.google.com/citations?user=tRaNOv4AAAAJ,2026-09-16,Y,,
"Ooi, Beng Chin",2011,Malaysia,For contributions to spatio-temporal and distributed data management.,https://awards.acm.org/award-recipients/ooi_4181533,2026-09-13,https://dblp.org/pid/o/BengChinOoi,2026-09-17,Y,https://scholar.google.com/citations?user=9560QjYAAAAJ,2026-09-16,Y,Beng Chin Ooi,2026-09-18
"Ozsoyoglu, Zehra",2011,Turkiye,For contributions to database management systems.,https://awards.acm.org/award-recipients/ozsoyoglu_1485481,2026-09-13,https://dblp.org/pid/o/ZMeralOzsoyoglu,2026-09-17,Y,https://scholar.google.com/citations?user=QRrrUU0AAAAJ,2026-09-16,Y,Z. Meral Özsoyoglu,2026-09-18
"Pach, Janos",2011,Hungary,For contributions to computational geometry.,https://awards.acm.org/award-recipients/pach_3536786,2026-09-13,https://dblp.org/pid/18/2119,2026-09-17,Y,https://scholar.google.com/citations?user=uOC_Z8QAAAAJ,2026-09-16,Y,,
"Petzold, Linda",2011,USA,For contributions to computational science.,https://awards.acm.org/award-recipients/petzold_4496873,2026-09-13,https://dblp.org/pid/03/3669,2026-09-17,Y,https://scholar.google.com/citations?user=6IxWYR0AAAAJ,2026-09-16,Y,Linda R. Petzold,2026-09-18
"Pollack, Martha",2011,USA,For contributions to planning systems design and for service to the computing community.,https://awards.acm.org/award-recipients/pollack_9212507,2026-09-13,https://dblp.org/pid/p/MEPollack,2026-09-17,Y,https://scholar.google.com/citations?user=5oU0wxcAAAAJ,2026-09-16,Y,Martha E. Pollack,2026-09-18
"Roth, Dan",2011,USA,For contributions to machine learning and natural language processing.,https://awards.acm.org/award-recipients/roth_3933512,2026-09-13,https://dblp.org/pid/59/857,2026-09-17,N,https://scholar.google.com/citations?user=E-bpPWgAAAAJ,2026-09-16,Y,Dan Roth 0001,2026-09-18
"Sanguinetti, John",2011,USA,For contributions to hardware simulation.,https://awards.acm.org/award-recipients/sanguinetti_1372366,2026-09-13,https://dblp.org/pid/60/6393,2026-09-17,Y,,,N,,
"Seltzer, Margo",2011,USA,For contributions to data management and computing systems.,https://awards.acm.org/award-recipients/seltzer_4169694,2026-09-13,https://dblp.org/pid/s/MargoISeltzer,2026-09-17,Y,https://scholar.google.com/citations?user=XeyiyUYAAAAJ,2026-09-16,Y,Margo I. Seltzer,2026-09-18
"Singhal, Amit",2011,USA,For contributions to search and information retrieval.,https://awards.acm.org/award-recipients/singhal_3910767,2026-09-13,https://dblp.org/pid/s/AmitSinghal,2026-09-17,Y,,,N,,
"Souvaine, Diane L",2011,USA,For contributions to computational geometry and for service on behalf of the computing community.,https://awards.acm.org/award-recipients/souvaine_N960492,2026-09-13,https://dblp.org/pid/s/DLSouvaine,2026-09-17,Y,https://scholar.google.com/citations?user=QTRDjTUAAAAJ,2026-09-16,Y,Diane L. Souvaine,2026-09-18
"Srivastava, Divesh",2011,USA,For contributions to query processing in data management systems.,https://awards.acm.org/award-recipients/srivastava_3365632,2026-09-13,https://dblp.org/pid/s/DiveshSrivastava,2026-09-17,Y,https://scholar.google.com/citations?user=kGKlHp0AAAAJ,2026-09-16,Y,,
"Suciu, Dan",2011,USA,For contributions to probabilistic databases and semistructured data.,https://awards.acm.org/award-recipients/suciu_4800801,2026-09-13,https://dblp.org/pid/71/7833,2026-09-17,N,https://scholar.google.com/citations?user=SIxd6jgAAAAJ,2026-09-16,Y,Dan Suciu,2026-09-18
"Tullsen, Dean",2011,USA,For contributions to the architecture of high-performance processors.,https://awards.acm.org/award-recipients/tullsen_4733242,2026-09-13,https://dblp.org/pid/t/DeanMTullsen,2026-09-17,Y,https://scholar.google.com/citations?user=h8wSTmMAAAAJ,2026-09-17,Y,Dean M. Tullsen,2026-09-18
"Vahdat, Amin",2011,USA,For contributions to data center scalability and management.,https://awards.acm.org/award-recipients/vahdat_C100426,2026-09-13,https://dblp.org/pid/v/AminVahdat,2026-09-17,Y,https://scholar.google.com/citations?user=r3aWCRUAAAAJ,2026-09-16,Y,,
"Wetherall, David",2011,Australia,For contributions to computer network design.,https://awards.acm.org/award-recipients/wetherall_4469821,2026-09-13,https://dblp.org/pid/w/DavidWetherall,2026-09-17,Y,https://scholar.google.com/citations?user=HeEBacsAAAAJ,2026-09-16,Y,,
"Zadeck, Frank Kenneth",2011,USA,For contributions to optimizing compilers.,https://awards.acm.org/award-recipients/zadeck_1746114,2026-09-13,https://dblp.org/pid/73/4688,2026-09-17,Y,,,N,,
"Abramson, David A",2010,Australia,For contributions to software engineering tools and techniques for high performance and distributed supercomputers.,https://awards.acm.org/award-recipients/abramson_2140366,2026-09-13,https://dblp.org/pid/09/6203,2026-09-17,Y,,,N,,
"Adve, Sarita",2010,India,"For contributions to hardware and language memory models, and to low-power and resilient systems.",https://awards.acm.org/award-recipients/adve_3453289,2026-09-13,https://dblp.org/pid/97/4181,2026-09-17,Y,https://scholar.google.com/citations?user=5m-oAesAAAAJ,2026-09-16,Y,Sarita V. Adve,2026-09-18
"Alvisi, Lorenzo",2010,Italy,"For contributions to fault-tolerant distributed computing, bridging theory and practice.",https://awards.acm.org/award-recipients/alvisi_CR82226,2026-09-13,https://dblp.org/pid/a/LAlvisi,2026-09-17,Y,https://scholar.google.com/citations?user=TIGS4c8AAAAJ,2026-09-16,Y,Lorenzo Alvisi,2026-09-18
"Barroso, Luiz Andre",2010,Brazil,"For contributions to multi-core computing, warehouse scale data-center architectures, and energy proportional computing.",https://awards.acm.org/award-recipients/barroso_UJ31885,2026-09-13,https://dblp.org/pid/b/LuizAndreBarroso,2026-09-18,Y,,,N,,
"Burger, Douglas C",2010,USA,For contributions to distributed microprocessor architectures and memory systems.,https://awards.acm.org/award-recipients/burger_4123196,2026-09-13,https://dblp.org/pid/b/DougBurger,2026-09-17,Y,https://scholar.google.com/citations?user=5JtQbw0AAAAJ,2026-09-16,Y,,
"Chayes, Jennifer",2010,USA,For contributions to the foundations of dynamic random networks in theoretical computer science.,https://awards.acm.org/award-recipients/chayes_9522152,2026-09-13,https://dblp.org/pid/c/JenniferTChayes,2026-09-17,Y,https://scholar.google.com/citations?user=YAHWbtkAAAAJ,2026-09-16,Y,Jennifer T. Chayes,2026-09-18
"Chen, Peter",2010,USA,For contributions to reliable storage and virtual machines.,https://awards.acm.org/award-recipients/chen_8258758,2026-09-13,https://dblp.org/pid/c/PeterMChen,2026-09-17,Y,https://scholar.google.com/citations?user=dVZNQqUAAAAJ,2026-09-16,Y,Peter M. Chen,2026-09-18
"Condon, Anne",2010,Canada,For contributions in complexity theory and leadership in advancing women in computing.,https://awards.acm.org/award-recipients/condon_3131430,2026-09-13,https://dblp.org/pid/c/AnneCondon,2026-09-17,Y,https://scholar.google.com/citations?user=SO_j4zwAAAAJ,2026-09-16,Y,Anne Condon,2026-09-18
"Crovella, Mark",2010,USA,For contributions to the measurement and analysis of networks and distributed systems.,https://awards.acm.org/award-recipients/crovella_3205903,2026-09-13,https://dblp.org/pid/c/MarkCrovella,2026-09-17,Y,https://scholar.google.com/citations?user=vrHhOlUAAAAJ,2026-09-16,Y,Mark Crovella,2026-09-18
"Cytron, Ron",2010,USA,For contributions to algorithms and implementations of automatic program parallelization.,https://awards.acm.org/award-recipients/cytron_3335866,2026-09-13,https://dblp.org/pid/c/RCytron,2026-09-17,Y,,,N,Ron Cytron,2026-09-18
"Dahlin, Michael D",2010,USA,For contributions to the science and engineering of large-scale distributed computer systems.,https://awards.acm.org/award-recipients/dahlin_4094785,2026-09-13,https://dblp.org/pid/d/MDahlin,2026-09-17,Y,https://scholar.google.com/citations?user=hdXvVdgAAAAJ,2026-09-16,Y,,
"El Abbadi, Amr",2010,USA,For contributions to scalable and fault-tolerant data management protocols,https://awards.acm.org/award-recipients/elabbadi_3151693,2026-09-13,https://dblp.org/pid/a/AmrElAbbadi,2026-09-17,Y,https://scholar.google.com/citations?user=tNmIw4MAAAAJ,2026-09-16,Y,Amr El Abbadi,2026-09-18
"Ellis, Carla S.",2010,USA,"For contributions to techniques for energy management technology in mobile devices, and for service to the computing community.",https://awards.acm.org/award-recipients/ellis_1446368,2026-09-13,https://dblp.org/pid/e/CSEllis,2026-09-17,Y,,,N,,
"Faloutsos, Christos",2010,USA,"For contributions to data mining, indexing, fractals, and power laws.",https://awards.acm.org/award-recipients/faloutsos_2583805,2026-09-13,https://dblp.org/pid/f/CFaloutsos,2026-09-17,Y,https://scholar.google.com/citations?user=nd8lQQIAAAAJ,2026-09-16,Y,Christos Faloutsos,2026-09-18
"Fisher, Kathleen S",2010,USA,"For contributions to programming language design, theory, and practice, and for service to the computing community.",https://awards.acm.org/award-recipients/fisher_4399903,2026-09-13,https://dblp.org/pid/83/5986,2026-09-17,Y,https://scholar.google.com/citations?user=8mi-oYYAAAAJ,2026-09-16,Y,,
"Goodman, James",2010,USA,For contributions to parallel processor and memory system design.,https://awards.acm.org/award-recipients/goodman_5275342,2026-09-13,https://dblp.org/pid/g/JamesRGoodman,2026-09-17,Y,https://scholar.google.com/citations?user=Qef1aiAAAAAJ,2026-09-16,Y,,
"Hall, Wendy",2010,United Kingdom,For contributions to the semantic web and web science and for service to ACM and the international computing community.,https://awards.acm.org/award-recipients/hall_4588422,2026-09-13,https://dblp.org/pid/h/WendyHall,2026-09-17,Y,https://scholar.google.com/citations?user=9NaDv3oAAAAJ,2026-09-16,Y,Wendy Hall 0001,2026-09-18
"Hubaux, Jean-Pierre",2010,Switzerland,For contributions to security in wireless networks.,https://awards.acm.org/award-recipients/hubaux_4702452,2026-09-13,https://dblp.org/pid/h/JPHubaux,2026-09-17,Y,https://scholar.google.com/citations?user=W7YBLlEAAAAJ,2026-09-16,Y,Jean-Pierre Hubaux,2026-09-18
"Jordan, Michael I.",2010,USA,For contributions to the theory and application of machine learning.,https://awards.acm.org/award-recipients/jordan_5177076,2026-09-13,https://dblp.org/pid/j/MichaelIJordan,2026-09-17,Y,https://scholar.google.com/citations?user=yxUduqMAAAAJ,2026-09-16,Y,Michael I. Jordan,2026-09-18
"Kavraki, Lydia",2010,Greece,For contributions to robotic motion planning and its application to computational biology.,https://awards.acm.org/award-recipients/kavraki_3691391,2026-09-13,https://dblp.org/pid/k/LydiaEKavraki,2026-09-17,Y,https://scholar.google.com/citations?user=Q6pxNZYAAAAJ,2026-09-16,Y,Lydia E. Kavraki,2026-09-18
"Kiesler, Sara",2010,USA,For contributions to Human Computer Interaction.,https://awards.acm.org/award-recipients/kiesler_4386785,2026-09-13,https://dblp.org/pid/k/SaraBKiesler,2026-09-17,Y,https://scholar.google.com/citations?user=8Qu_gAMAAAAJ,2026-09-16,Y,,
"Klein, Philip N",2010,USA,For contributions to graph algorithms.,https://awards.acm.org/award-recipients/klein_3469244,2026-09-13,https://dblp.org/pid/k/PhilipNKlein,2026-09-17,Y,https://scholar.google.com/citations?user=gVUD47sAAAAJ,2026-09-16,Y,Philip N. Klein,2026-09-18
"Kossmann, Donald",2010,Switzerland,For advances in XML data management and distributed information systems.,https://awards.acm.org/award-recipients/kossmann_4175188,2026-09-13,https://dblp.org/pid/k/DonaldKossmann,2026-09-17,Y,,,N,,
"Launchbury, John",2010,USA,For contributions to the development of functional programming.,https://awards.acm.org/award-recipients/launchbury_4652509,2026-09-13,https://dblp.org/pid/l/JLaunchbury,2026-09-17,Y,https://scholar.google.com/citations?user=00kXvqYAAAAJ,2026-09-16,Y,,
"Lyon, Richard F",2010,USA,For contributions to machine perception and for the invention of the optical mouse.,https://awards.acm.org/award-recipients/lyon_4734935,2026-09-13,https://dblp.org/pid/48/3021,2026-09-17,Y,https://scholar.google.com/citations?user=sJJamz4AAAAJ,2026-09-16,Y,,
"Mooney, Raymond",2010,USA,For contributions to machine learning and natural language processing,https://awards.acm.org/award-recipients/mooney_2689065,2026-09-13,https://dblp.org/pid/m/RaymondJMooney,2026-09-17,Y,https://scholar.google.com/citations?user=p9RsPG4AAAAJ,2026-09-16,Y,Raymond J. Mooney,2026-09-18
"Muthukrishnan, S.",2010,India,"For contributions to efficient algorithms for string matching, data streams, and internet ad auctions",https://awards.acm.org/award-recipients/muthukrishnan_NB36624,2026-09-13,https://dblp.org/pid/m/SMuthukrishnan,2026-09-17,Y,https://scholar.google.com/citations?user=MvyO9jAAAAAJ,2026-09-16,Y,,
"Pereira, Fernando",2010,USA,For contributions to machine-learning models of natural language and biological sequences.,https://awards.acm.org/award-recipients/pereira_5799408,2026-09-13,https://dblp.org/pid/95/3955,2026-09-17,N,https://scholar.google.com/citations?user=qWDmIgIAAAAJ,2026-09-16,Y,,
"Pevzner, Pavel",2010,USA,"For contribution to algorithms for genome rearrangements, DNA sequencing, and proteomics.",https://awards.acm.org/award-recipients/pevzner_4068235,2026-09-13,https://dblp.org/pid/p/PAPevzner,2026-09-17,Y,https://scholar.google.com/citations?user=rfS5yTMAAAAJ,2026-09-17,Y,Pavel A. Pevzner,2026-09-18
"Rombach, Dieter",2010,Germany,For contributions to empirical software engineering research and its successful application to industrial practice.,https://awards.acm.org/award-recipients/rombach_1728062,2026-09-13,https://dblp.org/pid/r/HDRombach,2026-09-17,Y,https://scholar.google.com/citations?user=T_618nIAAAAJ,2026-09-16,Y,H. Dieter Rombach,2026-09-18
"Rosenblum, David S.",2010,USA,"For contributions to software testing and distributed systems, and for service to the software engineering community.",https://awards.acm.org/award-recipients/rosenblum_2017093,2026-09-13,https://dblp.org/pid/r/DSRosenblum,2026-09-17,Y,https://scholar.google.com/citations?user=FyUQvCoAAAAJ,2026-09-16,Y,,
"Savage, Stefan",2010,USA,For contributions to large scale systems and network security.,https://awards.acm.org/award-recipients/savage_3734050,2026-09-13,https://dblp.org/pid/s/StefanSavage,2026-09-17,Y,https://scholar.google.com/citations?user=_JhgbioAAAAJ,2026-09-16,Y,Stefan Savage,2026-09-18
"Schnabel, Robert B",2010,USA,"For leadership of the computing community in education and diversity, and for contributions to numerical optimization.",https://awards.acm.org/award-recipients/schnabel_1716240,2026-09-13,https://dblp.org/pid/01/2335,2026-09-17,Y,,,N,Robert B. Schnabel,2026-09-18
"Spielman, Daniel A",2010,USA,For contributions to the design and analysis of algorithms.,https://awards.acm.org/award-recipients/spielman_4518643,2026-09-13,https://dblp.org/pid/s/DanielASpielman,2026-09-17,Y,https://scholar.google.com/citations?user=L82mYv8AAAAJ,2026-09-16,Y,Daniel A. Spielman,2026-09-18
"Suri, Subhash",2010,USA,"For algorithmic contributions in computational geometry, networks, and computational economics.",https://awards.acm.org/award-recipients/suri_3824919,2026-09-13,https://dblp.org/pid/s/SubhashSuri,2026-09-17,Y,https://scholar.google.com/citations?user=VgrH9A8AAAAJ,2026-09-16,Y,Subhash Suri,2026-09-18
"Tompa, Frank Wm",2010,Canada,For contributions to text-dominated and semi-structured data management.,https://awards.acm.org/award-recipients/tompa_1240787,2026-09-13,https://dblp.org/pid/t/FrankWmTompa,2026-09-17,Y,https://scholar.google.com/citations?user=sOl6-dEAAAAJ,2026-09-16,Y,,
"Torrellas, Josep",2010,USA,For contributions to shared-memory multiprocessor architectures and thread-level speculation.,https://awards.acm.org/award-recipients/torrellas_3248283,2026-09-13,https://dblp.org/pid/t/JosepTorrellas,2026-09-17,Y,https://scholar.google.com/citations?user=zdnAkgsAAAAJ,2026-09-16,Y,Josep Torrellas,2026-09-18
"Trimberger, Stephen",2010,USA,"For contributions to the design of programmable logic and reconfigurable architectures, and for the development of design automation tools that enable their use.",https://awards.acm.org/award-recipients/trimberger_2649929,2026-09-13,https://dblp.org/pid/98/1488,2026-09-17,Y,,,N,,
"Ungar, David M",2010,USA,For contributions to the design and implementation of object-oriented programming languages,https://awards.acm.org/award-recipients/ungar_1458462,2026-09-13,https://dblp.org/pid/84/5937,2026-09-17,Y,https://scholar.google.com/citations?user=wmKyC-EAAAAJ,2026-09-16,Y,,
"zeller, andreas",2010,Germany,"For contributions to automated debugging, and to mining software archives.",https://awards.acm.org/award-recipients/zeller_4138319,2026-09-13,https://dblp.org/pid/z/AndreasZeller,2026-09-17,Y,https://scholar.google.com/citations?user=-Qytr_YAAAAJ,2026-09-16,Y,Andreas Zeller,2026-09-18
"Zhai, Shumin",2010,USA,For contributions to human computer interface research and innovation.,https://awards.acm.org/award-recipients/zhai_4636791,2026-09-13,https://dblp.org/pid/z/ShuminZhai,2026-09-17,Y,https://scholar.google.com/citations?user=jJLvY8AAAAAJ,2026-09-16,Y,,
"Attiya, Hagit",2009,Israel,For contributions to distributed and parallel computing.,https://awards.acm.org/award-recipients/attiya_3834843,2026-09-13,https://dblp.org/pid/a/HagitAttiya,2026-09-17,Y,https://scholar.google.com/citations?user=eoMK92MAAAAJ,2026-09-16,Y,Hagit Attiya,2026-09-18
"Bacon, David F",2009,USA,For contributions to real-time systems and to object-oriented language design and implementation.,https://awards.acm.org/award-recipients/bacon_4810628,2026-09-13,https://dblp.org/pid/b/DavidFBacon,2026-09-17,Y,https://scholar.google.com/citations?user=guNVlmIAAAAJ,2026-09-16,Y,,
"Baeza-Yates, Ricardo A",2009,Chile,For contributions to the development of algorithms and information retrieval techniques.,https://awards.acm.org/award-recipients/baeza-yates_2551737,2026-09-13,https://dblp.org/pid/b/RABaezaYates,2026-09-17,Y,https://scholar.google.com/citations?user=v9xULZwAAAAJ,2026-09-16,Y,,
"Bajaj, Chandrajit L.",2009,USA,"For contributions to algorithms for geometric design, scientific visualization, computational biology and bioinformatics.",https://awards.acm.org/award-recipients/bajaj_5216692,2026-09-13,https://dblp.org/pid/b/ChandrajitLBajaj,2026-09-17,Y,https://scholar.google.com/citations?user=gyL3CZ0AAAAJ,2026-09-16,Y,Chandrajit L. Bajaj,2026-09-18
"Bhatkar, Vijay P",2009,India,"For contributions to computing technology, education and research.",https://awards.acm.org/award-recipients/bhatkar_1843762,2026-09-13,https://dblp.org/pid/18/4677,2026-09-17,Y,,,N,,
"Blakeley, Jose A",2009,USA,For contributions to database management systems and data access technologies.,https://awards.acm.org/award-recipients/blakeley_2189942,2026-09-13,https://dblp.org/pid/79/2594,2026-09-17,Y,https://scholar.google.com/citations?user=VV3ByXUAAAAJ,2026-09-16,Y,,
"Borriello, Gaetano",2009,USA,"For the design, realization, and integration of embedded and ubiquitous computing systems.",https://awards.acm.org/award-recipients/borriello_2947281,2026-09-13,https://dblp.org/pid/b/GBorriello,2026-09-17,Y,,,N,,
"Choudhary, Alok",2009,USA,"For contributions to HPC, storage and parallel I/O.",https://awards.acm.org/award-recipients/choudhary_3360559,2026-09-13,https://dblp.org/pid/73/11067,2026-09-17,N,https://scholar.google.com/citations?user=6nvFl5sAAAAJ,2026-09-16,Y,Alok N. Choudhary,2026-09-18
"Dale, Nell Boylan",2009,USA,For distinguished service to the ACM and her impact on computing education.,https://awards.acm.org/award-recipients/dale_1569201,2026-09-13,https://dblp.org/pid/13/1761,2026-09-17,Y,,,N,,
"Davie, Bruce",2009,USA,For contributions to computer networking.,https://awards.acm.org/award-recipients/davie_4274130,2026-09-13,https://dblp.org/pid/99/3875,2026-09-17,Y,https://scholar.google.com/citations?user=NzwUAfIAAAAJ,2026-09-16,Y,,
"Dean, Jeffrey A",2009,USA,For contributions to the science and engineering of large-scale distributed computer systems.,https://awards.acm.org/award-recipients/dean_2879385,2026-09-13,https://dblp.org/pid/d/JeffreyDean,2026-09-17,Y,,,N,,
"Dean, Thomas L",2009,USA,For the development of dynamic Bayes networks and anytime algorithms.,https://awards.acm.org/award-recipients/dean_3342086,2026-09-13,https://dblp.org/pid/71/9415,2026-09-17,Y,https://scholar.google.com/citations?user=zJd3D4YAAAAJ,2026-09-16,Y,,
"Donald, Bruce R.",2009,USA,"For contributions in robotics, MEMS, computational molecular biology.",https://awards.acm.org/award-recipients/donald_4504866,2026-09-13,https://dblp.org/pid/d/BRDonald,2026-09-18,Y,https://scholar.google.com/citations?user=TkayRqQAAAAJ,2026-09-16,Y,Bruce Randall Donald,2026-09-18
"Erickson, Thomas D",2009,USA,For contributions to interaction design and social computing and for outstanding service to ACM.,https://awards.acm.org/award-recipients/erickson_3354016,2026-09-13,https://dblp.org/pid/e/ThomasErickson,2026-09-17,Y,https://scholar.google.com/citations?user=e5yN9ewAAAAJ,2026-09-16,Y,,
"Esteves-Verissimo, Paulo",2009,Portugal,For contributions to dependable and secure distributed computing.,https://awards.acm.org/award-recipients/esteves-verissimo_4862710,2026-09-13,https://dblp.org/pid/v/PauloVerissimo,2026-09-17,Y,https://scholar.google.com/citations?user=aMHx8aUAAAAJ,2026-09-16,Y,Paulo Esteves Veríssimo,2026-09-18
"Fischer, Gerhard",2009,USA,For contributions to human computer interaction and computer-mediated lifelong learning.,https://awards.acm.org/award-recipients/fischer_1311901,2026-09-13,https://dblp.org/pid/f/GerhardFischer,2026-09-17,Y,,,N,,
"Foster, Ian T",2009,USA,"For work in parallel programming languages, collaborative and distributed computing.",https://awards.acm.org/award-recipients/foster_4001418,2026-09-13,https://dblp.org/pid/f/IanTFoster,2026-09-17,Y,https://scholar.google.com/citations?user=VGoSakQAAAAJ,2026-09-16,Y,Ian T. Foster,2026-09-18
"Goldberg, Andrew V",2009,USA,For contributions to fundamental theoretical and practical problems in the design and analysis of algorithms.,https://awards.acm.org/award-recipients/goldberg_2877256,2026-09-13,https://dblp.org/pid/g/AndrewVGoldberg,2026-09-17,Y,https://scholar.google.com/citations?user=U5iFVowAAAAJ,2026-09-16,Y,,
"Goodrich, Michael T",2009,USA,For contributions to data structures and algorithms for combinatorial and geometric problems.,https://awards.acm.org/award-recipients/goodrich_2308013,2026-09-13,https://dblp.org/pid/g/MichaelTGoodrich,2026-09-17,Y,https://scholar.google.com/citations?user=sSS9gSoAAAAJ,2026-09-16,Y,Michael T. Goodrich,2026-09-18
"Govindaraju, Venu",2009,USA,"For contributions to handwritten document image analysis, recognition, and retrieval.",https://awards.acm.org/award-recipients/govindaraju_5180419,2026-09-13,https://dblp.org/pid/g/VenuGovindaraju,2026-09-17,Y,https://scholar.google.com/citations?user=ruIgbscAAAAJ,2026-09-16,Y,Venu Govindaraju,2026-09-18
"Gupta, Rajiv",2009,USA,For contributions to program analysis and optimization and sustained professional service to the computer science research community.,https://awards.acm.org/award-recipients/gupta_3221918,2026-09-13,https://dblp.org/pid/181/2697,2026-09-17,N,https://scholar.google.com/citations?user=6P4bGWAAAAAJ,2026-09-16,Y,Rajiv Gupta 0001,2026-09-18
"Hellerstein, Joseph M",2009,USA,For contributions to database systems and data management.,https://awards.acm.org/award-recipients/hellerstein_4354833,2026-09-13,https://dblp.org/pid/h/JosephMHellerstein,2026-09-17,Y,https://scholar.google.com/citations?user=uFJi3IUAAAAJ,2026-09-16,Y,,
"Hendren, Laurie J",2009,Canada,"For contributions to program analysis of procedural, object-oriented and aspect-oriented programming languages.",https://awards.acm.org/award-recipients/hendren_2327567,2026-09-13,https://dblp.org/pid/h/LaurieJHendren,2026-09-17,Y,,,N,,
"Hoelzle, Urs",2009,USA,"For the design, engineering and operation of energy efficient large-scale cloud computing systems.",https://awards.acm.org/award-recipients/hoelzle_2674646,2026-09-13,https://dblp.org/pid/h/UrsHolzle,2026-09-17,Y,https://scholar.google.com/citations?user=3ox8XlUAAAAJ,2026-09-16,Y,,
"Jahanian, Farnam",2009,USA,For contributions to the dependability and security of networks and systems.,https://awards.acm.org/award-recipients/jahanian_4428199,2026-09-13,https://dblp.org/pid/90/6277,2026-09-17,Y,,,N,Farnam Jahanian,2026-09-18
"Kaltofen, Erich L",2009,USA,"For contributions to symbolic and algebraic computation, algebraic algorithms and complexity theory.",https://awards.acm.org/award-recipients/kaltofen_1728641,2026-09-13,https://dblp.org/pid/k/ErichKaltofen,2026-09-17,Y,https://scholar.google.com/citations?user=irht4jgAAAAJ,2026-09-16,Y,,
"Karger, David",2009,USA,For efficient algorithms for combinatorial optimization problems based on randomization.,https://awards.acm.org/award-recipients/karger_3831799,2026-09-13,https://dblp.org/pid/k/DavidRKarger,2026-09-17,Y,https://scholar.google.com/citations?user=2vQRGrYAAAAJ,2026-09-16,Y,David R. Karger,2026-09-18
"Kaufman, Arie E",2009,USA,For contributions to volume visualization and its applications.,https://awards.acm.org/award-recipients/kaufman_1430289,2026-09-13,https://dblp.org/pid/k/ArieEKaufman,2026-09-17,Y,https://scholar.google.com/citations?user=fDdcWBEAAAAJ,2026-09-16,Y,Arie E. Kaufman,2026-09-18
"Kriegel, Hans-Peter",2009,Germany,"For contributions to knowledge discovery and data mining, similarity search, spatial data management, and access methods for high-dimensional data.",https://awards.acm.org/award-recipients/kriegel_1732825,2026-09-13,https://dblp.org/pid/k/HansPeterKriegel,2026-09-17,Y,https://scholar.google.com/citations?user=DBf9LC4AAAAJ,2026-09-16,Y,Hans-Peter Kriegel,2026-09-18
"Lenzerini, Maurizio",2009,Italy,For contributions to data management and knowledge representation.,https://awards.acm.org/award-recipients/lenzerini_3958543,2026-09-13,https://dblp.org/pid/l/MLenzerini,2026-09-17,Y,https://scholar.google.com/citations?user=EYxaICEAAAAJ,2026-09-16,Y,Maurizio Lenzerini,2026-09-18
"Lui, John Chi-Shing",2009,China,For contributions to stochastic analysis of parallel storage and communication systems.,https://awards.acm.org/award-recipients/lui_4411187,2026-09-13,https://dblp.org/pid/l/JohnCSLui,2026-09-17,Y,,,N,John Chi-Shing Lui,2026-09-18
"Manocha, Dinesh",2009,USA,"For contributions to geometric computing and applications to computer graphics, robotics and GPU computing.",https://awards.acm.org/award-recipients/manocha_4274957,2026-09-13,https://dblp.org/pid/m/DineshManocha,2026-09-17,Y,https://scholar.google.com/citations?user=Nqawxa0AAAAJ,2026-09-17,Y,Dinesh Manocha,2026-09-18
"Martonosi, Margaret",2009,USA,For contributions in power-aware computing.,https://awards.acm.org/award-recipients/martonosi_4125274,2026-09-13,https://dblp.org/pid/m/MargaretMartonosi,2026-09-17,Y,https://scholar.google.com/citations?user=tgYsFS0AAAAJ,2026-09-16,Y,Margaret Martonosi,2026-09-18
"Matias, Yossi",2009,Israel,For contributions to the analysis of large data sets and data streams.,https://awards.acm.org/award-recipients/matias_4099198,2026-09-13,https://dblp.org/pid/m/YossiMatias,2026-09-17,Y,https://scholar.google.com/citations?user=IwSe1-MAAAAJ,2026-09-16,Y,Yossi Matias,2026-09-18
"Miller, Rj",2009,Canada,"For innovations in metadata management, especially the creation of tools to integrate, transform, query and analyze information.",https://awards.acm.org/award-recipients/miller_3973153,2026-09-13,https://dblp.org/pid/m/RJMiller,2026-09-17,Y,https://scholar.google.com/citations?user=NjeM1LsAAAAJ,2026-09-16,Y,Renée J. Miller,2026-09-18
"Riedl, John T",2009,USA,For contributions to recommender systems and to social and collaborative computing.,https://awards.acm.org/award-recipients/riedl_2663490,2026-09-13,https://dblp.org/pid/r/JRiedl,2026-09-17,Y,https://scholar.google.com/citations?user=iFWaKtMAAAAJ,2026-09-16,Y,,
"Rinard, Martin",2009,USA,For his contributions to program analysis for parallel computing and techniques for enabling software systems to execute successfully in the face of errors and failures.,https://awards.acm.org/award-recipients/rinard_NA19107,2026-09-13,https://dblp.org/pid/r/MartinCRinard,2026-09-17,Y,https://scholar.google.com/citations?user=hxlxVEUAAAAJ,2026-09-16,Y,Martin C. Rinard,2026-09-18
"Selinger, Patricia G.",2009,USA,For contributions to relational database technology.,https://awards.acm.org/award-recipients/selinger_UK15837,2026-09-13,https://dblp.org/pid/48/1954,2026-09-17,Y,,,N,,
"Shyamasundar, Rudrapatna K",2009,India,For contributions to real-time distributed programs and logic programming.,https://awards.acm.org/award-recipients/shyamasundar_4395026,2026-09-13,https://dblp.org/pid/s/RKShyamasundar,2026-09-17,Y,https://scholar.google.com/citations?user=gNhIpRwAAAAJ,2026-09-16,Y,,
"Teng, Shang-Hua",2009,USA,"For contributions to theoretical computer science, algorithms and interdisciplinary applications of computing.",https://awards.acm.org/award-recipients/teng_4791257,2026-09-13,https://dblp.org/pid/t/ShangHuaTeng,2026-09-17,Y,https://scholar.google.com/citations?user=JknkZcQAAAAJ,2026-09-17,Y,Shang-Hua Teng,2026-09-18
"Thekkath, Chandramohan A",2009,USA,"For contributions to operating systems, distributed systems, and scalable storage.",https://awards.acm.org/award-recipients/thekkath_3725660,2026-09-13,https://dblp.org/pid/13/3927,2026-09-17,Y,,,N,,
"Van Renesse, Robbert",2009,USA,For contributions to fault-tolerant distributed computing.,https://awards.acm.org/award-recipients/vanrenesse_3038106,2026-09-13,https://dblp.org/pid/r/RvRenesse,2026-09-17,Y,https://scholar.google.com/citations?user=uJbM58UAAAAJ,2026-09-16,Y,Robbert van Renesse,2026-09-18
"Vemuri, Baba C",2009,USA,For contributions to computer vision and medical image analysis.,https://awards.acm.org/award-recipients/vemuri_3677911,2026-09-13,https://dblp.org/pid/93/1847,2026-09-17,Y,https://scholar.google.com/citations?user=1fEZ_osAAAAJ,2026-09-16,Y,Baba C. Vemuri,2026-09-18
"Vetterli, Martin",2009,Switzerland,For contributions to multimedia compression and communication.,https://awards.acm.org/award-recipients/vetterli_8616534,2026-09-13,https://dblp.org/pid/v/MVetterli,2026-09-17,Y,https://scholar.google.com/citations?user=YQcU3NYAAAAJ,2026-09-16,Y,Martin Vetterli,2026-09-18
"Whang, Kyu-Young",2009,Republic of Korea,"For contributions to physical database design, query processing, and database management system architecture.",https://awards.acm.org/award-recipients/whang_1919729,2026-09-13,https://dblp.org/pid/w/KyuYoungWhang,2026-09-17,Y,https://scholar.google.com/citations?user=LZSo1YEAAAAJ,2026-09-16,Y,Kyu-Young Whang,2026-09-18
"Wilks, Yorick",2009,United Kingdom,For research on meaning-based understanding of natural language by computers.,https://awards.acm.org/award-recipients/wilks_2710333,2026-09-13,https://dblp.org/pid/w/YorickWilks,2026-09-17,Y,https://scholar.google.com/citations?user=NsHFYDcAAAAJ,2026-09-16,Y,,
"Winograd, Terry",2009,USA,"For contributions to AI, natural language processing, HCI, and human-centered design.",https://awards.acm.org/award-recipients/winograd_2634855,2026-09-13,https://dblp.org/pid/w/TerryWinograd,2026-09-17,Y,,,N,,
"Abadi, Martin",2008,USA,For contributions to computer security and verification of computer systems.,https://awards.acm.org/award-recipients/abadi_1389428,2026-09-13,https://dblp.org/pid/a/MartinAbadi,2026-09-17,Y,https://scholar.google.com/citations?user=vWTI60AAAAAJ,2026-09-16,Y,,
"Abowd, Gregory D.",2008,USA,"For contributions to ubiquitous computing research, with emphasis on applications for education, home and health.",https://awards.acm.org/award-recipients/abowd_N984112,2026-09-13,https://dblp.org/pid/a/GDAbowd,2026-09-17,Y,https://scholar.google.com/citations?user=gb8sbdcAAAAJ,2026-09-16,Y,Gregory D. Abowd,2026-09-18
"Aiken, Alex",2008,USA,For contributions to programming language theory and systems.,https://awards.acm.org/award-recipients/aiken_4206082,2026-09-13,https://dblp.org/pid/a/AAiken,2026-09-17,Y,https://scholar.google.com/citations?user=3vKjkoQAAAAJ,2026-09-16,Y,Alex Aiken,2026-09-18
"Arora, Sanjeev",2008,USA,For foundational work on probabilistically checkable proofs and approximate solutions to NP-hard optimization problems.,https://awards.acm.org/award-recipients/arora_N027029,2026-09-13,https://dblp.org/pid/a/SArora,2026-09-17,Y,https://scholar.google.com/citations?user=RUP4S68AAAAJ,2026-09-16,Y,Sanjeev Arora,2026-09-18
"Balakrishnan, Hari",2008,USA,For contributions to computer networking and distributed systems.,https://awards.acm.org/award-recipients/balakrishnan_4417077,2026-09-13,https://dblp.org/pid/b/HariBalakrishnan,2026-09-17,Y,https://scholar.google.com/citations?user=Qf4bw4UAAAAJ,2026-09-16,Y,Hari Balakrishnan,2026-09-18
"Buxton, William A.S.",2008,Canada,For contributions to the field of human-computer interaction.,https://awards.acm.org/award-recipients/buxton_7390685,2026-09-13,https://dblp.org/pid/b/WilliamBuxton,2026-09-17,Y,https://scholar.google.com/citations?user=yrWgTM8AAAAJ,2026-09-16,Y,,
"Clarkson, Kenneth L",2008,USA,For contributions to computational geometry.,https://awards.acm.org/award-recipients/clarkson_4491536,2026-09-13,https://dblp.org/pid/89/2783,2026-09-18,Y,https://scholar.google.com/citations?user=F7ODi8QAAAAJ,2026-09-16,Y,,
"Cong, Jason",2008,USA,For contributions to electronic design automation.,https://awards.acm.org/award-recipients/cong_2957967,2026-09-13,https://dblp.org/pid/c/JasonCong,2026-09-17,Y,https://scholar.google.com/citations?user=UVGe0gQAAAAJ,2026-09-16,Y,Jason Cong,2026-09-18
"Cook, Perry",2008,USA,"For contributions to computer music, physics-based sound synthesis and voice analysis/synthesis.",https://awards.acm.org/award-recipients/cook_4412276,2026-09-13,https://dblp.org/pid/33/6929,2026-09-17,Y,,,N,,
"Cook, Stephen A",2008,Canada,For fundamental contributions to the theory of computational complexity.,https://awards.acm.org/award-recipients/cook_N991950,2026-09-13,https://dblp.org/pid/c/StephenACook,2026-09-17,Y,https://scholar.google.com/citations?user=VGxPtzIAAAAJ,2026-09-17,Y,,
"Davidson, Jack",2008,USA,For contributions in compiler design and implementation.,https://awards.acm.org/award-recipients/davidson_1513993,2026-09-13,https://dblp.org/pid/d/JWDavidson,2026-09-17,Y,,,N,Jack W. Davidson,2026-09-18
"Dayal, Umeshwar",2008,USA,"For contributions to managing federated, active, and heterogeneous databases.",https://awards.acm.org/award-recipients/dayal_CR54528,2026-09-13,https://dblp.org/pid/76/2198,2026-09-17,Y,,,N,,
"Deng, Xiaotie",2008,China,For contributions to the interface of algorithmic methodology and game theory.,https://awards.acm.org/award-recipients/deng_3732898,2026-09-13,https://dblp.org/pid/d/XiaotieDeng,2026-09-17,Y,https://scholar.google.com/citations?user=OBUwP_oAAAAJ,2026-09-16,Y,Xiaotie Deng,2026-09-18
"Garcia-Luna-Aceves, J.J.",2008,USA,For contributions to the theory and design of computer communication protocols.,https://awards.acm.org/award-recipients/garcia-luna-aceves_4494258,2026-09-13,https://dblp.org/pid/g/JJGarciaLunaAceves,2026-09-17,Y,https://scholar.google.com/citations?user=wLtmXGQAAAAJ,2026-09-16,Y,J. J. Garcia-Luna-Aceves,2026-09-18
"Goemans, Michel X",2008,USA,For contributions to the theory of approximation algorithms and mathematical programming.,https://awards.acm.org/award-recipients/goemans_4568770,2026-09-13,https://dblp.org/pid/g/MichelXGoemans,2026-09-17,Y,https://scholar.google.com/citations?user=nf_EnbAAAAAJ,2026-09-16,Y,,
"Hanrahan, Pat",2008,USA,For contributions to rendering theory and systems.,https://awards.acm.org/award-recipients/hanrahan_4652251,2026-09-13,https://dblp.org/pid/h/PatHanrahan,2026-09-17,Y,https://scholar.google.com/citations?user=RzEnQmgAAAAJ,2026-09-17,Y,,
"House, Charles H",2008,USA,For distinguished service and contributions to ACM and the computing community.,https://awards.acm.org/award-recipients/house_4788345,2026-09-13,https://dblp.org/pid/47/1089,2026-09-17,Y,,,N,,
"Humphrey, Watts S",2008,USA,For contributions to software engineering process discipline.,https://awards.acm.org/award-recipients/humphrey_1884790,2026-09-13,https://dblp.org/pid/63/1672,2026-09-17,Y,,,N,,
"Kay, Alan",2008,United Kingdom,For fundamental contributions to personal computing and object-oriented programming.,https://awards.acm.org/award-recipients/kay_3972189,2026-09-13,https://dblp.org/pid/k/AlanCKay,2026-09-17,Y,,,N,,
"Konstan, Joseph A",2008,USA,For contributions to human-computer interaction.,https://awards.acm.org/award-recipients/konstan_2923662,2026-09-13,https://dblp.org/pid/09/3004,2026-09-17,Y,https://scholar.google.com/citations?user=PH4mytYAAAAJ,2026-09-16,Y,Joseph A. Konstan,2026-09-18
"Levin, Roy",2008,USA,For contributions to software and systems.,https://awards.acm.org/award-recipients/levin_1310671,2026-09-13,https://dblp.org/pid/83/749,2026-09-17,N,,,N,,
"Lowney, Paul G",2008,USA,For contributions to compiler technology and performance enhancement tools.,https://awards.acm.org/award-recipients/lowney_1760495,2026-09-13,https://dblp.org/pid/07/3011,2026-09-17,Y,,,N,,
"Malik, Jitendra",2008,USA,For contributions to computer vision.,https://awards.acm.org/award-recipients/malik_5874904,2026-09-13,https://dblp.org/pid/58/2944,2026-09-17,Y,https://scholar.google.com/citations?user=aOklxsQAAAAJ,2026-09-17,Y,Jitendra Malik,2026-09-18
"McKinley, Kathryn S",2008,USA,For contributions to compilers and memory management.,https://awards.acm.org/award-recipients/mckinley_3720018,2026-09-13,https://dblp.org/pid/m/KSMcKinley,2026-09-17,Y,https://scholar.google.com/citations?user=Rt1a5-6vh4UC,2026-09-16,Y,,
"Meyer, Bertrand",2008,Switzerland,For contributions to software engineering and programming languages.,https://awards.acm.org/award-recipients/meyer_0256073,2026-09-13,https://dblp.org/pid/m/BertrandMeyer,2026-09-17,Y,https://scholar.google.com/citations?user=W8nOgCwAAAAJ,2026-09-16,Y,,
"Mitchell, John C.",2008,USA,For contributions to the theory of programming languages.,https://awards.acm.org/award-recipients/mitchell_2036986,2026-09-13,https://dblp.org/pid/93/6977,2026-09-17,N,https://scholar.google.com/citations?user=1_kJPIEAAAAJ,2026-09-16,Y,John C. Mitchell,2026-09-18
"Moses, Joel",2008,USA,For developing the Macsyma computer system for formula manipulation.,https://awards.acm.org/award-recipients/moses_1041961,2026-09-13,https://dblp.org/pid/62/5917,2026-09-17,Y,,,N,Joel Moses,2026-09-18
"Munro, Ian",2008,Canada,For contributions to algorithms and data structures.,https://awards.acm.org/award-recipients/munro_1108943,2026-09-13,https://dblp.org/pid/m/JIanMunro,2026-09-17,Y,https://scholar.google.com/citations?user=O55rM6QAAAAJ,2026-09-16,Y,Ian Munro 0001,2026-09-18
"Olson, Judith S",2008,USA,For contributions to human-computer interaction and computer-supported cooperative work.,https://awards.acm.org/award-recipients/olson_2607695,2026-09-13,https://dblp.org/pid/04/1690,2026-09-17,Y,https://scholar.google.com/citations?user=xfwOz_kAAAAJ,2026-09-16,Y,Judith S. Olson,2026-09-18
"Paulson, Lawrence Charles",2008,United Kingdom,For contributions to theorem provers and verification techniques.,https://awards.acm.org/award-recipients/paulson_4585196,2026-09-13,https://dblp.org/pid/p/LCPaulson,2026-09-17,Y,,,N,,
"Pirahesh, Hamid",2008,USA,For contributions to query processing and query languages.,https://awards.acm.org/award-recipients/pirahesh_1636471,2026-09-13,https://dblp.org/pid/p/HamidPirahesh,2026-09-17,Y,https://scholar.google.com/citations?user=QQVlcOUAAAAJ,2026-09-16,Y,,
"Randell, Brian",2008,United Kingdom,For contributions to dependable computing and computer history.,https://awards.acm.org/award-recipients/randell_1049162,2026-09-13,https://dblp.org/pid/r/BrianRandell,2026-09-17,Y,https://scholar.google.com/citations?user=5sqk-sYAAAAJ,2026-09-16,Y,,
"Reiter, Michael",2008,USA,For contributions to computer security and fault-tolerant distributed computing.,https://awards.acm.org/award-recipients/reiter_NC55657,2026-09-13,https://dblp.org/pid/72/6232,2026-09-17,N,https://scholar.google.com/citations?user=GaRxukMAAAAJ,2026-09-16,Y,Michael Reiter,2026-09-18
"Rexford, Jennifer",2008,USA,For contributions to network control and management systems.,https://awards.acm.org/award-recipients/rexford_4157665,2026-09-13,https://dblp.org/pid/r/JenniferRexford,2026-09-17,Y,https://scholar.google.com/citations?user=07ds-DAAAAAJ,2026-09-16,Y,Jennifer Rexford,2026-09-18
"Rose, Jonathan",2008,Canada,For contributions to the architecture and computer-aided design of field-programmable gate arrays (FPGAs).,https://awards.acm.org/award-recipients/rose_2230928,2026-09-13,https://dblp.org/pid/r/JonathanRose,2026-09-17,Y,https://scholar.google.com/citations?user=Icox8ecAAAAJ,2026-09-16,Y,,
"Rosenblum, Mendel",2008,USA,For contributions to reinventing virtual machines.,https://awards.acm.org/award-recipients/rosenblum_4094918,2026-09-13,https://dblp.org/pid/r/MendelRosenblum,2026-09-17,Y,,,N,Mendel Rosenblum,2026-09-18
"Rutenbar, Rob A",2008,USA,For contributions to computer-aided design tools for mixed-signal integrated circuits.,https://awards.acm.org/award-recipients/rutenbar_1753128,2026-09-13,https://dblp.org/pid/r/RobARutenbar,2026-09-17,Y,https://scholar.google.com/citations?user=avq8-1QAAAAJ,2026-09-16,Y,Rob A. Rutenbar,2026-09-18
"Sandholm, Tuomas",2008,USA,For contributions to combinatorial auctions and mechanism design.,https://awards.acm.org/award-recipients/sandholm_4521530,2026-09-13,https://dblp.org/pid/s/TuomasSandholm,2026-09-17,Y,https://scholar.google.com/citations?user=0DpK1EMAAAAJ,2026-09-16,Y,Tuomas Sandholm,2026-09-18
"Sarkar, Vivek",2008,USA,For contributions to technologies for parallel computing.,https://awards.acm.org/award-recipients/sarkar_2125300,2026-09-13,https://dblp.org/pid/s/VivekSarkar,2026-09-17,Y,https://scholar.google.com/citations?user=XjeIqxYAAAAJ,2026-09-16,Y,Vivek Sarkar,2026-09-18
"Squillante, Mark S",2008,USA,For contributions to the theory and practice of stochastic modeling.,https://awards.acm.org/award-recipients/squillante_2571602,2026-09-13,https://dblp.org/pid/67/3865,2026-09-17,Y,https://scholar.google.com/citations?user=ScmX2AcAAAAJ,2026-09-16,Y,,
"Stenstrom, Per O",2008,Sweden,For contributions to the design of high-performance memory systems.,https://awards.acm.org/award-recipients/stenstrom_7463656,2026-09-13,https://dblp.org/pid/48/2905,2026-09-17,Y,https://scholar.google.com/citations?user=wsMoM6cAAAAJ,2026-09-16,Y,Per Stenström,2026-09-18
"Sudan, Madhu",2008,USA,For contributions to algorithms and complexity theory.,https://awards.acm.org/award-recipients/sudan_4863056,2026-09-13,https://dblp.org/pid/s/MadhuSudan,2026-09-17,Y,https://scholar.google.com/citations?user=D-RwB3YAAAAJ,2026-09-16,Y,Madhu Sudan 0001,2026-09-18
"Szeliski, Richard",2008,USA,For contributions to computational photography.,https://awards.acm.org/award-recipients/szeliski_2475143,2026-09-13,https://dblp.org/pid/46/2186,2026-09-17,Y,https://scholar.google.com/citations?user=3_u1jHQAAAAJ,2026-09-16,Y,,
"Terry, Douglas B",2008,USA,For contributions to distributed computing.,https://awards.acm.org/award-recipients/terry_1854348,2026-09-13,https://dblp.org/pid/06/965,2026-09-17,Y,https://scholar.google.com/citations?user=4ZYEiVEAAAAJ,2026-09-16,Y,,
"Agarwal, Anant",2007,USA,For contributions to parallel and reconfigurable computing.,https://awards.acm.org/award-recipients/agarwal_3320751,2026-09-13,https://dblp.org/pid/a/AAgarwal,2026-09-17,Y,https://scholar.google.com/citations?user=E6XXUFcAAAAJ,2026-09-16,Y,Anant Agarwal,2026-09-18
"Alur, Rajeev",2007,USA,For contributions to the specification and verification of reactive and hybrid systems.,https://awards.acm.org/award-recipients/alur_3671617,2026-09-13,https://dblp.org/pid/a/RAlur,2026-09-17,Y,https://scholar.google.com/citations?user=ZvLa1RIAAAAJ,2026-09-16,Y,Rajeev Alur,2026-09-18
"Banerjee, Utpal",2007,USA,For contributions to the mathematical foundations of optimizing parallelizing compilers.,https://awards.acm.org/award-recipients/banerjee_1882547,2026-09-13,https://dblp.org/pid/78/4723,2026-09-17,Y,,,N,,
"Beeri, Catriel",2007,Israel,For contributions to database theory.,https://awards.acm.org/award-recipients/beeri_1289180,2026-09-13,https://dblp.org/pid/b/CBeeri,2026-09-17,Y,,,N,,
"Blum, Avrim",2007,USA,For contributions to learning theory and algorithms.,https://awards.acm.org/award-recipients/blum_3732674,2026-09-13,https://dblp.org/pid/b/AvrimBlum,2026-09-17,Y,https://scholar.google.com/citations?user=Jlv4MR4AAAAJ,2026-09-16,Y,Avrim Blum,2026-09-18
"Brewer, Eric A.",2007,USA,"For the design of scalable, reliable internet services.",https://awards.acm.org/award-recipients/brewer_UI34063,2026-09-13,https://dblp.org/pid/b/EricABrewer,2026-09-17,Y,https://scholar.google.com/citations?user=BbzYzsgAAAAJ,2026-09-16,Y,,
"Broder, Andrei Z",2007,USA,For contributions to algorithms and web technology.,https://awards.acm.org/award-recipients/broder_N005132,2026-09-13,https://dblp.org/pid/09/4301,2026-09-17,Y,https://scholar.google.com/citations?user=7b858c0AAAAJ,2026-09-16,Y,,
"Cohen, Michael F.",2007,USA,For contributions to computer graphics and computer vision.,https://awards.acm.org/award-recipients/cohen_3186095,2026-09-13,https://dblp.org/pid/07/1994,2026-09-17,Y,https://scholar.google.com/citations?user=YAtwLpwAAAAJ,2026-09-16,Y,,
"Constantine, Larry",2007,USA,For contributions to software design.,https://awards.acm.org/award-recipients/constantine_3358900,2026-09-13,https://dblp.org/pid/81/6587,2026-09-17,Y,https://scholar.google.com/citations?user=sDomS30AAAAJ,2026-09-16,Y,,
"Dolev, Danny",2007,Israel,For contributions to fault-tolerant distributed computing.,https://awards.acm.org/award-recipients/dolev_1711167,2026-09-13,https://dblp.org/pid/d/DannyDolev,2026-09-17,Y,https://scholar.google.com/citations?user=RAt7zSUAAAAJ,2026-09-16,Y,Danny Dolev,2026-09-18
"Downey, Rodney",2007,New Zealand,For contributions to computability and complexity theory.,https://awards.acm.org/award-recipients/downey_4371977,2026-09-13,https://dblp.org/pid/d/RodneyGDowney,2026-09-17,Y,https://scholar.google.com/citations?user=9xo0qlMAAAAJ,2026-09-16,Y,,
"Feigenbaum, Edward A",2007,USA,For contributions to artificial intelligence.,https://awards.acm.org/award-recipients/feigenbaum_4167235,2026-09-13,https://dblp.org/pid/f/EdwardAFeigenbaum,2026-09-17,Y,,,N,,
"Felten, Edward",2007,USA,For contributions to security and the public policy of information technology.,https://awards.acm.org/award-recipients/felten_5140041,2026-09-13,https://dblp.org/pid/f/EdwardWFelten,2026-09-17,Y,https://scholar.google.com/citations?user=watx0IAAAAAJ,2026-09-16,Y,,
"Fortnow, Lance",2007,USA,For contributions to complexity theory.,https://awards.acm.org/award-recipients/fortnow_2834851,2026-09-13,https://dblp.org/pid/f/LanceFortnow,2026-09-17,Y,https://scholar.google.com/citations?user=Yf5wVssAAAAJ,2026-09-16,Y,Lance Fortnow,2026-09-18
"Gao, Guang",2007,China,For contributions to multiprocessor computers and compiler optimization techniques.,https://awards.acm.org/award-recipients/gao_1954601,2026-09-13,https://dblp.org/pid/79/2281,2026-09-17,N,,,N,,
"Gottlob, Georg",2007,Austria,For contributions to the theory of artificial intelligence and database systems.,https://awards.acm.org/award-recipients/gottlob_2684009,2026-09-13,https://dblp.org/pid/g/GeorgGottlob,2026-09-17,Y,https://scholar.google.com/citations?user=i72_SkUAAAAJ,2026-09-16,Y,Georg Gottlob,2026-09-18
"Hull, Richard",2007,USA,For contributions to data semantics and web services.,https://awards.acm.org/award-recipients/hull_1920347,2026-09-13,https://dblp.org/pid/h/RichardHull,2026-09-17,Y,https://scholar.google.com/citations?user=Yd6uJAgAAAAJ,2026-09-16,Y,,
"Huttenlocher, Daniel",2007,USA,For contributions to computer vision.,https://awards.acm.org/award-recipients/huttenlocher_3791746,2026-09-13,https://dblp.org/pid/h/DPHuttenlocher,2026-09-17,Y,https://scholar.google.com/citations?user=q16KVs0AAAAJ,2026-09-16,Y,Daniel P. Huttenlocher,2026-09-18
"Jiang, Tao",2007,USA,For contributions to computational biology and computational complexity.,https://awards.acm.org/award-recipients/jiang_3376910,2026-09-13,https://dblp.org/pid/j/TaoJiang-1,2026-09-17,Y,https://scholar.google.com/citations?user=XUhsCZwAAAAJ,2026-09-16,Y,Tao Jiang 0001,2026-09-18
"Klensin, John C",2007,USA,For contributions to networking standards and internet applications.,https://awards.acm.org/award-recipients/klensin_1101344,2026-09-13,https://dblp.org/pid/20/1355,2026-09-17,Y,,,N,,
"Lam, Monica",2007,USA,For contributions to compilers and program analysis.,https://awards.acm.org/award-recipients/lam_3416419,2026-09-13,https://dblp.org/pid/l/MonicaSLam,2026-09-17,Y,https://scholar.google.com/citations?user=4hS0jZ8AAAAJ,2026-09-16,Y,Monica Lam 0001,2026-09-18
"Levoy, Marc",2007,USA,For contributions to computer graphics.,https://awards.acm.org/award-recipients/levoy_2513653,2026-09-13,https://dblp.org/pid/l/MarcLevoy,2026-09-17,Y,https://scholar.google.com/citations?user=gbVh3PEAAAAJ,2026-09-16,Y,,
"Mishra, Bud",2007,USA,For contributions to symbolic computation and computational biology.,https://awards.acm.org/award-recipients/mishra_4137345,2026-09-13,https://dblp.org/pid/m/BhubaneswarMishra,2026-09-17,Y,https://scholar.google.com/citations?user=kXVBr20AAAAJ,2026-09-16,Y,Bud Mishra,2026-09-18
"Moss, Eliot",2007,USA,For contributions in transactions and memory management.,https://awards.acm.org/award-recipients/moss_1491653,2026-09-13,https://dblp.org/pid/m/JEliotBMoss,2026-09-17,Y,https://scholar.google.com/citations?user=yYtaDFUAAAAJ,2026-09-16,Y,,
"Motwani, Rajeev",2007,USA,For contributions to algorithms and complexity theory.,https://awards.acm.org/award-recipients/motwani_4305223,2026-09-13,https://dblp.org/pid/m/RajeevMotwani,2026-09-17,Y,,,N,,
"Odersky, Martin",2007,Switzerland,For contributions to functional and object-oriented programming languages.,https://awards.acm.org/award-recipients/odersky_3873304,2026-09-13,https://dblp.org/pid/o/MartinOdersky,2026-09-17,Y,https://scholar.google.com/citations?user=LbRD9tEAAAAJ,2026-09-16,Y,Martin Odersky,2026-09-18
"Olson, Gary M",2007,USA,For contributions to computer-supported collaborative work.,https://awards.acm.org/award-recipients/olson_2607703,2026-09-13,https://dblp.org/pid/o/GaryMOlson,2026-09-17,Y,https://scholar.google.com/citations?user=4XyoYbAAAAAJ,2026-09-16,Y,,
"Padua, David",2007,USA,For contributions to compiler support for parallel computing.,https://awards.acm.org/award-recipients/padua_4317590,2026-09-13,https://dblp.org/pid/p/DavidAPadua,2026-09-17,Y,https://scholar.google.com/citations?user=QaLf6bEAAAAJ,2026-09-16,Y,,
"Pausch, Randy",2007,USA,For contributions to the use of programming environments in education and entertainment.,https://awards.acm.org/award-recipients/pausch_3279411,2026-09-13,https://dblp.org/pid/p/RandyFPausch,2026-09-17,Y,,,N,,
"Pnueli, Amir",2007,USA,For contributions to program and system verification.,https://awards.acm.org/award-recipients/pnueli_4725172,2026-09-13,https://dblp.org/pid/p/AmirPnueli,2026-09-17,Y,,,N,,
"Prasanna, Viktor",2007,USA,"For contributions to parallel, distributed and reconfigurable computing.",https://awards.acm.org/award-recipients/prasanna_5198114,2026-09-13,https://dblp.org/pid/p/ViktorKPrasanna,2026-09-17,Y,https://scholar.google.com/citations?user=4FQXSP8AAAAJ,2026-09-16,Y,Viktor Prasanna 0001,2026-09-18
"Requicha, Aristides",2007,USA,For contributions to solid modeling and nanorobotics.,https://awards.acm.org/award-recipients/requicha_1452523,2026-09-13,https://dblp.org/pid/42/417,2026-09-17,Y,,,N,,
"Roberts, Eric S",2007,USA,For contributions to computer science education.,https://awards.acm.org/award-recipients/roberts_2086759,2026-09-13,https://dblp.org/pid/13/336,2026-09-17,Y,,,N,,
"Terzopoulos, Demetri",2007,USA,For contributions to computer graphics and vision.,https://awards.acm.org/award-recipients/terzopoulos_5090733,2026-09-13,https://dblp.org/pid/85/4738,2026-09-17,Y,https://scholar.google.com/citations?user=pKuBFaQAAAAJ,2026-09-16,Y,Demetri Terzopoulos,2026-09-18
"Thomas, Donald E",2007,USA,For contributions to computer-aided design of integrated circuits and systems.,https://awards.acm.org/award-recipients/thomas_1644756,2026-09-13,https://dblp.org/pid/t/DonaldEThomas,2026-09-17,Y,,,N,,
"Wadler, Philip",2007,United Kingdom,For contributions to the theory of programming languages.,https://awards.acm.org/award-recipients/wadler_3048733,2026-09-13,https://dblp.org/pid/w/PhilipWadler,2026-09-17,Y,https://scholar.google.com/citations?user=Iz-3VFQAAAAJ,2026-09-16,Y,Philip Wadler,2026-09-18
"Wand, Mitchell",2007,USA,For contributions to type theory and program analysis.,https://awards.acm.org/award-recipients/wand_1239896,2026-09-13,https://dblp.org/pid/w/MitchellWand,2026-09-17,Y,https://scholar.google.com/citations?user=Y0E0lsgAAAAJ,2026-09-16,Y,,
"Zhang, HongJiang",2007,China,For contributions to content-based analysis and retrieval of multimedia.,https://awards.acm.org/award-recipients/zhang_NC44438,2026-09-13,https://dblp.org/pid/z/HongJiangZhang,2026-09-17,Y,https://scholar.google.com/citations?user=u6wmNbQAAAAJ,2026-09-16,Y,,
"allender, eric",2006,USA,For contributions to computational complexity theory.,https://awards.acm.org/award-recipients/allender_1983055,2026-09-13,https://dblp.org/pid/a/EAllender,2026-09-17,Y,https://scholar.google.com/citations?user=dQwv9e4AAAAJ,2026-09-16,Y,Eric Allender,2026-09-18
Arvind,2006,USA,For contributions to dataflow computing and verification.,https://awards.acm.org/award-recipients/arvind_3667433,2026-09-13,https://dblp.org/pid/243/1137,2026-09-17,N,https://scholar.google.com/citations?user=_BqpjCgAAAAJ,2026-09-16,Y,,
"Atallah, Mikhail",2006,USA,For contributions to parallel and distributed computation.,https://awards.acm.org/award-recipients/atallah_1978675,2026-09-13,https://dblp.org/pid/a/MikhailJAtallah,2026-09-18,Y,https://scholar.google.com/citations?user=uc8_eH0AAAAJ,2026-09-16,Y,Mikhail J. Atallah,2026-09-18
"Chen, Ming-Syan",2006,Taiwan,For contributions to query processing and data mining.,https://awards.acm.org/award-recipients/chen_3402419,2026-09-13,https://dblp.org/pid/c/MingSyanChen,2026-09-17,Y,https://scholar.google.com/citations?user=KTmCrFkAAAAJ,2026-09-16,Y,,
"Dumais, Susan T",2006,USA,For research contributions to information retrieval and human-computer interaction.,https://awards.acm.org/award-recipients/dumais_2360550,2026-09-13,https://dblp.org/pid/d/SusanTDumais,2026-09-17,Y,https://scholar.google.com/citations?user=x8dED5cAAAAJ,2026-09-16,Y,,
"Fayyad, Usama M",2006,USA,"For contributions to machine learning, data mining and knowledge discovery.",https://awards.acm.org/award-recipients/fayyad_5186069,2026-09-13,https://dblp.org/pid/f/UsamaMFayyad,2026-09-17,Y,,,N,,
"Felleisen, Matthias",2006,USA,For contributions to programming languages and development environments.,https://awards.acm.org/award-recipients/felleisen_2089571,2026-09-13,https://dblp.org/pid/f/MFelleisen,2026-09-17,Y,https://scholar.google.com/citations?user=KP-Vo44AAAAJ,2026-09-16,Y,Matthias Felleisen,2026-09-18
"Forbus, Kenneth",2006,USA,For contributions to artificial intelligence and cognitive science.,https://awards.acm.org/award-recipients/forbus_2642585,2026-09-13,https://dblp.org/pid/f/KDForbus,2026-09-17,Y,https://scholar.google.com/citations?user=IdRYT-8AAAAJ,2026-09-16,Y,Kenneth D. Forbus,2026-09-18
"Gibbons, Phillip B",2006,USA,"For contributions to parallel computing, databases, and sensor networks.",https://awards.acm.org/award-recipients/gibbons_2965317,2026-09-13,https://dblp.org/pid/g/PhillipBGibbons,2026-09-17,Y,https://scholar.google.com/citations?user=F9kqUXkAAAAJ,2026-09-16,Y,Phillip B. Gibbons,2026-09-18
"Giles, Lee",2006,USA,For contributions to information processing and web analysis.,https://awards.acm.org/award-recipients/giles_5219597,2026-09-13,https://dblp.org/pid/g/CLeeGiles,2026-09-17,Y,https://scholar.google.com/citations?user=sAkg9T8AAAAJ,2026-09-16,Y,C. Lee Giles,2026-09-18
"Greenberg, Albert G",2006,USA,For contributions to Internet measurement and engineering.,https://awards.acm.org/award-recipients/greenberg_3415148,2026-09-13,https://dblp.org/pid/g/AlbertGGreenberg,2026-09-17,Y,,,N,,
"Gropp, William D",2006,USA,For contributions to message passing protocols.,https://awards.acm.org/award-recipients/gropp_2363075,2026-09-13,https://dblp.org/pid/g/WilliamGropp,2026-09-17,Y,https://scholar.google.com/citations?user=vB96fX8AAAAJ,2026-09-16,Y,William D. Gropp,2026-09-18
"Guerin, Roch",2006,USA,For contributions to the resource management of data networks.,https://awards.acm.org/award-recipients/guerin_5153150,2026-09-13,https://dblp.org/pid/15/745,2026-09-17,Y,https://scholar.google.com/citations?user=54w2_AcAAAAJ,2026-09-16,Y,Roch Guérin,2026-09-18
"Guttag, John",2006,USA,For contributions to algebraic specifications and abstract data types.,https://awards.acm.org/award-recipients/guttag_4811303,2026-09-13,https://dblp.org/pid/g/JohnVGuttag,2026-09-18,Y,https://scholar.google.com/citations?user=TvyZkdwAAAAJ,2026-09-16,Y,John V. Guttag,2026-09-18
"Haas, Laura M",2006,USA,"For research leadership, and contributions to federated database systems.",https://awards.acm.org/award-recipients/haas_1740851,2026-09-13,https://dblp.org/pid/h/LauraMHaas,2026-09-17,Y,https://scholar.google.com/citations?user=e9qUUSgAAAAJ,2026-09-16,Y,Laura M. Haas,2026-09-18
"Halevy, Alon Yitzchak",2006,USA,For contributions to data integration and knowledge representation.,https://awards.acm.org/award-recipients/halevy_5041603,2026-09-13,https://dblp.org/pid/h/AlonYHalevy,2026-09-17,Y,https://scholar.google.com/citations?user=F_MI0pcAAAAJ,2026-09-16,Y,,
"Hearn, Anthony C",2006,USA,For contributions to computer algebra and symbolic computation.,https://awards.acm.org/award-recipients/hearn_1069624,2026-09-13,https://dblp.org/pid/87/1081,2026-09-17,Y,,,N,,
"Henzinger, Thomas A",2006,Austria,For contributions to formal verification and hybrid systems.,https://awards.acm.org/award-recipients/henzinger_2854362,2026-09-13,https://dblp.org/pid/h/ThomasAHenzinger,2026-09-17,Y,https://scholar.google.com/citations?user=jpgplxUAAAAJ,2026-09-16,Y,Thomas A. Henzinger,2026-09-18
"Jouppi, Norman",2006,USA,For contributions to the design and analysis of high-performance processors and memory systems.,https://awards.acm.org/award-recipients/jouppi_2003499,2026-09-13,https://dblp.org/pid/j/NormanPJouppi,2026-09-17,Y,https://scholar.google.com/citations?user=GObyQBIAAAAJ,2026-09-16,Y,,
"Laird, John E.",2006,USA,For contributions to the development and application of cognitive architectures.,https://awards.acm.org/award-recipients/laird_1610138,2026-09-13,https://dblp.org/pid/l/JohnELaird,2026-09-17,Y,https://scholar.google.com/citations?user=ea6cjVUAAAAJ,2026-09-16,Y,,
"Larus, James",2006,USA,"For contributions to programming languages, compilers, and computer architecture.",https://awards.acm.org/award-recipients/larus_1713445,2026-09-13,https://dblp.org/pid/l/JamesRLarus,2026-09-17,Y,https://scholar.google.com/citations?user=xWZTGPUAAAAJ,2026-09-16,Y,,
"Leiserson, Charles E",2006,USA,For contributions to parallel and distributed computing.,https://awards.acm.org/award-recipients/leiserson_1506955,2026-09-13,https://dblp.org/pid/l/CELeiserson,2026-09-17,Y,https://scholar.google.com/citations?user=gWBoNCsAAAAJ,2026-09-16,Y,Charles E. Leiserson,2026-09-18
"Li, Ming",2006,Canada,For contributions to computational complexity and its applications.,https://awards.acm.org/award-recipients/li_6717615,2026-09-13,https://dblp.org/pid/l/MingLi1,2026-09-17,Y,https://scholar.google.com/citations?user=j1xcTB4AAAAJ,2026-09-16,Y,Ming Li 0001,2026-09-18
"McKeown, Nick",2006,USA,For contributions to network switching and queueing.,https://awards.acm.org/award-recipients/mckeown_4304689,2026-09-13,https://dblp.org/pid/m/NickMcKeown,2026-09-17,Y,https://scholar.google.com/citations?user=SqMUez0AAAAJ,2026-09-16,Y,,
"Moore, J Strother",2006,USA,For contributions to mechanized theorem proving.,https://awards.acm.org/award-recipients/moore_4797627,2026-09-13,https://dblp.org/pid/m/JStrotherMoore,2026-09-17,Y,https://scholar.google.com/citations?user=91fyr68AAAAJ,2026-09-16,Y,,
"Newell, Alan",2006,United Kingdom,For contributions to computer-based systems for people with disabilities.,https://awards.acm.org/award-recipients/newell_CL65900,2026-09-13,https://dblp.org/pid/132/1811,2026-09-17,N,,,N,,
"Norvig, Peter",2006,USA,For contributions to artificial intelligence and information retrieval.,https://awards.acm.org/award-recipients/norvig_4663209,2026-09-13,https://dblp.org/pid/n/PeterNorvig,2026-09-17,Y,,,N,,
"O'Leary, Dianne Prost",2006,USA,For mentoring activities and contributions to numerical algorithms.,https://awards.acm.org/award-recipients/oleary_1275429,2026-09-13,https://dblp.org/pid/o/DiannePOLeary,2026-09-17,Y,https://scholar.google.com/citations?user=5mXaSbgAAAAJ,2026-09-16,Y,,
"Olsen, Dan R",2006,USA,For contributions to user interface technology.,https://awards.acm.org/award-recipients/olsen_2000610,2026-09-13,https://dblp.org/pid/o/DanROlsen,2026-09-17,Y,,,N,,
"Olukotun, Oyekunle",2006,USA,For contributions to multiprocessors on a chip and multi threaded processor design.,https://awards.acm.org/award-recipients/olukotun_3961927,2026-09-13,https://dblp.org/pid/o/KunleOlukotun,2026-09-17,Y,https://scholar.google.com/citations?user=IzXDyR8AAAAJ,2026-09-16,Y,Kunle Olukotun,2026-09-18
"Ozsu, M. Tamer",2006,Canada,For contributions to distributed data management and service to the database community.,https://awards.acm.org/award-recipients/ozsu_1498880,2026-09-13,https://dblp.org/pid/o/MTamerOzsu,2026-09-17,Y,https://scholar.google.com/citations?user=dwxm_CoAAAAJ,2026-09-16,Y,M. Tamer Özsu,2026-09-18
"Paxson, Vern",2006,USA,For contributions to Internet measurement and intrusion detection.,https://awards.acm.org/award-recipients/paxson_3308434,2026-09-13,https://dblp.org/pid/p/VernPaxson,2026-09-17,Y,https://scholar.google.com/citations?user=HvwPRJ0AAAAJ,2026-09-16,Y,Vern Paxson,2026-09-18
"Scott, Michael",2006,USA,For contributions to system software for parallel and distributed computing.,https://awards.acm.org/award-recipients/scott_2109486,2026-09-13,https://dblp.org/pid/123/4969,2026-09-17,N,https://scholar.google.com/citations?user=PzaBy-UAAAAJ,2026-09-16,Y,Michael L. Scott,2026-09-18
"Shum, Heung-Yeung",2006,USA,For contributions to computer vision and computer graphics.,https://awards.acm.org/award-recipients/shum_4767844,2026-09-13,https://dblp.org/pid/s/HarryShum,2026-09-17,Y,https://scholar.google.com/citations?user=9akH-n8AAAAJ,2026-09-16,Y,,
"Spector, Alfred Z",2006,USA,For leadership and contributions to scalable distributed systems.,https://awards.acm.org/award-recipients/spector_CR79707,2026-09-13,https://dblp.org/pid/s/AlfredZSpector,2026-09-17,Y,,,N,,
"Vianu, Victor",2006,USA,For contributions to database management systems.,https://awards.acm.org/award-recipients/vianu_2108660,2026-09-13,https://dblp.org/pid/v/VictorVianu,2026-09-17,Y,,,N,Victor Vianu,2026-09-18
"Winslett, Marianne",2006,USA,For contributions to information management and security.,https://awards.acm.org/award-recipients/winslett_2577922,2026-09-13,https://dblp.org/pid/w/MarianneWinslett,2026-09-17,Y,https://scholar.google.com/citations?user=v5LmxOQAAAAJ,2026-09-16,Y,,
"Wolf, Alexander L",2006,USA,For research in distributed system software engineering and service to the community.,https://awards.acm.org/award-recipients/wolf_1889526,2026-09-13,https://dblp.org/pid/w/AlexanderLWolf,2026-09-17,Y,https://scholar.google.com/citations?user=21FXjJgAAAAJ,2026-09-16,Y,Alexander L. Wolf,2026-09-18
"York, Bryant W",2006,USA,For leadership in broadening participation in computing.,https://awards.acm.org/award-recipients/york_1471234,2026-09-13,https://dblp.org/pid/y/BryantWYork,2026-09-17,Y,,,N,,
"Zdonik, Stanley",2006,USA,For contributions to data management and database systems.,https://awards.acm.org/award-recipients/zdonik_1195676,2026-09-13,https://dblp.org/pid/z/SBZdonik,2026-09-17,Y,https://scholar.google.com/citations?user=k3YaoIEAAAAJ,2026-09-16,Y,,
"Zhang, Lixia",2006,USA,For contributions to protocol designs for packet switched networks.,https://awards.acm.org/award-recipients/zhang_2613263,2026-09-13,https://dblp.org/pid/122/9694,2026-09-17,N,https://scholar.google.com/citations?user=CZyWk8kAAAAJ,2026-09-16,Y,Lixia Zhang 0001,2026-09-18
"Anderson, Thomas",2005,USA,For contributions in distributed systems and computer networks.,https://awards.acm.org/award-recipients/anderson_3425501,2026-09-13,https://dblp.org/pid/a/ThomasEAnderson,2026-09-17,Y,https://scholar.google.com/citations?user=MYqlcPgAAAAJ,2026-09-16,Y,Thomas E. Anderson,2026-09-18
"Bjorner, Dines",2005,Denmark,For contributions to formal methods and for international leadership.,https://awards.acm.org/award-recipients/bjorner_1110022,2026-09-13,https://dblp.org/pid/b/DinesBjorner,2026-09-17,Y,https://scholar.google.com/citations?user=Ln22tW4AAAAJ,2026-09-16,Y,,
"Bourne, Stephen",2005,USA,For contributions to the development of UNIX and for effective leadership of ACM.,https://awards.acm.org/award-recipients/bourne_4808457,2026-09-13,https://dblp.org/pid/b/StephenRBourne,2026-09-17,Y,,,N,,
"Brooks, Rodney A",2005,USA,For contributions to artificial intelligence and robotics.,https://awards.acm.org/award-recipients/brooks_2810307,2026-09-13,https://dblp.org/pid/b/RodneyABrooks,2026-09-17,Y,,,N,,
"Chaudhuri, Surajit",2005,USA,For contributions to database query processing and optimization.,https://awards.acm.org/award-recipients/chaudhuri_3419371,2026-09-13,https://dblp.org/pid/c/SurajitChaudhuri,2026-09-17,Y,https://scholar.google.com/citations?user=ermwnH0AAAAJ,2026-09-16,Y,,
"Cooper, Keith",2005,USA,For contributions to the theory and practice of compiler construction.,https://awards.acm.org/award-recipients/cooper_2476356,2026-09-13,https://dblp.org/pid/c/KeithDCooper,2026-09-17,Y,https://scholar.google.com/citations?user=ubiUvvgAAAAJ,2026-09-16,Y,Keith D. Cooper,2026-09-18
"Dill, David",2005,USA,For contributions to system verification and for leadership in the development of verifiable voting systems.,https://awards.acm.org/award-recipients/dill_3232592,2026-09-13,https://dblp.org/pid/430/9070,2026-09-17,N,https://scholar.google.com/citations?user=uy8T6BYAAAAJ,2026-09-16,Y,,
"Diot, Christophe",2005,France,For contributions to the measurement and analysis of computer networks.,https://awards.acm.org/award-recipients/diot_N989889,2026-09-13,https://dblp.org/pid/98/739,2026-09-17,Y,https://scholar.google.com/citations?user=wtMGHCQAAAAJ,2026-09-16,Y,,
"Dubois, Michel",2005,USA,For contributions to multiprocessor memory system design.,https://awards.acm.org/award-recipients/dubois_2626471,2026-09-13,https://dblp.org/pid/80/1836,2026-09-17,N,,,N,,
"Franklin, Michael J",2005,USA,For contributions to distributed information management.,https://awards.acm.org/award-recipients/franklin_2892461,2026-09-13,https://dblp.org/pid/f/MJFranklin,2026-09-17,Y,https://scholar.google.com/citations?user=p0sQC6sAAAAJ,2026-09-16,Y,Michael J. Franklin,2026-09-18
"Frieder, Ophir",2005,USA,For contributions to search systems for distributed data.,https://awards.acm.org/award-recipients/frieder_4859195,2026-09-13,https://dblp.org/pid/f/OphirFrieder,2026-09-17,Y,https://scholar.google.com/citations?user=uUXCSMkAAAAJ,2026-09-16,Y,Ophir Frieder,2026-09-18
"Harper, Robert",2005,USA,For contributions to type systems for programming languages.,https://awards.acm.org/award-recipients/harper_4420774,2026-09-13,https://dblp.org/pid/h/RobertHarper,2026-09-17,Y,https://scholar.google.com/citations?user=sCPRIK0AAAAJ,2026-09-16,Y,Robert Harper 0001,2026-09-18
"Herlihy, Maurice",2005,USA,For contributions to distributed and parallel systems.,https://awards.acm.org/award-recipients/herlihy_1761345,2026-09-13,https://dblp.org/pid/h/MauriceHerlihy,2026-09-17,Y,https://scholar.google.com/citations?user=Ezrt3pkAAAAJ,2026-09-16,Y,Maurice Herlihy,2026-09-18
"Kolaitis, Phokion",2005,USA,For contributions to logic in computer science.,https://awards.acm.org/award-recipients/kolaitis_2330363,2026-09-13,https://dblp.org/pid/k/PGKolaitis,2026-09-17,Y,https://scholar.google.com/citations?user=cqnovfEAAAAJ,2026-09-16,Y,Phokion G. Kolaitis,2026-09-18
"kumar, vipin",2005,USA,For contributions to the design and analysis of parallel algorithms.,https://awards.acm.org/award-recipients/kumar_1736651,2026-09-13,https://dblp.org/pid/k/VipinKumar-1,2026-09-17,Y,https://scholar.google.com/citations?user=BnxU9TEAAAAJ,2026-09-16,Y,Vipin Kumar 0001,2026-09-18
"Lakshman, T V",2005,USA,For contributions to packet processing and traffic management algorithms.,https://awards.acm.org/award-recipients/lakshman_2112407,2026-09-13,https://dblp.org/pid/43/2247,2026-09-17,Y,https://scholar.google.com/citations?user=EzDbOKoAAAAJ,2026-09-16,Y,,
"Myers, Brad A",2005,USA,For contributions to interactive programming environments.,https://awards.acm.org/award-recipients/myers_1692086,2026-09-13,https://dblp.org/pid/54/1970,2026-09-17,Y,https://scholar.google.com/citations?user=E1cp_aYAAAAJ,2026-09-16,Y,Brad A. Myers,2026-09-18
"Nicol, David M",2005,USA,For contributions to discrete-event simulation.,https://awards.acm.org/award-recipients/nicol_2343671,2026-09-13,https://dblp.org/pid/n/DavidMNicol,2026-09-17,Y,https://scholar.google.com/citations?user=HIJ4KNgAAAAJ,2026-09-16,Y,,
"Palem, Krishna",2005,USA,For contributions to compiler optimization and embedded computing.,https://awards.acm.org/award-recipients/palem_2607406,2026-09-13,https://dblp.org/pid/41/4448,2026-09-18,Y,https://scholar.google.com/citations?user=TW6dnZUAAAAJ,2026-09-16,Y,Krishna V. Palem,2026-09-18
"Reps, Thomas",2005,USA,For contributions to automated program analysis and synthesis.,https://awards.acm.org/award-recipients/reps_2764926,2026-09-13,https://dblp.org/pid/r/TWReps,2026-09-17,Y,https://scholar.google.com/citations?user=pwhyTq0AAAAJ,2026-09-16,Y,Thomas W. Reps,2026-09-18
"Sha, Lui",2005,USA,For contributions to real-time systems.,https://awards.acm.org/award-recipients/sha_5175641,2026-09-13,https://dblp.org/pid/67/5282,2026-09-17,Y,https://scholar.google.com/citations?user=SlXqNooAAAAJ,2026-09-16,Y,Lui Sha,2026-09-18
"Thorup, Mikkel",2005,Denmark,For contributions to algorithms and data structures.,https://awards.acm.org/award-recipients/thorup_N004960,2026-09-13,https://dblp.org/pid/t/MikkelThorup,2026-09-17,Y,https://scholar.google.com/citations?user=UPBuOPIAAAAJ,2026-09-16,Y,Mikkel Thorup,2026-09-18
"Upfal, Eli",2005,USA,For contributions to parallel and stochastic networks.,https://awards.acm.org/award-recipients/upfal_5076278,2026-09-13,https://dblp.org/pid/u/EliUpfal,2026-09-17,Y,https://scholar.google.com/citations?user=O_7MVDIAAAAJ,2026-09-16,Y,Eli Upfal,2026-09-18
"Vazirani, Umesh",2005,USA,For contributions to theoretical computer science and quantum computation.,https://awards.acm.org/award-recipients/vazirani_UK41587,2026-09-13,https://dblp.org/pid/v/UVVazirani,2026-09-17,Y,,,N,Umesh V. Vazirani,2026-09-18
"Vazirani, Vijay V",2005,USA,For contributions to optimization and approximation algorithms.,https://awards.acm.org/award-recipients/vazirani_UK17331,2026-09-13,https://dblp.org/pid/84/5806,2026-09-17,Y,https://scholar.google.com/citations?user=8eB7Q1kAAAAJ,2026-09-16,Y,Vijay V. Vazirani,2026-09-18
"Want, Roy",2005,USA,For contributions to mobile and ubiquitous systems.,https://awards.acm.org/award-recipients/want_4646733,2026-09-13,https://dblp.org/pid/05/1220,2026-09-17,Y,https://scholar.google.com/citations?user=z_p2Kr8AAAAJ,2026-09-16,Y,,
"Weikum, Gerhard",2005,Germany,For contributions to distributed database systems.,https://awards.acm.org/award-recipients/weikum_2380772,2026-09-13,https://dblp.org/pid/w/GerhardWeikum,2026-09-17,Y,https://scholar.google.com/citations?user=vNAD0mAAAAAJ,2026-09-16,Y,Gerhard Weikum [INF],2026-09-18
"Weiser, Uri",2005,Israel,For leadership in superscalar processors and multimedia architectures.,https://awards.acm.org/award-recipients/weiser_5213699,2026-09-13,https://dblp.org/pid/35/1243,2026-09-17,Y,https://scholar.google.com/citations?user=ctN8BtoAAAAJ,2026-09-16,Y,Uri C. Weiser,2026-09-18
"Weld, Daniel",2005,USA,For contributions to planning algorithms.,https://awards.acm.org/award-recipients/weld_3459088,2026-09-13,https://dblp.org/pid/w/DanielSWeld,2026-09-17,Y,https://scholar.google.com/citations?user=IUZgJogAAAAJ,2026-09-16,Y,,
"Wellman, Michael",2005,USA,For contributions to market-based and decentralized computation,https://awards.acm.org/award-recipients/wellman_3645520,2026-09-13,https://dblp.org/pid/w/MichaelPWellman,2026-09-17,Y,https://scholar.google.com/citations?user=UruIct4AAAAJ,2026-09-16,Y,Michael P. Wellman,2026-09-18
"Widom, Jennifer",2005,USA,For contributions to active and semi-structured database systems.,https://awards.acm.org/award-recipients/widom_2272011,2026-09-13,https://dblp.org/pid/w/JenniferWidom,2026-09-17,Y,https://scholar.google.com/citations?user=zdKmnYwAAAAJ,2026-09-16,Y,Jennifer Widom,2026-09-18
"Willinger, Walter",2005,USA,For contributions to the analysis of data networks and protocols.,https://awards.acm.org/award-recipients/willinger_UJ65469,2026-09-13,https://dblp.org/pid/w/WalterWillinger,2026-09-17,Y,https://scholar.google.com/citations?user=q33fP9sAAAAJ,2026-09-16,Y,,
"Wood, David A",2005,USA,For contributions to shared-memory multiprocessing.,https://awards.acm.org/award-recipients/wood_2100675,2026-09-13,https://dblp.org/pid/w/DavidAWood,2026-09-17,Y,https://scholar.google.com/citations?user=UCiXhq4AAAAJ,2026-09-16,Y,,
"Zhang, Hui",2005,USA,"For contributions to network architecture, protocols and algorithms.",https://awards.acm.org/award-recipients/zhang_3886843,2026-09-13,https://dblp.org/pid/z/HuiZhang1,2026-09-18,Y,https://scholar.google.com/citations?user=UMll0FcAAAAJ,2026-09-16,Y,,
"Bose, Bella",2004,USA,For contributions to error-correcting codes.,https://awards.acm.org/award-recipients/bose_1683242,2026-09-13,https://dblp.org/pid/b/BellaBose,2026-09-17,Y,https://scholar.google.com/citations?user=aFFq934AAAAJ,2026-09-16,Y,Bella Bose,2026-09-18
"Bubenko, Janis A",2004,Sweden,For leadership in Information Systems.,https://awards.acm.org/award-recipients/bubenko_1033935,2026-09-13,https://dblp.org/pid/b/JABubenko,2026-09-17,Y,,,N,,
"Cardelli, Luca",2004,United Kingdom,For contributions to object-oriented programming languages.,https://awards.acm.org/award-recipients/cardelli_4301529,2026-09-13,https://dblp.org/pid/c/LucaCardelli,2026-09-17,Y,https://scholar.google.com/citations?user=npBTgSsAAAAJ,2026-09-16,Y,Luca Cardelli,2026-09-18
"Chien, Andrew A",2004,USA,For contributions to high-performance computing systems.,https://awards.acm.org/award-recipients/chien_2765501,2026-09-13,https://dblp.org/pid/75/6169,2026-09-17,N,https://scholar.google.com/citations?user=zkqz0_0AAAAJ,2026-09-16,Y,Andrew A. Chien,2026-09-18
"Collins, George E",2004,USA,For contributions to symbolic computation.,https://awards.acm.org/award-recipients/collins_1005040,2026-09-13,https://dblp.org/pid/15/3541,2026-09-17,Y,,,N,,
"Emer, Joel",2004,USA,For contributions to computer architecture and performance analysis.,https://awards.acm.org/award-recipients/emer_2328912,2026-09-13,https://dblp.org/pid/73/2231,2026-09-17,Y,https://scholar.google.com/citations?user=mI3mfHcAAAAJ,2026-09-16,Y,,
"Gottlieb, Allan",2004,USA,For contributions to shared-memory multiprocessing.,https://awards.acm.org/award-recipients/gottlieb_1485069,2026-09-13,https://dblp.org/pid/46/6176,2026-09-17,Y,https://scholar.google.com/citations?user=0i78Y_EAAAAJ,2026-09-16,Y,,
"Hanson, Vicki",2004,USA,For contributions to computing technologies for people with disabilities.,https://awards.acm.org/award-recipients/hanson_4186888,2026-09-13,https://dblp.org/pid/38/3540,2026-09-17,Y,,,N,Vicki L. Hanson,2026-09-18
"Hill, Mark D.",2004,USA,For contributions to memory consistency models and memory system design.,https://awards.acm.org/award-recipients/hill_2155109,2026-09-13,https://dblp.org/pid/h/MarkDHill,2026-09-17,Y,https://scholar.google.com/citations?user=7lVfIWYAAAAJ,2026-09-16,Y,,
"Ioannidis, Yannis",2004,Greece,"For contributions to database systems, particularly query optimization.",https://awards.acm.org/award-recipients/ioannidis_2446300,2026-09-13,https://dblp.org/pid/i/YEIoannidis,2026-09-17,Y,https://scholar.google.com/citations?user=MIfpzUQAAAAJ,2026-09-16,Y,Yannis E. Ioannidis,2026-09-18
"Kaashoek, Frans",2004,USA,"For contributions to distributed, mobile, and parallel systems.",https://awards.acm.org/award-recipients/kaashoek_3218864,2026-09-13,https://dblp.org/pid/k/MFransKaashoek,2026-09-17,Y,https://scholar.google.com/citations?user=YCoLskoAAAAJ,2026-09-16,Y,M. Frans Kaashoek,2026-09-18
"larson, per-ake",2004,Canada,For contributions to query processing and access methods in database systems.,https://awards.acm.org/award-recipients/larson_1722404,2026-09-13,https://dblp.org/pid/l/PALarson,2026-09-17,Y,https://scholar.google.com/citations?user=V0lHiEoAAAAJ,2026-09-16,Y,,
"Lee, Peter",2004,USA,For contributions to the security of mobile code.,https://awards.acm.org/award-recipients/lee_2941862,2026-09-13,https://dblp.org/pid/122/7785-6,2026-09-17,N,,,N,,
"Mockapetris, Paul",2004,USA,"For contributions to the Internet, including the development of domain and email protocols.",https://awards.acm.org/award-recipients/mockapetris_3342151,2026-09-13,https://dblp.org/pid/m/PaulVMockapetris,2026-09-17,Y,,,N,,
"Peyton-Jones, Simon L",2004,United Kingdom,For contributions to functional programming languages.,https://awards.acm.org/award-recipients/peyton-jones_2286110,2026-09-13,https://dblp.org/pid/j/SimonLPeytonJones,2026-09-17,Y,https://scholar.google.com/citations?user=QsX7G-cAAAAJ,2026-09-16,Y,,
"Schantz, Richard",2004,USA,For contributions to object-oriented distributed computing.,https://awards.acm.org/award-recipients/schantz_5183520,2026-09-13,https://dblp.org/pid/49/617,2026-09-17,Y,,,N,,
"Schroeder, Michael D",2004,USA,"For contributions to distributed computing systems, security, and networking.",https://awards.acm.org/award-recipients/schroeder_1238062,2026-09-13,https://dblp.org/pid/s/MichaelDSchroeder,2026-09-17,Y,,,N,,
"Vassiliadis, Stamatis",2004,Netherlands,For inventions in processor architecture and design.,https://awards.acm.org/award-recipients/vassiliadis_4108874,2026-09-13,https://dblp.org/pid/v/SVassiliadis,2026-09-17,Y,,,N,,
"Wah, Benjamin W.",2004,Hong Kong,For leadership in the computer science community and contributions to system optimization.,https://awards.acm.org/award-recipients/wah_1611615,2026-09-13,https://dblp.org/pid/w/BenjaminWWah,2026-09-17,Y,https://scholar.google.com/citations?user=WL8igVEAAAAJ,2026-09-16,Y,Benjamin W. Wah,2026-09-18
"Wise, David S",2004,USA,For leadership in the computer science community and contributions to functional programming languages.,https://awards.acm.org/award-recipients/wise_1041425,2026-09-13,https://dblp.org/pid/56/4545,2026-09-17,Y,,,N,,
"Agrawal, Rakesh",2003,USA,For contributions to data mining.,https://awards.acm.org/award-recipients/agrawal_5033774,2026-09-13,https://dblp.org/pid/a/RAgrawal,2026-09-17,Y,https://scholar.google.com/citations?user=4XSG7v4AAAAJ,2026-09-16,Y,,
"Ammar, Mostafa",2003,USA,For contributions to the design of systems and protocols for scalable network services.,https://awards.acm.org/award-recipients/ammar_2417426,2026-09-13,https://dblp.org/pid/a/MHAmmar,2026-09-17,Y,https://scholar.google.com/citations?user=OT79Y9UAAAAJ,2026-09-16,Y,Mostafa H. Ammar,2026-09-18
"Bahl, Victor",2003,USA,"For contributions to wireless communication systems, and for leadership in the mobile computing and communications community.",https://awards.acm.org/award-recipients/bahl_4616751,2026-09-13,https://dblp.org/pid/b/ParamvirBahl,2026-09-17,Y,https://scholar.google.com/citations?user=BBKfx4oAAAAJ,2026-09-16,Y,,
"Berger, Bonnie",2003,USA,For contributions to Computational Molecular Biology.,https://awards.acm.org/award-recipients/berger_4416681,2026-09-13,https://dblp.org/pid/b/BonnieBerger,2026-09-17,Y,https://scholar.google.com/citations?user=bYjKaowAAAAJ,2026-09-16,Y,Bonnie Berger,2026-09-18
"Bertino, Elisa",2003,USA,For contributions to secure database systems.,https://awards.acm.org/award-recipients/bertino_2269926,2026-09-13,https://dblp.org/pid/b/ElisaBertino,2026-09-17,Y,https://scholar.google.com/citations?user=EfuT9RoAAAAJ,2026-09-16,Y,Elisa Bertino,2026-09-18
"Carroll, John Millar",2003,USA,For contributions to human-computer interaction.,https://awards.acm.org/award-recipients/carroll_3680246,2026-09-13,https://dblp.org/pid/c/JohnACarroll,2026-09-17,N,https://scholar.google.com/citations?user=7Mg8JZMAAAAJ,2026-09-16,Y,John Millar Carroll,2026-09-18
"DeMillo, Richard",2003,USA,For contributions to the engineering of reliable and secure software.,https://awards.acm.org/award-recipients/demillo_1345156,2026-09-13,https://dblp.org/pid/10/3823,2026-09-17,Y,,,N,Richard A. DeMillo,2026-09-18
"Grosz, Barbara J",2003,USA,For contributions to the study of human discourse.,https://awards.acm.org/award-recipients/grosz_4546370,2026-09-13,https://dblp.org/pid/g/BarbaraJGrosz,2026-09-17,Y,,,N,Barbara J. Grosz,2026-09-18
"Hailpern, Brent T",2003,USA,"For leadership in, and service to, the computer science community.",https://awards.acm.org/award-recipients/hailpern_1623560,2026-09-13,https://dblp.org/pid/h/BrentHailpern,2026-09-17,Y,https://scholar.google.com/citations?user=0uJuWigAAAAJ,2026-09-16,Y,,
"Han, Jiawei",2003,USA,For contributions in knowledge discovery and data mining.,https://awards.acm.org/award-recipients/han_2343697,2026-09-13,https://dblp.org/pid/h/JiaweiHan,2026-09-18,Y,https://scholar.google.com/citations?user=Kv9AbjMAAAAJ,2026-09-16,Y,Jiawei Han 0001,2026-09-18
"Harrold, Mary",2003,USA,For contributions in software testing and analysis.,https://awards.acm.org/award-recipients/harrold_3125325,2026-09-13,https://dblp.org/pid/h/MaryJeanHarrold,2026-09-17,Y,,,N,,
"Hart, Peter E",2003,USA,For contributions in pattern recognition and artificial intelligence.,https://awards.acm.org/award-recipients/hart_1078831,2026-09-13,https://dblp.org/pid/88/6083,2026-09-17,N,https://scholar.google.com/citations?user=EmP8sFQAAAAJ,2026-09-16,Y,,
"Horowitz, Mark A",2003,USA,For contributions to multiprocessor architecture.,https://awards.acm.org/award-recipients/horowitz_3951662,2026-09-13,https://dblp.org/pid/h/MarkHorowitz,2026-09-17,Y,https://scholar.google.com/citations?user=e7V7-gEAAAAJ,2026-09-16,Y,Mark A. Horowitz,2026-09-18
"Hudak, Paul",2003,USA,For contributions to functional programming languages.,https://awards.acm.org/award-recipients/hudak_1966126,2026-09-13,https://dblp.org/pid/h/PaulHudak,2026-09-17,Y,https://scholar.google.com/citations?user=W6Mk2KwAAAAJ,2026-09-16,Y,,
"Jagadish, H V",2003,USA,For contributions to database technology.,https://awards.acm.org/award-recipients/jagadish_5073184,2026-09-13,https://dblp.org/pid/j/HVJagadish,2026-09-17,Y,https://scholar.google.com/citations?user=SKVnHakAAAAJ,2026-09-16,Y,H. V. Jagadish,2026-09-18
"Jain, Anil K",2003,USA,For contributions in Pattern Recognition theory.,https://awards.acm.org/award-recipients/jain_1407386,2026-09-13,https://dblp.org/pid/j/AnilKJain,2026-09-17,Y,https://scholar.google.com/citations?user=g-_ZXGsAAAAJ,2026-09-16,Y,Anil K. Jain 0001,2026-09-18
"Jain, Ramesh C",2003,USA,For contributions to computer vision and multimedia information systems.,https://awards.acm.org/award-recipients/jain_1702455,2026-09-13,https://dblp.org/pid/j/RameshJain,2026-09-17,Y,https://scholar.google.com/citations?user=wOYUPpwAAAAJ,2026-09-16,N,,
"Jha, Niraj K.",2003,USA,For contributions to low power design and testing of digital systems.,https://awards.acm.org/award-recipients/jha_4557161,2026-09-13,https://dblp.org/pid/j/NirajKJha,2026-09-17,Y,https://scholar.google.com/citations?user=R-z1R84AAAAJ,2026-09-16,Y,,
"Kozen, Dexter",2003,USA,For contributions to theoretical computer science.,https://awards.acm.org/award-recipients/kozen_N993279,2026-09-13,https://dblp.org/pid/k/DexterKozen,2026-09-17,Y,https://scholar.google.com/citations?user=LV1qWjgAAAAJ,2026-09-16,Y,,
"Lin, Yi-Bing",2003,Taiwan,For contributions to mobile networks.,https://awards.acm.org/award-recipients/lin_4644555,2026-09-13,https://dblp.org/pid/l/YiBingLin,2026-09-17,Y,https://scholar.google.com/citations?user=DxFQ14MAAAAJ,2026-09-16,Y,Yi-Bing Lin,2026-09-18
"McKeown, Kathleen",2003,USA,For contributions to natural language processing.,https://awards.acm.org/award-recipients/mckeown_4805248,2026-09-13,https://dblp.org/pid/m/KathleenMcKeown,2026-09-17,Y,https://scholar.google.com/citations?user=ujDhg2sAAAAJ,2026-09-16,Y,Kathleen McKeown,2026-09-18
"Moran, Thomas",2003,USA,For contributions to human-computer interaction.,https://awards.acm.org/award-recipients/moran_1239979,2026-09-13,https://dblp.org/pid/218/4887,2026-09-17,N,https://scholar.google.com/citations?user=f7fHl8sAAAAJ,2026-09-16,Y,,
"Myers, Eugene",2003,Germany,For contributions to bioinformatics.,https://awards.acm.org/award-recipients/myers_1815232,2026-09-13,https://dblp.org/pid/m/EugeneWMyers,2026-09-17,Y,https://scholar.google.com/citations?user=jlas1aMAAAAJ,2026-09-16,Y,Eugene W. Myers [CBG],2026-09-18
"Partridge, Craig",2003,USA,For contributions to high-speed networking.,https://awards.acm.org/award-recipients/partridge_2222628,2026-09-13,https://dblp.org/pid/45/6587,2026-09-17,Y,https://scholar.google.com/citations?user=f-E5nFEAAAAJ,2026-09-16,Y,Craig Partridge,2026-09-18
"Reed, Daniel A",2003,USA,For contributions to high-performance computing.,https://awards.acm.org/award-recipients/reed_1688407,2026-09-13,https://dblp.org/pid/87/2101,2026-09-17,Y,https://scholar.google.com/citations?user=YCw2r14AAAAJ,2026-09-16,Y,Daniel A. Reed,2026-09-18
"Russell, Stuart",2003,USA,For contributions to AI and machine learning.,https://awards.acm.org/award-recipients/russell_3816360,2026-09-13,https://dblp.org/pid/r/SJRussell,2026-09-17,Y,https://scholar.google.com/citations?user=2oy3OXYAAAAJ,2026-09-16,Y,Stuart Russell 0001,2026-09-18
"Sanders, William",2003,USA,For contributions to the design of dependable systems and networks.,https://awards.acm.org/award-recipients/sanders_2837482,2026-09-13,https://dblp.org/pid/255/9392,2026-09-17,N,https://scholar.google.com/citations?user=FClnlsgAAAAJ,2026-09-16,Y,William H. Sanders,2026-09-18
"Shenker, Scott J",2003,USA,For contributions to Internet architecture and protocols.,https://awards.acm.org/award-recipients/shenker_3005626,2026-09-13,https://dblp.org/pid/34/5593,2026-09-17,Y,https://scholar.google.com/citations?user=hcSDlh4AAAAJ,2026-09-16,Y,,
"Sohi, Gurindar S",2003,USA,For contributions to computer architecture.,https://awards.acm.org/award-recipients/sohi_2601045,2026-09-13,https://dblp.org/pid/s/GurindarSSohi,2026-09-17,Y,,,N,Gurindar S. Sohi,2026-09-18
"Van Rijsbergen, C J",2003,Scotland Uk,For contributions to information retrieval.,https://awards.acm.org/award-recipients/vanrijsbergen_1908771,2026-09-13,https://dblp.org/pid/r/CJvanRijsbergen,2026-09-17,Y,,,N,,
"Agarwal, Pankaj",2002,USA,For contributions to computational geometry and for building and strengthening links between this area and many of its applications.,https://awards.acm.org/award-recipients/agarwal_3956364,2026-09-13,https://dblp.org/pid/a/PankajKAgarwal,2026-09-17,Y,https://scholar.google.com/citations?user=xe0eVksAAAAJ,2026-09-16,Y,Pankaj K. Agarwal,2026-09-18
"Agrawal, Vishwani D",2002,USA,For contributions to testing of digital electronic circuits.,https://awards.acm.org/award-recipients/agrawal_3049186,2026-09-13,https://dblp.org/pid/59/2845,2026-09-17,Y,,,N,,
"Babaoglu, Ozalp",2002,Italy,"For contributions to fault-tolerant distributed computing, BSD Unix, and for leadership in the European distributed systems community.",https://awards.acm.org/award-recipients/babaoglu_1684422,2026-09-13,https://dblp.org/pid/b/OBabaoglu,2026-09-17,Y,https://scholar.google.com/citations?user=r3bG1AUAAAAJ,2026-09-16,Y,,
"Crowcroft, Jon",2002,United Kingdom,For contributions to the design and analysis of network protocols and for technical leadership.,https://awards.acm.org/award-recipients/crowcroft_4060885,2026-09-13,https://dblp.org/pid/c/JonCrowcroft,2026-09-17,Y,https://scholar.google.com/citations?user=qnMs-XYAAAAJ,2026-09-16,Y,Jon Crowcroft,2026-09-18
"Culler, David",2002,USA,For contributions to networks of small and large devices.,https://awards.acm.org/award-recipients/culler_2196962,2026-09-13,https://dblp.org/pid/c/DavidECuller,2026-09-17,Y,https://scholar.google.com/citations?user=urTiL7QAAAAJ,2026-09-16,Y,,
"Dally, William",2002,USA,For contributions to the architecture and design of interconnections networks and parallel computing.,https://awards.acm.org/award-recipients/dally_2638401,2026-09-13,https://dblp.org/pid/d/WJDally,2026-09-17,Y,https://scholar.google.com/citations?user=YZHj-Y4AAAAJ,2026-09-16,Y,,
"Dietterich, Thomas G",2002,USA,For contributions to machine learning.,https://awards.acm.org/award-recipients/dietterich_2692762,2026-09-13,https://dblp.org/pid/d/TGDietterich,2026-09-17,Y,https://scholar.google.com/citations?user=09kJn28AAAAJ,2026-09-16,Y,,
"Eggers, Susan",2002,USA,For contributions to the design and analysis of multithreaded and shared memory multiprocessors and compiler technology.,https://awards.acm.org/award-recipients/eggers_1922665,2026-09-13,https://dblp.org/pid/e/SJEggers,2026-09-17,Y,https://scholar.google.com/citations?user=CWpgflIAAAAJ,2026-09-16,Y,,
"Gabow, Harold N",2002,USA,"For contributions to efficient algorithms to flows, connectivity and matching.",https://awards.acm.org/award-recipients/gabow_1396977,2026-09-13,https://dblp.org/pid/g/HaroldNGabow,2026-09-17,Y,,,N,,
"Goyal, Ambuj",2002,USA,For contributions to the theory and practice of system dependability modeling.,https://awards.acm.org/award-recipients/goyal_4690640,2026-09-13,https://dblp.org/pid/12/2219,2026-09-17,Y,,,N,,
"Guzman, Adolfo",2002,Mexico,"For contributions to image understanding and shape similarity, and for advancing the state of the art and the education in Computer Science in Mexico.",https://awards.acm.org/award-recipients/guzman_1110550,2026-09-13,https://dblp.org/pid/g/AdolfoGuzmanArenas,2026-09-17,Y,https://scholar.google.com/citations?user=Nw5lSdEAAAAJ,2026-09-16,Y,,
"Halpern, Joseph",2002,USA,For contributions to the modeling of and reasoning about uncertainty.,https://awards.acm.org/award-recipients/halpern_4785671,2026-09-13,https://dblp.org/pid/h/JosephYHalpern,2026-09-17,Y,https://scholar.google.com/citations?user=FsBCAfgAAAAJ,2026-09-16,Y,Joseph Y. Halpern,2026-09-18
"Hwu, Wen-Mei",2002,USA,For technical contributions and leadership in computer architecture.,https://awards.acm.org/award-recipients/hwu_3270394,2026-09-13,https://dblp.org/pid/03/4630,2026-09-17,Y,https://scholar.google.com/citations?user=ohjQPx8AAAAJ,2026-09-16,Y,,
"Immerman, Neil",2002,USA,"For contributions to complexity theory, descriptive complexity, and database theory.",https://awards.acm.org/award-recipients/immerman_1758739,2026-09-13,https://dblp.org/pid/i/NeilImmerman,2026-09-17,Y,https://scholar.google.com/citations?user=DbZWZr8AAAAJ,2026-09-16,Y,,
"Karin, Sidney",2002,USA,For leadership in integrating the academic computer science and computational science communities.,https://awards.acm.org/award-recipients/karin_1343664,2026-09-13,https://dblp.org/pid/53/1118,2026-09-17,Y,,,N,,
"Kellogg, Wendy A",2002,USA,For contributions to social computing and human-computer interaction (HCI) and for service to ACM.,https://awards.acm.org/award-recipients/kellogg_3872595,2026-09-13,https://dblp.org/pid/k/WendyAKellogg,2026-09-17,Y,https://scholar.google.com/citations?user=VKYDwfIAAAAJ,2026-09-16,Y,,
"Lomet, David B",2002,USA,"For contributions to database system access methods, concurrency control, and recovery.",https://awards.acm.org/award-recipients/lomet_1036250,2026-09-13,https://dblp.org/pid/l/DavidBLomet,2026-09-17,Y,,,N,,
"Miller, Gary L",2002,USA,For contributions to the design and analysis of algorithms in number theory and computational geometry.,https://awards.acm.org/award-recipients/miller_1556943,2026-09-13,https://dblp.org/pid/m/GaryLMiller,2026-09-17,Y,https://scholar.google.com/citations?user=umm-i20AAAAJ,2026-09-16,Y,,
"Mohan, C.",2002,USA,"For contributions to reliable, high-performance transaction management.",https://awards.acm.org/award-recipients/mohan_4674321,2026-09-13,https://dblp.org/pid/30/4639,2026-09-17,N,https://scholar.google.com/citations?user=D5K6DDcAAAAJ,2026-09-16,Y,,
"Naughton, Jeffrey F",2002,USA,For contributions to database system research and practice.,https://awards.acm.org/award-recipients/naughton_3729555,2026-09-13,https://dblp.org/pid/n/JeffreyFNaughton,2026-09-17,Y,https://scholar.google.com/citations?user=H-VmFU4AAAAJ,2026-09-16,Y,,
"Rau, Bantwal R",2002,USA,For contributions to VLIW architectures and their compilers.,https://awards.acm.org/award-recipients/rau_3746435,2026-09-13,https://dblp.org/pid/83/5996,2026-09-17,Y,,,N,,
"Salesin, David H",2002,USA,"For contributions to computer graphics, particularly non-photorealistic rendering.",https://awards.acm.org/award-recipients/salesin_3176872,2026-09-13,https://dblp.org/pid/s/DavidSalesin,2026-09-17,Y,https://scholar.google.com/citations?user=8E442bkAAAAJ,2026-09-16,Y,,
"Satyanarayanan, Mahadev",2002,USA,For contributions to computer systems research in distributed and mobile information access.,https://awards.acm.org/award-recipients/satyanarayanan_1672815,2026-09-13,https://dblp.org/pid/s/MahadevSatyanarayanan,2026-09-17,Y,https://scholar.google.com/citations?user=0y6JDD4AAAAJ,2026-09-16,Y,Mahadev Satyanarayanan,2026-09-18
"Valero, Mateo",2002,Spain,"For contributions to the design of vector, superscalar, and VLIW architectures, and technical leadership.",https://awards.acm.org/award-recipients/valero_4251351,2026-09-13,https://dblp.org/pid/v/MateoValero,2026-09-17,Y,https://scholar.google.com/citations?user=MyT3cHQAAAAJ,2026-09-16,Y,Mateo Valero,2026-09-18
"Varghese, George",2002,USA,For contributions to efficient scalable algorithms.,https://awards.acm.org/award-recipients/varghese_4302337,2026-09-13,https://dblp.org/pid/v/GeorgeVarghese,2026-09-17,Y,https://scholar.google.com/citations?user=SEnY0XQAAAAJ,2026-09-16,Y,George Varghese,2026-09-18
"Wilkes, John",2002,USA,For contributions to the understanding of storage systems and their management.,https://awards.acm.org/award-recipients/wilkes_2106466,2026-09-13,https://dblp.org/pid/w/JohnWilkes,2026-09-17,Y,https://scholar.google.com/citations?user=YSxdVBEAAAAJ,2026-09-16,Y,,
"Abraham, Jacob",2001,USA,"For outstanding contributions in the fields of fault tolerant computing, automatic test generation and design for test, and formal verification.",https://awards.acm.org/award-recipients/abraham_1411065,2026-09-13,https://dblp.org/pid/36/1196,2026-09-17,N,https://scholar.google.com/citations?user=rmkFbFsAAAAJ,2026-09-16,Y,,
"Aiken, Robert",2001,USA,"For outstanding service to the international computing community and to ACM, and for contributions to education.",https://awards.acm.org/award-recipients/aiken_1056878,2026-09-13,https://dblp.org/pid/26/6737,2026-09-17,N,,,N,,
"Asano, Tetsuo",2001,Japan,For his contributions to discrete algorithms on computational geometry and their practical applications to computer vision and VLSI design.,https://awards.acm.org/award-recipients/asano_1637115,2026-09-13,https://dblp.org/pid/27/132,2026-09-17,Y,https://scholar.google.com/citations?user=Oad1ijkAAAAJ,2026-09-16,Y,,
"Bernstein, Philip A",2001,USA,"For pioneering work in distributed query optimization, distributed databases, distributed transaction processing, metadata management, and schema integration.",https://awards.acm.org/award-recipients/bernstein_1334671,2026-09-13,https://dblp.org/pid/b/PhilipABernstein,2026-09-17,Y,https://scholar.google.com/citations?user=6OEYXEIAAAAJ,2026-09-16,Y,,
"Birnbaum, Joel S",2001,USA,"For pioneering contributions to RISC computer architectures, and leadership in integrating, extending and shaping industrial research in measurement, computing, and communication technologies.",https://awards.acm.org/award-recipients/birnbaum_4128302,2026-09-13,https://dblp.org/pid/78/640,2026-09-17,Y,,,N,,
"Borning, Alan H",2001,USA,"For contributions to constraint-based languages, systems, and applications, to object-oriented programming; and to understanding issues of computers and society.",https://awards.acm.org/award-recipients/borning_1966373,2026-09-13,https://dblp.org/pid/b/AlanBorning,2026-09-17,Y,,,N,,
"Breitbart, Yuri",2001,USA,"For his significant and lasting influence on the principles and practice of database management, for his pioneering work in multidatabase research, and for his leadership role in academia and industry.",https://awards.acm.org/award-recipients/breitbart_1464148,2026-09-13,https://dblp.org/pid/b/YuriBreitbart,2026-09-17,Y,,,N,,
"Cai, Jin-Yi",2001,USA,"For significant contributions to computational complexity theory, and for service to the international computer science research community.",https://awards.acm.org/award-recipients/cai_3189107,2026-09-13,https://dblp.org/pid/c/JinyiCai,2026-09-17,Y,https://scholar.google.com/citations?user=Yn-Lm_QAAAAJ,2026-09-16,Y,Jin-Yi Cai,2026-09-18
"Clark, David D",2001,USA,"For his preeminent role in the development of computer communication and the Internet, including architecture, protocols, security, and telecommunications policy.",https://awards.acm.org/award-recipients/clark_1239037,2026-09-13,https://dblp.org/pid/c/DavidDClark,2026-09-17,Y,https://scholar.google.com/citations?user=9s9o-JcAAAAJ,2026-09-16,Y,,
"Davidson, Susan B",2001,USA,"For seminal contributions to distributed databases, real-time systems, heterogeneous database integration, warehousing, semi-structured data and for application of database research in bioinformatics.",https://awards.acm.org/award-recipients/davidson_2375392,2026-09-13,https://dblp.org/pid/d/SBDavidson,2026-09-17,Y,https://scholar.google.com/citations?user=LW4lnZYAAAAJ,2026-09-16,Y,Susan B. Davidson,2026-09-18
"de Kleer, Johan",2001,USA,"For seminal contributions of effective techniques for qualitative representation and reasoning about physical systems, and leadership in building research teams that span multiple disciplines.",https://awards.acm.org/award-recipients/dekleer_5195433,2026-09-13,https://dblp.org/pid/212/2931,2026-09-17,N,https://scholar.google.com/citations?user=CwZjyjIAAAAJ,2026-09-16,Y,,
"De Micheli, Giovanni",2001,Switzerland,For his contributions to the design technologies of integrated circuits and systems and for his service to the community via a prominent textbook.,https://awards.acm.org/award-recipients/demicheli_4534046,2026-09-13,https://dblp.org/pid/d/GDeMicheli,2026-09-17,Y,https://scholar.google.com/citations?user=7SUnVDsAAAAJ,2026-09-16,Y,Giovanni De Micheli,2026-09-18
"Dongarra, Jack",2001,USA,"For contributions in the field of scientific computing, the development of mathematical software, parallel methods, and enabling technologies for high-performance computing.",https://awards.acm.org/award-recipients/dongarra_3406337,2026-09-13,https://dblp.org/pid/d/JackDongarra,2026-09-17,Y,https://scholar.google.com/citations?user=X4SbSTAAAAAJ,2026-09-17,Y,Jack Dongarra,2026-09-18
"Farber, David J.",2001,USA,"For pioneering contributions in the field of communications, and his extraordinary commitment to making the benefits of communications systems available to the widest possible community.",https://awards.acm.org/award-recipients/farber_1012145,2026-09-13,https://dblp.org/pid/f/DavidJFarber,2026-09-17,Y,,,N,,
"Feigenbaum, Joan",2001,USA,"For foundational and highly influential contributions to cryptographic complexity theory, authorization and trust management, massive-data-stream computation, and algorithmic mechanism design.",https://awards.acm.org/award-recipients/feigenbaum_N967745,2026-09-13,https://dblp.org/pid/f/JoanFeigenbaum,2026-09-17,Y,https://scholar.google.com/citations?user=IAeKTGsAAAAJ,2026-09-16,Y,Joan Feigenbaum,2026-09-18
"Ferrari, Domenico",2001,Italy,For pioneering work on real-time communication protocols for packet-switching internetworks.,https://awards.acm.org/award-recipients/ferrari_1139658,2026-09-13,https://dblp.org/pid/98/2580,2026-09-17,Y,,,N,,
"Floyd, Sally J",2001,USA,For deep and lasting contributions to the understanding and design of the Internet; for pioneering development of scalable traffic control techniques.,https://awards.acm.org/award-recipients/floyd_2769651,2026-09-13,https://dblp.org/pid/25/1323,2026-09-17,Y,,,N,,
"Gelenbe, Erol",2001,United Kingdom,"For advancing computer and network performance evaluation as an international field of research and application, and for establishing national computer science education programs in France.",https://awards.acm.org/award-recipients/gelenbe_4447025,2026-09-13,https://dblp.org/pid/g/ErolGelenbe,2026-09-17,Y,https://scholar.google.com/citations?user=TShlArwAAAAJ,2026-09-16,Y,,
"Hayes, John P",2001,USA,For outstanding contributions to logic design and testing and to fault-tolerant computer architecture.,https://awards.acm.org/award-recipients/hayes_1076777,2026-09-13,https://dblp.org/pid/92/2628,2026-09-17,Y,https://scholar.google.com/citations?user=a-qMWpwAAAAJ,2026-09-16,Y,,
"Iyengar, Sitharama",2001,USA,"For fundamental research and contributions in algorithms and data structures for applications in parallel computing, image-processing, sensor fusion and robotics, and for services to ACM.",https://awards.acm.org/award-recipients/iyengar_4450524,2026-09-13,https://dblp.org/pid/i/SSitharamaIyengar,2026-09-17,Y,https://scholar.google.com/citations?user=eNONM8AAAAAJ,2026-09-16,Y,S. Sitharama Iyengar,2026-09-18
"Iyer, Ravishankar",2001,USA,"For outstanding contributions to the design, measurement and evaluation of reliable computing systems.",https://awards.acm.org/award-recipients/iyer_3188174,2026-09-13,https://dblp.org/pid/i/RavishankarKIyer,2026-09-17,Y,,,N,Ravishankar K. Iyer,2026-09-18
"Jaja, Joseph F",2001,USA,"For contributions to the design and analysis of parallel algorithms, algebraic and combinatorial complexity, VLSI architectures, and high-performance computing.",https://awards.acm.org/award-recipients/jaja_1772425,2026-09-13,https://dblp.org/pid/j/JosephJaJa,2026-09-17,Y,,,N,,
"Kahn, Robert E",2001,USA,"For leadership in the design of the Internet, strategic computing, digital libraries, digital object infrastructure and digital intellectual property protection technology.",https://awards.acm.org/award-recipients/kahn_4598637,2026-09-13,https://dblp.org/pid/85/2295,2026-09-17,Y,,,N,,
"Kang , Sung Mo",2001,USA,For outstanding contributions to computer-aided design for performance and reliability of CMOS VLSI and optoelectronic circuits and systems for high performance computing and communications.,https://awards.acm.org/award-recipients/kang_4584710,2026-09-13,https://dblp.org/pid/57/2381,2026-09-17,Y,https://scholar.google.com/citations?user=yJB9y2QAAAAJ,2026-09-16,Y,,
"Kieburtz, Richard B",2001,USA,"For founding two successful computer science departments, for research, and for service to the computing community.",https://awards.acm.org/award-recipients/kieburtz_1119536,2026-09-13,https://dblp.org/pid/k/RBKieburtz,2026-09-17,Y,,,N,,
"Kowalski, Robert A",2001,United Kingdom,"For his work as a cofounder of the field of logic programming, for providing the field's first foundations, and for pursuing applications to legal reasoning, temporal reasoning, metalevel reasoning, default reasoning, and argumentation.",https://awards.acm.org/award-recipients/kowalski_4145520,2026-09-13,https://dblp.org/pid/k/RobertAKowalski,2026-09-17,Y,https://scholar.google.com/citations?user=pvkQAj0AAAAJ,2026-09-16,Y,,
"Kramer, Jeffrey",2001,United Kingdom,"For his research contributions spanning theory and practice in distributed software engineering, including multiple viewpoint requirements analysis, software architectures specification and analysis, and distributed software configuration and evolution.",https://awards.acm.org/award-recipients/kramer_1618891,2026-09-13,https://dblp.org/pid/k/JeffKramer,2026-09-17,Y,https://scholar.google.com/citations?user=t-fuDjMAAAAJ,2026-09-16,Y,Jeffrey Kramer,2026-09-18
"Kurose, James",2001,USA,"For contributions to the design and analysis of network protocols, and for technical leadership in the field.",https://awards.acm.org/award-recipients/kurose_2056158,2026-09-13,https://dblp.org/pid/k/JamesFKurose,2026-09-17,Y,https://scholar.google.com/citations?user=219_uIcAAAAJ,2026-09-16,Y,,
"Lee, Ruby B",2001,USA,For pioneering multimedia instructions in general-purpose processor architecture and innovations in the design and implementation of the instruction set architecture of RISC processors.,https://awards.acm.org/award-recipients/lee_3798436,2026-09-13,https://dblp.org/pid/87/4706,2026-09-17,Y,https://scholar.google.com/citations?user=odeKATgAAAAJ,2026-09-16,Y,Ruby B. Lee,2026-09-18
"Litwin, Witold",2001,France,"For pioneering research in dynamic storage structures, scalable distributed file structures and multidatabases.",https://awards.acm.org/award-recipients/litwin_1602903,2026-09-13,https://dblp.org/pid/12/2734,2026-09-17,Y,https://scholar.google.com/citations?user=6Rbf6EUAAAAJ,2026-09-16,Y,,
"Miller, Barton P",2001,USA,"For contributions to the fields of parallel and distributed computing, particularly in the areas of debugging and performance measurement.",https://awards.acm.org/award-recipients/miller_2084309,2026-09-13,https://dblp.org/pid/m/BartonPMiller,2026-09-17,Y,https://scholar.google.com/citations?user=dywFuRMAAAAJ,2026-09-16,Y,Barton P. Miller,2026-09-18
"Mogul, Jeffrey C",2001,USA,"For significant contributions in operating systems, file systems, Web caching, Internet performance, and Internet standards.",https://awards.acm.org/award-recipients/mogul_1720986,2026-09-13,https://dblp.org/pid/m/JeffreyCMogul,2026-09-17,Y,https://scholar.google.com/citations?user=1pAVdtwAAAAJ,2026-09-16,Y,,
"Norman, Don",2001,USA,For contributions to human-centered design and computing.,https://awards.acm.org/award-recipients/norman_2193936,2026-09-13,https://dblp.org/pid/50/784,2026-09-17,Y,https://scholar.google.com/citations?user=h-2JebwAAAAJ,2026-09-16,Y,,
"Pancake, Cherri M",2001,USA,For leadership contributions to usability to high performance computing tools.,https://awards.acm.org/award-recipients/pancake_2697159,2026-09-13,https://dblp.org/pid/25/2235,2026-09-17,Y,,,N,Cherri M. Pancake,2026-09-18
"Papadimitriou, Christos",2001,USA,"For outstanding contributions to complexity theory, database theory and combinatorial optimization.",https://awards.acm.org/award-recipients/papadimitriou_4558987,2026-09-13,https://dblp.org/pid/p/CHPapadimitriou,2026-09-17,Y,https://scholar.google.com/citations?user=rXYLXJMAAAAJ,2026-09-16,Y,Christos H. Papadimitriou,2026-09-18
"Parker, Donn B",2001,USA,For contributions to information security and professional ethics.,https://awards.acm.org/award-recipients/parker_1004340,2026-09-13,https://dblp.org/pid/80/4293,2026-09-17,Y,,,N,,
"Patel, Janak H",2001,USA,"For his outstanding contributions to the fields of test generation and fault simulation of sequential circuits, cache consistency protocols, interconnection networks, and error detection.",https://awards.acm.org/award-recipients/patel_1595982,2026-09-13,https://dblp.org/pid/21/127,2026-09-17,Y,https://scholar.google.com/citations?user=z-T4bO0AAAAJ,2026-09-16,Y,,
"Patt, Yale",2001,USA,For many outstanding seminal contributions to high performance microarchitecture and for leadership and teaching in computer science and engineering education.,https://awards.acm.org/award-recipients/patt_1374941,2026-09-13,https://dblp.org/pid/p/YaleNPatt,2026-09-17,Y,https://scholar.google.com/citations?user=ycNJVd4AAAAJ,2026-09-16,Y,,
"Pohl, Ira",2001,USA,"For outstanding contributions to computer science research and education in the areas of heuristic search, analysis of algorithms, and programming language methodology.",https://awards.acm.org/award-recipients/pohl_1059500,2026-09-13,https://dblp.org/pid/37/476,2026-09-17,Y,,,N,,
"Pullen, John Mark",2001,USA,"For contributions to information technology in transitioning the Internet from a Federal research project to commercial availability, and development of Internet distance education technologies.",https://awards.acm.org/award-recipients/pullen_2007714,2026-09-13,https://dblp.org/pid/07/1554,2026-09-17,Y,https://scholar.google.com/citations?user=FvTjg7cAAAAJ,2026-09-16,Y,,
"Raghavan, Prabhakar",2001,USA,For contributions to the theory and practice of randomized algorithms.,https://awards.acm.org/award-recipients/raghavan_N004671,2026-09-13,https://dblp.org/pid/r/PRaghavan,2026-09-17,Y,https://scholar.google.com/citations?user=FtMADIMAAAAJ,2026-09-16,Y,,
"Ramakrishnan, Raghu",2001,USA,"For significant technical contributions in deductive databases, data mining and analysis, data visualization and data integration; and for outstanding professional service to the database research community.",https://awards.acm.org/award-recipients/ramakrishnan_3252756,2026-09-13,https://dblp.org/pid/r/RaghuRamakrishnan,2026-09-17,Y,https://scholar.google.com/citations?user=udZSrkYAAAAJ,2026-09-16,Y,,
"ramamritham, krithivasan",2001,India,For contributions to the theory and practice of real-time systems and real-time transaction processing.,https://awards.acm.org/award-recipients/ramamritham_1787308,2026-09-13,https://dblp.org/pid/241/7559,2026-09-17,N,https://scholar.google.com/citations?user=LFLG5pcAAAAJ,2026-09-16,Y,Krithi Ramamritham,2026-09-18
"Reynolds, John C",2001,USA,"For research on the use of types in programming languages, for clarifying the semantical basis for types, and for influencing the design of modern programming languages.",https://awards.acm.org/award-recipients/reynolds_1030899,2026-09-13,https://dblp.org/pid/185/2080,2026-09-17,N,,,N,,
"Robertson, George",2001,USA,"For pioneering contributions to information visualization, animated 3D user interfaces, multimedia message systems, hypertext systems, operating systems, and programming languages.",https://awards.acm.org/award-recipients/robertson_1080837,2026-09-13,https://dblp.org/pid/175/9203,2026-09-17,N,,,N,,
"Roussopoulos, Nick",2001,USA,For outstanding contributions to the principles and practice of database management and for leadership in academia and service to the ACM community.,https://awards.acm.org/award-recipients/roussopoulos_1373158,2026-09-13,https://dblp.org/pid/r/NickRoussopoulos,2026-09-17,Y,https://scholar.google.com/citations?user=tia0DoIE6XUJ,2026-09-16,Y,,
"Sabnani, Krishan K.",2001,USA,For seminal contributions to the research and development of communication protocols.,https://awards.acm.org/award-recipients/sabnani_6154314,2026-09-13,https://dblp.org/pid/79/718,2026-09-17,Y,https://scholar.google.com/citations?user=OWfYfb4AAAAJ,2026-09-16,Y,,
"Sandhu, Ravinderpal S",2001,USA,"For technical contributions to the field of information and system security, notably access control models and systems, and professional leaderhip in research journals and conferences.",https://awards.acm.org/award-recipients/sandhu_2503498,2026-09-13,https://dblp.org/pid/s/RaviSSandhu,2026-09-17,Y,https://scholar.google.com/citations?user=wic7YpkAAAAJ,2026-09-16,Y,Ravinderpal Singh Sandhu,2026-09-18
"Schek, Hans-Joerg",2001,Germany,"For his outstanding contributions to the principles and practice of database management, for his outstanding leadership role in academia, and for his service to the ACM community.",https://awards.acm.org/award-recipients/schek_1967272,2026-09-13,https://dblp.org/pid/s/HansJorgSchek,2026-09-17,Y,https://scholar.google.com/citations?user=RnabX4gAAAAJ,2026-09-16,Y,,
"Schlichting, Richard D",2001,USA,"For his influential research on fault-tolerant and dependable computing, configurable network protocols, and distributed systems, and for his outstanding leadership of and service to the computing community.",https://awards.acm.org/award-recipients/schlichting_1498310,2026-09-13,https://dblp.org/pid/s/RichardDSchlichting,2026-09-17,Y,,,N,,
"Shin, Kang",2001,USA,For the development of the theory of dynamic failure in real-time fault-tolerant computing.,https://awards.acm.org/award-recipients/shin_2349744,2026-09-13,https://dblp.org/pid/s/KangGShin,2026-09-17,Y,https://scholar.google.com/citations?user=vY7MdLYAAAAJ,2026-09-16,Y,,
"Shmoys, David Bernard",2001,USA,For fundamental achievements in the design and analysis of algorithms for discrete optimization problems.,https://awards.acm.org/award-recipients/shmoys_2563864,2026-09-13,https://dblp.org/pid/s/DavidBShmoys,2026-09-17,Y,https://scholar.google.com/citations?user=rD8a4hQAAAAJ,2026-09-16,Y,David B. Shmoys,2026-09-18
"Smith, Alan J",2001,USA,"For his highly cited paper on cache memories, for his contributions to performance measurement, and for his leadership in professional society activities.",https://awards.acm.org/award-recipients/smith_1240373,2026-09-13,https://dblp.org/pid/s/AlanJaySmith,2026-09-17,Y,,,N,,
"Steinmetz, Ralf",2001,Germany,"For pioneering work in multimedia communications and education, including fundamental contributions in perceivable Quality of Service for multimedia systems derived from multimedia synchronization, and for multimedia education.",https://awards.acm.org/award-recipients/steinmetz_2492122,2026-09-13,https://dblp.org/pid/s/RalfSteinmetz,2026-09-17,Y,,,N,,
"Turner, Jonathan",2001,USA,"For fundamental contributions --- such as the design of scalable packet switches --- that helped realize the vision of an Integrated packet switching network for data, voice and video.",https://awards.acm.org/award-recipients/turner_2493385,2026-09-13,https://dblp.org/pid/78/2489,2026-09-17,N,https://scholar.google.com/citations?user=Cgx9W6UAAAAJ,2026-09-16,Y,,
"Wolf, Marilyn",2001,USA,For contributions to embedded computing.,https://awards.acm.org/award-recipients/wolf_1958891,2026-09-13,https://dblp.org/pid/376/6566,2026-09-17,Y,https://scholar.google.com/citations?user=dA88kLYAAAAJ,2026-09-16,Y,,
"Wolfson, Ouri",2001,USA,For his pioneering research in moving object databases and for his fundamental contributions to research in distributed systems.,https://awards.acm.org/award-recipients/wolfson_3060878,2026-09-13,https://dblp.org/pid/w/OuriWolfson,2026-09-17,Y,https://scholar.google.com/citations?user=zGSP_osAAAAJ,2026-09-16,Y,Ouri Wolfson,2026-09-18
"Zave, Pamela",2001,USA,"For encouraging the use of formal methods in the development of telecommunication software through influential research, tool development, large case studies, and professional education.",https://awards.acm.org/award-recipients/zave_1255058,2026-09-13,https://dblp.org/pid/z/PamelaZave,2026-09-17,Y,https://scholar.google.com/citations?user=QqvUgJsAAAAJ,2026-09-16,Y,,
"Banerjee, Prithviraj",2000,USA,"For contributions in parallel computing, specifically in the design of parallel algorithms for VLSI CAD, and the development of parallelizing compiler techniques for distributed memory multiprocessors.",https://awards.acm.org/award-recipients/banerjee_2526747,2026-09-13,https://dblp.org/pid/b/PrithvirajBanerjee,2026-09-17,Y,,,N,,
"Berman, Francine",2000,USA,For pioneering work in application scheduling for parallel distributed computing.,https://awards.acm.org/award-recipients/berman_1791086,2026-09-13,https://dblp.org/pid/b/FBerman,2026-09-17,Y,https://scholar.google.com/citations?user=HzqQ2wYAAAAJ,2026-09-16,Y,Francine Berman,2026-09-18
"Bhuyan, Laxmi Narayan",2000,USA,For his significant contributions to the design and analysis of Interconnection Networks and Parallel Processing.,https://awards.acm.org/award-recipients/bhuyan_2311272,2026-09-13,https://dblp.org/pid/b/LaxmiNBhuyan,2026-09-17,Y,,,N,,
"Biermann, Alan W",2000,USA,"For major contributions to the fields of automatic programming, natural language dialogue processing, and computer science education.",https://awards.acm.org/award-recipients/biermann_1129477,2026-09-13,https://dblp.org/pid/b/AWBiermann,2026-09-17,Y,,,N,,
"Bokhari, Shahid H",2000,USA,For research contributions to automatic load balancing and partitioning of distributed processes.,https://awards.acm.org/award-recipients/bokhari_1596477,2026-09-13,https://dblp.org/pid/b/ShahidHBokhari,2026-09-17,Y,https://scholar.google.com/citations?user=6BV79KYAAAAJ,2026-09-16,Y,,
"Bryant, Randal E",2000,USA,"Randal Bryant is best known for Ordered Binary Decision Diagrams, a canonical form for boolean functions. Although originally developed for applications in CAD, this data structure has found many applications in areas such as hardware and software verification, automated theorem proving, and AI planning.",https://awards.acm.org/award-recipients/bryant_3890209,2026-09-13,https://dblp.org/pid/b/REBryant,2026-09-17,Y,https://scholar.google.com/citations?user=AFgYa68AAAAJ,2026-09-16,Y,,
"Buneman, Peter",2000,Scotland Uk,"Leadership in: Extending databases to new data models, type systems, and languages. Complex value, functional and object-oriented database languages. Semi-structured data and heterogeneous database integration.",https://awards.acm.org/award-recipients/buneman_1669316,2026-09-13,https://dblp.org/pid/b/PeterBuneman,2026-09-17,Y,https://scholar.google.com/citations?user=d9bq04sAAAAJ,2026-09-16,Y,Peter Buneman,2026-09-18
"Card, Stuart K.",2000,USA,"In recognition of his fundamental pioneering contributions toward creating a theory and practice of human-computer interaction that integrates computer science and psychological science--through research, texts, lecturing, and creating successful system",https://awards.acm.org/award-recipients/card_2489516,2026-09-13,https://dblp.org/pid/c/StuartKCard,2026-09-17,Y,https://scholar.google.com/citations?user=ccCNF08AAAAJ,2026-09-16,Y,,
"Carey, Michael J.",2000,USA,For broad and influential contributions to the engineering of database management systems.,https://awards.acm.org/award-recipients/carey_1833722,2026-09-13,https://dblp.org/pid/31/3455,2026-09-17,Y,https://scholar.google.com/citations?user=B8tFrksAAAAJ,2026-09-16,Y,Michael J. Carey 0001,2026-09-18
"Comer, Douglas E",2000,USA,"For contributions in research, education, and implementation in operating systems and networking, and particularly for work with IP-based networking supporting the modern Internet.",https://awards.acm.org/award-recipients/comer_1318252,2026-09-13,https://dblp.org/pid/c/DouglasComer,2026-09-17,Y,https://scholar.google.com/citations?user=b2f-PjYAAAAJ,2026-09-16,Y,Douglas E. Comer,2026-09-18
"Duncan, Karen",2000,USA,"Karen has been an outstanding researcher, writer, innovator, and leader in medical informatics, and has a sustained, outstanding record of leadership and service to the ACM and the computing community.",https://awards.acm.org/award-recipients/duncan_1117605,2026-09-13,,,N,,,N,,
"Estrin, Deborah",2000,USA,"For significant contributions to the design of scalable Internet protocols, and for service to the networking community.",https://awards.acm.org/award-recipients/estrin_1782044,2026-09-13,https://dblp.org/pid/e/DeborahEstrin,2026-09-17,Y,https://scholar.google.com/citations?user=3_WYcR4AAAAJ,2026-09-16,Y,Deborah Estrin [Tech],2026-09-18
"Fagin, Ronald",2000,USA,"For creating the field of finite model theory, and for fundamental research in relational database theory and in reasoning about knowledge.",https://awards.acm.org/award-recipients/fagin_N951889,2026-09-13,https://dblp.org/pid/f/RonaldFagin,2026-09-17,Y,https://scholar.google.com/citations?user=ohL-Y50AAAAJ,2026-09-16,Y,,
"Freeman, Peter A",2000,USA,For pioneering leadership in establishing software engineering as a professional field and for founding and leading the first College of Computing.,https://awards.acm.org/award-recipients/freeman_1034859,2026-09-13,https://dblp.org/pid/f/PeterFreeman,2026-09-17,Y,https://scholar.google.com/citations?user=1kW15d8AAAAJ,2026-09-16,Y,,
"Fuchs, Wesley Kent",2000,USA,For contributions to reliable computing.,https://awards.acm.org/award-recipients/fuchs_2110864,2026-09-13,https://dblp.org/pid/f/WKentFuchs,2026-09-17,Y,https://scholar.google.com/citations?user=3AZbXzEAAAAJ,2026-09-16,Y,,
"Haderle, Donald J",2000,USA,"Chief Architect for DB2 in the 1980s, which proved that relational databases were suitable for critical online transaction processing applications as well as decision support.",https://awards.acm.org/award-recipients/haderle_2651198,2026-09-13,https://dblp.org/pid/11/633,2026-09-17,Y,,,N,,
"Heath, Michael",2000,USA,For his research contributions in scientific and parallel computing and for his educational research leadership in computational science and engineering.,https://awards.acm.org/award-recipients/heath_2177665,2026-09-13,https://dblp.org/pid/66/2134,2026-09-17,N,https://scholar.google.com/citations?user=jPis1roAAAAJ,2026-09-16,Y,,
"Kleinrock, Leonard",2000,USA,"For his pioneering work as inventor of packet switching, the underlying technology of the Internet. He wrote the first paper and first book on the subject, and supervised the birth of what became the Internet. Also, for achievements as an inspiring and",https://awards.acm.org/award-recipients/kleinrock_1081546,2026-09-13,https://dblp.org/pid/k/LKleinrock,2026-09-17,Y,,,N,,
"Korth, Henry F",2000,USA,"For significant and lasting influence to principles and practice of database management. Service to community via a bestseller undergraduate textbook, student mentoring and leadership role in industry.",https://awards.acm.org/award-recipients/korth_1406339,2026-09-13,https://dblp.org/pid/k/HenryFKorth,2026-09-17,Y,https://scholar.google.com/citations?user=4VLZdawAAAAJ,2026-09-16,Y,Henry F. Korth,2026-09-18
"Lamsweerde, Axel Van",2000,Belgium,"For wide spectrum research contributions, from parallel program synthesis to software engineering environments to requirements engineering. Contributions to the software engineering community in Europe and worldwide.",https://awards.acm.org/award-recipients/lamsweerde_1962265,2026-09-13,https://dblp.org/pid/71/4758,2026-09-17,Y,https://scholar.google.com/citations?user=KhZnymAAAAAJ,2026-09-16,Y,,
"Lorie, Raymond A",2000,USA,"Multiple important contributions to the technology of Relational Database systems (SQL embedding, SQL compilation, optimizer, extensions for engineering). Important contribution in automatic data entry from forms.",https://awards.acm.org/award-recipients/lorie_4303566,2026-09-13,https://dblp.org/pid/67/3397,2026-09-17,Y,,,N,,
"Loveland, Donald W",2000,USA,Played a major role in the development of theory proving and automated deduction through seminal research and an influential book on the subject.,https://awards.acm.org/award-recipients/loveland_1010602,2026-09-13,https://dblp.org/pid/23/1767,2026-09-17,Y,,,N,,
"Meyer, Albert R",2000,USA,"For fundamental advances in complexity theory and semantics of programming, and for outstanding service and education of graduate students.",https://awards.acm.org/award-recipients/meyer_1215300,2026-09-13,https://dblp.org/pid/m/ARMeyer,2026-09-17,Y,,,N,,
"Morris, James H",2000,USA,"James H. Morris is responsible for several seminally important ideas in computer science. He was one of the first to use Lambda Calculus to model programming languages, he was one of the developers of 'Lazy Evaluation', and he was co-discoverer of the Knuth-Morris-Pratt string search algorithm. Morris was Principal Scientist and Research Fellow at Xerox Palo Alto Research Center from 1974 until 1982. In 1982 he moved to Carnegie Mellon where he has held a number of positions including Developer of the Campus-wide Network (The Andrew System) and Chairman of the Computer Science Department.",https://awards.acm.org/award-recipients/morris_4263737,2026-09-13,https://dblp.org/pid/94/280,2026-09-17,Y,https://scholar.google.com/citations?user=9Y2cn3EAAAAJ,2026-09-17,N,James H. Morris,2026-09-18
"Peterson, Larry L",2000,USA,Research in the design and implementation of software for networked systems. Authoring introductory textbook on computer networks. Service to ACM as editor of ACM TOCS.,https://awards.acm.org/award-recipients/peterson_2244903,2026-09-13,https://dblp.org/pid/29/10895,2026-09-17,N,https://scholar.google.com/citations?user=hmq4rGIAAAAJ,2026-09-16,Y,Larry L. Peterson,2026-09-18
"Vardi, Moshe Yaakov",2000,USA,For contributions to the development of logic as a unifying foundational framework and a tool for modeling computational systems.,https://awards.acm.org/award-recipients/vardi_9543503,2026-09-13,https://dblp.org/pid/v/MosheYVardi,2026-09-17,Y,https://scholar.google.com/citations?user=DQaARsgAAAAJ,2026-09-16,Y,Moshe Y. Vardi,2026-09-18
"Warren, David S",2000,USA,"David Warren is a world leader in logic-programming research, past-president of the Association for Logic Programming, and implementor of the SBProlog and XSB systems.",https://awards.acm.org/award-recipients/warren_1844307,2026-09-13,https://dblp.org/pid/w/DavidScottWarren,2026-09-18,Y,https://scholar.google.com/citations?user=6DDwarUAAAAJ,2026-09-16,Y,,
"Wilhelm, Reinhard",2000,Germany,"For important contributions in the field of compilers, particularly code-generator generators and program analysis, and for outstanding service as Scientific Director of Schloss Dagstuhl.",https://awards.acm.org/award-recipients/wilhelm_1243443,2026-09-13,https://dblp.org/pid/w/ReinhardWilhelm,2026-09-17,Y,https://scholar.google.com/citations?user=cmvUbRUAAAAJ,2026-09-16,Y,Reinhard Wilhelm,2026-09-18
"Williams, Robin",2000,USA,For leadership in Computer Science research and the transfer of technology into products; and for contributions to ACM.,https://awards.acm.org/award-recipients/williams_1076371,2026-09-13,,,N,,,N,,
"Zwaenepoel, Willy E",2000,Switzerland,"For contributions to distributed and parallel processing, in particular to the design, implementation, and evaluation of software distributed shared memory.",https://awards.acm.org/award-recipients/zwaenepoel_2046290,2026-09-13,https://dblp.org/pid/z/WZwaenepoel,2026-09-17,Y,https://scholar.google.com/citations?user=KfI_FL4AAAAJ,2026-09-16,Y,,
"Auslander, Marc",1999,USA,For contributions to reduced instructionset computing (RISC) systems.,https://awards.acm.org/award-recipients/auslander_1044882,2026-09-13,https://dblp.org/pid/46/4364,2026-09-17,Y,,,N,,
"Birman, Ken",1999,USA,"For development of virtual synchrony and demonstrating its application to fault-tolerant distributed computing --not just in theory, but in commercial and production settings.",https://awards.acm.org/award-recipients/birman_2414126,2026-09-13,https://dblp.org/pid/b/KPBirman,2026-09-17,Y,https://scholar.google.com/citations?user=I-rKkyEAAAAJ,2026-09-16,Y,Ken Birman,2026-09-18
"Brachman, Ronald J.",1999,USA,"For sustained and influential contributions to the field of artificial intelligence through innovative technical work, successful industrial applications, research leadership, and dedication to the community.",https://awards.acm.org/award-recipients/brachman_1350156,2026-09-13,https://dblp.org/pid/b/RJBrachman,2026-09-17,Y,https://scholar.google.com/citations?user=zMnT8BsAAAAJ,2026-09-16,Y,Ronald J. Brachman,2026-09-18
"Braden, Robert T",1999,USA,For leadership in the development and enhancement of the Internet's End-to-End protocols.,https://awards.acm.org/award-recipients/braden_1009208,2026-09-13,https://dblp.org/pid/79/911,2026-09-17,Y,,,N,,
"Cook, Rob",1999,USA,"Cook invented Monte-Carlo rendering methods for antialiasing, motion blur, depth-of-field, glossy reflections, and translucency. Cook pioneered shading languages and physics-based shading, and co-authored the Renderman software.",https://awards.acm.org/award-recipients/cook_4147260,2026-09-13,https://dblp.org/pid/84/2471,2026-09-17,N,,,N,,
"DeBlasi, Joseph S",1999,USA,For extraordinary executive leadership and innovative Internet-based programs that transformed ACM into a powerful international presence in computing.,https://awards.acm.org/award-recipients/deblasi_3515723,2026-09-13,,,N,,,N,,
"Demmel, James",1999,USA,"For outstanding contributions to scientific computing, parallel processing and software engineering.",https://awards.acm.org/award-recipients/demmel_6010135,2026-09-13,https://dblp.org/pid/d/JDemmel,2026-09-17,Y,https://scholar.google.com/citations?user=By1xdxEAAAAJ,2026-09-16,Y,,
"Fateman, Richard J",1999,USA,For seminal contributions to the development of MACSYMA and symbolic processing systems.,https://awards.acm.org/award-recipients/fateman_1117654,2026-09-13,https://dblp.org/pid/f/RJFateman,2026-09-17,Y,https://scholar.google.com/citations?user=MKANuc0AAAAJ,2026-09-16,Y,,
"Foley, James D",1999,USA,"Through his books, courses, papers, organizational, and professional contributions, Foley has had a broad and lasting impact on the computer graphics field and on ACM.",https://awards.acm.org/award-recipients/foley_1150127,2026-09-13,https://dblp.org/pid/f/JamesDFoley,2026-09-17,Y,https://scholar.google.com/citations?user=GmcChLIAAAAJ,2026-09-16,Y,,
"Geschke, Charles M",1999,USA,"For contributions to the PostScript Language and Interpreter and for his leadership of Adobe Systems, one of the most innovative software companies of today.",https://awards.acm.org/award-recipients/geschke_1240134,2026-09-13,https://dblp.org/pid/g/CharlesMGeschke,2026-09-17,Y,,,N,,
"Ghezzi, Carlo",1999,Italy,Numerous research contributions from compiler theory to real-time systems to software processes. A strong contributor to the software engineering community in Europe and worldwide.,https://awards.acm.org/award-recipients/ghezzi_1434422,2026-09-13,https://dblp.org/pid/g/CarloGhezzi,2026-09-17,Y,https://scholar.google.com/citations?user=Y8BLBGcAAAAJ,2026-09-16,Y,,
"Glass, Robert L",1999,Australia,For distinguished contributions to practical software engineering through writing and speaking in language and action bridging the interests of academia and industry.,https://awards.acm.org/award-recipients/glass_1532894,2026-09-13,https://dblp.org/pid/23/4277,2026-09-17,Y,,,N,,
"Graham, Ronald L.",1999,USA,"For seminal contributions to the analysis of algorithms, in particular the worst-case analysis of heuristics, the theory of scheduling, and computational geometry.",https://awards.acm.org/award-recipients/graham_2060168,2026-09-13,https://dblp.org/pid/g/RLGraham,2026-09-17,Y,https://scholar.google.com/citations?user=qrPaF3QAAAAJ,2026-09-16,Y,,
"Guibas, Leonidas",1999,USA,"For his work on geometric data structures, arrangements of surfaces and their applications, geometric algorithms in computer graphics, and algorithmic issues in computer vision.",https://awards.acm.org/award-recipients/guibas_1283951,2026-09-13,https://dblp.org/pid/g/LeonidasJGuibas,2026-09-17,Y,https://scholar.google.com/citations?user=5JlEyTAAAAAJ,2026-09-16,Y,Leonidas J. Guibas,2026-09-18
"Ibaraki, Toshihide",1999,Japan,"For contributions to the theory and algorithms of discrete optimization, graphs and networks, and logical analysis of data with Boolean functions, as well as their applications.",https://awards.acm.org/award-recipients/ibaraki_1089572,2026-09-13,https://dblp.org/pid/72/3560,2026-09-17,Y,,,N,,
John D Gannon,1999,USA,"For contributions to research in programming languages and software engineering, and for service to the ACM, SIGSOFT, and the entire computing community.",,,https://dblp.org/pid/g/JohnDGannon,2026-09-17,Y,,,N,,
"Kanade, Takeo",1999,Japan,"For broad contributions to research in and the advancement of computer science and robotics, and for service to the ACM and the greater computer science and robotics community.",https://awards.acm.org/award-recipients/kanade_1571645,2026-09-13,https://dblp.org/pid/k/TakeoKanade,2026-09-17,Y,https://scholar.google.com/citations?user=askFPfcAAAAJ,2026-09-17,Y,Takeo Kanade,2026-09-18
"Lewis, Philip M",1999,USA,"For fundamental contributions to the development of computational theory and practice, particularly complexity theory, compiler design, and concurrency control for databases and systems.",https://awards.acm.org/award-recipients/lewis_1144468,2026-09-13,https://dblp.org/pid/l/PhilipMLewis,2026-09-17,Y,,,N,,
"MacQueen, David",1999,USA,"For significant research contributions in type theory and programming language design, especially for work on the design and implementation of Standard ML.",https://awards.acm.org/award-recipients/macqueen_1475888,2026-09-13,https://dblp.org/pid/54/6101,2026-09-17,N,https://scholar.google.com/citations?user=pxKA2w0AAAAJ,2026-09-16,Y,,
"Martin, C. Dianne",1999,USA,For extraordinary leadership and innovation in computer science education and for service to ACM and the profession.,https://awards.acm.org/award-recipients/martin_2161529,2026-09-13,https://dblp.org/pid/m/CDMartin,2026-09-17,Y,,,N,,
"Masinter, Larry M",1999,USA,Development of Interlisp programming environment; leader in creation of standards for the Internet and World Wide Web.,https://awards.acm.org/award-recipients/masinter_3814811,2026-09-13,https://dblp.org/pid/78/3899,2026-09-17,Y,https://scholar.google.com/citations?user=vwDzhiAAAAAJ,2026-09-16,Y,,
"Mehlhorn, Kurt",1999,Germany,"For important contributions in complexity theory and in the design, analysis, and practice of combinatorial and geometric algorithms.",https://awards.acm.org/award-recipients/mehlhorn_1424282,2026-09-13,https://dblp.org/pid/m/KurtMehlhorn,2026-09-17,Y,https://scholar.google.com/citations?user=28CWXPUAAAAJ,2026-09-16,Y,Kurt Mehlhorn [INF],2026-09-18
"Mills, David L",1999,USA,For contributions to Internet Routing and Timekeeping.,https://awards.acm.org/award-recipients/mills_1036540,2026-09-13,https://dblp.org/pid/10/4492,2026-09-17,Y,,,N,,
"Pradhan, Dhiraj",1999,United Kingdom,"For contributions to VLSI CAD test, and Fault-tolerant Systems Design, including leadership in computer engineering, and computer science education and research.",https://awards.acm.org/award-recipients/pradhan_1390087,2026-09-13,https://dblp.org/pid/236/7010,2026-09-17,N,https://scholar.google.com/citations?user=OETOceoAAAAJ,2026-09-16,Y,,
"Sameh, Ahmed",1999,USA,"For leadership in education and research in parallel computing, and for pioneering contributions in mathematical software for parallel architectures.",https://awards.acm.org/award-recipients/sameh_1184720,2026-09-13,https://dblp.org/pid/s/AhmedSameh,2026-09-17,N,,,N,,
"Samuelson, Pamela",1999,USA,"Fellow of the John D. and Catherine T. MacArthur Foundation, 1997-2002; Named as one of the 100 most influential people in the digital age in the December 1997 issue of Upside Magazine and as one of the lawyers of the year in the December 1997 issue of the California Lawyer; Fellow, Electronic Frontier Foundation, since 1997.",https://awards.acm.org/award-recipients/samuelson_3933272,2026-09-13,https://dblp.org/pid/s/PamelaSamuelson,2026-09-17,Y,https://scholar.google.com/citations?user=m1x1I0EAAAAJ,2026-09-16,Y,,
"Snir, Marc",1999,USA,For contributions to the theory of parallel computation and the development of scaleable parallel systems architectures.,https://awards.acm.org/award-recipients/snir_1436294,2026-09-13,https://dblp.org/pid/40/3047,2026-09-17,Y,https://scholar.google.com/citations?user=HaI6LesAAAAJ,2026-09-16,Y,,
"Snodgrass, Richard",1999,USA,"For originating , providing leadership to, and for fundamental contributions to the research area of temporal databases, and for outstanding, wide-ranging service to the database community.",https://awards.acm.org/award-recipients/snodgrass_1557909,2026-09-13,https://dblp.org/pid/s/RichardTSnodgrass,2026-09-17,Y,https://scholar.google.com/citations?user=BkrB4awAAAAJ,2026-09-16,Y,Richard T. Snodgrass,2026-09-18
"Soffa, Mary Lou",1999,USA,For the development and enhancement of code improving transformations and the efficient design of program analysis algorithms for use in compilers and software engineering tools.,https://awards.acm.org/award-recipients/soffa_1315167,2026-09-13,https://dblp.org/pid/s/MaryLouSoffa,2026-09-17,Y,https://scholar.google.com/citations?user=KWiJaj8AAAAJ,2026-09-16,Y,Mary Lou Soffa,2026-09-18
"Tan, Chung Jen",1999,China,Pioneer in logical design and in the development of IBM's parallel computing systems. Leadership of Deep Blue Project. Major role on ACM Computer Chess Committee.,https://awards.acm.org/award-recipients/tan_4326757,2026-09-13,https://dblp.org/pid/54/1393,2026-09-17,Y,,,N,,
"Torii, Koji",1999,Japan,"For distinguished research in language theory and in software engineering, and for international leadership in the software engineering community.",https://awards.acm.org/award-recipients/torii_3055183,2026-09-13,https://dblp.org/pid/56/2801,2026-09-17,Y,,,N,,
"Waltz, David L",1999,USA,For contributions to Artificial Intelligence through innovations in memory-based reasoning and constraint-satisfaction techniques.,https://awards.acm.org/award-recipients/waltz_1508100,2026-09-13,https://dblp.org/pid/w/DavidLWaltz,2026-09-17,Y,,,N,,
"Warnock, John",1999,USA,"For three decades, Warnock has been respected as an innovator in the field of computer software. One of Warnock's most outstanding achievements is the development of the PostScript language.",https://awards.acm.org/award-recipients/warnock_4021408,2026-09-13,https://dblp.org/pid/w/JohnEWarnock,2026-09-17,Y,,,N,,
"Yonezawa, Akinori",1999,Japan,"Yonezawa is a pioneer of concurrent object-oriented programming systems, and he contributed to developing the area, publishing papers and serving to the community.",https://awards.acm.org/award-recipients/yonezawa_1476860,2026-09-13,https://dblp.org/pid/y/AkinoriYonezawa,2026-09-17,Y,,,N,,
"Agrawal, Dharma P",1998,USA,"For contributions to Parallel Processing Architecture, Interconnection Networks, Parallelism Detection & Scheduling.",https://awards.acm.org/award-recipients/agrawal_1589548,2026-09-13,https://dblp.org/pid/a/DharmaPAgrawal,2026-09-17,Y,,,N,Dharma Agrawal,2026-09-18
"Andrews, Gregory R",1998,USA,For influential research and books on concurrent programming; co-development of the SR programming language; and major service roles with Computing Research Association and National Science Foundation.,https://awards.acm.org/award-recipients/andrews_1266683,2026-09-13,https://dblp.org/pid/a/GregoryRAndrews,2026-09-17,Y,https://scholar.google.com/citations?user=4LCdnkYAAAAJ,2026-09-16,Y,Gregory R. Andrews,2026-09-18
"Appel, Andrew W",1998,USA,Significant research contributions in the area of programming languages and compilers. Important contributions to the ACM Transactions on Programming Languages and Systems.,https://awards.acm.org/award-recipients/appel_2115301,2026-09-13,https://dblp.org/pid/a/AWAppel,2026-09-17,Y,https://scholar.google.com/citations?user=wC_ntLYAAAAJ,2026-09-16,Y,,
"Berghel, Hal",1998,USA,"For wide-ranging contributions to the arts, sciences and practices of information processing and distinguished service to ACM.",https://awards.acm.org/award-recipients/berghel_2159119,2026-09-13,https://dblp.org/pid/b/HalBerghel,2026-09-17,Y,,,N,Hal Berghel,2026-09-18
"Browne, James C",1998,USA,For leadership in research and graduate education in computer science across a spectrum of subdisciplines and for innovation in technology transfer both to industry and to other disciplines of science and engineering.,https://awards.acm.org/award-recipients/browne_1027143,2026-09-13,https://dblp.org/pid/13/1022,2026-09-17,Y,,,N,,
"Cartwright, Robert Staley",1998,USA,"Cartwright formulated a series of landmark results concerning the principles of programming languages, i.e., the theory of data, types, and computability in sequential, higher-order languages.",https://awards.acm.org/award-recipients/cartwright_1677715,2026-09-13,https://dblp.org/pid/c/RCartwright,2026-09-17,Y,https://scholar.google.com/citations?user=TtJeqqoAAAAJ,2026-09-16,Y,Robert Cartwright,2026-09-18
"Chen, Peter P",1998,USA,"Dr. Peter Chen is the originator of the Entity-Relationship (ER) Model, which serves as the foundation of many systems analysis and design methodologies, CASE tools, and repository systems.",https://awards.acm.org/award-recipients/chen_2463263,2026-09-13,https://dblp.org/pid/c/PPChen,2026-09-17,Y,,,N,,
"Clarke, Edmund",1998,USA,Edmund M. Clarke is the co-inventor of Model Checking (with his former student Allen Emerson). He and his graduate students helped make Model Checking a tool that can be used to verify finite-state concurrent systems of industrial complexity.,https://awards.acm.org/award-recipients/clarke_1167964,2026-09-13,https://dblp.org/pid/c/EdmundMClarke,2026-09-17,Y,https://scholar.google.com/citations?user=_adL2C8AAAAJ,2026-09-17,Y,,
"Clarke, Lori",1998,USA,"For outstanding research in software engineering, particularly in the areas of software testing and analysis, and for dedicated service to the software engineering community.",https://awards.acm.org/award-recipients/clarke_1395003,2026-09-13,https://dblp.org/pid/c/LoriAClarke,2026-09-17,Y,,,N,,
"Cole, Richard J",1998,USA,"Richard Cole has developed innovative and enabling paradigms, algorithms and methods of analysis: in computational geometry, parallel computing, and string and pattern matching.",https://awards.acm.org/award-recipients/cole_1895101,2026-09-13,https://dblp.org/pid/96/5516,2026-09-17,Y,https://scholar.google.com/citations?user=p2ttvlEAAAAJ,2026-09-16,Y,,
"Ellis, Clarence A",1998,USA,Dr. Ellis' publications and his leadership in ACM SIGOIS and conferences have had a major impact in the office information systems field.,https://awards.acm.org/award-recipients/ellis_3975695,2026-09-13,https://dblp.org/pid/e/ClarenceAEllis,2026-09-17,Y,,,N,,
"Gabriel, Richard P.",1998,USA,"Dr. Richard Gabriel is a leader in the Lisp/OOP community with years of contributions to standardization and founding a highly successful company, Lucid.",https://awards.acm.org/award-recipients/gabriel_3666336,2026-09-13,https://dblp.org/pid/170/8185,2026-09-17,N,,,N,,
"Gupta, Gopal Krishna",1998,Australia,"For his outstanding contributions in the areas of Hybrid DE's, database and signature recognition, and to the development of computer science education in remote areas of Australia, and South East Asia.",https://awards.acm.org/award-recipients/gupta_1257229,2026-09-13,https://dblp.org/pid/g/GopalGupta,2026-09-17,N,,,N,,
"Horning, James Jay",1998,USA,"For fundamental contributions to the fields of programming language design and specification methodology, and for leadership in matters of computing and public policy.",https://awards.acm.org/award-recipients/horning_1051440,2026-09-13,https://dblp.org/pid/h/JamesJHorning,2026-09-17,Y,,,N,,
"Jones, Neil",1998,Denmark,"For outstanding contributions to semantics-directed compilation, especially partial evaluation, and to the theory of computation, formal models and their practical realization.",https://awards.acm.org/award-recipients/jones_4210456,2026-09-13,https://dblp.org/pid/j/NeilDJones,2026-09-17,Y,,,N,,
"Joshi, Aravind K",1998,USA,"For pioneering theoretical and technological contributions to natural language processing and fostering interdisciplinary research and education in artificial intelligence, cognitive science and information technology, in general.",https://awards.acm.org/award-recipients/joshi_1047992,2026-09-13,https://dblp.org/pid/j/AravindKJoshi,2026-09-17,Y,,,N,,
"Kandel, Abraham",1998,USA,"For original research contributions advancing the state-of-the-art in applied fuzzy sets, fuzzy expert systems, and fuzzy hybrid systems.",https://awards.acm.org/award-recipients/kandel_1140078,2026-09-13,https://dblp.org/pid/63/612,2026-09-17,Y,,,N,,
"Kent, Stephen T",1998,USA,"For contributions in technologies, algorithms, policies and practices that help ensure the privacy and security of data communications networks and systems such as the Internet.",https://awards.acm.org/award-recipients/kent_1575380,2026-09-13,https://dblp.org/pid/26/6838,2026-09-17,Y,,,N,,
"LAM, SIMON S",1998,USA,"For fundamental research contributions to the design, analysis, and understanding of computer network architectures and protocols.",https://awards.acm.org/award-recipients/lam_1287606,2026-09-13,https://dblp.org/pid/l/SimonSLam,2026-09-17,Y,,,N,,
"Li, Kai",1998,USA,"For fundamental contributions to computer systems and architecture, by introducing and demonstrating the effectiveness of Shared Virtual Memory.",https://awards.acm.org/award-recipients/li_2321214,2026-09-13,https://dblp.org/pid/65/8684,2026-09-17,N,https://scholar.google.com/citations?user=9MSpWOUAAAAJ,2026-09-16,Y,Kai Li 0001,2026-09-18
"Maier, David",1998,USA,For fundamental insights into database theory and object-oriented databases and for leadership in directing the future of database research.,https://awards.acm.org/award-recipients/maier_1492347,2026-09-13,https://dblp.org/pid/m/DavidMaier,2026-09-17,Y,https://scholar.google.com/citations?user=80pKMyMAAAAJ,2026-09-16,Y,David Maier 0001,2026-09-18
"Notkin, David S",1998,USA,"For broad contributions to research in software engineering and software evolution, and for service to the ACM and the greater software engineering community.",https://awards.acm.org/award-recipients/notkin_1526847,2026-09-13,https://dblp.org/pid/n/DavidNotkin,2026-09-17,Y,,,N,,
"Nycum, Susan H",1998,USA,For her contributions to improving the bilateral understanding between the technical community and the legal community.,https://awards.acm.org/award-recipients/nycum_1456367,2026-09-13,https://dblp.org/pid/56/3975,2026-09-17,Y,,,N,,
"Osterweil, Leon J",1998,USA,"For fundamental contributions in software engineering, particularly in testing and analysis, environments and process, and leadership in the computer science community.",https://awards.acm.org/award-recipients/osterweil_3140399,2026-09-13,https://dblp.org/pid/o/LJOsterweil,2026-09-17,Y,https://scholar.google.com/citations?user=yvTXYDMAAAAJ,2026-09-16,Y,,
"Rangan, Venkat P",1998,India,"P. Venkat founded one of the foremost centers for research in multimedia, in which area he is an inventor of fundamental techniques with global impact.",https://awards.acm.org/award-recipients/rangan_3841665,2026-09-13,https://dblp.org/pid/r/PVRangan,2026-09-17,Y,,,N,,
"Richards, John T",1998,USA,For contributions to user-centered software design and for outstanding service to the programming languages community.,https://awards.acm.org/award-recipients/richards_3250446,2026-09-13,https://dblp.org/pid/25/2931,2026-09-17,Y,https://scholar.google.com/citations?user=SwdqY_gAAAAJ,2026-09-16,Y,,
"Rowe, Lawrence A",1998,USA,"For seminal contributions to programming languages, relational database technology, user interfaces and multimedia systems.",https://awards.acm.org/award-recipients/rowe_1080860,2026-09-13,https://dblp.org/pid/r/LawrenceARowe,2026-09-17,Y,https://scholar.google.com/citations?user=f-48BdcAAAAJ,2026-09-16,Y,,
"Ryder, Barbara Gershon",1998,USA,"For seminal contributions to the theoretical foundations and empirical investigation of interprocedural compile-time analyses, especially for languages with general-purpose pointers.",https://awards.acm.org/award-recipients/ryder_1582709,2026-09-13,https://dblp.org/pid/r/BarbaraGRyder,2026-09-17,Y,,,N,,
"Selman, Alan",1998,USA,Throughout his career Alan L. Selman has been an influential contributor to computational complexity theory and a dedicated professional within the academic comuter science community.,https://awards.acm.org/award-recipients/selman_1182401,2026-09-13,https://dblp.org/pid/s/AlanLSelman,2026-09-17,Y,https://scholar.google.com/citations?user=8ExiKC0AAAAJ,2026-09-16,Y,,
"Sequin, Carlo H",1998,USA,"For seminal contributions to the development of RISC, CAD tools and computer graphics systems.",https://awards.acm.org/award-recipients/sequin_1723501,2026-09-13,https://dblp.org/pid/s/CarloHSequin,2026-09-17,Y,,,N,,
"Siegel, H. J.",1998,USA,"For contributions to the design and analysis of parallel machine interconnection networks, reconfigurable parallel computers, parallel application mappings, and heterogeneous computing systems.",https://awards.acm.org/award-recipients/siegel_1435668,2026-09-13,https://dblp.org/pid/s/HowardJaySiegel,2026-09-17,Y,https://scholar.google.com/citations?user=C1wrYy4AAAAJ,2026-09-16,Y,,
"Spafford, Eugene H.",1998,USA,"For continuing scholarship and community service in promoting computing technology and networks, with particular emphasis on issues of security, ethics, safety, and responsible use.",https://awards.acm.org/award-recipients/spafford_1692052,2026-09-13,https://dblp.org/pid/s/EugeneHSpafford,2026-09-17,Y,https://scholar.google.com/citations?user=MkC5kHcAAAAJ,2026-09-16,Y,Eugene H. Spafford,2026-09-18
"Tardos, Eva",1998,USA,"For fundamental contributions in the design and analysis of algorithms, combinatorial optimization, network flows, and approximation algorithms.",https://awards.acm.org/award-recipients/tardos_3252715,2026-09-13,https://dblp.org/pid/t/EvaTardos,2026-09-17,Y,https://scholar.google.com/citations?user=h6jljQQAAAAJ,2026-09-16,Y,Éva Tardos,2026-09-18
"Taylor, Richard N",1998,USA,"For contributions to research in software engineering and software environments, and for service to the ACM, SIGSOFT, and the entire software engineering community.",https://awards.acm.org/award-recipients/taylor_1470475,2026-09-13,https://dblp.org/pid/t/RichardNTaylor,2026-09-17,Y,https://scholar.google.com/citations?user=h9t7KCcAAAAJ,2026-09-16,Y,,
"Turner, Albert J",1998,USA,Professor Turner exemplifies outstanding leadership in advancing the state-of-the-art of computing sciences education both within ACM and in the wider national and international arenas.,https://awards.acm.org/award-recipients/turner_1244433,2026-09-13,https://dblp.org/pid/t/AJoeTurner,2026-09-17,Y,,,N,,
"Welzl, Emmerich",1998,Switzerland,For orignial contributions in geometric and combinatorial algorithms and for bringing together discrete mathematics and algorithmics.,https://awards.acm.org/award-recipients/welzl_1886985,2026-09-13,https://dblp.org/pid/w/EmoWelzl,2026-09-17,Y,,,N,Emo Welzl,2026-09-18
"Wing, Jeannette M.",1998,USA,"For fundamental contributions to formal methods, programming languages, and programming methodology, and for promoting the use of formal methods in software development.",https://awards.acm.org/award-recipients/wing_1654391,2026-09-13,https://dblp.org/pid/w/JeannetteMWing,2026-09-17,Y,https://scholar.google.com/citations?user=2NjS1dUAAAAJ,2026-09-16,Y,,
"Yannakakis, Mihalis",1998,USA,"For seminal contributions to the foundations of computer science, the principles of database systems, and the links between complexity theory and combinatorial optimization.",https://awards.acm.org/award-recipients/yannakakis_1912930,2026-09-13,https://dblp.org/pid/y/MihalisYannakakis,2026-09-17,Y,https://scholar.google.com/citations?user=_pPy-pAAAAAJ,2026-09-16,Y,Mihalis Yannakakis,2026-09-18
"Zweben, Stuart",1998,USA,"For contributions to the field of software engineering, and for leadership in professional societies in the computing field.",https://awards.acm.org/award-recipients/zweben_1290964,2026-09-13,https://dblp.org/pid/z/SHZweben,2026-09-17,Y,https://scholar.google.com/citations?user=CkaYDF0AAAAJ,2026-09-16,Y,,
"akyildiz, ian f",1997,USA,"Dr. Akyildiz has achieved fundamental research contributions in: finite capacity queuing network models; performance evaluation of Time Warp parallel simulations; traffic Control in ATM networks, and ; mobility management in wireless networks.",https://awards.acm.org/award-recipients/akyildiz_2743755,2026-09-13,https://dblp.org/pid/a/IAAkyildiz,2026-09-17,Y,https://scholar.google.com/citations?user=rAGwv14AAAAJ,2026-09-16,Y,,
"Baer, Jean-Loup",1997,USA,"For contributions to the design and evaluation of parallel processing systems, in particular in the areas of cache coherence protocols and techniques to tolerate memory latency.",https://awards.acm.org/award-recipients/ebaer_1063148,2026-09-18,https://dblp.org/pid/b/JLBaer,2026-09-17,Y,,,N,,
"Basili, Victor",1997,USA,For contributions to empirical software engineering.,https://awards.acm.org/award-recipients/basili_1045137,2026-09-13,https://dblp.org/pid/b/VRBasili,2026-09-17,Y,https://scholar.google.com/citations?user=B3C4aY8AAAAJ,2026-09-16,Y,,
"Bate, Roger R",1997,USA,"Developing computational models for celestial mechanics, astrodynamics, transport lag systems, and nuclear reasctors; leadership in developing innovative computer architectures, software processes, and USAFA computer science.",https://awards.acm.org/award-recipients/bate_1033521,2026-09-13,,,N,,,N,,
"Boehm, Barry",1997,USA,"For significant contributions to the technology and discipline of software engineering, including implementation of advanced computer and software systems, environments, architectures, process models, cost models, quality models, and risk models.",https://awards.acm.org/award-recipients/boehm_1051168,2026-09-13,https://dblp.org/pid/b/BarryWBoehm,2026-09-17,Y,https://scholar.google.com/citations?user=EyAD66UAAAAJ,2026-09-16,Y,,
"Chlamtac, Imrich",1997,Italy,"For fundamental contributions to the development of algorithms and communication protocols, and technical leadership in mobile networking.",https://awards.acm.org/award-recipients/chlamtac_1888304,2026-09-13,https://dblp.org/pid/c/ImrichChlamtac,2026-09-17,Y,https://scholar.google.com/citations?user=bWqipasAAAAJ,2026-09-16,Y,,
"Croft, Bruce",1997,USA,"For contributions to the theory and practice of information retrieval, especially the development of new retrieval models and the transfer of research results to practice.",https://awards.acm.org/award-recipients/croft_1539394,2026-09-13,https://dblp.org/pid/c/WBruceCroft,2026-09-17,Y,https://scholar.google.com/citations?user=ArV74ZMAAAAJ,2026-09-16,Y,,
"Davis, Gordon B",1997,USA,"One of the principal founders, intellectual architects, and developers of the academic discipline of information systems, also termed Management Information Systems.",https://awards.acm.org/award-recipients/davis_1044965,2026-09-13,https://dblp.org/pid/45/3456,2026-09-17,Y,https://scholar.google.com/citations?user=9wvoCssAAAAJ,2026-09-16,Y,,
"Dobkin, David P",1997,USA,"For pionering the development of computational geometry as a field, and for leading the technology transfer of theoretical algorithms to practical problems in computer graphics.",https://awards.acm.org/award-recipients/dobkin_1543941,2026-09-13,https://dblp.org/pid/d/DavidPDobkin,2026-09-17,Y,https://scholar.google.com/citations?user=nnr8YgwAAAAJ,2026-09-16,Y,,
"Freeman, Herbert",1997,USA,"For his outstanding contributions in computer graphics, computer vision, and computerized cartography, especially his invention of the chain code for line-drawing representation and processing.",https://awards.acm.org/award-recipients/freeman_1001833,2026-09-13,https://dblp.org/pid/60/4126,2026-09-17,Y,,,N,,
"Garcia-Molina, Hector",1997,USA,"For outstanding innovations to database system technology, including achievements in storage management, distributed databases, transaction management and digital libraries.",https://awards.acm.org/award-recipients/garcia-molina_1583368,2026-09-13,https://dblp.org/pid/g/HGarciaMolina,2026-09-17,Y,https://scholar.google.com/citations?user=bAa___kAAAAJ,2026-09-16,Y,,
"Greif, Irene",1997,USA,"For innovative development of group-enabled desktop applications, and for pioneering the field of Computer Supported Cooperative Work.",https://awards.acm.org/award-recipients/greif_1243609,2026-09-13,https://dblp.org/pid/41/3993,2026-09-17,Y,,,N,,
"Gurevich, Yuri",1997,USA,"Professor Yuri Gurevich is an internationally acclaimed researcher, educator, and leader in the field of foundational issues of computer science.",https://awards.acm.org/award-recipients/gurevich_2256485,2026-09-13,https://dblp.org/pid/g/YuriGurevich,2026-09-17,Y,https://scholar.google.com/citations?user=ZxZTbyAAAAAJ,2026-09-16,Y,,
"Hennessy, John L",1997,USA,"John L. Hennessy is a pioneer of RISC technology and a founder of MIPS Computer Systems. His work demonstrated to the field the symbiosis possible among compiler technology, instruction set architecture and processor design.",https://awards.acm.org/award-recipients/hennessy_1426931,2026-09-13,https://dblp.org/pid/h/JohnLHennessy,2026-09-17,Y,https://scholar.google.com/citations?user=tp07xT0AAAAJ,2026-09-17,Y,John L. Hennessy,2026-09-18
J D Couger,1997,USA,"A member of ACM for 29 years, Dan Couger has lectured in more than 60 countries on six continents. He is the author of 18 books and more than 185 papers. Prior to his academic appointment he was a manager in the computer field. He has served the US computing community in a variety of capacities, recognized by 5 national-level awards for his contributions.",,,https://dblp.org/pid/65/6674,2026-09-17,Y,,,N,,
"Kedem, Zvi Meir",1997,USA,"Zvi Kedem has developed crucial enabling innovations in key areas of information technology and their foundational underpinnings: in computer graphics, database systems, and parallel computing.",https://awards.acm.org/award-recipients/kedem_1284975,2026-09-13,https://dblp.org/pid/k/ZviMKedem,2026-09-17,Y,,,N,,
"Kemmerer, Richard A.",1997,USA,"For contributions in the areas of formal specification and verification of systems, computer system security and reliability, specification language design, and software engineering.",https://awards.acm.org/award-recipients/kemmerer_1478734,2026-09-13,https://dblp.org/pid/k/RAKemmerer,2026-09-17,Y,,,N,Richard A. Kemmerer,2026-09-18
"Lawson, H W",1997,Sweden,"For outstanding contributions to compilers, programming languages, computer architecture, microporgramming, and real-time systems as well as to computer science and engineering education and training.",https://awards.acm.org/award-recipients/lawson_1018555,2026-09-13,https://dblp.org/pid/07/2756,2026-09-17,Y,,,N,,
"Lee, Der-Tsai",1997,Taiwan,For contribution to Computational Geometry and Design and Analysis of Algorithms.,https://awards.acm.org/award-recipients/lee_1683903,2026-09-13,https://dblp.org/pid/l/DTLee,2026-09-17,Y,https://scholar.google.com/citations?user=ZQuppV0AAAAJ,2026-09-16,Y,,
"Lipton, Richard",1997,USA,For sustained excellence in research in virtually every aspect of theoretical computer science. He has produced some of the most influential work in the field.,https://awards.acm.org/award-recipients/lipton_2099257,2026-09-13,https://dblp.org/pid/l/RichardJLipton,2026-09-17,Y,,,N,,
"Lynch, Nancy",1997,USA,"For contributions to the theory of distributed computing, including mathematical models and proof techniques, algorithms and impossiblity results.",https://awards.acm.org/award-recipients/lynch_2276129,2026-09-13,https://dblp.org/pid/l/NancyALynch,2026-09-17,Y,https://scholar.google.com/citations?user=LPTkkxUAAAAJ,2026-09-16,Y,Nancy A. Lynch,2026-09-18
"Menasce, Daniel A.",1997,USA,"For fundamental contributions to education and practice of computer networks and performance evaluation, and material contributions to the establishment of a strong computing industry in Brazil.",https://awards.acm.org/award-recipients/menasce_4050696,2026-09-13,https://dblp.org/pid/m/DAMenasce,2026-09-17,Y,https://scholar.google.com/citations?user=ONloO5IAAAAJ,2026-09-16,Y,,
"Miller, Raymond",1997,USA,For research contributions to the theory of parallel computation and for his distinguished service to the Computer Science community as an educator and leader.,https://awards.acm.org/award-recipients/miller_1010750,2026-09-13,https://dblp.org/pid/141/1845,2026-09-17,N,,,N,,
"Perrott, Ron",1997,United Kingdom,The candidate has made fundamental contributions to the design and implementation of parallel languages and has been active in formulating IT policy at the UK and European levels.,https://awards.acm.org/award-recipients/perrott_3842507,2026-09-13,https://dblp.org/pid/p/RHPerrott,2026-09-17,Y,https://scholar.google.com/citations?user=E276ScEAAAAJ,2026-09-16,Y,,
"Pippenger, Nicholas",1997,USA,"For numerous contributions to the theory of computation, to communication theory and information theory, and to related areas of mathematics.",https://awards.acm.org/award-recipients/pippenger_1421585,2026-09-13,https://dblp.org/pid/p/NicholasPippenger,2026-09-17,Y,https://scholar.google.com/citations?user=W33jtKMAAAAJ,2026-09-16,Y,,
"Pratt, Vaughan Ronald",1997,USA,"An outstanding computer scientist, with unusually diverse, original and deep accomplishments, like showing primes in NP, inventing dynamic logic, helping start SUN, and solidifying concurrency.",https://awards.acm.org/award-recipients/pratt_1324086,2026-09-13,https://dblp.org/pid/p/VRPratt,2026-09-17,Y,,,N,,
Raymond Reiter,1997,Canada,"Professor Reiter's fundamental contributions to artificial intelligence have important applications in perception, diagnostic reasoning, robotic control and database, and programming language semantics.",,,https://dblp.org/pid/r/RaymondReiter,2026-09-17,Y,,,N,,
"Reif, John H",1997,USA,"For major and fundamental theoretical contributions to a wide range of emerging areas in computer science, particularly parallel computing and robotics.",https://awards.acm.org/award-recipients/reif_1512664,2026-09-13,https://dblp.org/pid/r/JohnHReif,2026-09-17,Y,https://scholar.google.com/citations?user=Er-gEaoAAAAJ,2026-09-16,Y,John H. Reif,2026-09-18
"Schneck, Paul",1997,USA,"For leadership in compiler and operating system software for extending the utility and capability of high-performance computers, including mainframes, vector processors, and parallel processors.",https://awards.acm.org/award-recipients/schneck_1045616,2026-09-13,https://dblp.org/pid/04/4314,2026-09-17,Y,,,N,,
"Sedgewick, Robert",1997,USA,For seminal work in the mathematical analysis of algorithms and pioneering research in algorithm animation.,https://awards.acm.org/award-recipients/sedgewick_1183631,2026-09-13,https://dblp.org/pid/s/RobertSedgewick,2026-09-17,Y,https://scholar.google.com/citations?user=dc3FV3sAAAAJ,2026-09-16,Y,,
"Sevcik, Kenneth C",1997,Canada,"For exceptional service to ACM and the computing profession, and for outstanding research contributions in data base systems and in computer/communication performance evaluation.",https://awards.acm.org/award-recipients/sevcik_1127315,2026-09-13,https://dblp.org/pid/s/KennethCSevcik,2026-09-17,Y,,,N,,
"Sharir, Micha",1997,Israel,Algorithmic motion planning; properties of Davenport-Schinzel sequences and their applications in computiational geometry; arrangements of surfaces and their relevance to geometric algorithms; subexpotential randomized (combinatorial) algorithm for linear programming.,https://awards.acm.org/award-recipients/sharir_1636810,2026-09-13,https://dblp.org/pid/s/MichaSharir,2026-09-17,Y,https://scholar.google.com/citations?user=jnEtxm4AAAAJ,2026-09-16,Y,,
"Shaw, Alan C",1997,USA,"He is an outstanding researcher with contributions in operating systems, real-time systems, picture processing and software modelling. He has written seminal CS texts.",https://awards.acm.org/award-recipients/shaw_1096734,2026-09-13,https://dblp.org/pid/s/AlanCShaw,2026-09-17,Y,,,N,,
"Shneiderman, Ben",1997,Canada,"Ben Shneiderman has been a leader in the field of computer-human interaction, seeking to extend benefits of computing technology to a broad constituency.",https://awards.acm.org/award-recipients/shneiderman_1238799,2026-09-13,https://dblp.org/pid/s/BShneiderman,2026-09-17,Y,https://scholar.google.com/citations?user=h4i4fh8AAAAJ,2026-09-16,Y,,
"Steiglitz, Kenneth",1997,USA,"For advancing the fields of signal processing, control theory, computer music, and combinatorial optimization from a computer science perspective.",https://awards.acm.org/award-recipients/steiglitz_2779957,2026-09-13,https://dblp.org/pid/s/KennethSteiglitz,2026-09-17,Y,,,N,,
"Towsley, Donald F",1997,USA,For contributions to the modeling and analysis of computer and communications systems and the impact of these results on various systems and performance evaluation tools.,https://awards.acm.org/award-recipients/towsley_1521947,2026-09-13,https://dblp.org/pid/t/DonaldFTowsley,2026-09-17,Y,https://scholar.google.com/citations?user=KIFPVWoAAAAJ,2026-09-16,Y,Donald F. Towsley,2026-09-18
"Weyuker, Elaine",1997,USA,"For contributions to software engineering, specifically software testing and metrics, and the theory of computation.",https://awards.acm.org/award-recipients/weyuker_1412071,2026-09-13,https://dblp.org/pid/55/1672,2026-09-17,Y,https://scholar.google.com/citations?user=xXjQoLIAAAAJ,2026-09-16,Y,Elaine J. Weyuker,2026-09-18
"Widmayer, Peter",1997,Switzerland,For original contributions in data structures and algorithms advancing the areas of geometric and combinatorial computation and spatial databases.,https://awards.acm.org/award-recipients/widmayer_2072478,2026-09-13,https://dblp.org/pid/w/PeterWidmayer,2026-09-17,Y,,,N,Peter Widmayer,2026-09-18
"Wilensky, Robert",1997,USA,For research contributions to the areas of natural language processing and digital libraries as well as outstanding leadership in Computer Science.,https://awards.acm.org/award-recipients/wilensky_1570597,2026-09-13,https://dblp.org/pid/w/RobertWilensky,2026-09-17,Y,,,N,,
"Yu, Philip S",1997,USA,For contributions to the theory and practice of analytical performance modeling of database sytems.,https://awards.acm.org/award-recipients/yu_1534627,2026-09-13,https://dblp.org/pid/y/PhilipSYu,2026-09-17,Y,https://scholar.google.com/citations?user=D0lL1r0AAAAJ,2026-09-16,Y,Philip S. Yu,2026-09-18
"Zanella, Paolo",1997,Switzerland,"Dr. Zanella has been a pioneer in using and advancing state of the art information technology in European research, most noticeably as leader of the Data Division of CERN.",https://awards.acm.org/award-recipients/zanella_1025881,2026-09-13,https://dblp.org/pid/52/1184,2026-09-17,N,,,N,,
"Adrion, William Richards",1996,USA,"For leadership in computing through academic and government administration, service to professional societies, and research on reliable systems, software testing and analysis.",https://awards.acm.org/award-recipients/adrion_1176312,2026-09-13,https://dblp.org/pid/a/WRichardsAdrion,2026-09-17,Y,,,N,,
"Aho, Alfred V",1996,USA,"For contributions to Interconnection Networks, High-Performance Computer Architecture, System Reliability, and Scheduling Techniques.",https://awards.acm.org/award-recipients/aho_1046358,2026-09-13,https://dblp.org/pid/a/AVAho,2026-09-17,Y,https://scholar.google.com/citations?user=gb2r2ssAAAAJ,2026-09-17,Y,,
"Ahuja, Narendra",1996,USA,"For contributions to computer vision including hierarchical representation, active sensing, analysis guided synthesis, multidimensional modeling, computational sensors, and multiprocessor architectures.",https://awards.acm.org/award-recipients/ahuja_1711084,2026-09-13,https://dblp.org/pid/30/3572,2026-09-17,Y,https://scholar.google.com/citations?user=dY7OSl0AAAAJ,2026-09-16,Y,,
"Akeley, Kurt B",1996,USA,"In recognition of his contributions to the architecture, design, and realization of high performance 3D graphics hardware systems. These architectures define not only his company, but provide the high-performance 3D graphic facilities which enable scient",https://awards.acm.org/award-recipients/akeley_2777811,2026-09-13,https://dblp.org/pid/a/KurtAkeley,2026-09-17,Y,,,N,,
"Bajcsy, Ruzena",1996,USA,For introducing the paradigm of Active Perception in the field of machine perception and establishing and maintaining a world class robotic and intelligent systems laboratory.,https://awards.acm.org/award-recipients/bajcsy_1513548,2026-09-13,https://dblp.org/pid/b/RuzenaBajcsy,2026-09-17,Y,https://scholar.google.com/citations?user=s9Ikf1EAAAAJ,2026-09-16,Y,,
"Bochmann, Gregor V",1996,Canada,"In a seminal 1977 paper, Professor Bochmann proposed a formal model for designing communication protocols. This was followed by many papers enlarging upon the concepts, so establishing the field of protocol engineering.",https://awards.acm.org/award-recipients/bochmann_1191212,2026-09-13,https://dblp.org/pid/b/GvBochmann,2026-09-17,Y,https://scholar.google.com/citations?user=nTTn0TIAAAAJ,2026-09-16,Y,Gregor von Bochmann,2026-09-18
"Borg, Anita",1996,USA,For contributions to fault tolerant computing and memory system performance measurement; for her support of women in computing with her creation of 'systers' and the Grace Hopper Celebration of Women in Computing.,https://awards.acm.org/award-recipients/borg_4980071,2026-09-13,https://dblp.org/pid/b/AnitaBorg,2026-09-17,Y,,,N,,
"Chandrasekaran, B.",1996,USA,"For contributions to knowledge-based systems research and applications, to statistical methods in pattern recognition, and to leadership in artificial intelligence.",https://awards.acm.org/award-recipients/chandrasekaran_1123546,2026-09-13,https://dblp.org/pid/c/BChandrasekaran,2026-09-17,Y,,,N,,
"Chazelle, Bernard",1996,USA,Bernard Chazelle has made fundamental contributions in the design and analysis of algorithms in computational geometry.,https://awards.acm.org/award-recipients/chazelle_1765353,2026-09-13,https://dblp.org/pid/c/BernardChazelle,2026-09-17,Y,https://scholar.google.com/citations?user=C1VwgssAAAAJ,2026-09-16,Y,Bernard Chazelle,2026-09-18
"Deo, Narsingh",1996,USA,For his seminal contribution in applying graph theory to practical problems using computer and dissemination of knowledge through his books.,https://awards.acm.org/award-recipients/deo_1481324,2026-09-13,https://dblp.org/pid/93/4704,2026-09-17,Y,https://scholar.google.com/citations?user=2uiQgfMAAAAJ,2026-09-16,Y,Narsingh Deo,2026-09-18
"Dodd, George",1996,USA,For pioneering contributions to associative network and relational database systems and sustained leadership role and management of innovative research and development for computer applications in the automotive industry.,https://awards.acm.org/award-recipients/dodd_4584082,2026-09-13,https://dblp.org/pid/31/4584,2026-09-17,Y,,,N,,
"Encarnacao, Jose L.",1996,Germany,"Jose Encarnacao was awarded the SIGGRAPH Steven A. Coons Award for Outstanding Creative Contributions to Computer Graphics for 1995. Dr. Jose Encarnacao is being recognized for his leadership in the international graphics standard efforts, and for his leadership in projects applying computer graphics to a broad range of industrial and medical applications.",https://awards.acm.org/award-recipients/encarnacao_1154509,2026-09-13,https://dblp.org/pid/e/JLEncarnacao,2026-09-17,Y,,,N,,
"Ferrante, Jeanne",1996,USA,For the development of intermediate program representations for program optimization and parallelization that are fundamental to current optimizing compilers.,https://awards.acm.org/award-recipients/ferrante_2284206,2026-09-13,https://dblp.org/pid/f/JeanneFerrante,2026-09-17,Y,,,N,,
"Fischer, Michael J",1996,USA,"For outstanding technical contributions to theoretical computer science, and for dedicated service to the computer science community.",https://awards.acm.org/award-recipients/fischer_1027952,2026-09-13,https://dblp.org/pid/f/MichaelJFischer,2026-09-17,Y,,,N,Michael J. Fischer,2026-09-18
"Frailey, Dennis",1996,USA,"For advances in real-time operating systems, optimizing compilers, computer architecture and software process; for leadership in computer science education; and for service to the computing profession.",https://awards.acm.org/award-recipients/frailey_1054683,2026-09-13,https://dblp.org/pid/71/18,2026-09-17,Y,https://scholar.google.com/citations?user=DDr3hx8AAAAJ,2026-09-16,Y,,
"Graham, Robert M",1996,USA,"He was a significant contributor to the deign and implementation of the Multics time-sharing system and the MAD compiler; SIGPLAN chairman; CACM department editor; National ACM Lecturer; University of Massachusetts Computer Science Department chairman; and author of the textbook, Principles of Systems Programming.",https://awards.acm.org/award-recipients/graham_1013218,2026-09-13,https://dblp.org/pid/g/RobertMGraham,2026-09-17,Y,,,N,,
"Harrison, Michael A",1996,USA,"For his rare combination of fundamental theoretical contributions in automata theory and formal languages, service to ACM, and entrepreneurial contributions.",https://awards.acm.org/award-recipients/harrison_1013374,2026-09-13,https://dblp.org/pid/h/MichaelAHarrison,2026-09-17,Y,,,N,,
"Heidelberger, Philip",1996,USA,For contributions to the theory and practice of efficient discrete event simulations.,https://awards.acm.org/award-recipients/heidelberger_1759711,2026-09-13,https://dblp.org/pid/h/PhilipHeidelberger,2026-09-17,Y,https://scholar.google.com/citations?user=TvR9BgcAAAAJ,2026-09-16,Y,,
"Irwin, Mary Jane",1996,USA,"For contributions to computer arithmetic, digital signal processing architectures, and electronic CAD and outstanding service to ACM/SIG activities.",https://awards.acm.org/award-recipients/irwin_1411388,2026-09-13,https://dblp.org/pid/i/MaryJaneIrwin,2026-09-17,Y,https://scholar.google.com/citations?user=4Mj-BjwAAAAJ,2026-09-16,Y,,
"Jaffe, Jeffrey",1996,USA,For outstanding achievements in the development of effective and influential distributed routing algorithms for peer networking and for many professional contributions to computer communication research.,https://awards.acm.org/award-recipients/jaffe_1816776,2026-09-13,https://dblp.org/pid/00/5350,2026-09-17,Y,,,N,,
"Jain, Raj",1996,USA,"Proposed a new control-theoretic approach to computer systems modeling in the Doctoral Thesis, which was published in 'Outstanding Dissertations in Computer Sciences' series by Garland Publishing Co. of New York.",https://awards.acm.org/award-recipients/jain_1562552,2026-09-13,https://dblp.org/pid/j/RajJain,2026-09-17,Y,https://scholar.google.com/citations?user=runT3RsAAAAJ,2026-09-16,Y,Raj Jain,2026-09-18
"Jones, Anita K",1996,USA,For contributions to the development of operating system and parallel system software and to the advancement of science and technology in the United States.,https://awards.acm.org/award-recipients/jones_5056346,2026-09-13,https://dblp.org/pid/01/5537,2026-09-17,Y,,,N,,
"Katz, Randy H.",1996,USA,"For contributions to computer system design, engineering education, and government service.",https://awards.acm.org/award-recipients/katz_1398320,2026-09-13,https://dblp.org/pid/k/RandyHKatz,2026-09-17,Y,https://scholar.google.com/citations?user=PkfChMgAAAAJ,2026-09-16,Y,,
"Klawe, Maria",1996,USA,"For outstanding technical, educational, and disciplinary leadership, and for significant contributions to theoretical computer science and to educational applications of computing technology.",https://awards.acm.org/award-recipients/klawe_1960913,2026-09-13,https://dblp.org/pid/00/5675,2026-09-17,Y,,,N,,
"Landweber, Lawrence H",1996,USA,"Lawrence H. Landweber has been a pioneer in the development of computer networks to support research and education. Accomplishments include his founding role in CSNET, the first community-based network, and his contribution to the internationalization of the Internet.",https://awards.acm.org/award-recipients/landweber_1036110,2026-09-13,https://dblp.org/pid/98/645,2026-09-17,Y,,,N,,
Larry Stockmeyer,1996,USA,"For several fundamental contributions to computational complexity theory, which have significantly affected the course of this field.",,,https://dblp.org/pid/40/805,2026-09-17,Y,,,N,,
"Lesk, Michael E",1996,USA,"For outstanding contributions to Unix, research in Information Retrieval, and the design and implementation of multimedia Digital Libraries.",https://awards.acm.org/award-recipients/lesk_1118207,2026-09-13,https://dblp.org/pid/l/MichaelELesk,2026-09-17,Y,,,N,,
"Levy, Henry M",1996,USA,"For exceptional contributions to computer science research in operating systems and computer architecture, to education (through publications and students), and to the ACM.",https://awards.acm.org/award-recipients/levy_1741685,2026-09-13,https://dblp.org/pid/l/HenryMLevy,2026-09-17,Y,https://scholar.google.com/citations?user=ymwKqZsAAAAJ,2026-09-16,Y,,
"Liskov, Barbara",1996,USA,"For pioneering contributions in the fields of programming methodology, programming languages, and distributed systems.",https://awards.acm.org/award-recipients/liskov_1108679,2026-09-13,https://dblp.org/pid/l/BarbaraLiskov,2026-09-17,Y,,,N,Barbara Liskov,2026-09-18
"Muntz, Richard R",1996,USA,For contributions to the theory of queuing networks and their application to computer system performance evaluation.,https://awards.acm.org/award-recipients/muntz_2656122,2026-09-13,https://dblp.org/pid/m/RichardRMuntz,2026-09-17,Y,https://scholar.google.com/citations?user=e9OxXgwAAAAJ,2026-09-16,Y,,
"Nance, Richard E",1996,USA,"Dr. Nance's fundamental work in simulation environments has changed the profession. His unfailing effectiveness as editor, committee chair, and conference organizer helps make ACM successful.",https://awards.acm.org/award-recipients/nance_1074814,2026-09-13,https://dblp.org/pid/92/2054,2026-09-17,Y,,,N,,
"Nishizeki, Takao",1996,Japan,"For contributions to the design and analysis of efficient algorithms for planar graphs, network flows and VLSI routing.",https://awards.acm.org/award-recipients/nishizeki_3042207,2026-09-13,https://dblp.org/pid/n/TakaoNishizeki,2026-09-17,Y,https://scholar.google.com/citations?user=EErO-dUAAAAJ,2026-09-16,Y,,
"Preas, Bryan",1996,USA,"For excellence in physical design research, promotion of design automation through conference leadership, and pioneering effort in electronic design automation publications.",https://awards.acm.org/award-recipients/preas_2878536,2026-09-13,https://dblp.org/pid/90/5052,2026-09-17,Y,,,N,,
"Rao, TRN",1996,USA,For outstanding contributions to error-control coding theory and fault tolerant systems; and service to ACM Lectureship and Chapter activities.,https://awards.acm.org/award-recipients/rao_1788686,2026-09-13,https://dblp.org/pid/r/TRNRao,2026-09-17,Y,,,N,,
"Reingold, Edward M",1996,USA,For significant research and educational contributions to data structures and the analysis of combinatorial algorithms.,https://awards.acm.org/award-recipients/reingold_1148444,2026-09-13,https://dblp.org/pid/r/EMReingold,2026-09-17,Y,https://scholar.google.com/citations?user=UlQeH7AAAAAJ,2026-09-16,Y,,
"Rice, John",1996,USA,For leadership in establishing the discipline of mathematical software and in founding the journal ACM Transactions on Mathematical Software. For leadership in developing high level systems and problem solving environments for scientific and numerical applications. For serving to the computing profession in editorial and administrative positions.,https://awards.acm.org/award-recipients/rice_1062546,2026-09-13,https://dblp.org/pid/06/3409,2026-09-17,N,,,N,,
"Rosenberg, Arnold",1996,USA,"For contributions to the study of graph-theoretic models of computation, emphasizing theoretical studies of parallel algorithms and architectures, VLSI design and layout, and data structures.",https://awards.acm.org/award-recipients/rosenberg_1037498,2026-09-13,https://dblp.org/pid/r/ArnoldLRosenberg,2026-09-17,Y,,,N,,
"Sahni, Sartaj K",1996,USA,"For contributions to data structures, design and analysis of algorithms, multiprocessor scheduling, electronic computer aided design, and parallel computing.",https://awards.acm.org/award-recipients/sahni_1424753,2026-09-13,https://dblp.org/pid/s/SartajSahni,2026-09-17,Y,https://scholar.google.com/citations?user=gMQWxE0AAAAJ,2026-09-16,Y,Sartaj K. Sahni,2026-09-18
"Samet, Hanan",1996,USA,"For research and contributions in the area of hierarchical data structures for applications in spatial data bases for computer graphics, image processing, geographic information systems, and robotics.",https://awards.acm.org/award-recipients/samet_1246388,2026-09-13,https://dblp.org/pid/s/HananSamet,2026-09-17,Y,https://scholar.google.com/citations?user=ATOfqHEAAAAJ,2026-09-16,Y,Hanan Samet,2026-09-18
"Savage, John E",1996,USA,"For fundamental contributions to theoretical computer science, information theory, and VLSI design, analysis and synthesis.",https://awards.acm.org/award-recipients/savage_1091867,2026-09-13,https://dblp.org/pid/s/JohnESavage,2026-09-17,Y,,,N,,
"Sethi, Ravi",1996,USA,"For contributions to compiler technology, computer programming languages, scheduling, and analysis of algorithms.",https://awards.acm.org/award-recipients/sethi_1393677,2026-09-13,https://dblp.org/pid/34/3026,2026-09-17,Y,https://scholar.google.com/citations?user=ID4wZFwAAAAJ,2026-09-16,Y,Ravi Sethi,2026-09-18
"Shaw, Mary M",1996,USA,"For significant contributions to software engineering, especially in the areas of software architecture, abstract data types, and software engineering education.",https://awards.acm.org/award-recipients/shaw_1037829,2026-09-13,https://dblp.org/pid/93/5634,2026-09-17,Y,https://scholar.google.com/citations?user=CTXoO1AAAAAJ,2026-09-16,Y,Mary Shaw,2026-09-18
"Silberschatz, Abraham",1996,USA,"For superb research contributions in the areas of databases, multimedia systems and concurrency control, outstanding contribution to Computer Science education and outstanding service to the ACM community.",https://awards.acm.org/award-recipients/silberschatz_1405026,2026-09-13,https://dblp.org/pid/s/AbrahamSilberschatz,2026-09-17,Y,https://scholar.google.com/citations?user=-YvgZDEAAAAJ,2026-09-16,Y,Abraham Silberschatz,2026-09-18
"Stankovic, John A",1996,USA,"For research, leadership and service in real-time computing.",https://awards.acm.org/award-recipients/stankovic_1492735,2026-09-13,https://dblp.org/pid/s/JohnAStankovic,2026-09-17,Y,https://scholar.google.com/citations?user=4VJre9IAAAAJ,2026-09-16,Y,John A. Stankovic,2026-09-18
"Tanenbaum, Andrew S",1996,Netherlands,"Tanenbaum has made exceptional contributions to computer science education (textbooks, Ph.D. students) and to research on operating systems for uniprocessors and distributed systems (MINIX, Amoeba.)",https://awards.acm.org/award-recipients/tanenbaum_1309681,2026-09-13,https://dblp.org/pid/t/AndrewSTanenbaum,2026-09-17,Y,https://scholar.google.com/citations?user=TvjaNqkAAAAJ,2026-09-16,Y,Andrew S. Tanenbaum,2026-09-18
"Vernon, Mary K",1996,USA,For fundamental contributions to performance analysis of parallel computer architectures and for leadership in the computing research community.,https://awards.acm.org/award-recipients/vernon_1777267,2026-09-13,https://dblp.org/pid/v/MaryKVernon,2026-09-17,Y,,,N,,
"Vishkin, Uzi",1996,USA,"One of the pioneers of parallel algorithms research, Dr. Vishkin's seminal contributions played a leading role in forming and shaping what thinking in parallel has come to mean in the fundamental theory of Computer Science.",https://awards.acm.org/award-recipients/vishkin_2808111,2026-09-13,https://dblp.org/pid/v/UziVishkin,2026-09-17,Y,https://scholar.google.com/citations?user=1r8HluQAAAAJ,2026-09-16,Y,Uzi Vishkin,2026-09-18
"Vitter, Jeffrey S.",1996,USA,For contributions to the theory of information storage and retrieval and to the design and mathematical analysis of computer algorithms.,https://awards.acm.org/award-recipients/vitter_1852276,2026-09-13,https://dblp.org/pid/v/JeffreyScottVitter,2026-09-17,Y,https://scholar.google.com/citations?user=IeXW2bkAAAAJ,2026-09-16,Y,,
"Wasserman, Anthony I",1996,USA,For technical and professional contributions to the field of software engineering.,https://awards.acm.org/award-recipients/wasserman_1068543,2026-09-13,https://dblp.org/pid/91/2540,2026-09-17,Y,,,N,,
"Wegman, Mark",1996,USA,"For contributions to compiler technology and to the design, implementation, and analysis of algorithms.",https://awards.acm.org/award-recipients/wegman_3183738,2026-09-13,https://dblp.org/pid/99/95,2026-09-17,Y,https://scholar.google.com/citations?user=8VUDeVsAAAAJ,2026-09-16,Y,,
"Weingarten, Fred W",1996,USA,For contributions in shaping government science and technology policy regarding computer science and engineering and understanding and raising community awareness of broader policy issues raised by information technology.,https://awards.acm.org/award-recipients/weingarten_3747433,2026-09-13,https://dblp.org/pid/29/4099,2026-09-17,Y,,,N,,
"Witten, Ian",1996,New Zealand,"For contributions to the study of how past behavior can expedite future interaction, in particular adaptive data compression, programming by demonstration, and machine learning.",https://awards.acm.org/award-recipients/witten_2046142,2026-09-13,https://dblp.org/pid/w/IanHWitten,2026-09-17,Y,https://scholar.google.com/citations?user=BSFdGw0AAAAJ,2026-09-16,Y,Ian H. Witten,2026-09-18
"Yovits, Marshall C",1996,USA,"For efforts in establishing the Computer Science Conferences, for development of educational programs in Computer Science, and for the early support of seminal computer research.",https://awards.acm.org/award-recipients/yovits_1134352,2026-09-13,https://dblp.org/pid/35/4097,2026-09-17,Y,,,N,,
"Abrahams, Paul W",1995,USA,For his leadership as ACM President and in other offices; for contributions to programming language design and standardization; and to computing as author and lecturer.,https://awards.acm.org/award-recipients/abrahams_1012285,2026-09-13,https://dblp.org/pid/22/4940,2026-09-17,Y,,,N,,
"Ashenhurst, R L",1995,USA,Ashenhurst's most notable contributions in 31 years of ACM leadership were 14 years as Monograph Series editor and 17 years as editor of CACM Forum.,https://awards.acm.org/award-recipients/ashenhurst_1004811,2026-09-13,https://dblp.org/pid/10/3512,2026-09-17,Y,,,N,,
"Barr, Alan H",1995,USA,"Prof. Barr is being recognized for his contribution to graphics, primarily for extending computer graphics shape modeling to include physically based and 'teleological' modeling.",https://awards.acm.org/award-recipients/barr_2699577,2026-09-13,https://dblp.org/pid/51/687,2026-09-17,Y,,,N,Alan H. Barr,2026-09-18
"Bernstein, Lawrence",1995,USA,Mr. Bernstein is one of the founders of network management as a technology and as a scientific discipline. His systems currently support over 100 million customers.,https://awards.acm.org/award-recipients/bernstein_2486959,2026-09-13,https://dblp.org/pid/12/2489,2026-09-17,Y,,,N,,
"Booch, Grady Ernest",1995,USA,Booch has pioneered the development of object-oriented analysis and design methods. He has also offered seminal contributions in software architecture and reusable software components.,https://awards.acm.org/award-recipients/booch_2030153,2026-09-13,https://dblp.org/pid/b/GradyBooch,2026-09-17,Y,,,N,,
"Brandin, David H",1995,USA,"For his 20 years of ACM leadership, his research management in theoretical and applied computer science, and his contributions to the public use of computing.",https://awards.acm.org/award-recipients/brandin_1065960,2026-09-13,https://dblp.org/pid/82/2573,2026-09-17,Y,,,N,,
"Brent, Richard P",1995,Australia,"For research in the areas of parallel algorithms, computational number theory, multiple-precision arithmetic, computational complexity and numerical analysis, and leadership in Australian Computer Science.",https://awards.acm.org/award-recipients/brent_1107689,2026-09-13,https://dblp.org/pid/b/RichardPBrent,2026-09-17,Y,https://scholar.google.com/citations?user=TRcAF4cAAAAJ,2026-09-16,Y,,
"Carpenter, Loren C",1995,USA,Loren Carpenter is a pioneer in the design of algorithms for generating faster computer graphics; his images approach photographic realism. He has continued his work in large scale computer generated visuals.,https://awards.acm.org/award-recipients/carpenter_1507284,2026-09-13,https://dblp.org/pid/c/LorenCCarpenter,2026-09-17,Y,,,N,,
"Catmull, Edwin",1995,USA,"Dr. Edwin E. Catmull has made many and noteworthy advances in computer graphics as an individual researcher, as an inspiring leader in the field, as a director of organizations, and as a mentor for many.",https://awards.acm.org/award-recipients/catmull_1244219,2026-09-13,https://dblp.org/pid/c/EdwinECatmull,2026-09-17,Y,https://scholar.google.com/citations?user=qb5SK0QAAAAJ,2026-09-17,Y,,
Chris S Wallace,1995,Australia,"For research in a number of areas in Computer Science including fast multiplication algorithm, minimum message length principle and its applications, random number generation, computer architecture, numerical solution of ODE's, and contribution to Australian Computer Science.",,,https://dblp.org/pid/86/2899,2026-09-17,Y,https://scholar.google.com/citations?user=d7k7_7wAAAAJ,2026-09-16,Y,,
"Constable, Robert",1995,USA,"For fundamental contributions to the field of logic and its computational aspects, especially his work on providing mechanical assistance in problem solving through the software system Nuprl.",https://awards.acm.org/award-recipients/constable_1117506,2026-09-13,https://dblp.org/pid/63/6962,2026-09-17,N,,,N,,
"Denning, Dorothy E",1995,USA,For technical leadership and professional contributions that advanced the field of computer and communications security and promoted the open exchange of ideas and information.,https://awards.acm.org/award-recipients/denning_1239516,2026-09-13,https://dblp.org/pid/d/DorothyEDenning,2026-09-17,Y,,,N,,
"DeWitt, David",1995,USA,"For fundamental contributions to the areas of parallel database systems, database system benchmarking, and object-oriented database systems, and for outstanding service as an educator and a technical leader.",https://awards.acm.org/award-recipients/dewitt_1251768,2026-09-13,https://dblp.org/pid/d/DJDeWitt,2026-09-17,Y,https://scholar.google.com/citations?user=6iBz3QgAAAAJ,2026-09-16,Y,,
"Druffel, Larry",1995,USA,For leadership in advancing the state of software engineering practice and technical contributions to design automation and software development environments.,https://awards.acm.org/award-recipients/druffel_2047611,2026-09-13,https://dblp.org/pid/03/2428,2026-09-17,Y,,,N,,
"Engeler, Erwin",1995,Switzerland,"Erwin Engeler is honored for his pioneering work on the interrelations between logic, computer science and scientific computation.",https://awards.acm.org/award-recipients/engeler_1192251,2026-09-13,https://dblp.org/pid/12/3064,2026-09-17,Y,,,N,,
"Feldman, Stuart",1995,USA,For outstanding contributions to the research and practice of software development environments and for leadership and innovation in ACM's Special Interest Group on Programming Languages.,https://awards.acm.org/award-recipients/feldman_1240498,2026-09-13,https://dblp.org/pid/f/StuartIFeldman,2026-09-17,Y,,,N,,
"Fuchs, Henry",1995,USA,"Dr. Henry Fuchs is internationally known for his contributions to high performance, parallel display architecture. He was a pioneer who recognized the importance of parallelism for graphic processors.",https://awards.acm.org/award-recipients/fuchs_1256775,2026-09-13,https://dblp.org/pid/f/HenryFuchs,2026-09-17,Y,https://scholar.google.com/citations?user=guhwcP8AAAAJ,2026-09-16,Y,Henry Fuchs,2026-09-18
"Galil, Zvi",1995,USA,For fundamental contributions to the design and analysis of algorithms and outstanding service to the theoretical computer science community.,https://awards.acm.org/award-recipients/galil_1401728,2026-09-13,https://dblp.org/pid/g/ZviGalil,2026-09-17,Y,https://scholar.google.com/citations?user=tI3m7CMAAAAJ,2026-09-16,Y,Zvi Galil,2026-09-18
"Garey, Michael R",1995,USA,For fundamental contributions to the theory of complexity and algorithms and for outstanding service to ACM.,https://awards.acm.org/award-recipients/garey_1074483,2026-09-13,https://dblp.org/pid/g/MRGarey,2026-09-17,Y,https://scholar.google.com/citations?user=ppjLpNYAAAAJ,2026-09-16,Y,,
"Ginsberg, Myron",1995,USA,Pioneering and sustained contributions to supercomputing research and its application to the automotive industry in addition to distinguished teaching and service in high-performance computing.,https://awards.acm.org/award-recipients/ginsberg_1241975,2026-09-13,https://dblp.org/pid/18/133,2026-09-17,Y,,,N,,
"Goodenough, John B",1995,USA,For technical contributions improving the state of the art and state of the practice of software engineering.,https://awards.acm.org/award-recipients/goodenough_1028323,2026-09-13,https://dblp.org/pid/84/1640,2026-09-17,N,,,N,,
"Greenberg, Donald",1995,USA,Professor Greenberg is both an expert in structural engineering and computer science. He is one of the outstanding researchers and contributors in computer graphics.,https://awards.acm.org/award-recipients/greenberg_1489566,2026-09-13,https://dblp.org/pid/g/DonaldPGreenberg,2026-09-17,Y,,,N,Donald Greenberg,2026-09-18
"Grosch, Herbert R J",1995,Canada,"A computer pioneer who managed important space and technology projects, Grosch is respected for discovering and describing the relationship between speed and cost of computers.",https://awards.acm.org/award-recipients/grosch_1000512,2026-09-13,https://dblp.org/pid/62/2002,2026-09-17,Y,,,N,,
Harold J Highland,1995,USA,"For contributions to modeling and simulation theory, particularly the development and use of random number algorithms. For promotion of information security issues internationally. For service and leadership to ACM's SIG publications.",,,https://dblp.org/pid/87/5822,2026-09-17,Y,,,N,,
"Herzog, Bertram",1995,USA,"Dr. Herzog has been a pioneer in recognizing new ideas and applications with computing, via distributed computing, networking and computer graphics. He has had a distinguished career in research and education in academia, business, and industry.",https://awards.acm.org/award-recipients/herzog_1035435,2026-09-13,https://dblp.org/pid/72/6693,2026-09-17,Y,,,N,,
"Hoffman, Lance J",1995,USA,"Research and social impact of computing and facilitation of dialogue among concerned stakeholders, exemplified by institutionalizing within ACM the Conference on Computers, Freedom, and Privacy.",https://awards.acm.org/award-recipients/hoffman_1028737,2026-09-13,https://dblp.org/pid/89/1666,2026-09-17,Y,https://scholar.google.com/citations?user=n3LNFXQAAAAJ,2026-09-16,Y,,
"Ibarra, Oscar",1995,USA,"For contributions to the design and analysis of algorithms, the theory of computation, computational complexity, and parallel computing.",https://awards.acm.org/award-recipients/ibarra_1194323,2026-09-13,https://dblp.org/pid/i/OscarHIbarra,2026-09-17,Y,,,N,Oscar H. Ibarra,2026-09-18
"Johnson, David S",1995,USA,"For fundamental contributions to the theories of approximation algorithms and computational complexity, and for outstanding service to ACM.",https://awards.acm.org/award-recipients/johnson_1325893,2026-09-13,https://dblp.org/pid/198/1125,2026-09-17,N,https://scholar.google.com/citations?user=LyEq7qEAAAAJ,2026-09-16,N,,
"Jones, Cliff B",1995,United Kingdom,"A longstanding originator and promoter of formal and rigorous methods for software design and construction, especially the Vienna Development Method (VDM).",https://awards.acm.org/award-recipients/jones_1076850,2026-09-13,https://dblp.org/pid/j/CliffBJones,2026-09-17,Y,https://scholar.google.com/citations?user=W9m9SwwAAAAJ,2026-09-16,Y,,
"Kennedy, Kenneth W",1995,USA,"For outstanding contributions to the research and practice of achieving high performance on parallel computers, through innovations in programming language design and program optimization.",https://awards.acm.org/award-recipients/kennedy_1099712,2026-09-13,https://dblp.org/pid/05/9528,2026-09-17,N,,,N,,
"Kim, Won",1995,USA,"For fundamental insights into query optimization in relational databases, support for engineering applications, and functionality and architecture of object-oriented databases, and for extensive editorial service.",https://awards.acm.org/award-recipients/kim_3331865,2026-09-13,https://dblp.org/pid/244/5227,2026-09-17,N,,,N,,
"Kosaraju, Sambasiva",1995,USA,For contributions to the Theory of Parallel Computing.,https://awards.acm.org/award-recipients/kosaraju_1130855,2026-09-13,https://dblp.org/pid/k/SRaoKosaraju,2026-09-17,Y,,,N,S. Rao Kosaraju,2026-09-18
"Ladner, Richard E.",1995,USA,For seminal and significant contributions in theoretical computer science research.,https://awards.acm.org/award-recipients/ladner_1193366,2026-09-13,https://dblp.org/pid/l/RELadner,2026-09-17,Y,https://scholar.google.com/citations?user=hgOSI1EAAAAJ,2026-09-16,Y,,
"Lakshmivarahan, S",1995,USA,"For contributions to the theory and applications of learning algorithms, parallel processing and interconnection networks.",https://awards.acm.org/award-recipients/lakshmivarahan_1797653,2026-09-13,https://dblp.org/pid/l/SLakshmivarahan,2026-09-17,Y,https://scholar.google.com/citations?user=SverXLoAAAAJ,2026-09-16,Y,S. Lakshmivarahan,2026-09-18
"Lazowska, Edward",1995,USA,"For advancing the state of the art in computer systems and computer system performance analysis, and for significant technical, educational, and disciplinary leadership.",https://awards.acm.org/award-recipients/lazowska_1270677,2026-09-13,https://dblp.org/pid/l/EDLazowska,2026-09-17,Y,https://scholar.google.com/citations?user=NhY4TT4AAAAJ,2026-09-16,Y,,
"Leveson, Nancy",1995,USA,Nancy Leveson is the founder of the field of software safety and has developed safety techniques that are used by industry and other researchers worldwide.,https://awards.acm.org/award-recipients/leveson_1540475,2026-09-13,https://dblp.org/pid/l/NGLeveson,2026-09-17,Y,https://scholar.google.com/citations?user=78y4sEcAAAAJ,2026-09-16,Y,,
"Misra, Jayadev",1995,USA,"For significant advancements in the theory and practice of distributed computing, in particular for work on Parallel Program Design and the development and use of UNITY.",https://awards.acm.org/award-recipients/misra_2575603,2026-09-13,https://dblp.org/pid/m/JayadevMisra,2026-09-17,Y,https://scholar.google.com/citations?user=49uW_WcAAAAJ,2026-09-16,Y,,
"Nievergelt, J",1995,Switzerland,"Outstanding educator, author of textbooks of exemplary clarity and innovative content. Influential contributions in data structures (trees, extendible hashing, gridfile) and software for geometry (GeoBench).",https://awards.acm.org/award-recipients/nievergelt_1043728,2026-09-13,https://dblp.org/pid/294/3258,2026-09-17,N,,,N,,
"Oettinger, Anthony",1995,USA,For more than 42 years Professor Oettinger has served ACM and computing and led in the establishment of the national communications and information resources policy.,https://awards.acm.org/award-recipients/oettinger_1003284,2026-09-13,https://dblp.org/pid/64/2805,2026-09-17,Y,,,N,,
"Preparata, Franco P",1995,USA,"For significant research contributions in Computational Geometry, Parallel Algorithms, Theory of VLSI Layouts, Fault Diagnosis in Computer Systems, and Algebraic Coding Theory.",https://awards.acm.org/award-recipients/preparata_1481076,2026-09-13,https://dblp.org/pid/p/FPPreparata,2026-09-17,Y,,,N,,
"Rada, Roy F",1995,USA,Author of over 100 journal articles and several books on information systems and leader in ACM SIG conference activities for over a decade.,https://awards.acm.org/award-recipients/rada_3846565,2026-09-13,https://dblp.org/pid/r/RoyRada,2026-09-17,Y,https://scholar.google.com/citations?user=Hvk1n1YAAAAJ,2026-09-16,Y,,
"Rosenkrantz, Daniel J",1995,USA,"For pioneering contributions to formal languages, compiler design, algorithm analysis, databases, parallel and fault-tolerant computing and for exemplary ACM service including Editorship of JACM.",https://awards.acm.org/award-recipients/rosenkrantz_1051721,2026-09-13,https://dblp.org/pid/80/6105,2026-09-17,Y,https://scholar.google.com/citations?user=RNHJqvcAAAAJ,2026-09-16,Y,,
"Salton, Gerard",1995,USA,For foundational and most influential contributions over 30 years to information organization and retrieval and for 25 years of distinguished service to the ACM.,https://awards.acm.org/award-recipients/salton_2316166,2026-09-13,https://dblp.org/pid/s/GerardSalton,2026-09-17,Y,https://scholar.google.com/citations?user=PmJ2544AAAAJ,2026-09-16,Y,,
"Schneider, Fred B",1995,USA,"For work in semantics, methodology, and algorithms to support programming concurrent and distributed systems, particularly those intended for mission-critical settings.",https://awards.acm.org/award-recipients/schneider_1542224,2026-09-13,https://dblp.org/pid/s/FredBSchneider,2026-09-17,Y,https://scholar.google.com/citations?user=sxjynOsAAAAJ,2026-09-16,Y,Fred B. Schneider,2026-09-18
"Snyder, Larry",1995,USA,"For fundamental contributions to parallel computer programming, parallel computer architecture, and the theoretical foundations of computer science.",https://awards.acm.org/award-recipients/snyder_1237882,2026-09-13,https://dblp.org/pid/369/8358-1,2026-09-17,Y,,,N,,
"Suzuki, Norihisa",1995,USA,"For contributions to object-oriented technologies by type inference for Smalltalk, microprocessor, fast interpreter, and a database, to multiprocessing by snoop cache, and to program verification.",https://awards.acm.org/award-recipients/suzuki_1247055,2026-09-13,https://dblp.org/pid/88/2836,2026-09-17,Y,,,N,,
"Ullman, Jeffrey D",1995,USA,"For seminal contributions to the foundations of computer science, compiler design, database systems, as well as outstanding contributions to computer science education.",https://awards.acm.org/award-recipients/ullman_1054360,2026-09-13,https://dblp.org/pid/u/JeffreyDUllman,2026-09-17,Y,https://scholar.google.com/citations?user=wUJ2bXgAAAAJ,2026-09-17,Y,,
"Wegner, Peter",1995,USA,For many 27 years Professor Wegner has been an initiating leader in ACM's educational and publication efforts while inspiring several generations of computer scientists.,https://awards.acm.org/award-recipients/wegner_1068550,2026-09-13,https://dblp.org/pid/w/PeterWegner,2026-09-17,Y,,,N,,
"White, John R.",1995,USA,"For outstanding contributions to the advancement of computing science through his leadership in the Association for Computing Machinery (ACM), computing science research, and computing science education.",https://awards.acm.org/award-recipients/white_1242262,2026-09-13,https://dblp.org/pid/45/3037,2026-09-17,Y,,,N,,
"Whitted, J Turner",1995,USA,"Dr. Turner Whitted is being recognized for his important contribution to ray tracing. Instead, he contributed what so many wish to contribute: a simple and elegant algorithm.",https://awards.acm.org/award-recipients/whitted_1831023,2026-09-13,https://dblp.org/pid/85/3969,2026-09-17,Y,,,N,,
"Wiederhold, Gio",1995,USA,"For seminal contributions to our understanding and use of database management systems and medical informatics, and for outstanding service to the computer science community.",https://awards.acm.org/award-recipients/wiederhold_1020734,2026-09-13,https://dblp.org/pid/w/GioWiederhold,2026-09-17,Y,https://scholar.google.com/citations?user=fJiGhkoAAAAJ,2026-09-16,Y,,
"Wong, Chak-Kuen",1995,USA,"For contributions to the theory of mass storage systems, to the analysis and design of computer algorithms, and to the design of VLSI circuits.",https://awards.acm.org/award-recipients/wong_1145432,2026-09-13,https://dblp.org/pid/w/CKWong,2026-09-17,Y,,,N,,
"Yao, Andrew C",1995,China,"For significant research contributions in Computational Complexity, Analysis of Algorithms, Data Structures, Communication Complexity, and Cryptographic Protocols.",https://awards.acm.org/award-recipients/yao_1611524,2026-09-13,https://dblp.org/pid/y/AndrewChiChihYao,2026-09-17,Y,,,N,Andrew C. Yao,2026-09-18
"Young, Paul",1995,USA,For fundamental contributions to the theory of the complexity of algorithms and for a career of exceptional service to the computing research and education community.,https://awards.acm.org/award-recipients/young_1473552,2026-09-13,,,N,,,N,,
"Adams, James M",1994,USA,"For his outstanding contributions over many years in inspiring and supporting ACM's volunteers, in serving as ACM's collective conscience and memory, and in uniting the volunteers and the professional staff into a single team working to fulfill ACM's potential.",https://awards.acm.org/award-recipients/adams_1021609,2026-09-13,https://dblp.org/pid/144/4286,2026-09-17,N,,,N,,
"Allen, Frances",1994,USA,"For co-authoring the paper ""A Program Data Flow Analysis Procedure""",https://awards.acm.org/award-recipients/allen_1012327,2026-09-13,https://dblp.org/pid/a/FEAllen,2026-09-17,Y,,,N,,
"Alt, Franz L",1994,USA,"The selection Committee for this award feels that Franz Alt's contributions to the computing community and to the ACM, as exemplified by the efforts he expended in the work of the early days of the Association, make him the most appropriate single individual to receive this first ACM Distinguished Service Award.",https://awards.acm.org/award-recipients/alt_1000199,2026-09-13,https://dblp.org/pid/a/FranzLAlt,2026-09-17,Y,,,N,,
"Atchison, William F.",1994,USA,,https://awards.acm.org/award-recipients/atchison_1168636,2026-09-13,https://dblp.org/pid/41/3298,2026-09-17,Y,,,N,,
"Austing, Richard H",1994,USA,For extensive guidance of ACM's influence on computer and information systems curricula at many levels.,https://awards.acm.org/award-recipients/austing_1043397,2026-09-13,https://dblp.org/pid/79/1661,2026-09-17,Y,,,N,,
"Batcher, Kenneth E",1994,USA,For the pioneering implementation of parallel computers and for contributions to interconnection network theory.,https://awards.acm.org/award-recipients/batcher_1044908,2026-09-13,https://dblp.org/pid/b/KEBatcher,2026-09-17,Y,,,N,,
"Bell, C Gordon",1994,USA,"For his contributions to the formation of the minicomputer as embodied in the PDP-5 and PDP-8; the architecture and implementation of the first commercial, interactive timesharing computer; his pioneering work in the field of hardware descriptive languag",https://awards.acm.org/award-recipients/bell_1145655,2026-09-13,https://dblp.org/pid/b/GBell,2026-09-17,Y,https://scholar.google.com/citations?user=_gzpApwAAAAJ,2026-09-16,Y,,
"Blasgen, Michael W",1994,USA,"For co-authoring of 'The Recovery Manager of the System R Database Manager', the best paper in the area of Programming Systems and Languages.",https://awards.acm.org/award-recipients/blasgen_1420736,2026-09-13,https://dblp.org/pid/172/8567,2026-09-17,N,,,N,,
Bob O Evans,1994,USA,,,,https://dblp.org/pid/174/0100,2026-09-17,N,,,N,,
"Bobrow, Daniel",1994,USA,"For their pioneering work in programming environments that integrated source-language debuggers, fully compatible integrated interpreter/compiler, automatic change management, structure-based editing, logging facilities, interactive graphics, and analysi",https://awards.acm.org/award-recipients/bobrow_1039502,2026-09-13,https://dblp.org/pid/b/DGBobrow,2026-09-17,Y,https://scholar.google.com/citations?user=95OEG6IAAAAJ,2026-09-16,Y,,
"Boggs, David R.",1994,USA,"Co-inventor of the Ethernet local area network. Developer of early prototypes of internet protocols, file servers, gateways and network interface cards.",https://awards.acm.org/award-recipients/boggs_1486315,2026-09-13,https://dblp.org/pid/98/5887,2026-09-17,Y,,,N,,
"Borman, Lorraine",1994,USA,For her diligent work and commitment to the development and growth of SIGCHI and for her creative spark and skilled workmanship which guided the research and publication of the DataPlan Committee reports.,https://awards.acm.org/award-recipients/borman_1120344,2026-09-13,https://dblp.org/pid/06/6758,2026-09-17,Y,,,N,,
"Bradshaw, Charles L",1994,USA,"In recognition of over thirty-five years of distinguished, valuable, essential, and lasting contributions and service to the government, academic and professional computing community, as a computer scientist, educator, administrator, and ACM leader.",https://awards.acm.org/award-recipients/bradshaw_1002732,2026-09-13,https://dblp.org/pid/199/7422,2026-09-17,N,,,N,,
"Bricklin, Daniel S",1994,USA,"For the invention of VisiCalc, a new metaphor for data manipulation that galvanized personal computing in industry.",https://awards.acm.org/award-recipients/bricklin_2836799,2026-09-13,https://dblp.org/pid/91/4250,2026-09-17,N,,,N,,
"Brooks, Frederick",1994,USA,"For outstanding innovations in computer architecture, including pipelining, instruction look-ahead, and cache memory.",https://awards.acm.org/award-recipients/brooks_1002187,2026-09-13,https://dblp.org/pid/b/FrederickPBrooksJr,2026-09-17,Y,https://scholar.google.com/citations?user=_h65cfgAAAAJ,2026-09-17,Y,,
"Brotz, Douglas K",1994,USA,For the design of the PostScript page description language and its implementation.,https://awards.acm.org/award-recipients/brotz_2046019,2026-09-13,https://dblp.org/pid/58/3707,2026-09-17,N,,,N,,
"Burton, Richard R.",1994,USA,"For their pioneering work in programming environments that integrated source-language debuggers, fully compatible integrated interpreter/compiler, automatic change management, structure-based editing, logging facilities, interactive graphics, and analysis",https://awards.acm.org/award-recipients/burton_1914241,2026-09-13,https://dblp.org/pid/41/6150,2026-09-17,Y,,,N,,
"Canning, Richard G",1994,USA,"For his very long and effective participation on computing community boards, on committees, in seminar and international activities, and also for his contributions to the interests and needs of systems analysts, programmers, and managers in the business data sector of computing.",https://awards.acm.org/award-recipients/canning_1002781,2026-09-13,https://dblp.org/pid/75/3239,2026-09-17,Y,,,N,,
"Carlson, Walter",1994,USA,"For dedicated, tireless and unflagging leadership in service to ACM, its sister societies, AFIPS and IFIP, and for seeking to foster closer intellectual, political and social ties between all the members of the information processing profession.",https://awards.acm.org/award-recipients/carlson_1362268,2026-09-13,https://dblp.org/pid/75/5922,2026-09-17,Y,,,N,,
"Cerf, Vinton",1994,USA,"For their vision and leadership in the design, implementation, evolution, and dissemination of the TCP/IP Computer Communication Protocol Suite.",https://awards.acm.org/award-recipients/cerf_1083211,2026-09-13,https://dblp.org/pid/c/VintonGCerf,2026-09-17,Y,,,N,,
"Chamberlin, Donald",1994,USA,The INGRES and System R systems demonstrated that a practical and efficient database management system (DBMS) could be implemented based on the relational data model. These systems were full-function DBMS's that supported non-procedural,https://awards.acm.org/award-recipients/chamberlin_1060045,2026-09-13,https://dblp.org/pid/c/DDChamberlin,2026-09-17,Y,,,N,,
"Codd, Edgar F",1994,USA,"For his fundamental and continuing contributions to the theory and practice of database management systems. He originated the relational approach to database management in a series of research papers published commencing in 1970. His paper 'A Relational Model of Data for Large Shared Data Banks' was a seminal paper, in a continuing and carefully developed series of papers. Dr. Codd built upon this space and in so doing has provided the impetus for widespread research into numerous related areas, including database languages, query subsystems, database semantics, locking and recovery, and inferential subsystems.",https://awards.acm.org/award-recipients/codd_1000892,2026-09-13,https://dblp.org/pid/c/EFCodd,2026-09-17,Y,,,N,,
"Coffman, Ed",1994,USA,"For outstanding contributions to ACM Publications, having served on the Editorial Board of the Journal of the ACM from 1969 through 1985; four of these years as Editor-in-Chief.",https://awards.acm.org/award-recipients/coffman_1016856,2026-09-13,https://dblp.org/pid/c/EdwardGCoffmanJr,2026-09-17,Y,https://scholar.google.com/citations?user=Fj5sn6QAAAAJ,2026-09-16,Y,,
"Corbato, Fernando J",1994,USA,"For his pioneering work organizing the concepts and leading the development of the general-purpose, large-scale, time-sharing and resource-sharing computer systems, CTSS and Multics.",https://awards.acm.org/award-recipients/corbato_1009471,2026-09-13,https://dblp.org/pid/c/FernandoJCorbato,2026-09-17,Y,,,N,,
"Cragon, Harvey G",1994,USA,For major contributions to computer architecture and for pioneering the application of integrated circuits for computer purposes. For serving as architect of the Texas Instruments scientific computer and for playing a leading role in many other computing developments in that company.,https://awards.acm.org/award-recipients/cragon_1079995,2026-09-13,https://dblp.org/pid/80/7019,2026-09-17,Y,,,N,,
"D'Auria, Thomas A",1994,USA,"For helping shape the management structure and Headquarters operations of ACM to better serve the computing profession, for initiating innovative programs to attract members and improve ACM's ability to respond to member needs, and for making these programs work.",https://awards.acm.org/award-recipients/dauria_1042845,2026-09-13,https://dblp.org/pid/49/1062,2026-09-17,N,,,N,,
David John Wheeler,1994,United Kingdom,"Designed the programming system of EDSAC (1949, Cambridge University) the first usable computer. Incorporated the experience gained in the coherent system (input, output, order codes and ROM facilities) for EDSAC 2 in 1956.",,,https://dblp.org/pid/w/DavidJWheeler,2026-09-17,Y,,,N,,
"DeFanti, Thomas",1994,USA,For recognizing the need for a new form of publication for video graphics; for originating the ACM Video Review; for doing the day-to-day work of preparing and distributing it over a period of years; for the impact on teaching of computer graphics and on the dissemination of the best work in that field.,https://awards.acm.org/award-recipients/defanti_1354265,2026-09-13,https://dblp.org/pid/d/ThomasADeFanti,2026-09-17,Y,,,N,Thomas A. DeFanti,2026-09-18
"Denning, Peter J",1994,USA,"For outstanding service to ACM in many capacities over many years -- including President, Council Member, Chairman of the Editorial Committee, Editor-in-Chief of Computing Surveys and Communications of the ACM, and for notable contributions to the computing profession as an author, editor, and communicator.",https://awards.acm.org/award-recipients/denning_1058098,2026-09-13,https://dblp.org/pid/d/PJDenning,2026-09-17,Y,https://scholar.google.com/citations?user=-W3wvGkAAAAJ,2026-09-17,Y,Peter J. Denning,2026-09-18
"Dennis, Jack",1994,USA,For contributions to the advancement of combined hardware and software design through innovations in data flow architectures.,https://awards.acm.org/award-recipients/dennis_1022664,2026-09-13,https://dblp.org/pid/58/1580,2026-09-18,Y,,,N,,
"Deutsch, L Peter",1994,USA,"For their pioneering work in programming environments that integrated source-language debuggers, fully compatible integrated interpreter/compiler, automatic change management, structure-based editing, logging facilities, interactive graphics, and analysi",https://awards.acm.org/award-recipients/deutsch_2925352,2026-09-13,https://dblp.org/pid/d/LPeterDeutsch,2026-09-17,Y,,,N,,
"Dijkstra, Edsger W",1994,USA,"Edsger Dijkstra was a principal contributor in the late 1950's to the development of the ALGOL, a high level programming language which has become a model of clarity and mathematical rigor. He is one of the principal exponents of the science and art of programming languages in general, and has greatly contributed to our understanding of their structure, representation, and implementation. His fifteen years of publications extend from theoretical articles on graph theory to basic manuals, expository texts, and philosophical contemplations in the field of programming languages.",https://awards.acm.org/award-recipients/dijkstra_1053701,2026-09-13,https://dblp.org/pid/d/WEDijkstra,2026-09-17,Y,,,N,,
"Dunwell, Stephen",1994,USA,For pioneering contributions to associative network and relational database systems and sustained leadership role and management of innovative research and development for computer applications in the automotive industry.,https://awards.acm.org/award-recipients/dunwell_5032361,2026-09-13,https://dblp.org/pid/87/6954,2026-09-17,N,,,N,,
"Engel, Gerald L",1994,USA,"By his diligence and singular leadership in computer science curricula development and accreditation, national and international conferences, and technical journal founding and development, Gerald Engel has made lasting contributions to the computing profession throughout the last two decades.",https://awards.acm.org/award-recipients/engel_1104827,2026-09-13,https://dblp.org/pid/41/5383,2026-09-17,Y,,,N,,
"Esbin, John H",1994,USA,"For his wisdom and skill as a principal architect of SIG and overall ACM finances over the past decade, and in addition for his leadership of the group that guided the choice of ACM's new Headquarters location.",https://awards.acm.org/award-recipients/esbin_1090935,2026-09-13,https://dblp.org/pid/83/5016,2026-09-17,Y,,,N,,
"Feng, Tse-Yun",1994,USA,,https://awards.acm.org/award-recipients/feng_1112010,2026-09-13,https://dblp.org/pid/25/2127,2026-09-17,Y,,,N,,
"Finerman, Aaron",1994,USA,"In recognition of his extensive and productive participation in the management of professional society policies and operations. Dr. Finerman has been actively involved in the Space Program and other technical activities worldwide in addition to his years of service to such organizations such as SHARE, AFIPS, and ACM.",https://awards.acm.org/award-recipients/finerman_1598512,2026-09-13,https://dblp.org/pid/11/4555,2026-09-17,Y,,,N,,
"Floyd, Robert W.",1994,USA,"For having a clear influence on methodologies for the creation of efficient and reliable software, and for helping to found the following important subfields of computer science: the theory of parsing, the semantics of programming languages, automatic program verification, automatic program synthesis, and analysis of algorithms.",https://awards.acm.org/award-recipients/floyd_3720707,2026-09-13,https://dblp.org/pid/f/RobertFFloyd,2026-09-17,Y,,,N,,
"Flynn, Michael J",1994,USA,"For his important and seminal contribution to processor organization and classification, computer arithmetic, and performance evaluation.",https://awards.acm.org/award-recipients/flynn_1033000,2026-09-13,https://dblp.org/pid/f/MichaelJFlynn,2026-09-17,Y,,,N,,
"Frankston, Robert M",1994,USA,"For the invention of VisiCalc, a new metaphor for data manipulation that galvanized personal computing industry.",https://awards.acm.org/award-recipients/frankston_1237718,2026-09-13,https://dblp.org/pid/189/2181,2026-09-17,Y,,,N,,
"Friedman, Frank L",1994,USA,For his dedicated and effective leadership as Chair of the Conference Board and in many other conference management posts over the past decade. His superb guidance of SIG and ACM conferences has greatly advanced this important area of SIG and ACM service to members and to the profession.,https://awards.acm.org/award-recipients/friedman_1251891,2026-09-13,https://dblp.org/pid/287/8232,2026-09-17,N,,,N,,
"Galler, Bernard A",1994,USA,"Bernard Galler has served ACM in a number of capacities: as president from 1968-1970; chairman of the Turing Award Committee and the Government Organization Committee. He has been particularly active in AFIPS where he chaired their Special Committee on Electronic Funds Transfer Systems and is currently Editor- in-Chief of its Annals of the History of Computing. Galler was also a member of the Computer Science and Technology Board, National Academy of Sciences - National Research Council from 1977-1979; Member of the Advisory Committee for the NSF Office for Computing Activities (1971-1974); Member of the Steering Committee of the NSF COSERS Study since 1975.",https://awards.acm.org/award-recipients/galler_1009877,2026-09-13,https://dblp.org/pid/g/BernardAGaller,2026-09-17,Y,,,N,,
"Gear, Charles W",1994,USA,For the development of automatic computational techniques for the solution of stiff differential equations.,https://awards.acm.org/award-recipients/gear_1039577,2026-09-13,https://dblp.org/pid/g/CWilliamGear,2026-09-17,Y,,,N,,
"Goldberg, Adele",1994,USA,"For seminal contributions to object-oriented programming and related programming techniques. The theories of languages and development systems known as Smalltalk laid the foundation for explorations in new software methodologies, graphical user interfa",https://awards.acm.org/award-recipients/goldberg_1110519,2026-09-13,https://dblp.org/pid/g/AdeleGoldberg,2026-09-17,Y,,,N,,
"Gotlieb, Calvin C.",1994,Canada,,https://awards.acm.org/award-recipients/gotlieb_1000942,2026-09-13,https://dblp.org/pid/g/CCGotlieb,2026-09-17,Y,,,N,,
"Graham, Susan L",1994,USA,,https://awards.acm.org/award-recipients/graham_1043579,2026-09-13,https://dblp.org/pid/31/6647,2026-09-17,Y,,,N,,
"Gray, Jim",1994,USA,The INGRES and System R systems demonstrated that a practical and efficient database management system (DBMS) could be implemented based on the relational data model. These systems were full-function DBMS's that supported non-procedural query languages (,https://awards.acm.org/award-recipients/gray_3649936,2026-09-13,,,N,https://scholar.google.com/citations?user=Dn4kkYUAAAAJ,2026-09-17,Y,,
"Green, Cordell",1994,USA,For establishing several key aspects of the theoretical basis for logic programming and providing a resolution theorem prover to carry out a programming task by constructing the result which the computer program is to compute. For proving the construc,https://awards.acm.org/award-recipients/green_1063429,2026-09-13,https://dblp.org/pid/69/2492,2026-09-17,Y,,,N,,
"Gries, David Joseph",1994,USA,"For co-authoring of 'An Axiomatic Proof Technique for Parallel Programs I', the best paper in the area of Programming Systems and Languages.",https://awards.acm.org/award-recipients/gries_1028422,2026-09-13,https://dblp.org/pid/g/DavidGries,2026-09-17,Y,https://scholar.google.com/citations?user=Ormag-QAAAAJ,2026-09-16,Y,,
"Hammer, Carl",1994,USA,"For his outstanding service to the computing community through professional, managerial, and technical contributions, both nationally and internationally.",https://awards.acm.org/award-recipients/hammer_1013325,2026-09-13,https://dblp.org/pid/83/3210,2026-09-17,Y,,,N,,
"Hamming, Richard W",1994,USA,"For his work on numerical methods, automatic coding systems, and error- detecting and error-correcting codes.",https://awards.acm.org/award-recipients/hamming_1000652,2026-09-13,https://dblp.org/pid/h/RWHamming,2026-09-17,Y,,,N,,
"Harel, David",1994,Israel,"A brilliant expositor, he has exposed laymen to deep computer science concepts through his widely acclaimed book Algorithmics, the Spirit of Computing (1987) and through numerous lectures to a variety of audiences. His work on Israeli national councils and ministerial committees is profoundly influencing curricula at both the high-school and university level.",https://awards.acm.org/award-recipients/harel_1741164,2026-09-13,https://dblp.org/pid/h/DavidHarel,2026-09-17,Y,https://scholar.google.com/citations?user=E20Gzu0AAAAJ,2026-09-16,Y,David Harel,2026-09-18
"Harris, Fred H",1994,USA,For helping insure ACM's effective and valuable participation in establishing and operating the Institute for Certification of Computer Professionals.,https://awards.acm.org/award-recipients/harris_1087477,2026-09-13,https://dblp.org/pid/06/421-1,2026-09-17,N,,,N,,
"Hartmanis, Juris",1994,USA,In recognition of their seminal paper which established the foundations for the field of computational complexity theory.,https://awards.acm.org/award-recipients/hartmanis_1059260,2026-09-13,https://dblp.org/pid/84/5656,2026-09-17,Y,,,N,,
"Hillis, William Daniel",1994,USA,"For his basic research on parallel algorithms and for he conception, design, implementation and commercialization of the Connection Machine.",https://awards.acm.org/award-recipients/hillis_4558874,2026-09-13,https://dblp.org/pid/40/8885,2026-09-17,N,,,N,,
"Hopcroft, John E",1994,USA,For fundamental achievements in the design and analysis of algorithms and data structures.,https://awards.acm.org/award-recipients/hopcroft_1053917,2026-09-13,https://dblp.org/pid/h/JohnEHopcroft,2026-09-17,Y,https://scholar.google.com/citations?user=4Z6vo5QAAAAJ,2026-09-17,Y,,
"Hull, Tom",1994,Canada,,https://awards.acm.org/award-recipients/hull_5090634,2026-09-13,https://dblp.org/pid/77/815,2026-09-17,Y,,,N,,
"Hume, J N",1994,Canada,,https://awards.acm.org/award-recipients/hume_4213526,2026-09-13,https://dblp.org/pid/15/1916,2026-09-17,Y,,,N,,
"Huskey, Harry D",1994,USA,"For his work on ENIAC; design and construction of ACE-Pilot Model, SWAC, Bendix G15, and UC Berkeley Time-sharing Computer; edited Computer Handbook, and is a Past President of the ACM.",https://awards.acm.org/award-recipients/huskey_1000678,2026-09-13,https://dblp.org/pid/08/5096,2026-09-17,Y,,,N,,
J Presper Eckert,1994,USA,,,,https://dblp.org/pid/e/JPresperEckert,2026-09-17,Y,,,N,,
"Kahan, William",1994,USA,For his fundamental contributions to numerical analysis. One of the foremost experts on floating-point computations. Kahan has dedicated himself to 'making the world safe for numerical computations.,https://awards.acm.org/award-recipients/kahan_1023746,2026-09-13,https://dblp.org/pid/k/WilliamKahan,2026-09-17,Y,,,N,,
"Kaplan, Ronald M",1994,USA,"For their pioneering work in programming environments that integrated source-language debuggers, fully compatible integrated interpreter/compiler, automatic change management, structure-based editing, logging facilities, interactive graphics, and analysi",https://awards.acm.org/award-recipients/kaplan_1244318,2026-09-13,https://dblp.org/pid/61/5768,2026-09-17,Y,https://scholar.google.com/citations?user=HaahwTYAAAAJ,2026-09-16,Y,,
"Karp, Richard",1994,USA,"For his continuing contributions to the theory of algorithms including the development of efficient algorithms for network flow and other combinatorial optimization problems, the identification of polynomial -time computability with the intuitive notion",https://awards.acm.org/award-recipients/karp_3256708,2026-09-13,,,N,https://scholar.google.com/citations?user=bYp8FsAAAAAJ,2026-09-17,Y,,
"Knuth, Donald E",1994,USA,"For the design and implementation of TEX, an innovative tool for the computer composition of documents of high typographical quality.",https://awards.acm.org/award-recipients/knuth_1013846,2026-09-13,https://dblp.org/pid/k/DonaldEKnuth,2026-09-17,Y,https://scholar.google.com/citations?user=t0yrrzQAAAAJ,2026-09-17,Y,,
"Kuck, David J",1994,USA,"For his impact on the field of supercomputing, including his work in shared memory multiprocessing, clustered memory hierarchies, computer technology, and application/library tuning.",https://awards.acm.org/award-recipients/kuck_1018449,2026-09-13,https://dblp.org/pid/59/1867,2026-09-17,Y,,,N,,
"Kurtz, Thomas E",1994,USA,"Invented, along with John G. Kemeny, the BASIC computer programming language, and contributed to its growth and standardization.",https://awards.acm.org/award-recipients/kurtz_1404417,2026-09-13,https://dblp.org/pid/62/7755,2026-09-17,Y,,,N,,
"Kurzweil, Ray",1994,USA,,https://awards.acm.org/award-recipients/kurzweil_2921211,2026-09-13,https://dblp.org/pid/67/6969,2026-09-17,Y,,,N,,
"Lampson, Butler W",1994,USA,"For contributions to the development of distributed, personal computing environments and the technology for their implementation: workstations, networks, operating systems, programming systems, displays, security, and document publishing.",https://awards.acm.org/award-recipients/lampson_1142421,2026-09-13,https://dblp.org/pid/l/ButlerWLampson,2026-09-17,Y,https://scholar.google.com/citations?user=9eyvm28AAAAJ,2026-09-17,Y,,
"Lavenberg, Stephen S",1994,USA,For contributions to the theory and practice of computer performance modeling.,https://awards.acm.org/award-recipients/lavenberg_1174150,2026-09-13,https://dblp.org/pid/65/3371,2026-09-17,Y,,,N,,
"Lederberg, Joshua",1994,USA,,https://awards.acm.org/award-recipients/lederberg_1048305,2026-09-13,https://dblp.org/pid/72/7007,2026-09-17,Y,,,N,,
"Lee, John A",1994,USA,"For many years of dedicated service to ACM and the computing community with special contributions in the areas of computing standards, history of computing, and advancing computer science professionalism.",https://awards.acm.org/award-recipients/lee_1187137,2026-09-13,https://dblp.org/pid/l/JohnANLee,2026-09-17,Y,,,N,,
"Lehman, Meir",1994,Israel,"Since 1969, Lehman has developed the study of Software Evolution, laws governing it and a Principle of Software Uncertainty all confirmed in his FEAST project.",https://awards.acm.org/award-recipients/lehman_1008853,2026-09-13,https://dblp.org/pid/l/MeirMLehman,2026-09-17,Y,,,N,,
"Lindsay, Bruce",1994,USA,"For co-authoring of 'The Recovery Manager of the System R Database Manager', the best paper in the area of Programming Systems and Languages.",https://awards.acm.org/award-recipients/lindsay_1238732,2026-09-13,https://dblp.org/pid/288/0534,2026-09-17,N,,,N,,
"Little, Joyce Currie",1994,USA,"Her service to the broad computing community spans some twenty years and includes significant contributions to curriculum development, certification standards, vocational education professional ethics.",https://awards.acm.org/award-recipients/little_1152974,2026-09-13,https://dblp.org/pid/28/551,2026-09-17,Y,,,N,,
"Liu, C.L.",1994,Taiwan,"Professor Liu is an educator in the truest sense of the word. He is a highly regarded author of computer science textbooks, a superb teacher, inside and outside the classroom, and has contributed significantly to computer science educational programs at both the national and international levels.",https://awards.acm.org/award-recipients/liu_1746825,2026-09-13,https://dblp.org/pid/30/5444,2026-09-17,N,,,N,,
"Lynn, M Stuart",1994,USA,In recognition of his chairing and directing the Publications Planning Committee which produced a long term policy framework and the current implementation plan for ACM publications.,https://awards.acm.org/award-recipients/lynn_1121771,2026-09-13,https://dblp.org/pid/60/3529,2026-09-17,Y,,,N,,
"Maisel, Herbert",1994,USA,"For lengthy, effective and dedicated service to ACM in many roles including Chairman of the External Activities Board and, in particular, for his service as Chair of the Intersociety Liaison Committee.",https://awards.acm.org/award-recipients/maisel_1705730,2026-09-13,https://dblp.org/pid/27/474,2026-09-17,N,,,N,,
"Manna, Zohar",1994,USA,,https://awards.acm.org/award-recipients/manna_1207521,2026-09-13,https://dblp.org/pid/m/ZoharManna,2026-09-17,Y,,,N,,
"McCarthy, John",1994,USA,Dr. McCarthy's lecture 'The Present State of Research on Artificial Intelligence' is a topic that covers the area in which he has achieved considerable recognition for his own work.,https://awards.acm.org/award-recipients/mccarthy_1118322,2026-09-13,https://dblp.org/pid/m/JohnMcCarthy,2026-09-18,Y,,,N,,
"McCluskey, Edward",1994,USA,,https://awards.acm.org/award-recipients/mccluskey_1007814,2026-09-13,https://dblp.org/pid/m/EdwardJMcCluskey.html,2026-09-17,Y,,,N,,
"McCracken, Daniel D",1994,USA,,https://awards.acm.org/award-recipients/mccracken_1003201,2026-09-13,https://dblp.org/pid/199/9066,2026-09-17,N,,,N,,
"McJones, Paul R",1994,USA,"For co-authoring of 'The Recovery Manager of the System R Database Manager', the best paper in the area of Programming Systems and Languages.",https://awards.acm.org/award-recipients/mcjones_1169911,2026-09-13,https://dblp.org/pid/m/PaulRMcJones,2026-09-17,Y,https://scholar.google.com/citations?user=cca4DoCsQjAJ,2026-09-16,Y,,
"Milner, A J",1994,United Kingdom,"For three distinct and complete achievements: 1) LCF, the mechanization of Scott's Logic of Computable Functions, probably the first theoretically based yet practical tool for machine-assisted proof construction; 2) ML, the first language to include polymorphic type inference together with a type-safe exception-handling mechanism; 3) CCS, a general theory of concurrency. In addition, he formulated and strongly advanced full abstraction, the study of the relationship between operational and denotational semantics.",https://awards.acm.org/award-recipients/milner_1569367,2026-09-13,https://dblp.org/pid/m/RobinMilner,2026-09-17,Y,,,N,,
"Minker, Jack",1994,USA,"For championing the rights of scientists to practice their profession freely and openly, for bringing to public attention the names of scientists deprived of their scientific freedom and human rights, and for giving these victims hope and making them aware of ACM's support.",https://awards.acm.org/award-recipients/minker_1010784,2026-09-13,https://dblp.org/pid/m/JackMinker,2026-09-17,Y,,,N,,
"Neumann, Peter G",1994,USA,"For his dedicated service as founder and moderator of the ACM Forum on Risks to the Public in the Use of Computers and Related Systems. His work with RISKS Forum on-line, in the Software Engineering Notes, and in CACM has increased awareness of security",https://awards.acm.org/award-recipients/neumann_1006303,2026-09-13,https://dblp.org/pid/n/PeterGNeumann,2026-09-17,Y,,,N,,
"Newborn, Monroe",1994,Canada,"In recognition of his organization of and continuing efforts in the annual ACM Computer Chess Championship. Throughout the 20 years of the event, he has been a major force in its operation, has authored one of the competitors (OSTRICH), and has encouraged young ACM members to develop computer chess programs and to compete.",https://awards.acm.org/award-recipients/newborn_1210657,2026-09-13,https://dblp.org/pid/n/MontyNewborn,2026-09-17,Y,,,N,,
"Ousterhout, John",1994,USA,"For his contribution to very large scale integrated circuit computer aided design. His systems, Caesar and Magic, have demonstrated that effective CAD systems need not be expensive, hard to learn, or slow.",https://awards.acm.org/award-recipients/ousterhout_1957745,2026-09-13,https://dblp.org/pid/o/JohnKOusterhout,2026-09-17,Y,https://scholar.google.com/citations?user=nDH-AqwAAAAJ,2026-09-16,Y,,
"Owicki, Susan S",1994,USA,"For co-authoring of 'An Axiomatic Proof Technique for Parallel Programs I', the best paper in the area of Programming Systems and Languages.",https://awards.acm.org/award-recipients/owicki_1219047,2026-09-13,https://dblp.org/pid/06/3161,2026-09-17,Y,https://scholar.google.com/citations?user=xWp3mKYAAAAJ,2026-09-16,Y,,
"Parnas, David Lorge",1994,Canada,For the richness of insights¿provided into system software design characteristics that provide for system change. The award winning work is entitled Design Software for Ease of Extension and Contraction.,https://awards.acm.org/award-recipients/parnas_1043744,2026-09-13,https://dblp.org/pid/p/DLParnas,2026-09-17,Y,https://scholar.google.com/citations?user=t8GDoiMAAAAJ,2026-09-16,Y,,
"Patterson, David",1994,USA,"Professor Patterson is a quintessential example of a professor who combines highest intellectual ability and technical expertise with a total dedication to his role as a teacher, mentor, and friend of his students.",https://awards.acm.org/award-recipients/patterson_2316693,2026-09-13,,,N,https://scholar.google.com/citations?user=Wj4ZBFIAAAAJ,2026-09-17,Y,,
Peter Elias,1994,USA,"For contributions to information theory, including data compression and error correction applicable to digital communications and to computation.",,,https://dblp.org/pid/e/PeterElias,2026-09-17,Y,,,N,,
"Poucher, William B",1994,USA,"For outstanding contributions over an extended period to the ACM Scholastic Programming Contest, resulting in a well-funded program, widespread university participation, and enhanced visibility for the Contest. These contribtuions have served ACM and the public by generating excitement in computing professional activities.",https://awards.acm.org/award-recipients/poucher_1761550,2026-09-13,https://dblp.org/pid/20/10566,2026-09-17,N,,,N,,
"Ralston, Anthony",1994,United Kingdom,"For a range of accomplishments as an author, educator, human rights advocate, and in the management of technical societies.",https://awards.acm.org/award-recipients/ralston_1005818,2026-09-13,https://dblp.org/pid/12/4330,2026-09-17,Y,,,N,,
"Rivest, Ronald L",1994,USA,For contributions to the field of cryptography.,https://awards.acm.org/award-recipients/rivest_1403005,2026-09-13,https://dblp.org/pid/r/RonaldLRivest,2026-09-17,Y,https://scholar.google.com/citations?user=6qE0tdAAAAAJ,2026-09-17,Y,Ronald L. Rivest,2026-09-18
Roger M Needham,1994,United Kingdom,,,,https://dblp.org/pid/n/RogerNeedham,2026-09-17,Y,,,N,,
"Rosenfeld, Azriel",1994,USA,For pioneering and fundamental contributions to computer vision and image analysis.,https://awards.acm.org/award-recipients/rosenfeld_1037506,2026-09-13,https://dblp.org/pid/r/AzrielRosenfeld,2026-09-17,Y,,,N,,
"Rulifson, Jeff",1994,USA,"For their pioneering work on augmenting human intellect with hypertext, outline processors, and video conferencing that was implemented in the NLS System [On Line System] (1968).",https://awards.acm.org/award-recipients/rulifson_1481993,2026-09-13,https://dblp.org/pid/12/4903,2026-09-17,Y,,,N,,
"Sammet, Jean E",1994,USA,"For dedicated, tireless and dynamic leadership in service to ACM and the computing community. For advancing the art and science of computer programing languages and recording its history.",https://awards.acm.org/award-recipients/sammet_1004423,2026-09-13,https://dblp.org/pid/14/5331,2026-09-17,Y,,,N,,
"Scott, Dana S",1994,USA,"For their joint paper 'Finite Automataand Their Decision Problem,' which introduced the idea of nondeterministic machines, which has proved to be an enormously valuable concept. Their (Scott & Rabin) classic paper has been a continuous source of inspiration for subsequent work in this field.",https://awards.acm.org/award-recipients/scott_1193622,2026-09-13,https://dblp.org/pid/s/DanaSScott,2026-09-17,Y,https://scholar.google.com/citations?user=oaja5KYAAAAJ,2026-09-17,Y,,
"Siewiorek, Daniel",1994,USA,In recognition of outstanding technical and professional achievements in the field of information technology.,https://awards.acm.org/award-recipients/siewiorek_1202035,2026-09-13,https://dblp.org/pid/50/842,2026-09-17,Y,https://scholar.google.com/citations?user=B13SvmAAAAAJ,2026-09-16,Y,Daniel P. Siewiorek,2026-09-18
"Simon, Herbert A",1994,USA,"In joint scientific efforts extending over twenty years, initially in collaboration with J.C. Shaw at the RAND Corporation, and subsequently with numerous faculty and student collegues at Carnegie-Mellon University, they have made basic contributions to artificial intelligence, the psychology of human cognition, and list processing.",https://awards.acm.org/award-recipients/simon_1031467,2026-09-13,https://dblp.org/pid/16/6065,2026-09-17,Y,,,N,,
"Simons, Barbara B",1994,USA,,https://awards.acm.org/award-recipients/simons_2101418,2026-09-13,https://dblp.org/pid/s/BarbaraBSimons,2026-09-17,Y,,,N,,
"Sloan, Martha",1994,USA,,https://awards.acm.org/award-recipients/sloan_1304641,2026-09-13,https://dblp.org/pid/21/640,2026-09-17,Y,,,N,,
"Slutz, Donald R",1994,USA,"The paper by Matson, Gecsel, Slutz and Traiger advances the art of performance evaluation of computing systems by intorducing a method of computing a large number of different performance measures in a single pass through a computer program.",https://awards.acm.org/award-recipients/slutz_1111400,2026-09-13,https://dblp.org/pid/33/6589,2026-09-17,Y,,,N,,
"Smith, Burton",1994,USA,For pioneering work in the design and implementation of scalable shared memory multiprocessors.,https://awards.acm.org/award-recipients/smith_1148832,2026-09-13,https://dblp.org/pid/64/4805,2026-09-17,Y,,,N,,
"Stearns, Richard E",1994,USA,In recognition of their seminal paper which established the foundations for their field of computation theory.,https://awards.acm.org/award-recipients/stearns_1081900,2026-09-13,https://dblp.org/pid/s/RichardEdwinStearns,2026-09-17,Y,,,N,,
"Steel, Thomas B",1994,USA,"Steel has provided significant service to many organizations in the computer field, particularly ACM, ANSI, IFIP, and SHARE.",https://awards.acm.org/award-recipients/steel_1486257,2026-09-13,https://dblp.org/pid/83/2995,2026-09-17,Y,,,N,,
"Steele, Guy L",1994,USA,"For his general contributions to the development of Higher Order Symbolic Programming, principally for his advancement of lexical scoping in LISP.",https://awards.acm.org/award-recipients/steele_1261585,2026-09-13,https://dblp.org/pid/s/GuyLSteeleJr,2026-09-17,Y,https://scholar.google.com/citations?user=Ur3sFscAAAAJ,2026-09-16,Y,,
"Stone, Harold",1994,USA,,https://awards.acm.org/award-recipients/stone_8310369,2026-09-13,https://dblp.org/pid/00/4597,2026-09-17,Y,https://scholar.google.com/citations?user=74JdpDAAAAAJ,2026-09-16,Y,,
"Stonebraker, Michael",1994,USA,The INGRES and System R systems demonstrated that a practical and efficient database management system (DBMS) could be implemented based on the relational data model.,https://awards.acm.org/award-recipients/stonebraker_1172121,2026-09-13,https://dblp.org/pid/s/MichaelStonebraker,2026-09-17,Y,,,N,,
"Strecker, William",1994,USA,,https://awards.acm.org/award-recipients/strecker_1174465,2026-09-13,https://dblp.org/pid/83/793,2026-09-17,Y,,,N,,
"Stroustrup, Bjarne",1994,USA,"For his early work laying the foundations for the C++ programming language. Based on the foundations and Dr. Stroustrup's continuing efforts, C++ has become one of the most influential programming languages in the history of computing.",https://awards.acm.org/award-recipients/stroustrup_1652833,2026-09-13,https://dblp.org/pid/s/BjarneStroustrup,2026-09-17,Y,https://scholar.google.com/citations?user=Rr9Y8acAAAAJ,2026-09-16,Y,,
"Suppes, Patrick",1994,USA,,https://awards.acm.org/award-recipients/suppes_1094853,2026-09-13,https://dblp.org/pid/63/4886,2026-09-17,Y,,,N,,
"Sussman, Gerald",1994,USA,"For his important and pioneering work in teaching introductory computer science. Among his many contributions in this area ate the Scheme programming language, and the well known text Structure and Interpretation of Computer Programs, written with Harold Abelson.",https://awards.acm.org/award-recipients/sussman_1929868,2026-09-13,https://dblp.org/pid/s/GeraldJSussman,2026-09-17,Y,,,N,Gerald J. Sussman,2026-09-18
"Sutherland, Ivan",1994,USA,"For his pioneering and visionary contributions to computer graphics, starting with Sketchpad, and continuing after. Sketchpad, though written twenty-five years ago, introduced many techniques still important today. These include a display file for screen",https://awards.acm.org/award-recipients/sutherland_3467412,2026-09-13,https://dblp.org/pid/35/5713,2026-09-17,Y,,,N,,
"Taft, Edward A",1994,USA,For the design of the PostScript page description language and its implementation.,https://awards.acm.org/award-recipients/taft_2615318,2026-09-13,https://dblp.org/pid/52/147,2026-09-17,Y,,,N,,
"Tarjan, Robert E",1994,USA,For fundamental achievements in the design and analysis of algorithms and data structures.,https://awards.acm.org/award-recipients/tarjan_1092048,2026-09-13,https://dblp.org/pid/t/RobertEndreTarjan,2026-09-17,Y,https://scholar.google.com/citations?user=lazJixIAAAAJ,2026-09-17,Y,Robert E. Tarjan,2026-09-18
"Taylor, Robert W",1994,USA,For conceiving and guiding the development of the Xerox Alto System demonstrating that a distributed personal computer system can provide a desirable and practical alternative to time-sharing.,https://awards.acm.org/award-recipients/taylor_1076264,2026-09-13,https://dblp.org/pid/31/1172,2026-09-17,N,,,N,,
"Thacker, Charles P",1994,USA,For conceiving and guiding the development of the Xerox Alto System demonstrating that a distributed personal computer system can provide a desirable and practical alternative to time-sharing.,https://awards.acm.org/award-recipients/thacker_1336106,2026-09-13,https://dblp.org/pid/58/4470,2026-09-17,Y,,,N,,
"Traiger, Irv",1994,USA,"The INGRES and System R systems demonstrated that a practical and efficient database management system (DBMS) could be implemented based on the relational data model. These systems were full-function DBMS's that supported non-procedural query languages (QUEL and SQL), automatic query optimization, alternative storage structures, transactions, crash recovery, views, integrity, and protection. They have revolutionized the database system industry by showing how data stored in a computer can be conveniently accessed by end users and while at the same time it can be used by production application programs.",https://awards.acm.org/award-recipients/traiger_N012401,2026-09-13,https://dblp.org/pid/17/2969,2026-09-17,Y,,,N,,
"Traub, Joseph",1994,USA,"For pioneering research on information-based complexity, computational finance, optimal iteration theory, parallel computing, national science policy, and for leadership in computing education.",https://awards.acm.org/award-recipients/traub_1015205,2026-09-13,https://dblp.org/pid/t/JFTraub,2026-09-17,Y,https://scholar.google.com/citations?user=b31g8hsAAAAJ,2026-09-16,Y,,
"Tucker, Allen",1994,USA,"Dr. Allen B. Tucker was Co-Chair of the ACM/IEEE Computer Society Joint Curriculum Task Force, and Editor of the Task Force Report, Computing Curricula '91. This and mark report provides a framework for evolving computer science curricula through the '90's, serving as both a practical tool and a theoretical foundation for curriculum design. Dr. Tucker has also been a major contributor to previous computer science curriculum efforts and is widely recognized for his dedication and leadership in the development of computer science as an academic discipline.",https://awards.acm.org/award-recipients/tucker_1098797,2026-09-13,https://dblp.org/pid/146/9346,2026-09-17,N,,,N,,
"van Dam, Andries",1994,USA,"For sustained contributions to computer science and education, especially in the areas of graphics and user interfaces. Through his writings, programs, films, and personal enthusiasm, he has inspired generations of students at Brown University and computer users everywhere.",https://awards.acm.org/award-recipients/vandam_6127971,2026-09-13,https://dblp.org/pid/d/AvDam,2026-09-17,Y,,,N,Andries van Dam,2026-09-18
"Ware, Willis H",1994,USA,,https://awards.acm.org/award-recipients/ware_1000876,2026-09-13,https://dblp.org/pid/62/6167,2026-09-17,Y,,,N,,
"Wecker, Stuart",1994,USA,,https://awards.acm.org/award-recipients/wecker_1143205,2026-09-13,https://dblp.org/pid/37/3490,2026-09-17,Y,,,N,,
"Wegbreit, Ben",1994,USA,,https://awards.acm.org/award-recipients/wegbreit_1073675,2026-09-13,https://dblp.org/pid/31/5520,2026-09-17,Y,,,N,,
"Weiss, Eric A",1994,USA,"For his contribution to ACM and to the computing community, particularly in the field of publications and publications policy.",https://awards.acm.org/award-recipients/weiss_1004613,2026-09-13,https://dblp.org/pid/37/4603,2026-09-17,Y,,,N,,
"Wilkes, Maurice V.",1994,United Kingdom,"Professor Wilkes is best known as the builder and designer of the EDSAC, the first computer with an internally stored program. Built in 1949, the EDSAC used a mercury delay line memory. He is also known as the author, with Wheeler and Gill, of a volume on 'Preparation of Programs for Electronic Digital Computers' in 1951, in which program libraries were effectively introduced.",https://awards.acm.org/award-recipients/wilkes_1001395,2026-09-13,https://dblp.org/pid/w/MauriceVWilkes,2026-09-17,Y,,,N,,
"Winograd, Shmuel",1994,USA,,https://awards.acm.org/award-recipients/winograd_1345305,2026-09-13,https://dblp.org/pid/w/ShmuelWinograd,2026-09-17,Y,,,N,,
"Wirth, Niklaus E",1994,Switzerland,"For developing a sequence of innovative computer languages, EULER, ALGOL-W, MODULA and PASCAL. PASCAL has become pedagogically significant and has provided a foundation for future computer language, systems, and architectural research.",https://awards.acm.org/award-recipients/wirth_1025774,2026-09-13,https://dblp.org/pid/w/NiklausWirth,2026-09-17,Y,,,N,,
"Wolfson, Seymour J",1994,USA,"For diligent and effective administration of ACM's conferences, meetings, and symposia responsibilities.",https://awards.acm.org/award-recipients/wolfson_1111640,2026-09-13,,,N,,,N,,
"Wulf, William A",1994,USA,,https://awards.acm.org/award-recipients/wulf_1025840,2026-09-13,https://dblp.org/pid/w/WilliamAWulf,2026-09-17,Y,,,N,,
"Zadeh, L A",1994,USA,,https://awards.acm.org/award-recipients/zadeh_1006543,2026-09-13,https://dblp.org/pid/z/LAZadeh,2026-09-17,Y,https://scholar.google.com/citations?user=S6H-0RAAAAAJ,2026-09-16,Y,,
