name,affiliation,homepage,scholarid,orcid,dblp_profile
A. Prasad Sistla,University of Illinois at Chicago,https://www.cs.uic.edu/Sistla,NOSCHOLARPAGE,0009-0005-8331-7912,https://dblp.org/pers/hd/s/Sistla:A%3D_Prasad
Aarti Gupta,Princeton University,https://www.cs.princeton.edu/people/profile/aartig,S_jYB2sAAAAJ,0000-0001-6676-9400,https://dblp.org/pers/hd/g/Gupta:Aarti
Abhik Roychoudhury,National University of Singapore,https://www.comp.nus.edu.sg/~abhik,UxFWSJIAAAAJ,0000-0002-7127-1137,https://dblp.org/pers/hd/r/Roychoudhury:Abhik
Abraham Silberschatz,Yale University,http://www.cs.yale.edu/~avi,-YvgZDEAAAAJ,0000-0000-0000-0000,https://dblp.org/pers/hd/s/Silberschatz:Abraham
Adam Finkelstein,Princeton University,https://www.cs.princeton.edu/~af,a959F6AAAAAJ,0000-0001-9130-8411,https://dblp.org/pers/hd/f/Finkelstein:Adam
Adam Smith 0006,Boston University,http://cs-people.bu.edu/ads22,fkGi-JMAAAAJ,0000-0001-9393-1127,https://dblp.org/pers/hd/s/Smith_0006:Adam
Adam Wierman,California Inst. of Technology,https://adamwierman.com,4OvOdSgAAAAJ,0000-0002-5923-0199,https://dblp.org/pers/hd/w/Wierman:Adam
Adi Shamir,Weizmann Institute of Science,https://www.weizmann.ac.il/pages/search/people?language=english&single=1&person_id=1486,EHLBP20AAAAJ,0000-0002-5422-905X,https://dblp.org/pers/hd/s/Shamir:Adi
Aditya Akella,University of Texas at Austin,http://pages.cs.wisc.edu/~akella,d_rxnzAAAAAJ,0000-0002-5920-170X,https://dblp.org/pers/hd/a/Akella:Aditya
Adnan Darwiche,Univ. of California - Los Angeles,http://www.cs.ucla.edu/~darwiche,pygPWvEAAAAJ,0000-0000-0000-0000,https://dblp.org/pers/hd/d/Darwiche:Adnan
Adrian Perrig,ETH Zurich,http://www.netsec.ethz.ch/people/aperrig,n-Oret4AAAAJ,0000-0002-5280-5412,https://dblp.org/pers/hd/p/Perrig:Adrian
Aggelos Kiayias,University of Edinburgh,http://www.inf.ed.ac.uk/people/staff/Aggelos_Kiayias.html,P_L_vZAAAAAJ,0000-0003-2451-1430,https://dblp.org/pers/hd/k/Kiayias:Aggelos
Ahmed E. Hassan,Queen’s University,http://www.cs.queensu.ca/~ahmed,9hwXx34AAAAJ,0000-0000-0000-0000,https://dblp.org/pers/hd/h/Hassan:Ahmed_E%3D
Ahmed K. Elmagarmid,Qatar Computing Research Inst.,https://www.cs.purdue.edu/homes/ake,Cb9BDJkAAAAJ,0000-0000-0000-0000,https://dblp.org/pers/hd/e/Elmagarmid:Ahmed_K%3D
Aidong Zhang 0001,University of Virginia,https://engineering.virginia.edu/faculty/aidong-zhang,O8XxkE4AAAAJ,0000-0001-9723-3246,https://dblp.org/pers/hd/z/Zhang_0001:Aidong
Alan Bundy,University of Edinburgh,https://sweb.inf.ed.ac.uk/bundy,n7STZEYAAAAJ,0000-0002-0578-6474,https://dblp.org/pers/hd/b/Bundy:Alan
Alan H. Barr,California Inst. of Technology,http://www.eas.caltech.edu/people/2923/profile,NOSCHOLARPAGE,0000-0000-0000-0000,https://dblp.org/pers/hd/b/Barr:Alan_H%3D
Alberto L. Sangiovanni-Vincentelli,Univ. of California - Berkeley,https://www2.eecs.berkeley.edu/Faculty/Homepages/sangiovanni-vicentelli.html,AhgjQ2QAAAAJ,0000-0003-1298-8389,https://dblp.org/pers/hd/s/Sangiovanni=Vincentelli:Alberto_L%3D
Albrecht Schmidt 0001,LMU Munich,https://www.en.um.informatik.uni-muenchen.de/people/professors/schmidt/index.html,qM5jR7YAAAAJ,0000-0003-3890-1990,https://dblp.org/pers/hd/s/Schmidt_0001:Albrecht
Alessandro Orso,University of Georgia,https://engineering.uga.edu/team_member/alex-orso,wCfYkMkAAAAJ,0000-0003-4516-9320,https://dblp.org/pers/hd/o/Orso:Alessandro
Alex Aiken,Stanford University,https://theory.stanford.edu/~aiken,3vKjkoQAAAAJ,0000-0002-3723-9555,https://dblp.org/pers/hd/a/Aiken:Alex
Alex C. Snoeren,Univ. of California - San Diego,http://cseweb.ucsd.edu/~snoeren,lBzZU1IAAAAJ,0000-0001-5679-3888,https://dblp.org/pers/hd/s/Snoeren:Alex_C%3D
Alex Pothen,Purdue University,https://www.cs.purdue.edu/people/faculty/apothen,_Fah5fwAAAAJ,0000-0002-3421-3325,https://dblp.org/pers/hd/p/Pothen:Alex
Alex Szalay,Johns Hopkins University,https://physics-astronomy.jhu.edu/directory/alexander-s-szalay,rUiWchkAAAAJ,0000-0000-0000-0000,https://dblp.org/pers/hd/s/Szalay:Alex
Alexander L. Wolf,Univ. of California - Santa Cruz,https://users.soe.ucsc.edu/~alw,21FXjJgAAAAJ,0000-0000-0000-0000,https://dblp.org/pers/hd/w/Wolf:Alexander_L%3D
Alfons Kemper,TU Munich,https://db.in.tum.de/~kemper,5n3YivwAAAAJ,0000-0000-0000-0000,https://dblp.org/pers/hd/k/Kemper:Alfons
Alistair Moffat,University of Melbourne,http://people.eng.unimelb.edu.au/ammoffat,r3xSME0AAAAJ,0000-0002-6638-0232,https://dblp.org/pers/hd/m/Moffat:Alistair
Alistair Sinclair,Univ. of California - Berkeley,http://www.cs.berkeley.edu/~sinclair,NOSCHOLARPAGE,0009-0002-9210-268X,https://dblp.org/pers/hd/s/Sinclair:Alistair
Alla Sheffer,University of British Columbia,http://www.cs.ubc.ca/~sheffa,IgkGxLsAAAAJ,0000-0001-9251-3716,https://dblp.org/pers/hd/s/Sheffer:Alla
Allan Borodin,University of Toronto,http://www.cs.toronto.edu/~bor,VIFfuYgAAAAJ,0000-0000-0000-0000,https://dblp.org/pers/hd/b/Borodin:Allan
Alok N. Choudhary,Northwestern University,http://www.eecs.northwestern.edu/~choudhar,6nvFl5sAAAAJ,0000-0001-8152-6319,https://dblp.org/pers/hd/c/Choudhary:Alok_N%3D
Amit P. Sheth,University of South Carolina,https://www.linkedin.com/in/amitsheth,2T3H4ekAAAAJ,0000-0002-0021-5293,https://dblp.org/pers/hd/s/Sheth:Amit_P%3D
Amit Sahai,Univ. of California - Los Angeles,http://www.cs.ucla.edu/~sahai,gqB23VMAAAAJ,0000-0003-2216-9600,https://dblp.org/pers/hd/s/Sahai:Amit
Amr El Abbadi,Univ. of California - Santa Barbara,https://www.cs.ucsb.edu/~amr,tNmIw4MAAAAJ,0000-0003-4692-3268,https://dblp.org/pers/hd/a/Abbadi:Amr_El
Amy S. Bruckman,Georgia Institute of Technology,http://www.cc.gatech.edu/fac/Amy.Bruckman,IdWa_JkAAAAJ,0000-0003-3731-7047,https://dblp.org/pers/hd/b/Bruckman:Amy_S%3D
Anand Sivasubramaniam,Pennsylvania State University,http://www.cse.psu.edu/~axs53,JWXlepgAAAAJ,0000-0001-6173-687X,https://dblp.org/pers/hd/s/Sivasubramaniam:Anand
Anant Agarwal,Massachusetts Inst. of Technology,https://www.csail.mit.edu/user/723,qvYAEucAAAAJ,0000-0000-0000-0000,https://dblp.org/pers/hd/a/Agarwal:Anant
Anastasia Ailamaki,EPFL,https://people.epfl.ch/anastasia.ailamaki,YdrkeNwAAAAJ,0000-0002-9949-3639,https://dblp.org/pers/hd/a/Ailamaki:Anastasia
Andrea C. Arpaci-Dusseau,University of Wisconsin - Madison,http://pages.cs.wisc.edu/~dusseau,8VkvOEEAAAAJ,0000-0001-8618-2738,https://dblp.org/pers/hd/a/Arpaci=Dusseau:Andrea_C%3D
Andreas Krause 0001,ETH Zurich,https://las.inf.ethz.ch/krausea,eDHv58AAAAAJ,0000-0001-7260-9673,https://dblp.org/pers/hd/k/Krause_0001:Andreas
Andreas Moshovos,University of Toronto,https://www.eecg.utoronto.ca/~moshovos/000/doku.php,D2VLt-8AAAAJ,0000-0001-7768-367X,https://dblp.org/pers/hd/m/Moshovos:Andreas
Andreas Zeller,CISPA Helmholtz Center,https://andreas-zeller.info,-Qytr_YAAAAJ,0000-0003-4719-8803,https://dblp.org/pers/hd/z/Zeller:Andreas
Andrew A. Chien,University of Chicago,http://people.cs.uchicago.edu/~aachien,zkqz0_0AAAAJ,0000-0002-1204-206X,https://dblp.org/pers/hd/c/Chien:Andrew_A%3D
Andrew B. Kahng,Univ. of California - San Diego,http://vlsicad.ucsd.edu/~abk,zCO_h3cAAAAJ,0000-0002-4490-5018,https://dblp.org/pers/hd/k/Kahng:Andrew_B%3D
Andrew C. Myers,Cornell University,http://www.cs.cornell.edu/andru,ovlpa_IAAAAJ,0000-0001-5819-7588,https://dblp.org/pers/hd/m/Myers:Andrew_C%3D
Andrew C. Yao,Tsinghua University,http://iiis.tsinghua.edu.cn/yao,NOSCHOLARPAGE,0000-0000-0000-0000,https://dblp.org/pers/hd/y/Yao:Andrew_C%3D
Andrew McCallum,Univ. of Massachusetts Amherst,https://people.cs.umass.edu/~mccallum,yILa1y0AAAAJ,0009-0004-5487-2848,https://dblp.org/pers/hd/m/McCallum:Andrew
Andrew S. Tanenbaum,VU Amsterdam,http://www.cs.vu.nl/~ast,TvjaNqkAAAAJ,0000-0002-9547-801X,https://dblp.org/pers/hd/t/Tanenbaum:Andrew_S%3D
Andries van Dam,Brown University,http://cs.brown.edu/~avd,NOSCHOLARPAGE,0000-0000-0000-0000,https://dblp.org/pers/hd/d/Dam:Andries_van
André DeHon,University of Pennsylvania,https://www.seas.upenn.edu/~andre,nintPk8AAAAJ,0000-0001-9177-7699,https://dblp.org/pers/hd/d/DeHon:Andr%3Deacute%3D
Angelos Dennis Keromytis,Georgia Institute of Technology,https://angelosk.github.io,mncyWbcAAAAJ,0000-0000-0000-0000,https://dblp.org/pers/hd/k/Keromytis:Angelos_Dennis
Anil K. Jain 0001,Michigan State University,https://www.cse.msu.edu/~jain,g-_ZXGsAAAAJ,0000-0002-6369-6995,https://dblp.org/pers/hd/j/Jain_0001:Anil_K%3D
Anima Anandkumar,California Inst. of Technology,http://tensorlab.cms.caltech.edu/users/anima,bEcLezcAAAAJ,0000-0002-6974-6797,https://dblp.org/pers/hd/a/Anandkumar:Anima
Anind K. Dey,University of Washington,https://ischool.uw.edu/people/faculty/profile/anind,ydA8Q5AAAAAJ,0000-0002-3004-0770,https://dblp.org/pers/hd/d/Dey:Anind_K%3D
Anja Feldmann [INF],Max Planck Society,https://www.mpi-inf.mpg.de/inet/people/anja-feldmann,mSK3340AAAAJ,0000-0000-0000-0000,https://dblp.org/pers/hd/f/Feldmann:Anja
Anna R. Karlin,University of Washington,http://www.cs.washington.edu/people/faculty/karlin,9ZGqm5QAAAAJ,0009-0001-9091-2702,https://dblp.org/pers/hd/k/Karlin:Anna_R%3D
Anne Condon,University of British Columbia,http://www.cs.ubc.ca/~condon,SO_j4zwAAAAJ,0000-0000-0000-0000,https://dblp.org/pers/hd/c/Condon:Anne
Anne-Marie Kermarrec,EPFL,https://people.epfl.ch/anne-marie.kermarrec,aIAy-qcAAAAJ,0000-0001-8187-724X,https://dblp.org/pers/hd/k/Kermarrec:Anne%3DMarie
Antonio González 0001,Polytechnic Univ. of Catalonia,http://people.ac.upc.es/antonio,WegaFkUAAAAJ,0000-0002-0009-0996,https://dblp.org/pers/hd/g/Gonz=aacute=lez_0001:Antonio
Antonio Torralba 0001,Massachusetts Inst. of Technology,http://web.mit.edu/torralba/www,8cxDHS4AAAAJ,0000-0003-4915-0256,https://dblp.org/pers/hd/t/Torralba_0001:Antonio
Anupam Gupta 0001,New York University,http://www.cs.cmu.edu/~anupamg,QuwaU-8AAAAJ,0000-0001-5579-3405,https://dblp.org/pers/hd/g/Gupta_0001:Anupam
Aravind Srinivasan,Univ. of Maryland - College Park,https://www.cs.umd.edu/~srin,sPzla6IAAAAJ,0000-0002-0062-3684,https://dblp.org/pers/hd/s/Srinivasan:Aravind
Arie E. Kaufman,Stony Brook University,http://www3.cs.stonybrook.edu/~ari,fDdcWBEAAAAJ,0000-0002-0796-6196,https://dblp.org/pers/hd/k/Kaufman:Arie_E%3D
Ariel D. Procaccia,Harvard University,http://procaccia.info,8ZpV-lkAAAAJ,0000-0002-8774-5827,https://dblp.org/pers/hd/p/Procaccia:Ariel_D%3D
Arindam Banerjee 0001,Univ. of Illinois at Urbana-Champaign,https://arindam.cs.illinois.edu,RY7cuPAAAAAJ,0000-0000-0000-0000,https://dblp.org/pers/hd/b/Banerjee_0001:Arindam
Arvind Krishnamurthy,University of Washington,http://www.cs.washington.edu/people/faculty/arvind,EnCwNycAAAAJ,0000-0002-9505-9528,https://dblp.org/pers/hd/k/Krishnamurthy:Arvind
Ashish Goel,Stanford University,https://web.stanford.edu/~ashishg/ashishg.html,B_rKfusAAAAJ,0000-0002-6598-4712,https://dblp.org/pers/hd/g/Goel:Ashish
Ashutosh Sabharwal,Rice University,https://ashu.rice.edu,MiqMO-kAAAAJ,0000-0003-1898-5787,https://dblp.org/pers/hd/s/Sabharwal:Ashutosh
Assaf Schuster,Technion,http://assaf.net.technion.ac.il,KfwgjswAAAAJ,0000-0000-0000-0000,https://dblp.org/pers/hd/s/Schuster:Assaf
Avrim Blum,TTI Chicago,https://home.ttic.edu/~avrim,Jlv4MR4AAAAJ,0000-0003-2450-5102,https://dblp.org/pers/hd/b/Blum:Avrim
Baba C. Vemuri,University of Florida,https://www.cise.ufl.edu/~vemuri,1fEZ_osAAAAJ,0000-0002-1400-5844,https://dblp.org/pers/hd/v/Vemuri:Baba_C%3D
Babak Falsafi,EPFL,http://parsa.epfl.ch/~falsafi,LaNEuBUAAAAJ,0000-0001-5916-8068,https://dblp.org/pers/hd/f/Falsafi:Babak
Balaji Prabhakar,Stanford University,http://web.stanford.edu/~balaji,TyPF9V4AAAAJ,0009-0006-3106-8720,https://dblp.org/pers/hd/p/Prabhakar:Balaji
Bangalore S. Manjunath,Univ. of California - Santa Barbara,https://vision.ece.ucsb.edu/people/bs-manjunath,wRYM4qgAAAAJ,0000-0000-0000-0000,https://dblp.org/pers/hd/m/Manjunath:Bangalore_S%3D
Baoquan Chen,Peking University,https://cfcs.pku.edu.cn/baoquan,iHWtrEAAAAAJ,0000-0003-4702-036X,https://dblp.org/pers/hd/c/Chen:Baoquan
Barbara J. Grosz,Harvard University,http://grosz.seas.harvard.edu,NOSCHOLARPAGE,0000-0000-0000-0000,https://dblp.org/pers/hd/g/Grosz:Barbara_J%3D
Barbara Liskov,Massachusetts Inst. of Technology,https://www.csail.mit.edu/user/971,NOSCHOLARPAGE,0000-0000-0000-0000,https://dblp.org/pers/hd/l/Liskov:Barbara
Bart Selman,Cornell University,http://www.cs.cornell.edu/selman,pJ28HA0AAAAJ,0000-0000-0000-0000,https://dblp.org/pers/hd/s/Selman:Bart
Barton P. Miller,University of Wisconsin - Madison,http://pages.cs.wisc.edu/~bart,dywFuRMAAAAJ,0000-0000-0000-0000,https://dblp.org/pers/hd/m/Miller:Barton_P%3D
Bashar Ahmad Nuseibeh,Open University UK,http://stem.open.ac.uk/people/ban25,aUQ8O9gAAAAJ,0000-0000-0000-0000,https://dblp.org/pers/hd/n/Nuseibeh:Bashar_Ahmad
Bella Bose,Oregon State University,http://eecs.oregonstate.edu/people/bose-bella,NOSCHOLARPAGE,0009-0009-4992-3184,https://dblp.org/pers/hd/b/Bose:Bella
Ben Y. Zhao,University of Chicago,http://people.cs.uchicago.edu/~ravenben,cYReSuEAAAAJ,0009-0003-8909-0494,https://dblp.org/pers/hd/z/Zhao:Ben_Y%3D
Beng Chin Ooi,National University of Singapore,http://www.comp.nus.edu.sg/~ooibc,9560QjYAAAAJ,0000-0003-4446-1100,https://dblp.org/pers/hd/o/Ooi:Beng_Chin
Benjamin C. Pierce,University of Pennsylvania,http://www.cis.upenn.edu/~bcpierce,2kkddh0AAAAJ,0000-0001-7839-1636,https://dblp.org/pers/hd/p/Pierce:Benjamin_C%3D
Benjamin J. Raphael,Princeton University,https://www.cs.princeton.edu/people/profile/braphael,GhvZjJUAAAAJ,0000-0003-1274-048X,https://dblp.org/pers/hd/r/Raphael:Benjamin_J%3D
Benjamin W. Wah,Chinese University of Hong Kong,https://wah.cse.cuhk.edu.hk,WL8igVEAAAAJ,0000-0000-0000-0000,https://dblp.org/pers/hd/w/Wah:Benjamin_W%3D
Bernard Chazelle,Princeton University,https://www.cs.princeton.edu/~chazelle,C1VwgssAAAAJ,0000-0000-0000-0000,https://dblp.org/pers/hd/c/Chazelle:Bernard
Bernhard Nebel,University of Freiburg,http://www2.informatik.uni-freiburg.de/~nebel,4MhUHPcAAAAJ,0000-0002-6833-6323,https://dblp.org/pers/hd/n/Nebel:Bernhard
Bernhard Schölkopf [IS],Max Planck Society,https://is.mpg.de/~bs,DZ-fHPgAAAAJ,0000-0000-0000-0000,https://dblp.org/pers/hd/s/Sch=ouml=lkopf:Bernhard
Bernt Schiele [INF],Max Planck Society,https://www.mpi-inf.mpg.de/departments/computer-vision-and-multimodal-computing/people/bernt-schiele,z76PBfYAAAAJ,0000-0000-0000-0000,https://dblp.org/pers/hd/s/Schiele:Bernt
Bhavani Thuraisingham,University of Texas at Dallas,http://www.utdallas.edu/~bhavani.thuraisingham,o_xUNWkAAAAJ,0000-0003-4653-2080,https://dblp.org/pers/hd/t/Thuraisingham:Bhavani
Bing Liu 0001,University of Illinois at Chicago,https://www.cs.uic.edu/~liub,Kt1bjZoAAAAJ,0000-0000-0000-0000,https://dblp.org/pers/hd/l/Liu_0001:Bing
Björn W. Schuller,Imperial College London,https://www.doc.ic.ac.uk/~bschulle,TxKNCSoAAAAJ,0000-0002-6478-8699,https://dblp.org/pers/hd/s/Schuller:Bj%3Douml%3Drn_W%3D
Boaz Barak,Harvard University,http://www.boazbarak.org,XGiiygQAAAAJ,0000-0002-4053-8927,https://dblp.org/pers/hd/b/Barak:Boaz
Bonnie Berger,Massachusetts Inst. of Technology,https://people.csail.mit.edu/bab,qMOS01AAAAAJ,0000-0002-2724-7228,https://dblp.org/pers/hd/b/Berger:Bonnie
Bonnie J. Dorr,University of Florida,https://www.cise.ufl.edu/~bonniejdorr,jSjEWosAAAAJ,0000-0003-4356-5813,https://dblp.org/pers/hd/d/Dorr:Bonnie_J%3D
Brad A. Myers,Carnegie Mellon University,http://www.cs.cmu.edu/~bam,E1cp_aYAAAAJ,0000-0002-4769-0219,https://dblp.org/pers/hd/m/Myers:Brad_A%3D
Brent R. Waters,University of Texas at Austin,https://www.cs.utexas.edu/~bwaters,VEKxHOAAAAAJ,0000-0000-0000-0000,https://dblp.org/pers/hd/w/Waters:Brent_R%3D
Brian Curless,University of Washington,http://homes.cs.washington.edu/~curless,tlh8i7gAAAAJ,0000-0002-0095-5400,https://dblp.org/pers/hd/c/Curless:Brian
Brian Neil Levine,Univ. of Massachusetts Amherst,https://people.cs.umass.edu/~brian,oHbIF48AAAAJ,0000-0003-2262-0617,https://dblp.org/pers/hd/l/Levine:Brian_Neil
Bruce M. Maggs,Duke University,https://users.cs.duke.edu/~bmm,Gwrwxa0AAAAJ,0000-0000-0000-0000,https://dblp.org/pers/hd/m/Maggs:Bruce_M%3D
Bruce Randall Donald,Duke University,https://www.cs.duke.edu/brd,TkayRqQAAAAJ,0000-0000-0000-0000,https://dblp.org/pers/hd/d/Donald:Bruce_Randall
Bud Mishra,New York University,https://cs.nyu.edu/mishra,kXVBr20AAAAJ,0000-0000-0000-0000,https://dblp.org/pers/hd/m/Mishra:Bud
C. Lee Giles,Pennsylvania State University,https://clgiles.ist.psu.edu,sAkg9T8AAAAJ,0000-0002-1931-585X,https://dblp.org/pers/hd/g/Giles:C%3D_Lee
C.-C. Jay Kuo,University of Southern California,http://mcl.usc.edu,81d60okAAAAJ,0000-0001-9474-5035,https://dblp.org/pers/hd/k/Kuo:C%3D%3DC%3D_Jay
Carla E. Brodley,Northeastern University,http://www.ccis.northeastern.edu/people/carla-brodley,sQ8u6h4AAAAJ,0009-0008-2134-6285,https://dblp.org/pers/hd/b/Brodley:Carla_E%3D
Carla P. Gomes,Cornell University,http://www.cs.cornell.edu/gomes,3hdbdBoAAAAJ,0000-0000-0000-0000,https://dblp.org/pers/hd/g/Gomes:Carla_P%3D
Carlo Tomasi,Duke University,https://users.cs.duke.edu/~tomasi,xViwZ0QAAAAJ,0000-0001-6104-6641,https://dblp.org/pers/hd/t/Tomasi:Carlo
Carlos José Pereira de Lucena,PUC-RIO,http://www.inf.puc-rio.br/blog/professor/@carlos-jose-pereira-de-lucena,BCW5XGIAAAAJ,0000-0000-0000-0000,https://dblp.org/pers/hd/l/Lucena:Carlos_Jos%3Deacute%3D_Pereira_de
Cathy H. Wu,University of Delaware,http://bioinformatics.udel.edu/people/personnel/cathy_wu,eiRdbhsAAAAJ,0000-0001-6379-8601,https://dblp.org/pers/hd/w/Wu:Cathy_H%3D
Chandra Chekuri,Univ. of Illinois at Urbana-Champaign,http://chekuri.cs.illinois.edu,7j3itaMAAAAJ,0000-0003-3035-1699,https://dblp.org/pers/hd/c/Chekuri:Chandra
Chandrajit L. Bajaj,University of Texas at Austin,https://www.cs.utexas.edu/~bajaj,gyL3CZ0AAAAJ,0000-0002-9619-3278,https://dblp.org/pers/hd/b/Bajaj:Chandrajit_L%3D
Charles E. Leiserson,Massachusetts Inst. of Technology,http://people.csail.mit.edu/cel,gWBoNCsAAAAJ,0000-0001-6386-5552,https://dblp.org/pers/hd/l/Leiserson:Charles_E%3D
Charles Lee Isbell Jr.,Univ. of Illinois at Urbana-Champaign,https://chancellor.illinois.edu/about,NOSCHOLARPAGE,0000-0000-0000-0000,https://dblp.org/pers/hd/i/Isbell_Jr=:Charles_Lee
ChengXiang Zhai,Univ. of Illinois at Urbana-Champaign,http://czhai.cs.illinois.edu,YU-baPIAAAAJ,0000-0002-6434-3702,https://dblp.org/pers/hd/z/Zhai:ChengXiang
Chenyang Lu 0001,Washington University in St. Louis,https://www.cs.wustl.edu/~lu,tCq7Wx0AAAAJ,0000-0003-1709-6769,https://dblp.org/pers/hd/l/Lu_0001:Chenyang
Cherri M. Pancake,Oregon State University,http://eecs.oregonstate.edu/~pancake,NOSCHOLARPAGE,0000-0000-0000-0000,https://dblp.org/pers/hd/p/Pancake:Cherri_M%3D
Chih-Jen Lin,National Taiwan University,https://www.csie.ntu.edu.tw/~cjlin,SLMkts8AAAAJ,0000-0003-4684-8747,https://dblp.org/pers/hd/l/Lin:Chih%3DJen
Christian S. Jensen,Aalborg University,http://people.cs.aau.dk/~csj,wo20cPYAAAAJ,0000-0002-9697-7670,https://dblp.org/pers/hd/j/Jensen:Christian_S%3D
Christopher D. Manning,Stanford University,https://nlp.stanford.edu/~manning,1zmDOdwAAAAJ,0000-0001-6155-649X,https://dblp.org/pers/hd/m/Manning:Christopher_D%3D
Christopher Krügel,Univ. of California - Santa Barbara,http://www.cs.ucsb.edu/~chris,NOSCHOLARPAGE,0000-0000-0000-0000,https://dblp.org/pers/hd/k/Kr=uuml=gel:Christopher
Christos Faloutsos,Carnegie Mellon University,http://www.cs.cmu.edu/~christos,nd8lQQIAAAAJ,0000-0003-2996-9790,https://dblp.org/pers/hd/f/Faloutsos:Christos
Christos H. Papadimitriou,Columbia University,https://www.cs.berkeley.edu/~christos,rXYLXJMAAAAJ,0009-0000-7264-8015,https://dblp.org/pers/hd/p/Papadimitriou:Christos_H%3D
Christos Kozyrakis,Stanford University,http://csl.stanford.edu/~christos,G2EJz5kAAAAJ,0000-0002-3154-7530,https://dblp.org/pers/hd/k/Kozyrakis:Christos
Claire Cardie,Cornell University,http://www.cs.cornell.edu/home/cardie,ex9BQiIAAAAJ,0000-0002-2061-6094,https://dblp.org/pers/hd/c/Cardie:Claire
Clark Barrett,Stanford University,https://theory.stanford.edu/~barrett,BtwmZfQAAAAJ,0000-0002-9522-3084,https://dblp.org/pers/hd/b/Barrett:Clark
Clifford Stein 0001,Columbia University,http://www.columbia.edu/~cs2035,r49_E2cAAAAJ,0000-0002-0614-6620,https://dblp.org/pers/hd/s/Stein_0001:Clifford
Cláudio T. Silva,New York University,https://ctsilva.github.io,YIwiAAsAAAAJ,0000-0003-2452-2295,https://dblp.org/pers/hd/s/Silva:Cl%3Daacute%3Dudio_T%3D
Constantinos Daskalakis,Massachusetts Inst. of Technology,http://people.csail.mit.edu/costis,iTv2cOgAAAAJ,0000-0002-5451-0490,https://dblp.org/pers/hd/d/Daskalakis:Constantinos
Cormac Flanagan,Univ. of California - Santa Cruz,https://users.soe.ucsc.edu/~cormac,XkiApd4AAAAJ,0009-0009-5067-6774,https://dblp.org/pers/hd/f/Flanagan:Cormac
Craig Gotsman,Technion,http://www.cs.technion.ac.il/~gotsman,0JRBzUEAAAAJ,0000-0001-8579-3588,https://dblp.org/pers/hd/g/Gotsman:Craig
Craig Partridge,Colorado State University,https://compsci.colostate.edu/person/?id=B671CC0FDBA374C584551B7982C0D4DE&sq=t,f-E5nFEAAAAJ,0000-0002-7156-1601,https://dblp.org/pers/hd/p/Partridge:Craig
Cristina Conati,University of British Columbia,http://www.cs.ubc.ca/~conati,Ytp9oFQAAAAJ,0000-0002-8434-9335,https://dblp.org/pers/hd/c/Conati:Cristina
Cynthia Dwork,Harvard University,https://seas.harvard.edu/person/cynthia-dwork,y2H5xmkAAAAJ,0000-0001-7177-3738,https://dblp.org/pers/hd/d/Dwork:Cynthia
Cynthia Rudin,Duke University,https://users.cs.duke.edu/~cynthia/home.html,mezKJyoAAAAJ,0000-0003-4283-2780,https://dblp.org/pers/hd/r/Rudin:Cynthia
Dacheng Tao,Nanyang Technological University,https://dr.ntu.edu.sg/cris/rp/rp02343,RwlJNLcAAAAJ,0000-0001-7225-5449,https://dblp.org/pers/hd/t/Tao:Dacheng
Dahlia Malkhi,Univ. of California - Santa Barbara,https://cs.ucsb.edu/people/faculty/dahlia-malkhi,A_VZ7N0AAAAJ,0000-0002-7038-7250,https://dblp.org/pers/hd/m/Malkhi:Dahlia
Dan Boneh,Stanford University,http://crypto.stanford.edu/~dabo,MwLqCs4AAAAJ,0000-0003-0820-0421,https://dblp.org/pers/hd/b/Boneh:Dan
Dan Halperin,Tel Aviv University,http://acg.cs.tau.ac.il/danhalperin,NOSCHOLARPAGE,0000-0002-3345-3765,https://dblp.org/pers/hd/h/Halperin:Dan
Dan Roth 0001,University of Pennsylvania,http://www.cis.upenn.edu/~danroth,WHOHV3AAAAAJ,0009-0002-1447-5173,https://dblp.org/pers/hd/r/Roth_0001:Dan
Dan Suciu,University of Washington,https://homes.cs.washington.edu/~suciu,SIxd6jgAAAAJ,0000-0002-4144-0868,https://dblp.org/pers/hd/s/Suciu:Dan
Dana Randall,Georgia Institute of Technology,http://people.math.gatech.edu/~randall,6wCEmNYAAAAJ,0000-0002-1152-2627,https://dblp.org/pers/hd/r/Randall:Dana
Daniel A. Reed,University of Utah,https://www.hpcdan.org,YCw2r14AAAAJ,0000-0000-0000-0000,https://dblp.org/pers/hd/r/Reed:Daniel_A%3D
Daniel A. Spielman,Yale University,http://www.cs.yale.edu/homes/spielman,L82mYv8AAAAJ,0000-0002-8958-879X,https://dblp.org/pers/hd/s/Spielman:Daniel_A%3D
Daniel Cohen-Or,Tel Aviv University,http://www.cs.tau.ac.il/~dcor,fAxws1sAAAAJ,0000-0001-6777-7445,https://dblp.org/pers/hd/c/Cohen=Or:Daniel
Daniel J. Abadi,Univ. of Maryland - College Park,https://www.cs.umd.edu/people/abadi,zxeEF2gAAAAJ,0000-0003-3771-2995,https://dblp.org/pers/hd/a/Abadi:Daniel_J%3D
Daniel Jackson 0001,Massachusetts Inst. of Technology,http://people.csail.mit.edu/dnj,_hAP7BgAAAAJ,0000-0003-4864-078X,https://dblp.org/pers/hd/j/Jackson_0001:Daniel
Daniel P. Huttenlocher,Massachusetts Inst. of Technology,https://web.mit.edu/hutt/www,q16KVs0AAAAJ,0000-0000-0000-0000,https://dblp.org/pers/hd/h/Huttenlocher:Daniel_P%3D
Daniel P. Siewiorek,Carnegie Mellon University,https://www.cs.cmu.edu/~dps,B13SvmAAAAAJ,0000-0001-6644-3929,https://dblp.org/pers/hd/s/Siewiorek:Daniel_P%3D
Daniela Rus,Massachusetts Inst. of Technology,https://www.csail.mit.edu/user/876,910z20QAAAAJ,0000-0001-5473-3566,https://dblp.org/pers/hd/r/Rus:Daniela
Danny Dolev,Hebrew University of Jerusalem,http://www.cs.huji.ac.il/~dolev,RAt7zSUAAAAJ,0000-0001-8853-0644,https://dblp.org/pers/hd/d/Dolev:Danny
Darrell Whitley,Colorado State University,http://www.cs.colostate.edu/~whitley,0VzUxIcAAAAJ,0000-0002-2752-6534,https://dblp.org/pers/hd/w/Whitley:Darrell
David A. Bader,NJIT,http://www.cc.gatech.edu/~bader,uXUA1pgAAAAJ,0000-0002-7380-5876,https://dblp.org/pers/hd/b/Bader:David_A%3D
David A. Basin,ETH Zurich,https://www.inf.ethz.ch/personal/basin,NOSCHOLARPAGE,0000-0001-9271-0007,https://dblp.org/pers/hd/b/Basin:David_A%3D
David A. Forsyth,Univ. of Illinois at Urbana-Champaign,http://luthuli.cs.uiuc.edu/~daf,5H0arvkAAAAJ,0000-0002-2278-0752,https://dblp.org/pers/hd/f/Forsyth:David_A%3D
David B. Shmoys,Cornell University,https://people.orie.cornell.edu/shmoys,rD8a4hQAAAAJ,0000-0003-3882-901X,https://dblp.org/pers/hd/s/Shmoys:David_B%3D
David Brooks 0001,Harvard University,https://www.seas.harvard.edu/directory/dbrooks,vXHA_XYAAAAJ,0000-0002-0662-7889,https://dblp.org/pers/hd/b/Brooks_0001:David
David C. Parkes,Harvard University,http://www.eecs.harvard.edu/~parkes,JUn8PgwAAAAJ,0000-0002-2701-3464,https://dblp.org/pers/hd/p/Parkes:David_C%3D
David Eppstein,Univ. of California - Irvine,https://www.ics.uci.edu/~eppstein,QSY7ufMAAAAJ,0000-0000-0000-0000,https://dblp.org/pers/hd/e/Eppstein:David
David Garlan,Carnegie Mellon University,https://www.cs.cmu.edu/~garlan,p6HgUFEAAAAJ,0000-0002-6735-8301,https://dblp.org/pers/hd/g/Garlan:David
David Harel,Weizmann Institute of Science,http://www.wisdom.weizmann.ac.il/~dharel,E20Gzu0AAAAJ,0000-0001-7240-3931,https://dblp.org/pers/hd/h/Harel:David
David K. Gifford,Massachusetts Inst. of Technology,http://cgs.csail.mit.edu,NOSCHOLARPAGE,0000-0003-1709-4034,https://dblp.org/pers/hd/g/Gifford:David_K%3D
David Kotz,Dartmouth College,http://www.cs.dartmouth.edu/~dfk,w_Q7iBoAAAAJ,0000-0001-7411-2783,https://dblp.org/pers/hd/k/Kotz:David
David Lo 0001,Singapore Management University,http://www.mysmu.edu/faculty/davidlo,IFg0H1wAAAAJ,0000-0002-4367-7201,https://dblp.org/pers/hd/l/Lo_0001:David
David M. Blei,Columbia University,http://www.cs.columbia.edu/~blei,8OYE6iEAAAAJ,0000-0000-0000-0000,https://dblp.org/pers/hd/b/Blei:David_M%3D
David M. Mount,Univ. of Maryland - College Park,https://www.cs.umd.edu/users/mount,v6PsQKIAAAAJ,0000-0002-3290-8932,https://dblp.org/pers/hd/m/Mount:David_M%3D
David Maier 0001,Portland State University,https://web.cecs.pdx.edu/~maier,80pKMyMAAAAJ,0009-0002-9146-5411,https://dblp.org/pers/hd/m/Maier_0001:David
David P. Williamson,Cornell University,http://www.orie.cornell.edu/people/profile.cfm?netid=dw36,pOd2M64AAAAJ,0000-0002-2884-0058,https://dblp.org/pers/hd/w/Williamson:David_P%3D
David Peleg,Weizmann Institute of Science,https://www.weizmann.ac.il/pages/search/people?language=english&single=1&person_id=1883,wBVagosAAAAJ,0000-0003-1590-0506,https://dblp.org/pers/hd/p/Peleg:David
David R. Kaeli,Northeastern University,http://www.ece.neu.edu/faculty/kaeli.html,Mkgn0qcAAAAJ,0000-0002-5692-0151,https://dblp.org/pers/hd/k/Kaeli:David_R%3D
David R. Karger,Massachusetts Inst. of Technology,http://people.csail.mit.edu/karger,2vQRGrYAAAAJ,0000-0002-0024-5847,https://dblp.org/pers/hd/k/Karger:David_R%3D
David Z. Pan,University of Texas at Austin,http://users.ece.utexas.edu/~dpan,3aLlroEAAAAJ,0000-0002-5705-2501,https://dblp.org/pers/hd/p/Pan:David_Z%3D
David Zuckerman,University of Texas at Austin,https://www.cs.utexas.edu/~diz,MCe-I6wAAAAJ,0000-0002-4749-3223,https://dblp.org/pers/hd/z/Zuckerman:David
Dawn Song,Univ. of California - Berkeley,https://www2.eecs.berkeley.edu/Faculty/Homepages/song.html,84WzBlYAAAAJ,0000-0001-9745-6802,https://dblp.org/pers/hd/s/Song:Dawn
Dean M. Tullsen,Univ. of California - San Diego,https://cseweb.ucsd.edu/~tullsen,BEEuinQAAAAJ,0000-0003-3174-9316,https://dblp.org/pers/hd/t/Tullsen:Dean_M%3D
Deborah Estrin [Tech],Cornell University,http://tech.cornell.edu/people/deborah-estrin,3_WYcR4AAAAJ,0000-0000-0000-0000,https://dblp.org/pers/hd/e/Estrin:Deborah
Deepak Ganesan,Univ. of Massachusetts Amherst,https://people.cs.umass.edu/~dganesan,cbTB5-EAAAAJ,0000-0003-2762-9194,https://dblp.org/pers/hd/g/Ganesan:Deepak
Demetri Terzopoulos,Univ. of California - Los Angeles,http://www.cs.ucla.edu/~dt,pKuBFaQAAAAJ,0000-0003-4672-1279,https://dblp.org/pers/hd/t/Terzopoulos:Demetri
Deming Chen,Univ. of Illinois at Urbana-Champaign,https://www.ece.illinois.edu/directory/profile/dchen,A_A_LrsAAAAJ,0000-0002-3016-0270,https://dblp.org/pers/hd/c/Chen:Deming
Denis Zorin,New York University,http://mrl.nyu.edu/~dzorin,cagVT0AAAAAJ,0000-0001-7733-5501,https://dblp.org/pers/hd/z/Zorin:Denis
Dennis E. Shasha,New York University,http://cs.nyu.edu/shasha,UQ9Ws6wAAAAJ,0000-0000-0000-0000,https://dblp.org/pers/hd/s/Shasha:Dennis_E%3D
Denys Poshyvanyk,College of William and Mary,http://www.cs.wm.edu/~denys,gyLFs0IAAAAJ,0000-0002-5626-7586,https://dblp.org/pers/hd/p/Poshyvanyk:Denys
Derek Dreyer [SWS],Max Planck Society,https://www.mpi-sws.org/~dreyer,1_c89uMAAAAJ,0000-0000-0000-0000,https://dblp.org/pers/hd/d/Dreyer:Derek
Dhabaleswar K. Panda 0001,Ohio State University,http://web.cse.ohio-state.edu/~panda,7FXtL98AAAAJ,0000-0002-0356-1781,https://dblp.org/pers/hd/p/Panda_0001:Dhabaleswar_K%3D
Dharma Agrawal,University of Cincinnati,http://eecs.ceas.uc.edu/~dpa,NOSCHOLARPAGE,0000-0000-0000-0000,https://dblp.org/pers/hd/a/Agrawal:Dharma
Diana Marculescu,University of Texas at Austin,https://www.ece.utexas.edu/people/faculty/diana-marculescu,MRHzTAIAAAAJ,0000-0002-5734-4221,https://dblp.org/pers/hd/m/Marculescu:Diana
Diane Joyce Cook,Washington State University,http://www.eecs.wsu.edu/~cook,VpfWvTUAAAAJ,0000-0000-0000-0000,https://dblp.org/pers/hd/c/Cook:Diane_Joyce
Diane L. Souvaine,Tufts University,http://provost.tufts.edu/about/about-the-office/diane-souvaine,QTRDjTUAAAAJ,0000-0000-0000-0000,https://dblp.org/pers/hd/s/Souvaine:Diane_L%3D
Dina Katabi,Massachusetts Inst. of Technology,http://people.csail.mit.edu/dina,nst5fHgAAAAJ,0000-0000-0000-0000,https://dblp.org/pers/hd/k/Katabi:Dina
Dinesh Manocha,Univ. of Maryland - College Park,https://www.cs.unc.edu/~dm,X08l_4IAAAAJ,0000-0001-7047-9801,https://dblp.org/pers/hd/m/Manocha:Dinesh
Divyakant Agrawal,Univ. of California - Santa Barbara,https://www.cs.ucsb.edu/~agrawal,XcaEg-cAAAAJ,0000-0002-0215-9539,https://dblp.org/pers/hd/a/Agrawal:Divyakant
Donald F. Towsley,Univ. of Massachusetts Amherst,https://www.cics.umass.edu/about/directory/donald-towsley,KIFPVWoAAAAJ,0000-0002-7808-7375,https://dblp.org/pers/hd/t/Towsley:Donald_F%3D
Donald Greenberg,Cornell University,http://aap.cornell.edu/people/donald-greenberg,NOSCHOLARPAGE,0000-0000-0000-0000,https://dblp.org/pers/hd/g/Greenberg:Donald
Douglas E. Comer,Purdue University,https://www.cs.purdue.edu/homes/comer,b2f-PjYAAAAJ,0000-0000-0000-0000,https://dblp.org/pers/hd/c/Comer:Douglas_E%3D
Edouard Bugnion,EPFL,https://people.epfl.ch/edouard.bugnion,8ztj2yEAAAAJ,0000-0001-7237-6929,https://dblp.org/pers/hd/b/Bugnion:Edouard
Edward W. Knightly,Rice University,http://knightly.rice.edu,-0vALDMAAAAJ,0000-0002-8663-0438,https://dblp.org/pers/hd/k/Knightly:Edward_W%3D
Elad Hazan,Princeton University,https://www.cs.princeton.edu/~ehazan,LnhCGNMAAAAJ,0000-0002-1566-3216,https://dblp.org/pers/hd/h/Hazan:Elad
Elaine J. Weyuker,University of Central Florida,https://www.cs.ucf.edu/person/elaine-weyuker,xXjQoLIAAAAJ,0000-0000-0000-0000,https://dblp.org/pers/hd/w/Weyuker:Elaine_J%3D
Elaine Shi,Carnegie Mellon University,http://elaineshi.com,rejzeocAAAAJ,0000-0002-5605-1048,https://dblp.org/pers/hd/s/Shi:Elaine
Eli Upfal,Brown University,https://cs.brown.edu/people/eli,O_7MVDIAAAAJ,0000-0002-9321-9460,https://dblp.org/pers/hd/u/Upfal:Eli
Elisa Bertino,Purdue University,https://www.cs.purdue.edu/people/bertino,EfuT9RoAAAAJ,0000-0002-4029-7051,https://dblp.org/pers/hd/b/Bertino:Elisa
Elizabeth D. Mynatt,Northeastern University,https://www.khoury.northeastern.edu/people/elizabeth-mynatt,l7nsfT4AAAAJ,0000-0001-8486-9384,https://dblp.org/pers/hd/m/Mynatt:Elizabeth_D%3D
Elizabeth F. Churchill,MBZUAI,https://mbzuai.ac.ae/study/faculty/elizabeth-churchill,wZB07xAAAAAJ,0000-0000-0000-0000,https://dblp.org/pers/hd/c/Churchill:Elizabeth_F%3D
Elizabeth M. Belding,Univ. of California - Santa Barbara,http://people.cs.ucsb.edu/ebelding/front-page,NOSCHOLARPAGE,0000-0002-2155-6740,https://dblp.org/pers/hd/b/Belding:Elizabeth_M%3D
Ellen W. Zegura,Georgia Institute of Technology,http://www.cc.gatech.edu/fac/Ellen.Zegura,Z6EHuGcAAAAJ,0000-0000-0000-0000,https://dblp.org/pers/hd/z/Zegura:Ellen_W%3D
Emmett Witchel,University of Texas at Austin,https://www.cs.utexas.edu/users/witchel,k4oSgRkAAAAJ,0000-0002-1391-2880,https://dblp.org/pers/hd/w/Witchel:Emmett
Emo Welzl,ETH Zurich,https://www.inf.ethz.ch/personal/emo,NOSCHOLARPAGE,0000-0000-0000-0000,https://dblp.org/pers/hd/w/Welzl:Emo
Eric Allender,Rutgers University,http://www.cs.rutgers.edu/~allender,dQwv9e4AAAAJ,0000-0002-0650-028X,https://dblp.org/pers/hd/a/Allender:Eric
Eric P. Xing,MBZUAI,http://www.cs.cmu.edu/~epxing,5pKTRxEAAAAJ,0000-0002-3683-4280,https://dblp.org/pers/hd/x/Xing:Eric_P%3D
Erik D. Demaine,Massachusetts Inst. of Technology,http://erikdemaine.org,6Ff2c8wAAAAJ,0000-0000-0000-0000,https://dblp.org/pers/hd/d/Demaine:Erik_D%3D
Eugene H. Spafford,Purdue University,https://spaf.cerias.purdue.edu,MkC5kHcAAAAJ,0000-0002-5555-8330,https://dblp.org/pers/hd/s/Spafford:Eugene_H%3D
Eugene W. Myers [CBG],Max Planck Society,https://www.mpi-cbg.de/research-groups/current-groups/gene-myers/group-leader,jlas1aMAAAAJ,0000-0000-0000-0000,https://dblp.org/pers/hd/m/Myers:Eugene_W%3D
Eytan Adar,University of Michigan,http://www.cond.org,4tMapHYAAAAJ,0000-0003-1911-836X,https://dblp.org/pers/hd/a/Adar:Eytan
Faith Ellen,University of Toronto,http://www.cs.toronto.edu/~faith,NOSCHOLARPAGE,0000-0003-4473-931X,https://dblp.org/pers/hd/e/Ellen:Faith
Falko Dressler,TU Berlin,https://www2.tkn.tu-berlin.de/team/dressler,sK8213AAAAAJ,0000-0002-1989-1750,https://dblp.org/pers/hd/d/Dressler:Falko
Farinaz Koushanfar,Univ. of California - San Diego,https://farinaz.eng.ucsd.edu/home,3XnMVUAAAAAJ,0000-0003-0798-3794,https://dblp.org/pers/hd/k/Koushanfar:Farinaz
Farnam Jahanian,Carnegie Mellon University,https://www.cmu.edu/leadership/the-provost,NOSCHOLARPAGE,0000-0000-0000-0000,https://dblp.org/pers/hd/j/Jahanian:Farnam
Fedor V. Fomin,University of Bergen,https://www.ii.uib.no/~fomin,96ZXvOsAAAAJ,0000-0003-1955-4612,https://dblp.org/pers/hd/f/Fomin:Fedor_V%3D
Fei-Fei Li 0001,Stanford University,http://vision.stanford.edu/feifeili,rDfyQnIAAAAJ,0000-0002-7481-0810,https://dblp.org/pers/hd/l/Li_0001:Fei%3DFei
Filippo Menczer,Indiana University,http://cnets.indiana.edu/fil,f_kGJwkAAAAJ,0000-0003-4384-2876,https://dblp.org/pers/hd/m/Menczer:Filippo
Francine Berman,Rensselaer Polytechnic Institute,http://www.cs.rpi.edu/~bermaf,NOSCHOLARPAGE,0000-0001-8505-1752,https://dblp.org/pers/hd/b/Berman:Francine
Frank Mueller 0001,North Carolina State University,http://moss.csc.ncsu.edu/~mueller,1hEE9ZsAAAAJ,0000-0002-0258-0294,https://dblp.org/pers/hd/m/Mueller_0001:Frank
Frank Pfenning,Carnegie Mellon University,http://www.cs.cmu.edu/~fp,ghWKWBUAAAAJ,0000-0002-8279-5817,https://dblp.org/pers/hd/p/Pfenning:Frank
Fred B. Schneider,Cornell University,https://www.cs.cornell.edu/fbs,sxjynOsAAAAJ,0000-0000-0000-0000,https://dblp.org/pers/hd/s/Schneider:Fred_B%3D
Fred Chong,University of Chicago,http://people.cs.uchicago.edu/~ftchong,U6OVPVMAAAAJ,0000-0001-9282-4645,https://dblp.org/pers/hd/c/Chong:Fred
Frédo Durand,Massachusetts Inst. of Technology,http://people.csail.mit.edu/fredo,NJ9c4ygAAAAJ,0000-0001-9919-069X,https://dblp.org/pers/hd/d/Durand:Fr%3Deacute%3Ddo
Gail C. Murphy,University of British Columbia,http://www.cs.ubc.ca/~murphy,EGA1deoAAAAJ,0000-0000-0000-0000,https://dblp.org/pers/hd/m/Murphy:Gail_C%3D
Gail-Joon Ahn,Arizona State University,http://www.public.asu.edu/~gahn1,_dzO69sAAAAJ,0000-0002-4271-1666,https://dblp.org/pers/hd/a/Ahn:Gail%3DJoon
Gautam Das 0001,University of Texas at Arlington,http://ranger.uta.edu/~gdas,oleB9xIAAAAJ,0000-0002-4627-9065,https://dblp.org/pers/hd/d/Das_0001:Gautam
Gene Tsudik,Univ. of California - Irvine,http://www.ics.uci.edu/~gts,WLvuu74AAAAJ,0000-0002-8467-8614,https://dblp.org/pers/hd/t/Tsudik:Gene
Geoffrey C. Fox,University of Virginia,https://engineering.virginia.edu/faculty/geoffrey-c-fox,dJ-fD-sAAAAJ,0000-0003-1017-1391,https://dblp.org/pers/hd/f/Fox:Geoffrey_C%3D
Geoffrey M. Voelker,Univ. of California - San Diego,http://cseweb.ucsd.edu/~voelker,ZfDtNpUAAAAJ,0000-0003-0865-7499,https://dblp.org/pers/hd/v/Voelker:Geoffrey_M%3D
Georg Gottlob,University of Oxford,https://www.cs.ox.ac.uk/people/georg.gottlob,i72_SkUAAAAJ,0000-0002-2353-5230,https://dblp.org/pers/hd/g/Gottlob:Georg
George Candea,EPFL,http://dslab.epfl.ch/people/candea,Yd-SGH8AAAAJ,0009-0002-8107-6535,https://dblp.org/pers/hd/c/Candea:George
George Varghese,Univ. of California - Los Angeles,http://web.cs.ucla.edu/~varghese,SEnY0XQAAAAJ,0000-0002-8218-5701,https://dblp.org/pers/hd/v/Varghese:George
Gerald J. Sussman,Massachusetts Inst. of Technology,https://www.csail.mit.edu/user/1512,NOSCHOLARPAGE,0000-0000-0000-0000,https://dblp.org/pers/hd/s/Sussman:Gerald_J%3D
Gerhard Weikum [INF],Max Planck Society,http://www.mpi-inf.mpg.de/~weikum,vNAD0mAAAAAJ,0000-0000-0000-0000,https://dblp.org/pers/hd/w/Weikum:Gerhard
Gernot Heiser,UNSW,https://www.cse.unsw.edu.au/~gernot,0e0Vw3kAAAAJ,0000-0002-7069-0831,https://dblp.org/pers/hd/h/Heiser:Gernot
Gilles Brassard,University of Montreal,https://en.wikipedia.org/wiki/Gilles_Brassard,Rh7_srgAAAAJ,0000-0000-0000-0000,https://dblp.org/pers/hd/b/Brassard:Gilles
Giovanni De Micheli,EPFL,http://si2.epfl.ch/~demichel,7SUnVDsAAAAJ,0000-0002-7827-3215,https://dblp.org/pers/hd/m/Micheli:Giovanni_De
Giovanni Vigna,Univ. of California - Santa Barbara,https://www.cs.ucsb.edu/~vigna,2eM6GocAAAAJ,0000-0002-3422-5369,https://dblp.org/pers/hd/v/Vigna:Giovanni
Giuseppe De Giacomo,University of Oxford,https://www.cs.ox.ac.uk/people/giuseppe.degiacomo,Sfo4K0oAAAAJ,0000-0001-9680-7658,https://dblp.org/pers/hd/g/Giacomo:Giuseppe_De
Gordon D. Plotkin,University of Edinburgh,http://homepages.inf.ed.ac.uk/gdp,0KiEfGcAAAAJ,0000-0001-8496-6096,https://dblp.org/pers/hd/p/Plotkin:Gordon_D%3D
Graham Cormode,University of Oxford,https://www.cs.ox.ac.uk/people/graham.cormode,gpLVKmEAAAAJ,0000-0002-0698-0922,https://dblp.org/pers/hd/c/Cormode:Graham
Gregor Kiczales,University of British Columbia,https://www.cs.ubc.ca/~gregor,Odh4GSYAAAAJ,0000-0000-0000-0000,https://dblp.org/pers/hd/k/Kiczales:Gregor
Gregor von Bochmann,University of Ottawa,http://www.site.uottawa.ca/~bochmann,NOSCHOLARPAGE,0000-0000-0000-0000,https://dblp.org/pers/hd/b/Bochmann:Gregor_von
Gregory D. Abowd,Northeastern University,https://www.khoury.northeastern.edu/people/gregory-abowd,gb8sbdcAAAAJ,0000-0002-3408-587X,https://dblp.org/pers/hd/a/Abowd:Gregory_D%3D
Gregory D. Hager,Johns Hopkins University,http://www.cs.jhu.edu/~hager,ivApfKcAAAAJ,0000-0002-6662-9763,https://dblp.org/pers/hd/h/Hager:Gregory_D%3D
Gregory R. Andrews,University of Arizona,http://www.cs.arizona.edu/~greg,4LCdnkYAAAAJ,0000-0000-0000-0000,https://dblp.org/pers/hd/a/Andrews:Gregory_R%3D
Guoliang Li 0001,Tsinghua University,http://dbgroup.cs.tsinghua.edu.cn/ligl,s9n7-fQAAAAJ,0000-0002-1398-0621,https://dblp.org/pers/hd/l/Li_0001:Guoliang
Guoliang Xing,Chinese University of Hong Kong,https://staff.ie.cuhk.edu.hk/~glxing,kI5JKs8AAAAJ,0000-0003-1772-7751,https://dblp.org/pers/hd/x/Xing:Guoliang
Gurindar S. Sohi,University of Wisconsin - Madison,http://pages.cs.wisc.edu/~sohi,NOSCHOLARPAGE,0000-0000-0000-0000,https://dblp.org/pers/hd/s/Sohi:Gurindar_S%3D
Gustavo Alonso,ETH Zurich,https://people.inf.ethz.ch/alonso,fkNjVcIAAAAJ,0000-0002-4396-6695,https://dblp.org/pers/hd/a/Alonso:Gustavo
Guy E. Blelloch,Carnegie Mellon University,http://www.cs.cmu.edu/~guyb,Z6nLCukAAAAJ,0000-0003-0224-9187,https://dblp.org/pers/hd/b/Blelloch:Guy_E%3D
H. Dieter Rombach,TU Kaiserslautern,http://wwwagse.informatik.uni-kl.de/staff/rombach,OpsrHLAAAAAJ,0000-0000-0000-0000,https://dblp.org/pers/hd/r/Rombach:H%3D_Dieter
H. T. Kung 0001,Harvard University,https://www.eecs.harvard.edu/htk,iLQqwosAAAAJ,0000-0002-3348-3788,https://dblp.org/pers/hd/k/Kung_0001:H%3D_T%3D
H. V. Jagadish,University of Michigan,http://web.eecs.umich.edu/~jag,SKVnHakAAAAJ,0000-0003-0724-5214,https://dblp.org/pers/hd/j/Jagadish:H%3D_V%3D
Haesun Park,Georgia Institute of Technology,http://www.cc.gatech.edu/~hpark,G6kA1CMAAAAJ,0000-0001-6259-7170,https://dblp.org/pers/hd/p/Park:Haesun
Hagit Attiya,Technion,http://hagit.net.technion.ac.il,eoMK92MAAAAJ,0000-0002-8017-6457,https://dblp.org/pers/hd/a/Attiya:Hagit
Hai Jin 0001,HUST,http://faculty.hust.edu.cn/jinhai/en/index.htm,o02W0aEAAAAJ,0000-0002-3934-7605,https://dblp.org/pers/hd/j/Jin_0001:Hai
Hai Li 0001,Duke University,https://ece.duke.edu/people/hai-helen-li,E6Tpfq8AAAAJ,0000-0003-3228-6544,https://dblp.org/pers/hd/l/Li_0001:Hai
Haibo Chen 0001,Shanghai Jiao Tong University,http://ipads.se.sjtu.edu.cn/~hbchen,qd9xSkYAAAAJ,0000-0002-9720-0361,https://dblp.org/pers/hd/c/Chen_0001:Haibo
Haitao Zheng 0001,University of Chicago,https://people.cs.uchicago.edu/~htzheng,XrIr0nYAAAAJ,0000-0002-5918-2940,https://dblp.org/pers/hd/z/Zheng_0001:Haitao
Hal Berghel,University of Nevada Las Vegas,http://www.berghel.net/home.php,NOSCHOLARPAGE,0000-0000-0000-0000,https://dblp.org/pers/hd/b/Berghel:Hal
Hanan Samet,Univ. of Maryland - College Park,https://www.cs.umd.edu/people/hjs,ATOfqHEAAAAJ,0000-0001-8230-0653,https://dblp.org/pers/hd/s/Samet:Hanan
Hanghang Tong,Univ. of Illinois at Urbana-Champaign,http://tonghanghang.org,RaINcuUAAAAJ,0000-0003-4405-3887,https://dblp.org/pers/hd/t/Tong:Hanghang
Hans-Peter Kriegel,LMU Munich,http://www.dbs.ifi.lmu.de/cms/personen/professoren/kriegel/index.html,DBf9LC4AAAAJ,0000-0000-0000-0000,https://dblp.org/pers/hd/k/Kriegel:Hans%3DPeter
Hanspeter Pfister,Harvard University,https://www.seas.harvard.edu/directory/pfister,tvBEoaMAAAAJ,0000-0002-3620-2582,https://dblp.org/pers/hd/p/Pfister:Hanspeter
Hari Balakrishnan,Massachusetts Inst. of Technology,http://nms.lcs.mit.edu/~hari,Qf4bw4UAAAAJ,0000-0002-1455-9652,https://dblp.org/pers/hd/b/Balakrishnan:Hari
Heng Tao Shen,Tongji University,https://cs.tongji.edu.cn/info/1061/3337.htm,krryaDkAAAAJ,0000-0002-2999-2088,https://dblp.org/pers/hd/s/Shen:Heng_Tao
Henning Schulzrinne,Columbia University,http://www.cs.columbia.edu/~hgs,6IHX8J4AAAAJ,0000-0001-7604-1122,https://dblp.org/pers/hd/s/Schulzrinne:Henning
Henry A. Kautz,University of Virginia,https://henrykautz.com,WxQyOYQAAAAJ,0000-0001-5219-2970,https://dblp.org/pers/hd/k/Kautz:Henry_A%3D
Henry F. Korth,Lehigh University,http://www.cse.lehigh.edu/~korth,4VLZdawAAAAJ,0000-0000-0000-0000,https://dblp.org/pers/hd/k/Korth:Henry_F%3D
Henry Fuchs,University of North Carolina,http://henryfuchs.web.unc.edu,guhwcP8AAAAJ,0000-0002-8834-4638,https://dblp.org/pers/hd/f/Fuchs:Henry
Holger H. Hoos,RWTH Aachen University,http://hoos.ca,l6c85tMAAAAJ,0000-0003-0629-0099,https://dblp.org/pers/hd/h/Hoos:Holger_H%3D
Holly E. Rushmeier,Yale University,http://graphics.cs.yale.edu/holly,saY3qN5NWbcC,0000-0001-5241-0886,https://dblp.org/pers/hd/r/Rushmeier:Holly_E%3D
Hong Mei 0001,Peking University,http://sei.pku.edu.cn/~meih/index_en.html,b-ZYIwoAAAAJ,0000-0003-2380-3976,https://dblp.org/pers/hd/m/Mei_0001:Hong
Huan Liu 0001,Arizona State University,http://www.public.asu.edu/~huanliu,Dzf46C8AAAAJ,0000-0002-3264-7904,https://dblp.org/pers/hd/l/Liu_0001:Huan
Hui Xiong 0001,HKUST,https://www.hkust-gz.edu.cn/people/hui-xiong,cVDF1tkAAAAJ,0000-0001-6016-6465,https://dblp.org/pers/hd/x/Xiong_0001:Hui
Ian Goldberg 0001,University of Waterloo,https://cs.uwaterloo.ca/~iang,NOSCHOLARPAGE,0000-0002-1176-2882,https://dblp.org/pers/hd/g/Goldberg_0001:Ian
Ian H. Witten,University of Waikato,http://www.cs.waikato.ac.nz/~ihw,BSFdGw0AAAAJ,0000-0001-6428-8988,https://dblp.org/pers/hd/w/Witten:Ian_H%3D
Ian Munro 0001,University of Waterloo,https://cs.uwaterloo.ca/~imunro,O55rM6QAAAAJ,0000-0002-7165-7988,https://dblp.org/pers/hd/m/Munro_0001:Ian
Ian T. Foster,University of Chicago,https://computerscience.uchicago.edu/people/ian-foster,VGoSakQAAAAJ,0000-0003-2129-5269,https://dblp.org/pers/hd/f/Foster:Ian_T%3D
Ihab F. Ilyas,University of Waterloo,https://cs.uwaterloo.ca/~ilyas,YG6mTEIAAAAJ,0000-0001-9052-9714,https://dblp.org/pers/hd/i/Ilyas:Ihab_F%3D
Ingemar J. Cox,University College London,http://mediafutures.cs.ucl.ac.uk/people/IngemarCox,b88nUpYAAAAJ,0000-0002-6662-417X,https://dblp.org/pers/hd/c/Cox:Ingemar_J%3D
Insup Lee 0001,University of Pennsylvania,http://www.cis.upenn.edu/~lee,kBGGEjUAAAAJ,0000-0003-2672-1132,https://dblp.org/pers/hd/l/Lee_0001:Insup
Ion Stoica,Univ. of California - Berkeley,http://www.cs.berkeley.edu/~istoica,vN-is70AAAAJ,0000-0002-5373-0088,https://dblp.org/pers/hd/s/Stoica:Ion
Irwin King,Chinese University of Hong Kong,https://www.cse.cuhk.edu.hk/irwin.king,MXvC7tkAAAAJ,0000-0001-8106-6447,https://dblp.org/pers/hd/k/King:Irwin
J. Gregory Morrisett [Tech],Cornell University,http://www.cs.cornell.edu/~jgm,Dswus94AAAAJ,0000-0000-0000-0000,https://dblp.org/pers/hd/m/Morrisett:J%3D_Gregory
J. J. Garcia-Luna-Aceves,Univ. of California - Santa Cruz,https://www.soe.ucsc.edu/people/jj,wLtmXGQAAAAJ,0000-0000-0000-0000,https://dblp.org/pers/hd/g/Garcia=Luna=Aceves:J%3D_J%3D
Jack Dongarra,University of Tennessee,http://www.netlib.org/utk/people/JackDongarra,X4SbSTAAAAAJ,0000-0003-3247-1782,https://dblp.org/pers/hd/d/Dongarra:Jack
Jack W. Davidson,University of Virginia,https://engineering.virginia.edu/faculty/jack-w-davidson,n7YuWIAAAAAJ,0000-0000-0000-0000,https://dblp.org/pers/hd/d/Davidson:Jack_W%3D
Jacob O. Wobbrock,University of Washington,http://faculty.washington.edu/wobbrock,TmZ3howAAAAJ,0000-0003-3675-5491,https://dblp.org/pers/hd/w/Wobbrock:Jacob_O%3D
James A. Hendler,Rensselaer Polytechnic Institute,http://www.cs.rpi.edu/~hendler,JNPbTdIAAAAJ,0000-0003-3056-1960,https://dblp.org/pers/hd/h/Hendler:James_A%3D
James A. Landay,Stanford University,https://profiles.stanford.edu/james-landay,oQsObk0AAAAJ,0000-0003-1520-8894,https://dblp.org/pers/hd/l/Landay:James_A%3D
James Allan 0001,Univ. of Massachusetts Amherst,https://ciir.cs.umass.edu/~allan,-bLGeg0AAAAJ,0000-0003-0132-5694,https://dblp.org/pers/hd/a/Allan_0001:James
James H. Anderson,University of North Carolina,http://jamesanderson.web.unc.edu,mIZu9oQAAAAJ,0000-0000-0000-0000,https://dblp.org/pers/hd/a/Anderson:James_H%3D
James H. Morris,Carnegie Mellon University,http://www.cs.cmu.edu/~jhm,Y9cRdbIAAAAJ,0000-0000-0000-0000,https://dblp.org/pers/hd/m/Morris:James_H%3D
Jason Cong,Univ. of California - Los Angeles,http://vast.cs.ucla.edu/people/faculty/jason-cong,UVGe0gQAAAAJ,0000-0003-2887-6963,https://dblp.org/pers/hd/c/Cong:Jason
Jason I. Hong,Carnegie Mellon University,http://www.cs.cmu.edu/~jasonh,MoFbcc0AAAAJ,0000-0002-9856-9654,https://dblp.org/pers/hd/h/Hong:Jason_I%3D
Jason Nieh,Columbia University,https://www.cs.columbia.edu/~nieh,UGrnqBUAAAAJ,0009-0005-8301-4479,https://dblp.org/pers/hd/n/Nieh:Jason
Javier Esparza,TU Munich,https://www7.in.tum.de/people/detail/index.php?id=people.detail&arg=33,c9qgPSYAAAAJ,0000-0001-9862-4919,https://dblp.org/pers/hd/e/Esparza:Javier
Jayant R. Haritsa,IISc Bangalore,http://dsl.cds.iisc.ac.in/~haritsa,dc626ewAAAAJ,0000-0000-0000-0000,https://dblp.org/pers/hd/h/Haritsa:Jayant_R%3D
Jean-Pierre Hubaux,EPFL,https://people.epfl.ch/jean-pierre.hubaux,W7YBLlEAAAAJ,0000-0003-1533-6132,https://dblp.org/pers/hd/h/Hubaux:Jean%3DPierre
Jeffrey Kramer,Imperial College London,http://wp.doc.ic.ac.uk/jk,t-fuDjMAAAAJ,0000-0002-6308-127X,https://dblp.org/pers/hd/k/Kramer:Jeffrey
Jeffrey Michael Heer,University of Washington,http://homes.cs.washington.edu/~jheer,vlgs4G4AAAAJ,0000-0000-0000-0000,https://dblp.org/pers/hd/h/Heer:Jeffrey_Michael
Jeffrey S. Foster,Tufts University,http://www.cs.umd.edu/~jfoster,QWPwfsgAAAAJ,0000-0001-8043-1166,https://dblp.org/pers/hd/f/Foster:Jeffrey_S%3D
Jeffrey S. Rosenschein,Hebrew University of Jerusalem,http://www.cs.huji.ac.il/~jeff,YO7cKNMAAAAJ,0000-0000-0000-0000,https://dblp.org/pers/hd/r/Rosenschein:Jeffrey_S%3D
Jennifer Rexford,Princeton University,http://www.cs.princeton.edu/~jrex,07ds-DAAAAAJ,0000-0002-0231-8165,https://dblp.org/pers/hd/r/Rexford:Jennifer
Jennifer T. Chayes,Univ. of California - Berkeley,http://jenniferchayes.com,YAHWbtkAAAAJ,0000-0003-4020-8618,https://dblp.org/pers/hd/c/Chayes:Jennifer_T%3D
Jennifer Widom,Stanford University,http://infolab.stanford.edu/~widom,zdKmnYwAAAAJ,0000-0000-0000-0000,https://dblp.org/pers/hd/w/Widom:Jennifer
Jessica K. Hodgins,Carnegie Mellon University,http://www.cs.cmu.edu/~jkh,NOSCHOLARPAGE,0000-0002-1778-883X,https://dblp.org/pers/hd/h/Hodgins:Jessica_K%3D
Jian Ma 0004,Carnegie Mellon University,http://www.cs.cmu.edu/~jianma,kDZcBhkAAAAJ,0000-0002-4202-5834,https://dblp.org/pers/hd/m/Ma_0004:Jian
Jian Pei 0001,Duke University,https://sites.google.com/view/jpei/jian-peis-homepage,zIMEVKsAAAAJ,0000-0002-2200-8711,https://dblp.org/pers/hd/p/Pei_0001:Jian
Jiawei Han 0001,Univ. of Illinois at Urbana-Champaign,http://hanj.cs.illinois.edu,Kv9AbjMAAAAJ,0000-0002-3629-2696,https://dblp.org/pers/hd/h/Han_0001:Jiawei
Jiaya Jia,HKUST,https://cse.hkust.edu.hk/admin/people/faculty/profile/jia,XPAkzTEAAAAJ,0000-0002-1246-553X,https://dblp.org/pers/hd/j/Jia:Jiaya
Jie Tang 0001,Tsinghua University,http://keg.cs.tsinghua.edu.cn/jietang,n1zDCkQAAAAJ,0000-0003-3487-4593,https://dblp.org/pers/hd/t/Tang_0001:Jie
Jiebo Luo 0001,University of Rochester,http://www.cs.rochester.edu/u/jluo,CcbnBvgAAAAJ,0000-0002-4516-9729,https://dblp.org/pers/hd/l/Luo_0001:Jiebo
Jignesh M. Patel,Carnegie Mellon University,https://jigneshpatel.org,tOjfnFMAAAAJ,0000-0003-3653-2538,https://dblp.org/pers/hd/p/Patel:Jignesh_M%3D
Jimmy Lin,University of Waterloo,https://cs.uwaterloo.ca/~jimmylin,0EWw1z8AAAAJ,0000-0002-0661-7189,https://dblp.org/pers/hd/l/Lin:Jimmy
Jin-Yi Cai,University of Wisconsin - Madison,http://pages.cs.wisc.edu/~jyc,Yn-Lm_QAAAAJ,0009-0003-0675-6060,https://dblp.org/pers/hd/c/Cai:Jin%3DYi
Jitendra Malik,Univ. of California - Berkeley,https://people.eecs.berkeley.edu/~malik,oY9R5YQAAAAJ,0000-0003-3695-1580,https://dblp.org/pers/hd/m/Malik:Jitendra
Joan Feigenbaum,Yale University,http://www.cs.yale.edu/~jf,IAeKTGsAAAAJ,0000-0002-3735-6022,https://dblp.org/pers/hd/f/Feigenbaum:Joan
Jodi Forlizzi,Carnegie Mellon University,https://www.hcii.cmu.edu/people/jodi-forlizzi,Hyhp_zUAAAAJ,0000-0002-7161-075X,https://dblp.org/pers/hd/f/Forlizzi:Jodi
Joel Moses,Massachusetts Inst. of Technology,https://esd.mit.edu/Faculty_Pages/moses/moses.htm,NOSCHOLARPAGE,0000-0000-0000-0000,https://dblp.org/pers/hd/m/Moses:Joel
Johan Håstad,KTH Royal Inst. of Technology,http://www.csc.kth.se/~johanh,n0QrdEMAAAAJ,0000-0002-5379-345X,https://dblp.org/pers/hd/h/H=aring=stad:Johan
John A. Stankovic,University of Virginia,https://engineering.virginia.edu/faculty/john-stankovic,4VJre9IAAAAJ,0000-0001-7307-9395,https://dblp.org/pers/hd/s/Stankovic:John_A%3D
John C. Mitchell,Stanford University,http://theory.stanford.edu/people/jcm,1_kJPIEAAAAJ,0000-0002-0024-860X,https://dblp.org/pers/hd/m/Mitchell:John_C%3D
John Chi-Shing Lui,Chinese University of Hong Kong,http://www.cse.cuhk.edu.hk/~cslui,7LVjQ7MAAAAJ,0000-0000-0000-0000,https://dblp.org/pers/hd/l/Lui:John_Chi%3DShing
John F. Canny,Univ. of California - Berkeley,https://www2.eecs.berkeley.edu/Faculty/Homepages/canny.html,LAv0HTEAAAAJ,0000-0002-7161-7927,https://dblp.org/pers/hd/c/Canny:John_F%3D
John H. Reif,Duke University,https://users.cs.duke.edu/~reif,Er-gEaoAAAAJ,0000-0000-0000-0000,https://dblp.org/pers/hd/r/Reif:John_H%3D
John Hughes 0001,Chalmers/GU,https://www.chalmers.se/en/staff/Pages/rjmh.aspx,adD4xmAAAAAJ,0000-0000-0000-0000,https://dblp.org/pers/hd/h/Hughes_0001:John
John L. Hennessy,Stanford University,https://president.stanford.edu/biography,tp07xT0AAAAJ,0000-0003-0356-1041,https://dblp.org/pers/hd/h/Hennessy:John_L%3D
John M. Mellor-Crummey,Rice University,http://www.cs.rice.edu/~johnmc,wX0XpxMAAAAJ,0000-0002-9026-5453,https://dblp.org/pers/hd/m/Mellor=Crummey:John_M%3D
John Millar Carroll,Pennsylvania State University,https://jcarroll.ist.psu.edu,7Mg8JZMAAAAJ,0000-0001-5189-337X,https://dblp.org/pers/hd/c/Carroll:John_Millar
John V. Guttag,Massachusetts Inst. of Technology,http://nms.csail.mit.edu/~guttag,NOSCHOLARPAGE,0000-0003-0992-0906,https://dblp.org/pers/hd/g/Guttag:John_V%3D
Jon Crowcroft,University of Cambridge,https://www.cl.cam.ac.uk/~jac22,qnMs-XYAAAAJ,0000-0002-7013-0121,https://dblp.org/pers/hd/c/Crowcroft:Jon
Jon M. Kleinberg,Cornell University,https://www.cs.cornell.edu/home/kleinber,VX7d5EQAAAAJ,0000-0002-1929-2512,https://dblp.org/pers/hd/k/Kleinberg:Jon_M%3D
Joost-Pieter Katoen,RWTH Aachen University,http://www-i2.informatik.rwth-aachen.de/~katoen,yjjO5_oAAAAJ,0000-0002-6143-1926,https://dblp.org/pers/hd/k/Katoen:Joost%3DPieter
Josep Torrellas,Univ. of Illinois at Urbana-Champaign,http://iacoma.cs.uiuc.edu/josep/torrellas.html,zdnAkgsAAAAJ,0000-0003-2595-5228,https://dblp.org/pers/hd/t/Torrellas:Josep
Joseph A. Konstan,University of Minnesota,http://konstan.umn.edu,PH4mytYAAAAJ,0000-0002-7788-2748,https://dblp.org/pers/hd/k/Konstan:Joseph_A%3D
Joseph S. B. Mitchell,Stony Brook University,https://www.cs.stonybrook.edu/people/faculty/josephmitchell,KICA5DoAAAAJ,0000-0000-0000-0000,https://dblp.org/pers/hd/m/Mitchell:Joseph_S%3D_B%3D
Joseph Y. Halpern,Cornell University,https://www.cs.cornell.edu/home/halpern,FsBCAfgAAAAJ,0000-0002-9229-1663,https://dblp.org/pers/hd/h/Halpern:Joseph_Y%3D
José Meseguer 0001,Univ. of Illinois at Urbana-Champaign,http://formal.cs.illinois.edu/meseguer,KZFo7ZkAAAAJ,0000-0000-0000-0000,https://dblp.org/pers/hd/m/Meseguer_0001:Jos%3Deacute%3D
Joël Ouaknine [SWS],Max Planck Society,https://people.mpi-sws.org/~joel,ZfE4iQ4AAAAJ,0000-0000-0000-0000,https://dblp.org/pers/hd/o/Ouaknine:Jo%3Deuml%3Dl
Juan E. Gilbert,University of Florida,https://www.cise.ufl.edu/people/faculty/jgilbert,FKbHXRUAAAAJ,0000-0002-6801-2206,https://dblp.org/pers/hd/g/Gilbert:Juan_E%3D
Judith S. Olson,Univ. of California - Irvine,https://judithsolson.com,xfwOz_kAAAAJ,0000-0000-0000-0000,https://dblp.org/pers/hd/o/Olson:Judith_S%3D
Julia Hirschberg,Columbia University,http://www.cs.columbia.edu/~julia,Qrd7FCoAAAAJ,0000-0003-0689-7616,https://dblp.org/pers/hd/h/Hirschberg:Julia
Juliana Freire,New York University,http://engineering.nyu.edu/user/4254,sSzAlq0AAAAJ,0000-0003-3915-7075,https://dblp.org/pers/hd/f/Freire:Juliana
Jun Zhu 0001,Tsinghua University,http://ml.cs.tsinghua.edu.cn/~jun/index.shtml,axsP38wAAAAJ,0000-0002-6254-2388,https://dblp.org/pers/hd/z/Zhu_0001:Jun
Junfeng Yang,Columbia University,http://www.cs.columbia.edu/~junfeng,JJ9AvbAAAAAJ,0009-0000-2277-6545,https://dblp.org/pers/hd/y/Yang:Junfeng
Justin Zobel,University of Melbourne,http://people.eng.unimelb.edu.au/jzobel,uEHvqE8AAAAJ,0000-0001-6622-032X,https://dblp.org/pers/hd/z/Zobel:Justin
Justine Cassell,Carnegie Mellon University,https://www.hcii.cmu.edu/people/justine-cassell,wkC9xHMAAAAJ,0000-0000-0000-0000,https://dblp.org/pers/hd/c/Cassell:Justine
Jörg Henkel,Karlsruhe Inst. of Technology,http://ces.itec.kit.edu/21_henkel.php,AmnIAhEAAAAJ,0000-0001-9602-2922,https://dblp.org/pers/hd/h/Henkel:J%3Douml%3Drg
K. K. Ramakrishnan,Univ. of California - Riverside,http://www.cs.ucr.edu/~kk,Da-s1FQAAAAJ,0000-0003-1849-5155,https://dblp.org/pers/hd/r/Ramakrishnan:K%3D_K%3D
Kai Li 0001,Princeton University,http://www.cs.princeton.edu/~li,9MSpWOUAAAAJ,0000-0002-2095-7024,https://dblp.org/pers/hd/l/Li_0001:Kai
Karem A. Sakallah,University of Michigan,http://web.eecs.umich.edu/~karem,M441iZ8AAAAJ,0000-0002-5819-9089,https://dblp.org/pers/hd/s/Sakallah:Karem_A%3D
Katherine A. Yelick,Univ. of California - Berkeley,https://www.cs.berkeley.edu/~yelick,93yNuV0AAAAJ,0000-0003-0957-701X,https://dblp.org/pers/hd/y/Yelick:Katherine_A%3D
Kathleen McKeown,Columbia University,http://www.cs.columbia.edu/~kathy,ujDhg2sAAAAJ,0000-0003-4455-2715,https://dblp.org/pers/hd/m/McKeown:Kathleen
Katy Börner,Indiana University,http://info.ils.indiana.edu/~katy,YirSp_cAAAAJ,0000-0002-3321-6137,https://dblp.org/pers/hd/b/B=ouml=rner:Katy
Kavita Bala,Cornell University,http://www.cs.cornell.edu/~kb,Rh16nsIAAAAJ,0000-0001-9761-6503,https://dblp.org/pers/hd/b/Bala:Kavita
Ke Yi 0001,HKUST,https://www.cse.ust.hk/~yike,dWcZPFEAAAAJ,0000-0002-2178-3716,https://dblp.org/pers/hd/y/Yi_0001:Ke
Keith D. Cooper,Rice University,https://www.cs.rice.edu/~keith,ubiUvvgAAAAJ,0000-0000-0000-0000,https://dblp.org/pers/hd/c/Cooper:Keith_D%3D
Keith Marzullo,Univ. of Massachusetts Amherst,https://www.cics.umass.edu/about/directory/keith-marzullo,hWzTk6MAAAAJ,0000-0000-0000-0000,https://dblp.org/pers/hd/m/Marzullo:Keith
Keith W. Ross,NYU Abu Dhabi,https://nyuad.nyu.edu/en/academics/divisions/science/faculty/keith-ross.html,RhUcYmQAAAAJ,0000-0000-0000-0000,https://dblp.org/pers/hd/r/Ross:Keith_W%3D
Ken Birman,Cornell University,http://www.cs.cornell.edu/ken,I-rKkyEAAAAJ,0000-0003-2400-149X,https://dblp.org/pers/hd/b/Birman:Ken
Ken-ichi Kawarabayashi,National Inst. of Informatics,https://kklab.nii.ac.jp/en,NOSCHOLARPAGE,0000-0001-6056-4287,https://dblp.org/pers/hd/k/Kawarabayashi:Ken%3Dichi
Kenneth D. Forbus,Northwestern University,http://www.cs.northwestern.edu/~forbus,IdRYT-8AAAAJ,0000-0000-0000-0000,https://dblp.org/pers/hd/f/Forbus:Kenneth_D%3D
Kenneth R. Koedinger,Carnegie Mellon University,http://pact.cs.cmu.edu/koedinger.html,_8DDVkAAAAAJ,0000-0002-5850-4768,https://dblp.org/pers/hd/k/Koedinger:Kenneth_R%3D
Kevin Fu,Northeastern University,https://web.eecs.umich.edu/~kevinfu,pZQuSyUAAAAJ,0000-0000-0000-0000,https://dblp.org/pers/hd/f/Fu:Kevin
Kevin Leyton-Brown,University of British Columbia,http://www.cs.ubc.ca/~kevinlb,_4dnp0IAAAAJ,0000-0002-7644-5327,https://dblp.org/pers/hd/l/Leyton=Brown:Kevin
Kevin Skadron,University of Virginia,http://www.cs.virginia.edu/skadron,Q-As1CEAAAAJ,0000-0002-8091-9302,https://dblp.org/pers/hd/s/Skadron:Kevin
Kian-Lee Tan,National University of Singapore,https://www.comp.nus.edu.sg/~tankl,NOSCHOLARPAGE,0000-0001-9315-4057,https://dblp.org/pers/hd/t/Tan:Kian%3DLee
Kilian Q. Weinberger,Cornell University,http://www.cs.cornell.edu/~kilian,jsxk8vsAAAAJ,0000-0000-0000-0000,https://dblp.org/pers/hd/w/Weinberger:Kilian_Q%3D
Klara Nahrstedt,Univ. of Illinois at Urbana-Champaign,https://cs.illinois.edu/directory/profile/klara,CUO0vDcAAAAJ,0000-0001-6813-3043,https://dblp.org/pers/hd/n/Nahrstedt:Klara
Krishna V. Palem,Rice University,http://www.cs.rice.edu/~kvp1,TW6dnZUAAAAJ,0000-0000-0000-0000,https://dblp.org/pers/hd/p/Palem:Krishna_V%3D
Krishnendu Chakrabarty,Arizona State University,https://search.asu.edu/profile/4669916,R_VPUyEAAAAJ,0000-0003-4475-6435,https://dblp.org/pers/hd/c/Chakrabarty:Krishnendu
Krithi Ramamritham,IIT Bombay,http://cuse.iitb.ac.in/people/faculty/krithi-ramamritham,LFLG5pcAAAAJ,0000-0000-0000-0000,https://dblp.org/pers/hd/r/Ramamritham:Krithi
Kui Ren 0001,Zhejiang University,https://person.zju.edu.cn/kuiren,uuQA_rcAAAAJ,0000-0003-3441-6277,https://dblp.org/pers/hd/r/Ren_0001:Kui
Kun Zhou 0001,Zhejiang University,http://mypage.zju.edu.cn/kunzhou,N-iYby0AAAAJ,0000-0003-4243-6112,https://dblp.org/pers/hd/z/Zhou_0001:Kun
Kunle Olukotun,Stanford University,http://arsenalfc.stanford.edu/kunle,IzXDyR8AAAAJ,0000-0002-8779-0636,https://dblp.org/pers/hd/o/Olukotun:Kunle
Kurt Mehlhorn [INF],Max Planck Society,https://www.mpi-inf.mpg.de/~mehlhorn,28CWXPUAAAAJ,0000-0000-0000-0000,https://dblp.org/pers/hd/m/Mehlhorn:Kurt
Kwan-Liu Ma,Univ. of California - Davis,http://www.cs.ucdavis.edu/~ma,LgL2HpkAAAAJ,0000-0001-8086-0366,https://dblp.org/pers/hd/m/Ma:Kwan%3DLiu
Kwang-Ting Cheng,HKUST,http://www.ust.hk/about-hkust/senior-adm/dean-of-engineering,NOSCHOLARPAGE,0000-0002-3885-4912,https://dblp.org/pers/hd/c/Cheng:Kwang%3DTing
Kyu-Young Whang,KAIST,http://dblab.kaist.ac.kr/Prof/main_eng.html,LZSo1YEAAAAJ,0000-0000-0000-0000,https://dblp.org/pers/hd/w/Whang:Kyu%3DYoung
Kyuseok Shim,Seoul National University,http://kdd.snu.ac.kr/~shim,3Y254i4AAAAJ,0000-0001-8818-0963,https://dblp.org/pers/hd/s/Shim:Kyuseok
Lance Fortnow,Illinois Institute of Technology,http://www.cc.gatech.edu/people/lance-fortnow,Yf5wVssAAAAJ,0000-0000-0000-0000,https://dblp.org/pers/hd/f/Fortnow:Lance
Larry L. Peterson,University of Arizona,https://www.cs.arizona.edu/~llp,hmq4rGIAAAAJ,0000-0000-0000-0000,https://dblp.org/pers/hd/p/Peterson:Larry_L%3D
Lars Birkedal,Aarhus University,http://cs.au.dk/~birke,1rW-bi0AAAAJ,0000-0003-1320-0098,https://dblp.org/pers/hd/b/Birkedal:Lars
Laura M. Haas,Univ. of Massachusetts Amherst,https://www.cics.umass.edu/about/directory/laura-haas,e9qUUSgAAAAJ,0000-0000-0000-0000,https://dblp.org/pers/hd/h/Haas:Laura_M%3D
Laurie A. Williams,North Carolina State University,http://collaboration.csc.ncsu.edu/laurie,Cln2viUAAAAJ,0000-0003-3300-6540,https://dblp.org/pers/hd/w/Williams:Laurie_A%3D
Leandros Tassiulas,Yale University,http://seas.yale.edu/faculty-research/faculty-directory/leandros-tassiulas,9qtgcZ8AAAAJ,0000-0003-0932-774X,https://dblp.org/pers/hd/t/Tassiulas:Leandros
Lei Chen 0002,HKUST,https://www.cse.ust.hk/~leichen,gtglwgYAAAAJ,0000-0002-8257-5806,https://dblp.org/pers/hd/c/Chen_0002:Lei
Leonard M. Adleman,University of Southern California,https://www.usc.edu/dept/molecular-science/fm-adleman.htm,NOSCHOLARPAGE,0000-0000-0000-0000,https://dblp.org/pers/hd/a/Adleman:Leonard_M%3D
Leonid Libkin,University of Edinburgh,http://homepages.inf.ed.ac.uk/libkin,4q-MIB0AAAAJ,0000-0002-6698-2735,https://dblp.org/pers/hd/l/Libkin:Leonid
Leonidas J. Guibas,Stanford University,https://profiles.stanford.edu/leonidas-guibas,5JlEyTAAAAAJ,0000-0002-8315-4886,https://dblp.org/pers/hd/g/Guibas:Leonidas_J%3D
Leslie G. Valiant,Harvard University,http://people.seas.harvard.edu/~valiant,H509xdsAAAAJ,0000-0000-0000-0000,https://dblp.org/pers/hd/v/Valiant:Leslie_G%3D
Li Xiong 0001,Emory University,https://cs.emory.edu/~lxiong,jJ8BLgsAAAAJ,0000-0001-7354-0428,https://dblp.org/pers/hd/x/Xiong_0001:Li
Lili Qiu,University of Texas at Austin,https://www.cs.utexas.edu/~lili,16posrQAAAAJ,0009-0003-8131-7439,https://dblp.org/pers/hd/q/Qiu:Lili
Lillian Lee,Cornell University,http://www.cs.cornell.edu/home/llee,oJESe-cAAAAJ,0000-0003-4770-1712,https://dblp.org/pers/hd/l/Lee:Lillian
Limsoon Wong,National University of Singapore,https://www.comp.nus.edu.sg/~wongls,Inqu8SkAAAAJ,0000-0003-1241-5441,https://dblp.org/pers/hd/w/Wong:Limsoon
Lin Zhong 0001,Yale University,https://cpsc.yale.edu/people/lin-zhong,hJPN-G8AAAAJ,0000-0003-0840-167X,https://dblp.org/pers/hd/z/Zhong_0001:Lin
Linda Jean Camp,UNC - Charlotte,https://cci.charlotte.edu/people/linda-j-camp,wJPGa2IAAAAJ,0000-0000-0000-0000,https://dblp.org/pers/hd/c/Camp:Linda_Jean
Linda R. Petzold,Univ. of California - Santa Barbara,https://cse.cs.ucsb.edu,6IxWYR0AAAAJ,0000-0000-0000-0000,https://dblp.org/pers/hd/p/Petzold:Linda_R%3D
Lise Getoor,Univ. of California - Santa Cruz,https://www.soe.ucsc.edu/people/getoor,Y8-xGncAAAAJ,0000-0000-0000-0000,https://dblp.org/pers/hd/g/Getoor:Lise
Lixia Zhang 0001,Univ. of California - Los Angeles,http://www.cs.ucla.edu/~lixia,CZyWk8kAAAAJ,0000-0000-0000-0000,https://dblp.org/pers/hd/z/Zhang_0001:Lixia
Lixin Gao 0001,Univ. of Massachusetts Amherst,https://www.umass.edu/engineering/about/directory/lixin-gao,bOKmjf8AAAAJ,0000-0002-9017-5132,https://dblp.org/pers/hd/g/Gao_0001:Lixin
Lorenzo Alvisi,Cornell University,https://www.cs.utexas.edu/~lorenzo,K_-KJi8AAAAJ,0000-0002-9857-5528,https://dblp.org/pers/hd/a/Alvisi:Lorenzo
Lorrie Faith Cranor,Carnegie Mellon University,http://lorrie.cranor.org,kIUqgbcAAAAJ,0000-0003-2125-0124,https://dblp.org/pers/hd/c/Cranor:Lorrie_Faith
Louiqa Raschid,Univ. of Maryland - College Park,https://www.cs.umd.edu/people/lraschid,MD8nInYAAAAJ,0000-0002-0630-6049,https://dblp.org/pers/hd/r/Raschid:Louiqa
Luca Benini,ETH Zurich,https://www.ee.ethz.ch/the-department/people-a-z/person-detail.html?persid=194234,8riq3sYAAAAJ,0000-0001-8068-3806,https://dblp.org/pers/hd/b/Benini:Luca
Luca Cardelli,University of Oxford,https://www.cs.ox.ac.uk/people/luca.cardelli,npBTgSsAAAAJ,0000-0002-8705-8488,https://dblp.org/pers/hd/c/Cardelli:Luca
Luca de Alfaro,Univ. of California - Santa Cruz,https://users.soe.ucsc.edu/~luca,gkACFVcAAAAJ,0000-0003-3856-4576,https://dblp.org/pers/hd/a/Alfaro:Luca_de
Luca P. Carloni,Columbia University,http://www.cs.columbia.edu/~luca,sEAoh3MAAAAJ,0000-0001-5600-8931,https://dblp.org/pers/hd/c/Carloni:Luca_P%3D
Luca Trevisan 0001,Bocconi University,https://lucatrevisan.github.io,4yuKD_AAAAAJ,0000-0002-6982-8530,https://dblp.org/pers/hd/t/Trevisan_0001:Luca
Lui Sha,Univ. of Illinois at Urbana-Champaign,https://cs.illinois.edu/directory/profile/lrs,SlXqNooAAAAJ,0000-0002-5578-0791,https://dblp.org/pers/hd/s/Sha:Lui
Luis Ceze,University of Washington,https://www.cs.washington.edu/people/faculty/luisceze,KzESVKwAAAAJ,0000-0002-1377-6217,https://dblp.org/pers/hd/c/Ceze:Luis
Lujo Bauer,Carnegie Mellon University,http://www.ece.cmu.edu/~lbauer,5cJzDZEAAAAJ,0000-0002-8209-6792,https://dblp.org/pers/hd/b/Bauer:Lujo
Lydia E. Kavraki,Rice University,http://www.cs.rice.edu/~kavraki,Q6pxNZYAAAAJ,0000-0003-0699-8038,https://dblp.org/pers/hd/k/Kavraki:Lydia_E%3D
M. Frans Kaashoek,Massachusetts Inst. of Technology,https://pdos.csail.mit.edu/archive/kaashoek,NOSCHOLARPAGE,0000-0001-7098-586X,https://dblp.org/pers/hd/k/Kaashoek:M%3D_Frans
M. Tamer Özsu,University of Waterloo,https://cs.uwaterloo.ca/~tozsu,dwxm_CoAAAAJ,0000-0002-8126-1717,https://dblp.org/pers/hd/=/=Ouml=zsu:M%3D_Tamer
Maarten de Rijke,University of Amsterdam,https://staff.fnwi.uva.nl/m.derijke,AVDkgFIAAAAJ,0000-0002-1086-0202,https://dblp.org/pers/hd/r/Rijke:Maarten_de
Madhav Marathe,University of Virginia,https://engineering.virginia.edu/faculty/madhav-marathe,cLjMQqsAAAAJ,0000-0003-1653-0658,https://dblp.org/pers/hd/m/Marathe:Madhav
Madhu Sudan 0001,Harvard University,http://madhu.seas.harvard.edu,D-RwB3YAAAAJ,0000-0003-3718-6489,https://dblp.org/pers/hd/s/Sudan_0001:Madhu
Magdalena Balazinska,University of Washington,http://www.cs.washington.edu/people/faculty/magda,DDxFvcIAAAAJ,0000-0002-6805-0325,https://dblp.org/pers/hd/b/Balazinska:Magdalena
Mahadev Satyanarayanan,Carnegie Mellon University,https://www.cs.cmu.edu/~satya,0y6JDD4AAAAJ,0000-0002-2187-2049,https://dblp.org/pers/hd/s/Satyanarayanan:Mahadev
Maja Mataric,University of Southern California,http://robotics.usc.edu/~maja,o5YQMkMAAAAJ,0000-0001-8958-6666,https://dblp.org/pers/hd/m/Mataric:Maja
Maneesh Agrawala,Stanford University,http://graphics.stanford.edu/~maneesh,YPzKczYAAAAJ,0000-0002-8996-7327,https://dblp.org/pers/hd/a/Agrawala:Maneesh
Mani B. Srivastava,Univ. of California - Los Angeles,http://www.ee.ucla.edu/mani-srivastava,X2Qs7XYAAAAJ,0000-0002-3782-9192,https://dblp.org/pers/hd/s/Srivastava:Mani_B%3D
Manish Parashar,University of Utah,https://www.sci.utah.edu/people/parashar.html,SCM35lMAAAAJ,0000-0003-0983-7408,https://dblp.org/pers/hd/p/Parashar:Manish
Manuel Blum 0001,Carnegie Mellon University,https://www.cs.cmu.edu/~mblum,7S-LSKoAAAAJ,0000-0002-0982-4845,https://dblp.org/pers/hd/b/Blum_0001:Manuel
Manuel V. Hermenegildo,IMDEA Software Institute,http://software.imdea.org/people/manuel.hermenegildo,VXQGJD0AAAAJ,0000-0000-0000-0000,https://dblp.org/pers/hd/h/Hermenegildo:Manuel_V%3D
Marc Alexa,TU Berlin,https://www.cg.tu-berlin.de/team/prof-dr-marc-alexa,KNwXLLsAAAAJ,0000-0002-9854-8466,https://dblp.org/pers/hd/a/Alexa:Marc
Marcelo Arenas,UC Chile,http://marceloarenas.cl,YHR0wkkAAAAJ,0000-0003-3678-1868,https://dblp.org/pers/hd/a/Arenas:Marcelo
Marco Dorigo,Université libre de Bruxelles,https://iridia.ulb.ac.be/~mdorigo/HomePageDorigo,PwYT6EMAAAAJ,0000-0002-3971-0507,https://dblp.org/pers/hd/d/Dorigo:Marco
Margaret Burnett,Oregon State University,http://eecs.oregonstate.edu/~burnett,Vc58tYYAAAAJ,0000-0001-6536-7629,https://dblp.org/pers/hd/b/Burnett:Margaret
Margaret Martonosi,Princeton University,http://www.princeton.edu/~mrm,tgYsFS0AAAAJ,0000-0001-9683-8032,https://dblp.org/pers/hd/m/Martonosi:Margaret
Margo I. Seltzer,University of British Columbia,https://www.seltzer.com/margo,XeyiyUYAAAAJ,0000-0002-2165-4658,https://dblp.org/pers/hd/s/Seltzer:Margo_I%3D
Maria L. Gini,University of Minnesota,http://umn.edu/home/gini,2ewb-10AAAAJ,0000-0001-8841-1055,https://dblp.org/pers/hd/g/Gini:Maria_L%3D
Maria-Florina Balcan,Carnegie Mellon University,https://www.cs.cmu.edu/~ninamf,LWlN_BUAAAAJ,0000-0000-0000-0000,https://dblp.org/pers/hd/b/Balcan:Maria%3DFlorina
Mark A. Horowitz,Stanford University,http://stanford.edu/~horowitz,e7V7-gEAAAAJ,0000-0003-1318-2029,https://dblp.org/pers/hd/h/Horowitz:Mark_A%3D
Mark Braverman,Princeton University,https://mbraverm.princeton.edu,5elBSHQAAAAJ,0000-0003-1276-6081,https://dblp.org/pers/hd/b/Braverman:Mark
Mark Crovella,Boston University,http://www.cs.bu.edu/fac/crovella,vrHhOlUAAAAJ,0000-0002-5005-7019,https://dblp.org/pers/hd/c/Crovella:Mark
Mark Guzdial,University of Michigan,http://www.cc.gatech.edu/home/guzdial,iQV2L2IAAAAJ,0000-0003-4427-9763,https://dblp.org/pers/hd/g/Guzdial:Mark
Markus Gross 0001,ETH Zurich,https://graphics.ethz.ch/~grossm,uxk0GmUAAAAJ,0009-0003-9324-779X,https://dblp.org/pers/hd/g/Gross_0001:Markus
Marsha Chechik,University of Toronto,http://www.cs.toronto.edu/~chechik,CYfxRVIAAAAJ,0000-0002-6301-3517,https://dblp.org/pers/hd/c/Chechik:Marsha
Marta Kwiatkowska,University of Oxford,http://www.cs.ox.ac.uk/marta.kwiatkowska,ArcH6PkAAAAJ,0000-0001-9022-7599,https://dblp.org/pers/hd/k/Kwiatkowska:Marta
Martha E. Pollack,Cornell University,https://infosci.cornell.edu/content/pollack,5oU0wxcAAAAJ,0000-0000-0000-0000,https://dblp.org/pers/hd/p/Pollack:Martha_E%3D
Marti Hearst,Univ. of California - Berkeley,http://people.ischool.berkeley.edu/~hearst,Yy6xbCYAAAAJ,0000-0002-4346-1603,https://dblp.org/pers/hd/h/Hearst:Marti
Martin C. Rinard,Massachusetts Inst. of Technology,http://people.csail.mit.edu/rinard,hxlxVEUAAAAJ,0000-0001-8095-8523,https://dblp.org/pers/hd/r/Rinard:Martin_C%3D
Martin D. F. Wong,Hong Kong Baptist University,https://www.hkbu.edu.hk/en/about/university-officers/professor-martin-wong.html,WPhoQiUAAAAJ,0000-0001-8274-9688,https://dblp.org/pers/hd/w/Wong:Martin_D%3D_F%3D
Martin Farach-Colton,New York University,https://engineering.nyu.edu/faculty/martin-farach-colton,2uHUSa8AAAAJ,0000-0003-3616-7788,https://dblp.org/pers/hd/f/Farach=Colton:Martin
Martin Grohe,RWTH Aachen University,https://www.lics.rwth-aachen.de/cms/LICS/Der-Lehrstuhl/Team/Dozierende/~ocwf/Martin-Grohe,Sou5ih0AAAAJ,0000-0002-0292-9142,https://dblp.org/pers/hd/g/Grohe:Martin
Martin L. Kersten,CWI,http://homepages.cwi.nl/~mk,Kr6jppsAAAAJ,0000-0000-0000-0000,https://dblp.org/pers/hd/k/Kersten:Martin_L%3D
Martin Odersky,EPFL,http://lampwww.epfl.ch/~odersky,LbRD9tEAAAAJ,0009-0005-3923-8993,https://dblp.org/pers/hd/o/Odersky:Martin
Martin Vetterli,EPFL,http://lcav.epfl.ch/martin.vetterli,YQcU3NYAAAAJ,0000-0002-6122-1216,https://dblp.org/pers/hd/v/Vetterli:Martin
Mary Lou Soffa,University of Virginia,http://www.cs.virginia.edu/~soffa/index.html%3Fp=6.html,KWiJaj8AAAAJ,0000-0002-3665-7763,https://dblp.org/pers/hd/s/Soffa:Mary_Lou
Mary Shaw,Carnegie Mellon University,http://www.cs.cmu.edu/~shaw,CTXoO1AAAAAJ,0000-0003-1337-4557,https://dblp.org/pers/hd/s/Shaw:Mary
Masaru Kitsuregawa,University of Tokyo,http://www.tkl.iis.u-tokyo.ac.jp/FIRST/members/kitsuregawa.en.html,NOSCHOLARPAGE,0000-0000-0000-0000,https://dblp.org/pers/hd/k/Kitsuregawa:Masaru
Mateo Valero,Polytechnic Univ. of Catalonia,https://www.bsc.es/mateo-valero,MyT3cHQAAAAJ,0000-0003-2917-2482,https://dblp.org/pers/hd/v/Valero:Mateo
Matthew A. Turk,TTI Chicago,https://home.ttic.edu/~mturk,KltleWgAAAAJ,0000-0000-0000-0000,https://dblp.org/pers/hd/t/Turk:Matthew_A%3D
Matthew B. Dwyer,University of Virginia,http://matthewbdwyer.github.io,-ZRKCcEAAAAJ,0000-0002-1937-1544,https://dblp.org/pers/hd/d/Dwyer:Matthew_B%3D
Matthew T. Mason,Carnegie Mellon University,http://www.cs.cmu.edu/~mason,D_JpQnAAAAAJ,0000-0002-2672-5689,https://dblp.org/pers/hd/m/Mason:Matthew_T%3D
Matthias Felleisen,Northeastern University,http://www.ccs.neu.edu/home/matthias,KP-Vo44AAAAJ,0000-0001-6678-1004,https://dblp.org/pers/hd/f/Felleisen:Matthias
Matthias Jarke,RWTH Aachen University,https://dbis.rwth-aachen.de/dbis/index.php/user/jarke,JbioEFgAAAAJ,0000-0000-0000-0000,https://dblp.org/pers/hd/j/Jarke:Matthias
Maurice Herlihy,Brown University,http://cs.brown.edu/~mph,Ezrt3pkAAAAJ,0000-0000-0000-0000,https://dblp.org/pers/hd/h/Herlihy:Maurice
Maurizio Lenzerini,Sapienza University of Rome,http://www.diag.uniroma1.it/lenzerini,EYxaICEAAAAJ,0000-0003-2875-6187,https://dblp.org/pers/hd/l/Lenzerini:Maurizio
Mendel Rosenblum,Stanford University,http://web.stanford.edu/~mendel,NOSCHOLARPAGE,0000-0000-0000-0000,https://dblp.org/pers/hd/r/Rosenblum:Mendel
Michael Backes 0001,CISPA Helmholtz Center,https://cispa.de/en/people/backes,ZVS3KOEAAAAJ,0000-0002-7130-9211,https://dblp.org/pers/hd/b/Backes_0001:Michael
Michael D. Bailey,Georgia Institute of Technology,https://faculty.cc.gatech.edu/~mbailey,sMnocAYAAAAJ,0000-0002-0250-9164,https://dblp.org/pers/hd/b/Bailey:Michael_D%3D
Michael D. Ernst,University of Washington,https://homes.cs.washington.edu/~mernst,oQ6AeyEAAAAJ,0000-0001-9379-277X,https://dblp.org/pers/hd/e/Ernst:Michael_D%3D
Michael E. Saks,Rutgers University,https://sites.math.rutgers.edu/~saks,mu2I688AAAAJ,0000-0003-1659-7190,https://dblp.org/pers/hd/s/Saks:Michael_E%3D
Michael Franz,Univ. of California - Irvine,http://www.michaelfranz.com,NOSCHOLARPAGE,0000-0001-5911-2275,https://dblp.org/pers/hd/f/Franz:Michael
Michael Gleicher,University of Wisconsin - Madison,http://pages.cs.wisc.edu/~gleicher,kDkH9UkAAAAJ,0000-0003-3295-4071,https://dblp.org/pers/hd/g/Gleicher:Michael
Michael Hicks 0001,University of Pennsylvania,https://mhicks.me,Gggzp7UAAAAJ,0000-0002-2759-9223,https://dblp.org/pers/hd/h/Hicks_0001:Michael
Michael I. Jordan,INRIA,http://www.cs.berkeley.edu/~jordan,yxUduqMAAAAJ,0000-0001-8935-817X,https://dblp.org/pers/hd/j/Jordan:Michael_I%3D
Michael J. Carey 0001,Univ. of California - Irvine,http://www.ics.uci.edu/~mjcarey,B8tFrksAAAAJ,0000-0003-1561-4059,https://dblp.org/pers/hd/c/Carey_0001:Michael_J%3D
Michael J. Fischer,Yale University,http://www.cs.yale.edu/~fischer,mnq4vRgAAAAJ,0000-0000-0000-0000,https://dblp.org/pers/hd/f/Fischer:Michael_J%3D
Michael J. Franklin,University of Chicago,https://cs.uchicago.edu/people/michael-franklin,p0sQC6sAAAAJ,0000-0000-0000-0000,https://dblp.org/pers/hd/f/Franklin:Michael_J%3D
Michael J. Freedman,Princeton University,http://www.cs.princeton.edu/~mfreed,BFE6IQwAAAAJ,0000-0002-5305-2395,https://dblp.org/pers/hd/f/Freedman:Michael_J%3D
Michael Kearns,University of Pennsylvania,http://www.cis.upenn.edu/~mkearns,8iQk0DIAAAAJ,0000-0000-0000-0000,https://dblp.org/pers/hd/k/Kearns:Michael
Michael L. Littman,Brown University,http://cs.brown.edu/~mlittman,Jj00ksMAAAAJ,0000-0002-5596-1840,https://dblp.org/pers/hd/l/Littman:Michael_L%3D
Michael L. Scott,University of Rochester,https://www.cs.rochester.edu/~scott,PzaBy-UAAAAJ,0000-0001-8652-7644,https://dblp.org/pers/hd/s/Scott:Michael_L%3D
Michael Mitzenmacher,Harvard University,http://www.eecs.harvard.edu/~michaelm,e8aRmAsAAAAJ,0000-0001-5430-5457,https://dblp.org/pers/hd/m/Mitzenmacher:Michael
Michael O. Rabin,Harvard University,https://www.seas.harvard.edu/directory/rabin,EFZyUcEAAAAJ,0000-0000-0000-0000,https://dblp.org/pers/hd/r/Rabin:Michael_O%3D
Michael P. Wellman,University of Michigan,http://www.eecs.umich.edu/ai/people/wellman,UruIct4AAAAJ,0000-0002-1691-6844,https://dblp.org/pers/hd/w/Wellman:Michael_P%3D
Michael Reiter,Duke University,https://reitermk.github.io,qAKfQW0AAAAJ,0000-0003-0368-9758,https://dblp.org/pers/hd/r/Reiter:Michael
Michael Rung-Tsong Lyu,Chinese University of Hong Kong,http://www.cse.cuhk.edu.hk/lyu,uQnBgK0AAAAJ,0000-0000-0000-0000,https://dblp.org/pers/hd/l/Lyu:Michael_Rung%3DTsong
Michael T. Goodrich,Univ. of California - Irvine,https://www.ics.uci.edu/~goodrich,sSS9gSoAAAAJ,0000-0002-8943-191X,https://dblp.org/pers/hd/g/Goodrich:Michael_T%3D
Michael Wooldridge,University of Oxford,http://www.cs.ox.ac.uk/people/michael.wooldridge,JD8v9fkAAAAJ,0000-0002-9329-8410,https://dblp.org/pers/hd/w/Wooldridge:Michael
Michal Feldman,Tel Aviv University,https://www.cs.tau.ac.il/~mfeldman,IKjIhTwAAAAJ,0000-0002-2915-8405,https://dblp.org/pers/hd/f/Feldman:Michal
Mihai Pop,Univ. of Maryland - College Park,https://www.cs.umd.edu/people/mpop,4glkLD0AAAAJ,0000-0001-9617-5304,https://dblp.org/pers/hd/p/Pop:Mihai
Mihalis Yannakakis,Columbia University,http://www.cs.columbia.edu/~mihalis,_pPy-pAAAAAJ,0000-0003-2857-1860,https://dblp.org/pers/hd/y/Yannakakis:Mihalis
Mihir Bellare,Univ. of California - San Diego,https://cseweb.ucsd.edu/~mihir,2pW1g5IAAAAJ,0000-0002-8765-5573,https://dblp.org/pers/hd/b/Bellare:Mihir
Mikhail Belkin,Univ. of California - San Diego,https://datascience.ucsd.edu/staff-members/mikhail-belkin,Iwd9DdkAAAAJ,0009-0005-8633-3926,https://dblp.org/pers/hd/b/Belkin:Mikhail
Mikhail J. Atallah,Purdue University,https://www.cs.purdue.edu/people/mja,uc8_eH0AAAAJ,0000-0000-0000-0000,https://dblp.org/pers/hd/a/Atallah:Mikhail_J%3D
Mikkel Thorup,University of Copenhagen,http://www.diku.dk/~mthorup,UPBuOPIAAAAJ,0000-0001-5237-1709,https://dblp.org/pers/hd/t/Thorup:Mikkel
Milind Tambe,Harvard University,https://teamcore.seas.harvard.edu/tambe,YOVZiJkAAAAJ,0000-0003-3296-3672,https://dblp.org/pers/hd/t/Tambe:Milind
Ming C. Lin,Univ. of Maryland - College Park,http://www.cs.umd.edu/~lin,ugFNit4AAAAJ,0000-0003-3736-6949,https://dblp.org/pers/hd/l/Lin:Ming_C%3D
Ming Li 0001,University of Waterloo,https://cs.uwaterloo.ca/~mli,oGgPXFEAAAAJ,0000-0000-0000-0000,https://dblp.org/pers/hd/l/Li_0001:Ming
Ming-Hsuan Yang 0001,Univ. of California - Merced,https://faculty.ucmerced.edu/mhyang,p9-ohHsAAAAJ,0000-0003-4848-2304,https://dblp.org/pers/hd/y/Yang_0001:Ming%3DHsuan
Mira Mezini,TU Darmstadt,http://www.stg.tu-darmstadt.de/staff/mira_mezini,ESQUnJEAAAAJ,0000-0001-6563-7537,https://dblp.org/pers/hd/m/Mezini:Mira
Mohamed F. Mokbel,University of Minnesota,http://www-users.cs.umn.edu/~mokbel,GHz1ZVIAAAAJ,0000-0002-6686-1757,https://dblp.org/pers/hd/m/Mokbel:Mohamed_F%3D
Mohammad Taghi Hajiaghayi,Univ. of Maryland - College Park,http://www.cs.umd.edu/~hajiagha,SQ1eGN4AAAAJ,0000-0003-4842-0533,https://dblp.org/pers/hd/h/Hajiaghayi:Mohammad_Taghi
Mohammed J. Zaki,Rensselaer Polytechnic Institute,http://www.cs.rpi.edu/~zaki,UmwJklEAAAAJ,0000-0003-4711-0234,https://dblp.org/pers/hd/z/Zaki:Mohammed_J%3D
Mohan Kankanhalli,National University of Singapore,http://www.comp.nus.edu.sg/~mohan,6Lx_eowAAAAJ,0000-0002-4846-2015,https://dblp.org/pers/hd/k/Kankanhalli:Mohan
Moinuddin K. Qureshi,Georgia Institute of Technology,http://moin.ece.gatech.edu,EWU0STsAAAAJ,0000-0002-1314-9096,https://dblp.org/pers/hd/q/Qureshi:Moinuddin_K%3D
Mona Singh 0001,Princeton University,https://www.cs.princeton.edu/~mona,JpAehzgAAAAJ,0000-0001-8271-6026,https://dblp.org/pers/hd/s/Singh_0001:Mona
Moni Naor,Weizmann Institute of Science,https://www.weizmann.ac.il/pages/search/people?language=english&single=1&person_id=2337,stSUaHAAAAAJ,0000-0003-3381-0221,https://dblp.org/pers/hd/n/Naor:Moni
Monica Lam 0001,Stanford University,https://suif.stanford.edu/~lam,4hS0jZ8AAAAJ,0000-0000-0000-0000,https://dblp.org/pers/hd/l/Lam_0001:Monica
Monika Henzinger,IST Austria,https://ist.ac.at/de/forschung/henzinger_monika-gruppe,NXbggxYAAAAJ,0000-0002-5008-6530,https://dblp.org/pers/hd/h/Henzinger:Monika
Mor Harchol-Balter,Carnegie Mellon University,http://www.cs.cmu.edu/~harchol,Ooc7UNUAAAAJ,0000-0003-1721-6759,https://dblp.org/pers/hd/h/Harchol=Balter:Mor
Moses Charikar,Stanford University,https://profiles.stanford.edu/moses-charikar,zX3ba1kAAAAJ,0000-0003-0807-3389,https://dblp.org/pers/hd/c/Charikar:Moses
Moshe Tennenholtz,Technion,https://web.iem.technion.ac.il/en/people/userprofile/Moshet.html,NOSCHOLARPAGE,0000-0002-9459-5388,https://dblp.org/pers/hd/t/Tennenholtz:Moshe
Moshe Y. Vardi,Rice University,http://www.cs.rice.edu/~vardi,DQaARsgAAAAJ,0000-0002-0661-5773,https://dblp.org/pers/hd/v/Vardi:Moshe_Y%3D
Mostafa H. Ammar,Georgia Institute of Technology,http://www.cc.gatech.edu/fac/Mostafa.Ammar,OT79Y9UAAAAJ,0000-0003-2803-300X,https://dblp.org/pers/hd/a/Ammar:Mostafa_H%3D
Mubarak Shah,University of Central Florida,https://www.crcv.ucf.edu/person/mubarak-shah,p8gsO3gAAAAJ,0000-0001-6172-5572,https://dblp.org/pers/hd/s/Shah:Mubarak
Munindar P. Singh,North Carolina State University,https://www.csc.ncsu.edu/faculty/mpsingh,qNznu3kAAAAJ,0000-0003-3599-3893,https://dblp.org/pers/hd/s/Singh:Munindar_P%3D
N. Asokan,University of Waterloo,https://cs.uwaterloo.ca/about/people/n-asokan,0MqQ8AgAAAAJ,0000-0002-5093-9871,https://dblp.org/pers/hd/a/Asokan:N%3D
Naehyuck Chang,KAIST,http://www.cad4x.kaist.ac.kr/professor,w0uiMd4AAAAJ,0000-0000-0000-0000,https://dblp.org/pers/hd/c/Chang:Naehyuck
Nam Sung Kim,Univ. of Illinois at Urbana-Champaign,https://fast.ece.illinois.edu,iccBxJIAAAAJ,0000-0002-0442-5634,https://dblp.org/pers/hd/k/Kim:Nam_Sung
Nancy A. Lynch,Massachusetts Inst. of Technology,https://people.csail.mit.edu/lynch,LPTkkxUAAAAJ,0000-0000-0000-0000,https://dblp.org/pers/hd/l/Lynch:Nancy_A%3D
Nancy M. Amato,Univ. of Illinois at Urbana-Champaign,https://parasollab.web.illinois.edu/people/amato,AmaB9c4AAAAJ,0000-0000-0000-0000,https://dblp.org/pers/hd/a/Amato:Nancy_M%3D
Naren Ramakrishnan,Virginia Tech,http://people.cs.vt.edu/naren,fMJwG7MAAAAJ,0000-0002-1821-9743,https://dblp.org/pers/hd/r/Ramakrishnan:Naren
Narsingh Deo,University of Central Florida,http://www.cs.ucf.edu/~deo,2uiQgfMAAAAJ,0000-0000-0000-0000,https://dblp.org/pers/hd/d/Deo:Narsingh
Nate Foster,EPFL,https://people.epfl.ch/nate.foster,AH5j40kAAAAJ,0000-0002-6557-684X,https://dblp.org/pers/hd/f/Foster:Nate
Nelson L. Max,Univ. of California - Davis,http://faculty.engineering.ucdavis.edu/max,XXoJ5n4AAAAJ,0000-0000-0000-0000,https://dblp.org/pers/hd/m/Max:Nelson_L%3D
Nenad Medvidovic,University of Southern California,https://softarch.usc.edu/~neno,kqW_-2gAAAAJ,0000-0002-1906-4878,https://dblp.org/pers/hd/m/Medvidovic:Nenad
Nick Feamster,University of Chicago,https://people.cs.uchicago.edu/~feamster,xYfYnG4AAAAJ,0000-0001-9315-5201,https://dblp.org/pers/hd/f/Feamster:Nick
Nick G. Duffield,Texas A&M University,http://nickduffield.net/work,hrQOcZcAAAAJ,0000-0001-7211-1584,https://dblp.org/pers/hd/d/Duffield:Nick_G%3D
Nicole Immorlica,Yale University,https://engineering.yale.edu/academic-study/departments/computer-science/people/nicole-immorlica,_1hCq3UAAAAJ,0000-0003-4180-4657,https://dblp.org/pers/hd/i/Immorlica:Nicole
Nikhil Bansal 0001,University of Michigan,https://www.win.tue.nl/~nikhil,3Lmd6AMAAAAJ,0000-0002-6290-0894,https://dblp.org/pers/hd/b/Bansal_0001:Nikhil
Nikil Dutt,Univ. of California - Irvine,http://www.ics.uci.edu/~dutt,CpBXPVoAAAAJ,0000-0002-3060-8119,https://dblp.org/pers/hd/d/Dutt:Nikil
Niklas Elmqvist,Aarhus University,https://cs.au.dk/~elm,LoQXe24AAAAJ,0000-0001-5805-5301,https://dblp.org/pers/hd/e/Elmqvist:Niklas
Ninghui Li 0001,Purdue University,https://www.cs.purdue.edu/homes/ninghui,Qc_4yiYAAAAJ,0000-0001-8207-9717,https://dblp.org/pers/hd/l/Li_0001:Ninghui
Nir Shavit,Massachusetts Inst. of Technology,http://people.csail.mit.edu/shanir,NOSCHOLARPAGE,0000-0000-0000-0000,https://dblp.org/pers/hd/s/Shavit:Nir
Nisheeth K. Vishnoi,Yale University,https://cpsc.yale.edu/people/nisheeth-vishnoi,7b5tlJkAAAAJ,0000-0002-0255-1119,https://dblp.org/pers/hd/v/Vishnoi:Nisheeth_K%3D
Nitesh V. Chawla,University of Notre Dame,http://www3.nd.edu/~nchawla,hDLBEhkAAAAJ,0000-0003-3932-5956,https://dblp.org/pers/hd/c/Chawla:Nitesh_V%3D
Noah Snavely [Tech],Cornell University,http://www.cs.cornell.edu/~snavely,Db4BCX8AAAAJ,0000-0000-0000-0000,https://dblp.org/pers/hd/s/Snavely:Noah
Noam Nisan,Hebrew University of Jerusalem,http://www.cs.huji.ac.il/~noam,zXQZPnMAAAAJ,0000-0003-3106-6304,https://dblp.org/pers/hd/n/Nisan:Noam
Noshir Contractor,Northwestern University,https://nosh.northwestern.edu,Fqw9o84AAAAJ,0000-0000-0000-0000,https://dblp.org/pers/hd/c/Contractor:Noshir
Oded Regev 0001,New York University,http://www.cims.nyu.edu/~regev,3-gk0ioAAAAJ,0000-0002-8616-3163,https://dblp.org/pers/hd/r/Regev_0001:Oded
Odest Chadwicke Jenkins,University of Michigan,http://ohseejay.org,dp5LnVAAAAAJ,0000-0003-3750-7334,https://dblp.org/pers/hd/j/Jenkins:Odest_Chadwicke
Olga G. Troyanskaya,Princeton University,https://www.cs.princeton.edu/people/profile/ogt,PjCDBjIAAAAJ,0000-0002-5676-5737,https://dblp.org/pers/hd/t/Troyanskaya:Olga_G%3D
Olga Sorkine-Hornung,ETH Zurich,http://igl.ethz.ch/people/sorkine,GBU568oAAAAJ,0000-0002-8089-3974,https://dblp.org/pers/hd/s/Sorkine=Hornung:Olga
Omer Reingold,Stanford University,https://omereingold.wordpress.com,TD9RhcgAAAAJ,0000-0000-0000-0000,https://dblp.org/pers/hd/r/Reingold:Omer
Onur Mutlu,ETH Zurich,https://people.inf.ethz.ch/omutlu,7XyGUGkAAAAJ,0000-0002-0075-2312,https://dblp.org/pers/hd/m/Mutlu:Onur
Ophir Frieder,Georgetown University,http://people.cs.georgetown.edu/~ophir,uUXCSMkAAAAJ,0000-0001-5076-8171,https://dblp.org/pers/hd/f/Frieder:Ophir
Oscar H. Ibarra,Univ. of California - Santa Barbara,https://sites.cs.ucsb.edu/~ibarra,NOSCHOLARPAGE,0000-0000-0000-0000,https://dblp.org/pers/hd/i/Ibarra:Oscar_H%3D
Ouri Wolfson,University of Illinois at Chicago,https://www.cs.uic.edu/~wolfson,zGSP_osAAAAJ,0000-0002-1794-0109,https://dblp.org/pers/hd/w/Wolfson:Ouri
Padhraic Smyth,Univ. of California - Irvine,http://www.ics.uci.edu/~smyth,OsoQ-dcAAAAJ,0000-0001-9971-8378,https://dblp.org/pers/hd/s/Smyth:Padhraic
Pankaj K. Agarwal,Duke University,https://users.cs.duke.edu/~pankaj,xe0eVksAAAAJ,0000-0002-9439-181X,https://dblp.org/pers/hd/a/Agarwal:Pankaj_K%3D
Paola Inverardi,GSSI,http://people.disim.univaq.it/inverard,x8XlRFgAAAAJ,0000-0001-6734-1318,https://dblp.org/pers/hd/i/Inverardi:Paola
Paolo Ferragina,University of Pisa,http://pages.di.unipi.it/ferragina,3EILU3MAAAAJ,0000-0003-1353-360X,https://dblp.org/pers/hd/f/Ferragina:Paolo
Patrick Cousot,New York University,http://cs.nyu.edu/~pcousot,mhlvI8wAAAAJ,0000-0003-0101-9953,https://dblp.org/pers/hd/c/Cousot:Patrick
Patrick McDaniel,University of Wisconsin - Madison,http://www.patrickmcdaniel.org,AMGqrI0AAAAJ,0000-0000-0000-0000,https://dblp.org/pers/hd/m/McDaniel:Patrick
Paul Barford,University of Wisconsin - Madison,http://pages.cs.wisc.edu/~pb,4uypulQAAAAJ,0000-0001-7874-1819,https://dblp.org/pers/hd/b/Barford:Paul
Paul Beame,University of Washington,http://www.cs.washington.edu/people/faculty/beame,plYoF-MAAAAJ,0000-0002-2666-3545,https://dblp.org/pers/hd/b/Beame:Paul
Paul C. van Oorschot,Carleton University,http://www.scs.carleton.ca/~paulv,CMRzTi8AAAAJ,0000-0002-5038-5370,https://dblp.org/pers/hd/o/Oorschot:Paul_C%3D_van
Paul Dourish,Univ. of California - Irvine,http://www.dourish.com,wyCIJfQAAAAJ,0000-0000-0000-0000,https://dblp.org/pers/hd/d/Dourish:Paul
Paulo Esteves Veríssimo,KAUST,https://cemse.kaust.edu.sa/people/person/paulo-verissimo,aMHx8aUAAAAJ,0000-0000-0000-0000,https://dblp.org/pers/hd/v/Ver=iacute=ssimo:Paulo_Esteves
Pavel A. Pevzner,Univ. of California - San Diego,http://cseweb.ucsd.edu/~ppevzner,0fq5QeIAAAAJ,0000-0000-0000-0000,https://dblp.org/pers/hd/p/Pevzner:Pavel_A%3D
Per Stenström,Chalmers/GU,https://www.chalmers.se/en/staff/Pages/per-stenstrom.aspx,wsMoM6cAAAAJ,0000-0002-4280-3843,https://dblp.org/pers/hd/s/Stenstr=ouml=m:Per
Peter A. Boncz,CWI,http://homepages.cwi.nl/~boncz,DCIZE1kAAAAJ,0000-0000-0000-0000,https://dblp.org/pers/hd/b/Boncz:Peter_A%3D
Peter Buneman,University of Edinburgh,http://homepages.inf.ed.ac.uk/opb,d9bq04sAAAAJ,0009-0004-9056-8587,https://dblp.org/pers/hd/b/Buneman:Peter
Peter J. Denning,Naval Postgraduate School,http://faculty.nps.edu/vitae/cgi-bin/vita.cgi?p=display_vita&id=1074712364,bfs3-ZoAAAAJ,0000-0000-0000-0000,https://dblp.org/pers/hd/d/Denning:Peter_J%3D
Peter J. Haas,Univ. of Massachusetts Amherst,https://people.cs.umass.edu/~phaas,PeCI8KcAAAAJ,0000-0001-5694-3065,https://dblp.org/pers/hd/h/Haas:Peter_J%3D
Peter M. Chen,University of Michigan,https://eecs.engin.umich.edu/people/chen-peter-m,dVZNQqUAAAAJ,0000-0002-5951-4183,https://dblp.org/pers/hd/c/Chen:Peter_M%3D
Peter Müller 0001,ETH Zurich,http://www.pm.inf.ethz.ch/people/personal/pmueller-pers.html,iJ0qZckAAAAJ,0000-0001-7001-2566,https://dblp.org/pers/hd/m/M=uuml=ller_0001:Peter
Peter Schröder,California Inst. of Technology,https://users.cms.caltech.edu/~ps,t3TgxNwAAAAJ,0000-0002-0323-7674,https://dblp.org/pers/hd/s/Schr=ouml=der:Peter
Peter Stone 0001,University of Texas at Austin,https://www.cs.utexas.edu/~pstone,qnwjcfAAAAAJ,0000-0000-0000-0000,https://dblp.org/pers/hd/s/Stone_0001:Peter
Peter Widmayer,ETH Zurich,https://www.inf.ethz.ch/personal/widmayer,NOSCHOLARPAGE,0000-0000-0000-0000,https://dblp.org/pers/hd/w/Widmayer:Peter
Philip N. Klein,Brown University,http://cs.brown.edu/~pnk,gVUD47sAAAAJ,0000-0000-0000-0000,https://dblp.org/pers/hd/k/Klein:Philip_N%3D
Philip S. Yu,University of Illinois at Chicago,https://www.cs.uic.edu/PSYu,D0lL1r0AAAAJ,0000-0002-3491-5968,https://dblp.org/pers/hd/y/Yu:Philip_S%3D
Philip Wadler,University of Edinburgh,http://homepages.inf.ed.ac.uk/wadler,Iz-3VFQAAAAJ,0000-0001-7619-6378,https://dblp.org/pers/hd/w/Wadler:Philip
Phillip B. Gibbons,Carnegie Mellon University,http://www.cs.cmu.edu/~gibbons,F9kqUXkAAAAJ,0000-0001-6967-2735,https://dblp.org/pers/hd/g/Gibbons:Phillip_B%3D
Phoebe Sengers,Cornell University,http://www.cs.cornell.edu/people/sengers,6c5cf1wAAAAJ,0000-0002-5778-5262,https://dblp.org/pers/hd/s/Sengers:Phoebe
Phokion G. Kolaitis,Univ. of California - Santa Cruz,https://users.soe.ucsc.edu/~kolaitis,Lu7biGYAAAAJ,0000-0002-8407-8563,https://dblp.org/pers/hd/k/Kolaitis:Phokion_G%3D
Pierre Baldi,Univ. of California - Irvine,http://www.igb.uci.edu/~pfbaldi,RhFhIIgAAAAJ,0000-0001-8752-4664,https://dblp.org/pers/hd/b/Baldi:Pierre
Piotr Indyk,Massachusetts Inst. of Technology,https://people.csail.mit.edu/indyk,oOwNKsAAAAAJ,0009-0005-2022-8429,https://dblp.org/pers/hd/i/Indyk:Piotr
Prakash Panangaden,McGill University,http://www.cs.mcgill.ca/~prakash,IROzEKQAAAAJ,0000-0000-0000-0000,https://dblp.org/pers/hd/p/Panangaden:Prakash
Prashant J. Shenoy,Univ. of Massachusetts Amherst,https://people.cs.umass.edu/~shenoy,TciP6mcAAAAJ,0000-0002-5435-1901,https://dblp.org/pers/hd/s/Shenoy:Prashant_J%3D
Qiang Yang 0001,HKUST,http://www.cs.ust.hk/~qyang,6vQP4KIAAAAJ,0000-0001-5059-8360,https://dblp.org/pers/hd/y/Yang_0001:Qiang
Rachid Guerraoui,EPFL,http://lpdwww.epfl.ch/rachid,_TR-7CEAAAAJ,0000-0002-4794-8902,https://dblp.org/pers/hd/g/Guerraoui:Rachid
Rada Mihalcea,University of Michigan,https://web.eecs.umich.edu/~mihalcea,UetM7FgAAAAJ,0000-0000-0000-0000,https://dblp.org/pers/hd/m/Mihalcea:Rada
Radhika Nagpal,Princeton University,http://www.radhikanagpal.org,a3ZGDsoAAAAJ,0000-0001-9756-0167,https://dblp.org/pers/hd/n/Nagpal:Radhika
Radu Marculescu,University of Texas at Austin,https://radum.ece.utexas.edu,ZCmYP5cAAAAJ,0000-0003-1826-7646,https://dblp.org/pers/hd/m/Marculescu:Radu
Rafael Pass,Tel Aviv University,https://sites.google.com/view/rafaelpass,_7IzKZQAAAAJ,0000-0001-7440-5690,https://dblp.org/pers/hd/p/Pass:Rafael
Rafail Ostrovsky,Univ. of California - Los Angeles,http://www.cs.ucla.edu/~rafail,UvFrX04AAAAJ,0000-0002-1501-1330,https://dblp.org/pers/hd/o/Ostrovsky:Rafail
Raj Jain,Washington University in St. Louis,https://www.cse.wustl.edu/~jain,runT3RsAAAAJ,0000-0000-0000-0000,https://dblp.org/pers/hd/j/Jain:Raj
Raj Reddy,Carnegie Mellon University,http://www.rr.cs.cmu.edu,6n7rzokAAAAJ,0000-0000-0000-0000,https://dblp.org/pers/hd/r/Reddy:Raj
Rajeev Alur,University of Pennsylvania,https://www.cis.upenn.edu/~alur,kWnv_YkAAAAJ,0000-0003-1733-7083,https://dblp.org/pers/hd/a/Alur:Rajeev
Rajesh Gupta 0001,Univ. of California - San Diego,http://mesl.ucsd.edu/gupta,I1w51gUAAAAJ,0000-0002-6489-7633,https://dblp.org/pers/hd/g/Gupta_0001:Rajesh
Rajiv Gupta 0001,Univ. of California - Riverside,http://www.cs.ucr.edu/~gupta,6P4bGWAAAAAJ,0000-0002-9348-3974,https://dblp.org/pers/hd/g/Gupta_0001:Rajiv
Rajkumar Buyya,University of Melbourne,http://www.buyya.com,7xN6JqYAAAAJ,0000-0000-0000-0000,https://dblp.org/pers/hd/b/Buyya:Rajkumar
Ramalingam Chellappa,Johns Hopkins University,https://engineering.jhu.edu/ece/faculty/rama-chellappa,mZxsTCcAAAAJ,0000-0000-0000-0000,https://dblp.org/pers/hd/c/Chellappa:Ramalingam
Ramesh Govindan,University of Southern California,https://govindan.usc.edu,ZTkRs84AAAAJ,0000-0001-8311-8853,https://dblp.org/pers/hd/g/Govindan:Ramesh
Ramesh K. Sitaraman,Univ. of Massachusetts Amherst,https://groups.cs.umass.edu/ramesh,Hj4o7GYAAAAJ,0000-0003-0558-6875,https://dblp.org/pers/hd/s/Sitaraman:Ramesh_K%3D
Ran Canetti,Boston University,https://www.bu.edu/cs/profiles/ran-canetti,-PWcE1YAAAAJ,0000-0002-5479-7540,https://dblp.org/pers/hd/c/Canetti:Ran
Ranjit Jhala,Univ. of California - San Diego,https://ranjitjhala.github.io,H3wb878AAAAJ,0000-0002-1802-9421,https://dblp.org/pers/hd/j/Jhala:Ranjit
Rasmus Pagh,University of Copenhagen,https://di.ku.dk/english/staff/?pure=en/persons/309342,VO4oS8UAAAAJ,0000-0002-1516-9306,https://dblp.org/pers/hd/p/Pagh:Rasmus
Ratul Mahajan,University of Washington,https://ratul.org,Sh1yq5QAAAAJ,0009-0005-8005-6948,https://dblp.org/pers/hd/m/Mahajan:Ratul
Ravi Ramamoorthi,Univ. of California - San Diego,https://cseweb.ucsd.edu/~ravir,q0MzO6cAAAAJ,0000-0003-3993-5789,https://dblp.org/pers/hd/r/Ramamoorthi:Ravi
Ravi Sethi,University of Arizona,https://www.cs.arizona.edu/~rsethi,ID4wZFwAAAAJ,0000-0000-0000-0000,https://dblp.org/pers/hd/s/Sethi:Ravi
Ravinderpal Singh Sandhu,University of Texas at San Antonio,http://www.profsandhu.com,wic7YpkAAAAJ,0000-0000-0000-0000,https://dblp.org/pers/hd/s/Sandhu:Ravinderpal_Singh
Ravishankar K. Iyer,Univ. of Illinois at Urbana-Champaign,https://www.ece.illinois.edu/directory/profile/rkiyer,NOSCHOLARPAGE,0000-0003-2245-3038,https://dblp.org/pers/hd/i/Iyer:Ravishankar_K%3D
Raymond J. Mooney,University of Texas at Austin,https://www.cs.utexas.edu/~mooney,p9RsPG4AAAAJ,0000-0000-0000-0000,https://dblp.org/pers/hd/m/Mooney:Raymond_J%3D
Reinhard Wilhelm,Saarland University,http://rw4.cs.uni-saarland.de/people/wilhelm.shtml,cmvUbRUAAAAJ,0000-0000-0000-0000,https://dblp.org/pers/hd/w/Wilhelm:Reinhard
Remzi H. Arpaci-Dusseau,University of Wisconsin - Madison,http://pages.cs.wisc.edu/~remzi,C1skWKgAAAAJ,0000-0001-9965-7704,https://dblp.org/pers/hd/a/Arpaci=Dusseau:Remzi_H%3D
René Vidal,University of Pennsylvania,https://www.grasp.upenn.edu/people/rene-vidal,uT8fgagAAAAJ,0000-0003-1838-0761,https://dblp.org/pers/hd/v/Vidal:Ren%3Deacute%3D
Renée J. Miller,University of Waterloo,https://cs.uwaterloo.ca/contacts/renee-j-miller,NjeM1LsAAAAJ,0000-0002-1484-4787,https://dblp.org/pers/hd/m/Miller:Ren%3Deacute%3De_J%3D
Richard A. DeMillo,Georgia Institute of Technology,http://c21u.gatech.edu/team/staff/demillo,Pil9rEEAAAAJ,0000-0000-0000-0000,https://dblp.org/pers/hd/d/DeMillo:Richard_A%3D
Richard A. Kemmerer,Univ. of California - Santa Barbara,https://www.cs.ucsb.edu/~kemm,NOSCHOLARPAGE,0000-0000-0000-0000,https://dblp.org/pers/hd/k/Kemmerer:Richard_A%3D
Richard S. Sutton,University of Alberta,https://webdocs.cs.ualberta.ca/~sutton,hNTyptAAAAAJ,0000-0000-0000-0000,https://dblp.org/pers/hd/s/Sutton:Richard_S%3D
Richard T. Snodgrass,University of Arizona,http://www.cs.arizona.edu/~rts,BkrB4awAAAAJ,0000-0000-0000-0000,https://dblp.org/pers/hd/s/Snodgrass:Richard_T%3D
Rick Stevens,University of Chicago,https://cs.uchicago.edu/people/rick-stevens,2oSSsLYAAAAJ,0000-0000-0000-0000,https://dblp.org/pers/hd/s/Stevens:Rick
Rina Dechter,Univ. of California - Irvine,http://www.ics.uci.edu/~dechter,PI_3bqEAAAAJ,0000-0000-0000-0000,https://dblp.org/pers/hd/d/Dechter:Rina
Rob A. Rutenbar,University of Pittsburgh,https://www.chancellor.pitt.edu/people/rob-rutenbar,avq8-1QAAAAJ,0009-0006-6193-0537,https://dblp.org/pers/hd/r/Rutenbar:Rob_A%3D
Robbert van Renesse,Cornell University,https://www.cs.cornell.edu/home/rvr,uJbM58UAAAAJ,0000-0003-3598-0283,https://dblp.org/pers/hd/r/Renesse:Robbert_van
Robert B. Schnabel,University of Colorado Boulder,https://www.colorado.edu/cs/bobby-schnabel,NOSCHOLARPAGE,0000-0000-0000-0000,https://dblp.org/pers/hd/s/Schnabel:Robert_B%3D
Robert Cartwright,Rice University,https://www.cs.rice.edu/~cork/index.shtml,TtJeqqoAAAAJ,0000-0000-0000-0000,https://dblp.org/pers/hd/c/Cartwright:Robert
Robert E. Tarjan,Princeton University,https://www.cs.princeton.edu/~ret,lazJixIAAAAJ,0000-0001-7505-5768,https://dblp.org/pers/hd/t/Tarjan:Robert_E%3D
Robert Harper 0001,Carnegie Mellon University,http://www.cs.cmu.edu/~rwh,hbpHGtQAAAAJ,0000-0002-9400-2941,https://dblp.org/pers/hd/h/Harper_0001:Robert
Robert J. K. Jacob,Tufts University,http://www.cs.tufts.edu/~jacob,NOSCHOLARPAGE,0000-0002-5983-7388,https://dblp.org/pers/hd/j/Jacob:Robert_J%3D_K%3D
Robert Kleinberg,Cornell University,http://www.cs.cornell.edu/~rdk,zkvW8FQAAAAJ,0000-0002-8306-3407,https://dblp.org/pers/hd/k/Kleinberg:Robert
Robert Tappan Morris,Massachusetts Inst. of Technology,https://pdos.csail.mit.edu/~rtm,NOSCHOLARPAGE,0000-0000-0000-0000,https://dblp.org/pers/hd/m/Morris:Robert_Tappan
Roberto Tamassia,Brown University,http://cs.brown.edu/~rt,eEYPTKUAAAAJ,0000-0003-2445-6064,https://dblp.org/pers/hd/t/Tamassia:Roberto
Robin R. Murphy,Texas A&M University,http://faculty.cs.tamu.edu/murphy,SIcRijoAAAAJ,0000-0000-0000-0000,https://dblp.org/pers/hd/m/Murphy:Robin_R%3D
Roch Guérin,Washington University in St. Louis,https://www.cse.wustl.edu/~guerin,54w2_AcAAAAJ,0000-0002-8928-9984,https://dblp.org/pers/hd/g/Gu=eacute=rin:Roch
Rolf Drechsler,University of Bremen,http://www.informatik.uni-bremen.de/agra/eng/team.php,9v_MAAIAAAAJ,0000-0002-9872-1740,https://dblp.org/pers/hd/d/Drechsler:Rolf
Ron Cytron,Washington University in St. Louis,https://www.cs.wustl.edu/~cytron,NOSCHOLARPAGE,0000-0000-0000-0000,https://dblp.org/pers/hd/c/Cytron:Ron
Ron Shamir,Tel Aviv University,http://www.cs.tau.ac.il/~rshamir,ri4rEPMAAAAJ,0000-0003-1889-9870,https://dblp.org/pers/hd/s/Shamir:Ron
Ronald J. Brachman,Cornell University,http://brachman.org,NOSCHOLARPAGE,0000-0000-0000-0000,https://dblp.org/pers/hd/b/Brachman:Ronald_J%3D
Ronald L. Rivest,Massachusetts Inst. of Technology,http://people.csail.mit.edu/rivest,6qE0tdAAAAAJ,0000-0000-0000-0000,https://dblp.org/pers/hd/r/Rivest:Ronald_L%3D
Ronald M. Baecker,University of Toronto,http://ron.taglab.ca,NOSCHOLARPAGE,0000-0000-0000-0000,https://dblp.org/pers/hd/b/Baecker:Ronald_M%3D
Ronitt Rubinfeld,Massachusetts Inst. of Technology,http://people.csail.mit.edu/ronitt,pZhZndYAAAAJ,0000-0002-4353-7639,https://dblp.org/pers/hd/r/Rubinfeld:Ronitt
Ruby B. Lee,Princeton University,https://www.princeton.edu/~rblee,odeKATgAAAAJ,0000-0000-0000-0000,https://dblp.org/pers/hd/l/Lee:Ruby_B%3D
S. Lakshmivarahan,University of Oklahoma,http://www.ou.edu/coe/cs/people/varahan,NOSCHOLARPAGE,0000-0000-0000-0000,https://dblp.org/pers/hd/l/Lakshmivarahan:S%3D
S. Rao Kosaraju,Johns Hopkins University,http://www.cs.jhu.edu/~kosaraju,NOSCHOLARPAGE,0000-0000-0000-0000,https://dblp.org/pers/hd/k/Kosaraju:S%3D_Rao
S. Sitharama Iyengar,Florida International University,http://users.cis.fiu.edu/~iyengar,eNONM8AAAAAJ,0000-0003-2944-8178,https://dblp.org/pers/hd/i/Iyengar:S%3D_Sitharama
S. Sudarshan 0001,IIT Bombay,https://www.cse.iitb.ac.in/~sudarsha,KtP9-zYAAAAJ,0000-0002-6230-2288,https://dblp.org/pers/hd/s/Sudarshan_0001:S%3D
Salil P. Vadhan,Harvard University,http://www.eecs.harvard.edu/~salil,37frPb8AAAAJ,0000-0002-4059-4072,https://dblp.org/pers/hd/v/Vadhan:Salil_P%3D
Salvatore J. Stolfo,Columbia University,http://www.cs.columbia.edu/~sal,DknsgF8AAAAJ,0000-0000-0000-0000,https://dblp.org/pers/hd/s/Stolfo:Salvatore_J%3D
Sam H. Noh,Virginia Tech,https://next.cs.vt.edu,i5lr8uEAAAAJ,0000-0002-9152-0321,https://dblp.org/pers/hd/n/Noh:Sam_H%3D
Saman P. Amarasinghe,Massachusetts Inst. of Technology,http://people.csail.mit.edu/saman,cF6i_goAAAAJ,0000-0002-7231-7643,https://dblp.org/pers/hd/a/Amarasinghe:Saman_P%3D
Samir Khuller,Northwestern University,https://www.samirkhuller.com,6vXTtDQAAAAJ,0000-0002-5408-8023,https://dblp.org/pers/hd/k/Khuller:Samir
Sampath Kannan,University of Pennsylvania,https://www.cis.upenn.edu/~kannan,WhvtccoAAAAJ,0000-0000-0000-0000,https://dblp.org/pers/hd/k/Kannan:Sampath
Samson Abramsky,University College London,https://www.cs.ox.ac.uk/samson.abramsky,L2vmD3MAAAAJ,0000-0003-3921-6637,https://dblp.org/pers/hd/a/Abramsky:Samson
Samuel Madden 0001,Massachusetts Inst. of Technology,http://db.csail.mit.edu/madden,a1ngrCIAAAAJ,0000-0002-7470-3265,https://dblp.org/pers/hd/m/Madden_0001:Samuel
Sandhya Dwarkadas,University of Virginia,https://engineering.virginia.edu/faculty/sandhya-dwarkadas,L1pb8GUAAAAJ,0000-0003-2631-8191,https://dblp.org/pers/hd/d/Dwarkadas:Sandhya
Sandy Irani,Univ. of California - Irvine,https://www.ics.uci.edu/~irani,dBhm_oIAAAAJ,0000-0000-0000-0000,https://dblp.org/pers/hd/i/Irani:Sandy
Sanjeev Arora,Princeton University,https://www.cs.princeton.edu/~arora,RUP4S68AAAAJ,0000-0002-8636-9970,https://dblp.org/pers/hd/a/Arora:Sanjeev
Sanjeev Khanna,New York University,http://www.cis.upenn.edu/~sanjeev,HriWXcEAAAAJ,0009-0000-2601-1689,https://dblp.org/pers/hd/k/Khanna:Sanjeev
Sanjit A. Seshia,Univ. of California - Berkeley,https://people.eecs.berkeley.edu/~sseshia,SlZavnIAAAAJ,0000-0001-6190-8707,https://dblp.org/pers/hd/s/Seshia:Sanjit_A%3D
Santosh Vempala,Georgia Institute of Technology,http://www.cc.gatech.edu/~vempala,hRggMmIAAAAJ,0000-0000-0000-0000,https://dblp.org/pers/hd/v/Vempala:Santosh
Sarit Kraus,Bar-Ilan University,http://u.cs.biu.ac.il/~sarit,PfgeYGwAAAAJ,0000-0003-4672-623X,https://dblp.org/pers/hd/k/Kraus:Sarit
Sarita V. Adve,Univ. of Illinois at Urbana-Champaign,http://rsim.cs.illinois.edu/~sadve,5m-oAesAAAAJ,0000-0002-3403-5119,https://dblp.org/pers/hd/a/Adve:Sarita_V%3D
Sartaj K. Sahni,University of Florida,http://www.cise.ufl.edu/~sahni,gMQWxE0AAAAJ,0000-0000-0000-0000,https://dblp.org/pers/hd/s/Sahni:Sartaj_K%3D
Satish Rao,Univ. of California - Berkeley,http://www.cs.berkeley.edu/~satishr,x_cgL6gAAAAJ,0000-0002-7353-333X,https://dblp.org/pers/hd/r/Rao:Satish
Satoshi Matsuoka,Institute of Science Tokyo,http://matsu-www.is.titech.ac.jp/~matsu/index.html.en,UcWOl8YAAAAJ,0000-0003-1910-8532,https://dblp.org/pers/hd/m/Matsuoka:Satoshi
Saul Greenberg,University of Calgary,http://saul.cpsc.ucalgary.ca,TthhUuoAAAAJ,0000-0000-0000-0000,https://dblp.org/pers/hd/g/Greenberg:Saul
Scott A. Mahlke,University of Michigan,http://web.eecs.umich.edu/~mahlke,-XpZ4fgAAAAJ,0000-0002-0438-0616,https://dblp.org/pers/hd/m/Mahlke:Scott_A%3D
Scott A. Smolka,Stony Brook University,http://www3.cs.stonybrook.edu/~sas,4q-QenMAAAAJ,0000-0002-7348-630X,https://dblp.org/pers/hd/s/Smolka:Scott_A%3D
Scott Aaronson,University of Texas at Austin,http://www.scottaaronson.com,7Qra5zYAAAAJ,0000-0000-0000-0000,https://dblp.org/pers/hd/a/Aaronson:Scott
Scott E. Hudson,Carnegie Mellon University,http://www.cs.cmu.edu/~hudson,6YU6_QoAAAAJ,0000-0002-0948-3251,https://dblp.org/pers/hd/h/Hudson:Scott_E%3D
Sebastian G. Elbaum,University of Virginia,https://engineering.virginia.edu/faculty/sebastian-elbaum,swPW5FYAAAAJ,0000-0001-9592-1352,https://dblp.org/pers/hd/e/Elbaum:Sebastian_G%3D
Seffi Naor,Technion,http://www.cs.technion.ac.il/~naor,xGbDr7YAAAAJ,0000-0000-0000-0000,https://dblp.org/pers/hd/n/Naor:Seffi
Serge Abiteboul,Ecole Normale Superieure de Cachan,http://abiteboul.com,lk_jn24AAAAJ,0000-0000-0000-0000,https://dblp.org/pers/hd/a/Abiteboul:Serge
Sethuraman Panchanathan,Arizona State University,https://search.asu.edu/profile/88253,GKTKZ8kAAAAJ,0000-0002-8769-6340,https://dblp.org/pers/hd/p/Panchanathan:Sethuraman
Shafi Goldwasser,Univ. of California - Berkeley,https://www2.eecs.berkeley.edu/Faculty/Homepages/goldwasser.html,NOSCHOLARPAGE,0000-0003-4728-1535,https://dblp.org/pers/hd/g/Goldwasser:Shafi
Shai Ben-David,University of Waterloo,https://cs.uwaterloo.ca/~shai,kezPqwoAAAAJ,0000-0000-0000-0000,https://dblp.org/pers/hd/b/Ben=David:Shai
Shamkant B. Navathe,Georgia Institute of Technology,http://www.cc.gatech.edu/computing/Database/faculty/sham,_Z12v2IAAAAJ,0000-0002-6666-0031,https://dblp.org/pers/hd/n/Navathe:Shamkant_B%3D
Shang-Hua Teng,University of Southern California,https://viterbi-web.usc.edu/~shanghua,NOSCHOLARPAGE,0000-0000-0000-0000,https://dblp.org/pers/hd/t/Teng:Shang%3DHua
Sharad Mehrotra,Univ. of California - Irvine,https://www.ics.uci.edu/~sharad,MTZaRW4AAAAJ,0000-0003-1667-5435,https://dblp.org/pers/hd/m/Mehrotra:Sharad
Sheelagh Carpendale,Simon Fraser University,https://www.cs.sfu.ca/~sheelagh,43LLX2kAAAAJ,0000-0002-5127-9780,https://dblp.org/pers/hd/c/Carpendale:Sheelagh
Sheila A. McIlraith,University of Toronto,http://www.cs.toronto.edu/~sheila,ny2zuvMAAAAJ,0000-0003-4953-0945,https://dblp.org/pers/hd/m/McIlraith:Sheila_A%3D
Shih-Fu Chang,Columbia University,http://www.ee.columbia.edu/~sfchang,OMVTRscAAAAJ,0000-0000-0000-0000,https://dblp.org/pers/hd/c/Chang:Shih%3DFu
Shlomo Zilberstein,Univ. of Massachusetts Amherst,http://rbr.cs.umass.edu/shlomo,q_n7d6EAAAAJ,0000-0001-9817-7848,https://dblp.org/pers/hd/z/Zilberstein:Shlomo
Shmuel Sagiv,Tel Aviv University,http://www.cs.tau.ac.il/~msagiv,j4UuW80AAAAJ,0000-0000-0000-0000,https://dblp.org/pers/hd/s/Sagiv:Shmuel
Shrikanth Narayanan,University of Southern California,http://sail.usc.edu/people/shri.php,8EDHmYkAAAAJ,0000-0002-1052-6204,https://dblp.org/pers/hd/n/Narayanan:Shrikanth
Shuicheng Yan,National University of Singapore,https://www.comp.nus.edu.sg/cs/people/yansc,DNuiPHwAAAAJ,0000-0001-8906-3777,https://dblp.org/pers/hd/y/Yan:Shuicheng
Shwetak N. Patel,University of Washington,http://abstract.cs.washington.edu/~shwetak,z4S5rC0AAAAJ,0000-0002-6300-4389,https://dblp.org/pers/hd/p/Patel:Shwetak_N%3D
Silvio Micali,Massachusetts Inst. of Technology,https://people.csail.mit.edu/silvio,NOSCHOLARPAGE,0000-0000-0000-0000,https://dblp.org/pers/hd/m/Micali:Silvio
Somesh Jha,University of Wisconsin - Madison,http://pages.cs.wisc.edu/~jha,BaI7l8QAAAAJ,0000-0001-5877-0436,https://dblp.org/pers/hd/j/Jha:Somesh
Songwu Lu,Univ. of California - Los Angeles,http://www.cs.ucla.edu/~slu,PVdTviYAAAAJ,0000-0003-3779-0918,https://dblp.org/pers/hd/l/Lu:Songwu
Srdjan Capkun,ETH Zurich,http://www.syssec.ethz.ch/people/capkun,VtkPBNsAAAAJ,0000-0001-5727-3673,https://dblp.org/pers/hd/c/Capkun:Srdjan
Srinivas Aluru,Georgia Institute of Technology,http://www.cc.gatech.edu/~saluru,YOGOScoAAAAJ,0000-0003-4279-469X,https://dblp.org/pers/hd/a/Aluru:Srinivas
Srinivas Devadas,Massachusetts Inst. of Technology,https://people.csail.mit.edu/devadas,NOSCHOLARPAGE,0000-0001-8253-7714,https://dblp.org/pers/hd/d/Devadas:Srinivas
Srinivasan Keshav,University of Cambridge,http://blizzard.cs.uwaterloo.ca/keshav,NOSCHOLARPAGE,0000-0002-6549-0464,https://dblp.org/pers/hd/k/Keshav:Srinivasan
Srinivasan Seshan,Carnegie Mellon University,http://www.cs.cmu.edu/~srini,0irVeiQAAAAJ,0000-0002-9508-2066,https://dblp.org/pers/hd/s/Seshan:Srinivasan
Stefan Savage,Univ. of California - San Diego,http://cseweb.ucsd.edu/~savage,_JhgbioAAAAJ,0000-0001-6617-8029,https://dblp.org/pers/hd/s/Savage:Stefan
Stefano Ceri,Politecnico di Milano,http://home.deib.polimi.it/ceri,aiulJmIAAAAJ,0000-0003-0671-2415,https://dblp.org/pers/hd/c/Ceri:Stefano
Stefano Leonardi 0001,Sapienza University of Rome,https://sites.google.com/a/uniroma1.it/stefanoleonardi-eng,p5LCHHEAAAAJ,0000-0002-9809-7191,https://dblp.org/pers/hd/l/Leonardi_0001:Stefano
Steffen Staab,University of Stuttgart,https://www.ki.uni-stuttgart.de/institute/team/Staab-00004,QvpcUn8AAAAJ,0000-0002-0780-4154,https://dblp.org/pers/hd/s/Staab:Steffen
Stephanie Weirich,University of Pennsylvania,https://www.cis.upenn.edu/~sweirich,NOSCHOLARPAGE,0000-0002-6756-9168,https://dblp.org/pers/hd/w/Weirich:Stephanie
Steve Marschner,Cornell University,http://www.cs.cornell.edu/~srm,llo3F3QAAAAJ,0000-0001-9810-0306,https://dblp.org/pers/hd/m/Marschner:Steve
Steve Whittaker 0001,Univ. of California - Santa Cruz,https://sites.google.com/view/stevewhittaker/home,TkVUIVsAAAAJ,0000-0000-0000-0000,https://dblp.org/pers/hd/w/Whittaker_0001:Steve
Steven Feiner,Columbia University,http://www.cs.columbia.edu/~feiner,PogsVkYAAAAJ,0000-0001-9978-7090,https://dblp.org/pers/hd/f/Feiner:Steven
Steven H. Low,California Inst. of Technology,http://www.eas.caltech.edu/people/3109/profile,4BrebIYAAAAJ,0000-0000-0000-0000,https://dblp.org/pers/hd/l/Low:Steven_H%3D
Steven M. Seitz,University of Washington,http://cs.washington.edu/homes/seitz,-6cOYcYAAAAJ,0009-0000-4214-4078,https://dblp.org/pers/hd/s/Seitz:Steven_M%3D
Steven Salzberg,Johns Hopkins University,https://salzberg-lab.org,sUVeH-4AAAAJ,0000-0002-8859-7432,https://dblp.org/pers/hd/s/Salzberg:Steven
Stuart M. Shieber,Harvard University,http://www.eecs.harvard.edu/shieber,oq8WAwsAAAAJ,0000-0002-7733-8195,https://dblp.org/pers/hd/s/Shieber:Stuart_M%3D
Stuart Russell 0001,Univ. of California - Berkeley,http://www.cs.berkeley.edu/~russell,KJGrjCAAAAAJ,0000-0000-0000-0000,https://dblp.org/pers/hd/r/Russell_0001:Stuart
Subbarao Kambhampati,Arizona State University,http://rakaposhi.eas.asu.edu,yl3L07sAAAAJ,0000-0000-0000-0000,https://dblp.org/pers/hd/k/Kambhampati:Subbarao
Subhash Suri,Univ. of California - Santa Barbara,https://www.cs.ucsb.edu/~suri,VgrH9A8AAAAJ,0000-0000-0000-0000,https://dblp.org/pers/hd/s/Suri:Subhash
Subhasish Mitra,Stanford University,https://web.stanford.edu/~subh,SCdhzWoAAAAJ,0000-0002-5572-5194,https://dblp.org/pers/hd/m/Mitra:Subhasish
Sudip Misra,IIT Kharagpur,http://cse.iitkgp.ac.in/~smisra,h33l-A8AAAAJ,0000-0000-0000-0000,https://dblp.org/pers/hd/m/Misra:Sudip
Suman Banerjee 0001,University of Wisconsin - Madison,http://pages.cs.wisc.edu/~suman,cLb-v7gAAAAJ,0000-0002-5548-8862,https://dblp.org/pers/hd/b/Banerjee_0001:Suman
Sumi Helal,University of Florida,http://www.cise.ufl.edu/~helal,NOSCHOLARPAGE,0000-0001-5451-4398,https://dblp.org/pers/hd/h/Helal:Sumi
Sunita Sarawagi,IIT Bombay,https://www.cse.iitb.ac.in/~sunita,Hg4HmTAAAAAJ,0009-0005-9538-6616,https://dblp.org/pers/hd/s/Sarawagi:Sunita
Susan B. Davidson,University of Pennsylvania,http://www.cis.upenn.edu/~susan,LW4lnZYAAAAJ,0009-0003-9259-9662,https://dblp.org/pers/hd/d/Davidson:Susan_B%3D
Susan Landau 0001,Tufts University,https://privacyink.org,6emSUYoAAAAJ,0000-0000-0000-0000,https://dblp.org/pers/hd/l/Landau_0001:Susan
Susanne Bødker,Aarhus University,http://pure.au.dk/portal/en/persons/id(87d4fbb6-b38c-449e-b87d-59f693b7d6f0).html,tO-dGhkAAAAJ,0000-0002-3571-1617,https://dblp.org/pers/hd/b/B=oslash=dker:Susanne
Sven Apel,Saarland University,https://www.se.cs.uni-saarland.de/apel,_4ssMloAAAAJ,0000-0003-3687-2233,https://dblp.org/pers/hd/a/Apel:Sven
Sven Koenig,Univ. of California - Irvine,http://idm-lab.org,tpoh43QAAAAJ,0000-0002-5458-094X,https://dblp.org/pers/hd/k/Koenig:Sven
Swarat Chaudhuri,University of Texas at Austin,https://www.cs.utexas.edu/~swarat,9j6RBYQAAAAJ,0000-0002-6859-1391,https://dblp.org/pers/hd/c/Chaudhuri:Swarat
Sylvia Ratnasamy,Univ. of California - Berkeley,http://www.eecs.berkeley.edu/~sylvia,sAdDcvQAAAAJ,0000-0002-0524-9425,https://dblp.org/pers/hd/r/Ratnasamy:Sylvia
Szymon Rusinkiewicz,Princeton University,https://www.cs.princeton.edu/~smr,RaScARwAAAAJ,0000-0002-4253-2588,https://dblp.org/pers/hd/r/Rusinkiewicz:Szymon
Tadayoshi Kohno,University of Washington,http://homes.cs.washington.edu/~yoshi,s_YDrrgAAAAJ,0000-0002-4899-226X,https://dblp.org/pers/hd/k/Kohno:Tadayoshi
Tajana Rosing,Univ. of California - San Diego,http://cseweb.ucsd.edu/~trosing,CeieiIgAAAAJ,0000-0002-6954-997X,https://dblp.org/pers/hd/r/Rosing:Tajana
Takeo Kanade,Carnegie Mellon University,http://www.ri.cmu.edu/people/kanade_takeo.html,LQ87h3sAAAAJ,0000-0000-0000-0000,https://dblp.org/pers/hd/k/Kanade:Takeo
Tamal Krishna Dey,Purdue University,https://www.cs.purdue.edu/homes/tamaldey,k7VhUnAAAAAJ,0000-0000-0000-0000,https://dblp.org/pers/hd/d/Dey:Tamal_Krishna
Tandy J. Warnow,Univ. of Illinois at Urbana-Champaign,https://tandy.cs.illinois.edu,pPB_WK0AAAAJ,0000-0001-7717-3514,https://dblp.org/pers/hd/w/Warnow:Tandy_J%3D
Tao Jiang 0001,Univ. of California - Riverside,http://www.cs.ucr.edu/~jiang,XUhsCZwAAAAJ,0000-0003-3833-4498,https://dblp.org/pers/hd/j/Jiang_0001:Tao
Tao Xie 0001,Peking University,https://taoxiease.github.io,DhhH9J4AAAAJ,0000-0002-6731-216X,https://dblp.org/pers/hd/x/Xie_0001:Tao
Tarek F. Abdelzaher,Univ. of Illinois at Urbana-Champaign,http://web.engr.illinois.edu/~zaher,cA28Zs0AAAAJ,0000-0003-3883-7220,https://dblp.org/pers/hd/a/Abdelzaher:Tarek_F%3D
Tei-Wei Kuo,National Taiwan University,https://www.csie.ntu.edu.tw/~ktw,gBuHlIQAAAAJ,0000-0003-1974-0394,https://dblp.org/pers/hd/k/Kuo:Tei%3DWei
Thad Starner,Georgia Institute of Technology,http://www.cc.gatech.edu/home/thad,qr8Vo9IAAAAJ,0000-0001-8442-7842,https://dblp.org/pers/hd/s/Starner:Thad
Theodore S. Rappaport,New York University,http://wireless.engineering.nyu.edu/tedrappaport,aLOSzWwAAAAJ,0000-0001-7449-9957,https://dblp.org/pers/hd/r/Rappaport:Theodore_S%3D
Thomas A. DeFanti,University of Illinois at Chicago,https://www.cs.uic.edu/~tom,NOSCHOLARPAGE,0000-0000-0000-0000,https://dblp.org/pers/hd/d/DeFanti:Thomas_A%3D
Thomas A. Henzinger,IST Austria,http://pub.ist.ac.at/~tah,jpgplxUAAAAJ,0000-0002-2985-7724,https://dblp.org/pers/hd/h/Henzinger:Thomas_A%3D
Thomas E. Anderson,University of Washington,http://www.cs.washington.edu/people/faculty/tom,MYqlcPgAAAAJ,0009-0004-2951-0343,https://dblp.org/pers/hd/a/Anderson:Thomas_E%3D
Thomas Eiter,TU Wien,http://www.kr.tuwien.ac.at/staff/eiter,X1L03cIAAAAJ,0000-0000-0000-0000,https://dblp.org/pers/hd/e/Eiter:Thomas
Thomas W. Reps,University of Wisconsin - Madison,http://pages.cs.wisc.edu/~reps,pwhyTq0AAAAJ,0000-0002-5676-9949,https://dblp.org/pers/hd/r/Reps:Thomas_W%3D
Thomas Zimmermann 0001,Univ. of California - Irvine,https://thomas-zimmermann.com,5zvbpooAAAAJ,0000-0003-4905-1469,https://dblp.org/pers/hd/z/Zimmermann_0001:Thomas
Thorsten Joachims,Cornell University,http://www.cs.cornell.edu/people/tj,5tk1PV8AAAAJ,0000-0003-3654-3683,https://dblp.org/pers/hd/j/Joachims:Thorsten
Tian He 0001,University of Minnesota,http://www-users.cs.umn.edu/~tianhe,hc1m_BQAAAAJ,0000-0002-8113-1170,https://dblp.org/pers/hd/h/He_0001:Tian
Tim Finin,Univ. of Maryland - Baltimore County,http://umbc.edu/~finin,p5oWQ0AAAAAJ,0000-0002-6593-1792,https://dblp.org/pers/hd/f/Finin:Tim
Tim Menzies,North Carolina State University,http://menzies.us,7htTUTgmLtUC,0000-0002-5040-3196,https://dblp.org/pers/hd/m/Menzies:Tim
Tim Roughgarden,Columbia University,http://timroughgarden.org,0lcJYs8AAAAJ,0000-0002-7163-8306,https://dblp.org/pers/hd/r/Roughgarden:Tim
Tim Sherwood,Univ. of California - Santa Barbara,https://www.cs.ucsb.edu/~sherwood,nLuHfy4AAAAJ,0000-0000-0000-0000,https://dblp.org/pers/hd/s/Sherwood:Tim
Timothy A. Davis 0001,Texas A&M University,http://faculty.cse.tamu.edu/davis,gNMqz_4AAAAJ,0000-0000-0000-0000,https://dblp.org/pers/hd/d/Davis_0001:Timothy_A%3D
Timothy M. Chan,Univ. of Illinois at Urbana-Champaign,http://tmc.web.engr.illinois.edu,CiesWGcAAAAJ,0000-0000-0000-0000,https://dblp.org/pers/hd/c/Chan:Timothy_M%3D
Timothy Roscoe,ETH Zurich,http://people.inf.ethz.ch/troscoe,NOSCHOLARPAGE,0000-0002-8298-1126,https://dblp.org/pers/hd/r/Roscoe:Timothy
Toby Walsh,UNSW,http://www.cse.unsw.edu.au/~tw,oOQ6x0IAAAAJ,0000-0000-0000-0000,https://dblp.org/pers/hd/w/Walsh:Toby
Todd C. Mowry,Carnegie Mellon University,http://www.cs.cmu.edu/~tcm,MYsIXF4AAAAJ,0000-0003-4076-5684,https://dblp.org/pers/hd/m/Mowry:Todd_C%3D
Tom Rodden,University of Nottingham,https://www.nottingham.ac.uk/computerscience/people/tom.rodden,gWbK0A0AAAAJ,0000-0000-0000-0000,https://dblp.org/pers/hd/r/Rodden:Tom
Tomás Lozano-Pérez,Massachusetts Inst. of Technology,http://people.csail.mit.edu/tlp,NOSCHOLARPAGE,0000-0000-0000-0000,https://dblp.org/pers/hd/l/Lozano=P=eacute=rez:Tom%3Daacute%3Ds
Toniann Pitassi,Columbia University,https://www.cs.toronto.edu/~toni,NOSCHOLARPAGE,0000-0002-8668-2174,https://dblp.org/pers/hd/p/Pitassi:Toniann
Torsten Hoefler,ETH Zurich,https://htor.inf.ethz.ch,DdBvcBEAAAAJ,0000-0002-1333-9797,https://dblp.org/pers/hd/h/Hoefler:Torsten
Tova Milo,Tel Aviv University,http://www.math.tau.ac.il/~milo,X1-ovCkAAAAJ,0000-0002-8566-8821,https://dblp.org/pers/hd/m/Milo:Tova
Tracy Camp,Colorado School of Mines,http://www.mines.edu/~tcamp,8TyIlFgAAAAJ,0000-0000-0000-0000,https://dblp.org/pers/hd/c/Camp:Tracy
Trent Jaeger,Univ. of California - Riverside,http://www.trentjaeger.com,JS8aznIAAAAJ,0000-0002-4964-1170,https://dblp.org/pers/hd/j/Jaeger:Trent
Tuomas Sandholm,Carnegie Mellon University,http://www.cs.cmu.edu/~sandholm,0DpK1EMAAAAJ,0000-0001-8861-9366,https://dblp.org/pers/hd/s/Sandholm:Tuomas
Ueli M. Maurer,ETH Zurich,https://www.crypto.ethz.ch/~maurer,TSsq3GMAAAAJ,0000-0000-0000-0000,https://dblp.org/pers/hd/m/Maurer:Ueli_M%3D
Umesh V. Vazirani,Univ. of California - Berkeley,http://www.cs.berkeley.edu/~vazirani,NOSCHOLARPAGE,0000-0000-0000-0000,https://dblp.org/pers/hd/v/Vazirani:Umesh_V%3D
Uri C. Weiser,Technion,http://webee.technion.ac.il/people/weiser,ctN8BtoAAAAJ,0000-0000-0000-0000,https://dblp.org/pers/hd/w/Weiser:Uri_C%3D
Uzi Vishkin,Univ. of Maryland - College Park,https://www.cs.umd.edu/people/vishkin,1r8HluQAAAAJ,0000-0003-0713-2674,https://dblp.org/pers/hd/v/Vishkin:Uzi
Val Tannen,University of Pennsylvania,http://www.cis.upenn.edu/~val,NOSCHOLARPAGE,0009-0008-6847-7274,https://dblp.org/pers/hd/t/Tannen:Val
Valerie King,University of Victoria,http://webhome.cs.uvic.ca/~val,2-iEYMUAAAAJ,0000-0001-7311-7427,https://dblp.org/pers/hd/k/King:Valerie
Valerie Taylor 0001,Texas A&M University,https://engineering.tamu.edu/cse/people/vtaylor,UUWrt60AAAAJ,0000-0000-0000-0000,https://dblp.org/pers/hd/t/Taylor_0001:Valerie
Venkatesan Guruswami,Univ. of California - Berkeley,https://people.eecs.berkeley.edu/~venkatg,Es6jE1kAAAAJ,0000-0001-7926-3396,https://dblp.org/pers/hd/g/Guruswami:Venkatesan
Venu Govindaraju,University at Buffalo,https://cubs.buffalo.edu/about-the-director,ruIgbscAAAAJ,0000-0002-5318-7409,https://dblp.org/pers/hd/g/Govindaraju:Venu
Vern Paxson,Univ. of California - Berkeley,http://www.icir.org/vern,HvwPRJ0AAAAJ,0009-0005-2673-543X,https://dblp.org/pers/hd/p/Paxson:Vern
Vicki L. Hanson,Rochester Inst. of Technology,https://vickihanson.org,my5lwzIAAAAJ,0000-0000-0000-0000,https://dblp.org/pers/hd/h/Hanson:Vicki_L%3D
Victor Vianu,Univ. of California - San Diego,https://cseweb.ucsd.edu/~vianu,CK_GLC8AAAAJ,0000-0000-0000-0000,https://dblp.org/pers/hd/v/Vianu:Victor
Vijay V. Vazirani,Univ. of California - Irvine,https://ics.uci.edu/~vazirani,8eB7Q1kAAAAJ,0000-0002-4106-9077,https://dblp.org/pers/hd/v/Vazirani:Vijay_V%3D
Vijaykrishnan Narayanan,Pennsylvania State University,http://www.cse.psu.edu/~vxn9,UyeTBeoAAAAJ,0000-0001-6266-6068,https://dblp.org/pers/hd/n/Narayanan:Vijaykrishnan
Vikram S. Adve,Univ. of Illinois at Urbana-Champaign,https://vikram.cs.illinois.edu,VbruE20AAAAJ,0000-0002-0760-9690,https://dblp.org/pers/hd/a/Adve:Vikram_S%3D
Viktor Prasanna 0001,University of Southern California,http://ceng.usc.edu/~prasanna,4FQXSP8AAAAJ,0000-0002-1609-8589,https://dblp.org/pers/hd/p/Prasanna_0001:Viktor
Vincent Conitzer,Carnegie Mellon University,https://users.cs.duke.edu/~conitzer,juRk4lQAAAAJ,0000-0003-1899-7884,https://dblp.org/pers/hd/c/Conitzer:Vincent
Vineet Bafna,Univ. of California - San Diego,http://cseweb.ucsd.edu/~vbafna,NzQu5SwAAAAJ,0000-0002-5810-6241,https://dblp.org/pers/hd/b/Bafna:Vineet
Vipin Kumar 0001,University of Minnesota,http://www-users.cs.umn.edu/~kumar,BnxU9TEAAAAJ,0000-0002-9040-2665,https://dblp.org/pers/hd/k/Kumar_0001:Vipin
Vishal Misra,Columbia University,http://www.cs.columbia.edu/~misra,9hPnkXsAAAAJ,0000-0000-0000-0000,https://dblp.org/pers/hd/m/Misra:Vishal
Vivek Sarkar,Georgia Institute of Technology,http://vsarkar.cc.gatech.edu,XjeIqxYAAAAJ,0000-0002-3433-8830,https://dblp.org/pers/hd/s/Sarkar:Vivek
Volker Markl,TU Berlin,https://www.dima.tu-berlin.de/menue/mitarbeiter/volker_markl/parameter/de,el2k_oIAAAAJ,0009-0009-0964-026X,https://dblp.org/pers/hd/m/Markl:Volker
Walter F. Tichy,Karlsruhe Inst. of Technology,https://ps.ipd.kit.edu/176_376.php,23RPQBQAAAAJ,0000-0002-1288-454X,https://dblp.org/pers/hd/t/Tichy:Walter_F%3D
Wang Yi 0001,Uppsala University,http://user.it.uu.se/~yi,_ynjrUUAAAAJ,0000-0002-2994-6110,https://dblp.org/pers/hd/y/Yi_0001:Wang
Wei Wang 0010,Univ. of California - Los Angeles,http://www.cs.ucla.edu/~weiwang,UedS9LQAAAAJ,0000-0002-8180-2886,https://dblp.org/pers/hd/w/Wang_0010:Wei
Wei-Ying Ma,City University of Hong Kong,https://scholars.cityu.edu.hk/en/persons/weiyma,SToCbu8AAAAJ,0000-0002-7384-0735,https://dblp.org/pers/hd/m/Ma:Wei%3DYing
Wen Gao 0001,Peking University,http://idm.pku.edu.cn/wgao,b0vWahYAAAAJ,0000-0001-8894-1806,https://dblp.org/pers/hd/g/Gao_0001:Wen
Wendi Beth Heinzelman,University of Rochester,http://www2.ece.rochester.edu/~wheinzel,myYVVuYAAAAJ,0000-0000-0000-0000,https://dblp.org/pers/hd/h/Heinzelman:Wendi_Beth
Wendy Hall 0001,University of Southampton,https://www.ecs.soton.ac.uk/people/wh,9NaDv3oAAAAJ,0000-0003-4327-7811,https://dblp.org/pers/hd/h/Hall_0001:Wendy
Wenfei Fan,University of Edinburgh,http://homepages.inf.ed.ac.uk/wenfei,u0S6ofAAAAAJ,0000-0001-5149-2656,https://dblp.org/pers/hd/f/Fan:Wenfei
Wenjing Lou,Virginia Tech,http://www.cnsr.ictas.vt.edu/WJLou.html,hM8uAwoAAAAJ,0000-0002-2421-4623,https://dblp.org/pers/hd/l/Lou:Wenjing
Wenke Lee,Georgia Institute of Technology,http://wenke.gtisc.gatech.edu,nfkH5V4AAAAJ,0000-0000-0000-0000,https://dblp.org/pers/hd/l/Lee:Wenke
Wenliang Du 0001,Zhejiang University,https://person.zju.edu.cn/wenliangdu,1aMkcasAAAAJ,0000-0002-4257-2010,https://dblp.org/pers/hd/d/Du_0001:Wenliang
Wenping Wang 0001,Texas A&M University,https://i.cs.hku.hk/~wenping,28shvv0AAAAJ,0000-0002-2284-3952,https://dblp.org/pers/hd/w/Wang_0001:Wenping
Wenwu Zhu 0001,Tsinghua University,http://media.cs.tsinghua.edu.cn/en/zww,7t2jzpgAAAAJ,0000-0003-2236-9290,https://dblp.org/pers/hd/z/Zhu_0001:Wenwu
Wil M. P. van der Aalst,RWTH Aachen University,http://www.vdaalst.com,aSZYyxIAAAAJ,0000-0000-0000-0000,https://dblp.org/pers/hd/a/Aalst:Wil_M%3D_P%3D_van_der
William D. Gropp,Univ. of Illinois at Urbana-Champaign,http://wgropp.cs.illinois.edu,vB96fX8AAAAJ,0000-0003-2905-3029,https://dblp.org/pers/hd/g/Gropp:William_D%3D
William H. Sanders,Carnegie Mellon University,https://engineering.cmu.edu/directory/bios/sanders-william.html,FClnlsgAAAAJ,0000-0000-0000-0000,https://dblp.org/pers/hd/s/Sanders:William_H%3D
William T. Freeman,Massachusetts Inst. of Technology,https://billf.mit.edu,0zZnyMEAAAAJ,0000-0002-2231-7995,https://dblp.org/pers/hd/f/Freeman:William_T%3D
Wolfgang Heidrich,KAUST,http://vccimaging.org/People/heidriw,IQSbom0AAAAJ,0000-0002-4227-8508,https://dblp.org/pers/hd/h/Heidrich:Wolfgang
Wolfgang Lehner,TU Dresden,https://wwwdb.inf.tu-dresden.de/team/head/wolfgang-lehner,YYzvyMQAAAAJ,0000-0001-8107-2775,https://dblp.org/pers/hd/l/Lehner:Wolfgang
Xavier Leroy,INRIA,https://xavierleroy.org,K5yXAeAAAAAJ,0000-0002-8971-9171,https://dblp.org/pers/hd/l/Leroy:Xavier
Xiangyang Li 0001,USTC,http://staff.ustc.edu.cn/~xiangyangli,JURtNb0AAAAJ,0000-0002-6070-6625,https://dblp.org/pers/hd/l/Li_0001:Xiangyang
Xiaobo Sharon Hu,University of Notre Dame,http://www3.nd.edu/~shu,NOSCHOLARPAGE,0000-0002-6636-9738,https://dblp.org/pers/hd/h/Hu:Xiaobo_Sharon
Xiaodong Zhang 0001,Ohio State University,http://web.cse.ohio-state.edu/~zhang,qFiMLsIAAAAJ,0000-0003-3411-3612,https://dblp.org/pers/hd/z/Zhang_0001:Xiaodong
XiaoFeng Wang 0001,Nanyang Technological University,https://dr.ntu.edu.sg/entities/person/Wang-Xiaofeng,pONu-5EAAAAJ,0000-0002-0607-4946,https://dblp.org/pers/hd/w/Wang_0001:XiaoFeng
Xiaohua Jia,City University of Hong Kong,https://www.cs.cityu.edu.hk/~jia,L5iEhq0AAAAJ,0000-0001-8702-8302,https://dblp.org/pers/hd/j/Jia:Xiaohua
Xiaotie Deng,Peking University,http://cfcs.pku.edu.cn/faculty/full_time_faculty/dengxiaotie/index.htm,OBUwP_oAAAAJ,0000-0002-5282-6467,https://dblp.org/pers/hd/d/Deng:Xiaotie
Xilin Chen 0001,Chinese Academy of Sciences,http://vipl.ict.ac.cn/view_people.php?url=xlchen&id=13,vVx2v20AAAAJ,0000-0003-3024-4404,https://dblp.org/pers/hd/c/Chen_0001:Xilin
Yan Solihin,University of Central Florida,https://sites.google.com/view/arpers,sUQFclgAAAAJ,0000-0002-8863-941X,https://dblp.org/pers/hd/s/Solihin:Yan
Yannis E. Ioannidis,University of Athens,http://www.madgik.di.uoa.gr/people/yannis,MIfpzUQAAAAJ,0000-0002-1705-8247,https://dblp.org/pers/hd/i/Ioannidis:Yannis_E%3D
Yi Ma 0001,University of Hong Kong,https://ai.hku.hk/index.php/people/academic-staff/mayi,XqLiBQMAAAAJ,0000-0000-0000-0000,https://dblp.org/pers/hd/m/Ma_0001:Yi
Yi-Bing Lin,National Chiao Tung University,http://liny.csie.nctu.edu.tw,NOSCHOLARPAGE,0000-0000-0000-0000,https://dblp.org/pers/hd/l/Lin:Yi%3DBing
Yiran Chen 0001,Duke University,https://ece.duke.edu/faculty/yiran-chen,3G-nnjMAAAAJ,0000-0002-1486-8412,https://dblp.org/pers/hd/c/Chen_0001:Yiran
Yishay Mansour,Tel Aviv University,http://www.tau.ac.il/~mansour,OEJUgwkAAAAJ,0000-0001-6891-2645,https://dblp.org/pers/hd/m/Mansour:Yishay
Yizhou Yu,University of Hong Kong,https://i.cs.hku.hk/~yzyu,e38fTZQAAAAJ,0000-0002-0470-5548,https://dblp.org/pers/hd/y/Yu:Yizhou
Yoshua Bengio,University of Montreal,http://www.iro.umontreal.ca/~bengioy,kukA0LcAAAAJ,0000-0000-0000-0000,https://dblp.org/pers/hd/b/Bengio:Yoshua
Yossi Matias,Tel Aviv University,http://www.math.tau.ac.il/~matias,IwSe1-MAAAAJ,0000-0003-3960-6002,https://dblp.org/pers/hd/m/Matias:Yossi
Yuan Xie 0001,HKUST,https://seng.hkust.edu.hk/about/people/faculty/yuan-xie,dK2ZuDcAAAAJ,0000-0003-2093-1788,https://dblp.org/pers/hd/x/Xie_0001:Yuan
Yuanyuan Zhou 0001,Univ. of California - San Diego,https://cseweb.ucsd.edu/~yyzhou,rWl0U0oAAAAJ,0000-0003-4760-7208,https://dblp.org/pers/hd/z/Zhou_0001:Yuanyuan
Yufei Tao 0001,Chinese University of Hong Kong,http://www.cse.cuhk.edu.hk/~taoyf,3FmJBHkAAAAJ,0000-0003-3883-5452,https://dblp.org/pers/hd/t/Tao_0001:Yufei
Yuguang Fang,City University of Hong Kong,https://www.cs.cityu.edu.hk/~yugufang,dJgRKmwAAAAJ,0000-0002-1079-3871,https://dblp.org/pers/hd/f/Fang:Yuguang
Yun Fu 0001,Northeastern University,http://www1.ece.neu.edu/~yunfu,h-JEcQ8AAAAJ,0000-0002-5098-2853,https://dblp.org/pers/hd/f/Fu_0001:Yun
Yunhao Liu 0001,Tsinghua University,https://people.gix.tsinghua.edu.cn/yunhao,hon00PIAAAAJ,0000-0001-8052-9200,https://dblp.org/pers/hd/l/Liu_0001:Yunhao
Yvonne Rogers,University College London,https://uclic.ucl.ac.uk/people/yvonne-rogers,qzcYcEAAAAAJ,0000-0001-7612-0234,https://dblp.org/pers/hd/r/Rogers:Yvonne
Z. Meral Özsoyoglu,Case Western Reserve University,http://engineering.case.edu/eecs/faculty-staff,QRrrUU0AAAAJ,0000-0000-0000-0000,https://dblp.org/pers/hd/=/=Ouml=zsoyoglu:Z%3D_Meral
Z. Morley Mao,University of Michigan,http://web.eecs.umich.edu/~zmao,NOSCHOLARPAGE,0000-0002-9844-2055,https://dblp.org/pers/hd/m/Mao:Z%3D_Morley
Zachary G. Ives,University of Pennsylvania,http://www.cis.upenn.edu/~zives,2wJaIkEAAAAJ,0000-0001-7527-2957,https://dblp.org/pers/hd/i/Ives:Zachary_G%3D
Zhendong Su 0001,ETH Zurich,http://web.cs.ucdavis.edu/~su,RivxoIcAAAAJ,0000-0002-2970-1391,https://dblp.org/pers/hd/s/Su_0001:Zhendong
Zhi-Hua Zhou,Nanjing University,https://cs.nju.edu.cn/zhouzh,rSVIHasAAAAJ,0000-0003-0746-1494,https://dblp.org/pers/hd/z/Zhou:Zhi%3DHua
Zhu Han 0001,University of Houston,http://www2.egr.uh.edu/~zhan2,ty7wIXoAAAAJ,0000-0000-0000-0000,https://dblp.org/pers/hd/h/Han_0001:Zhu
Zi Helen Huang,University of Queensland,http://staff.itee.uq.edu.au/huang,PnBlwhgAAAAJ,0000-0000-0000-0000,https://dblp.org/pers/hd/h/Huang:Zi_Helen
Zvi Galil,Georgia Institute of Technology,http://www.cc.gatech.edu/people/zvi-galil,NOSCHOLARPAGE,0000-0000-0000-0000,https://dblp.org/pers/hd/g/Galil:Zvi
Zygmunt J. Haas,University of Texas at Dallas,http://www.utdallas.edu/~zjh130030,tk8qFe0AAAAJ,0000-0000-0000-0000,https://dblp.org/pers/hd/h/Haas:Zygmunt_J%3D
Éva Tardos,Cornell University,http://www.cs.cornell.edu/~eva,h6jljQQAAAAJ,0000-0002-2978-1475,https://dblp.org/pers/hd/t/Tardos:%3DEacute%3Dva
