name,profile,crawl_date,affiliation,interests,citations,h_index,i10_index,citations_since_5y_ago,h_index_since_5y_ago,i10_index_since_5y_ago,first_citation_year,citation_by_year
Adam Wierman,https://scholar.google.com/citations?user=4OvOdSgAAAAJ,2026-09-16,"Carl F Braun Professor of Computing+Mathematical Sciences, Caltech","[""Sustainable Computing"", ""Heavy Tails"", ""Online Algorithms"", ""Stochastic Networks"", ""Performance Evaluation""]",15841,66,185,7978,51,160,2004,"{""2004"":52,""2005"":50,""2006"":55,""2007"":117,""2008"":122,""2009"":135,""2010"":176,""2011"":233,""2012"":423,""2013"":552,""2014"":683,""2015"":824,""2016"":896,""2017"":860,""2018"":859,""2019"":854,""2020"":823,""2021"":976,""2022"":1040,""2023"":1337,""2024"":1341,""2025"":1687,""2026"":1563}"
Aggelos Kiayias,https://scholar.google.com/citations?user=P_L_vZAAAAAJ,2026-09-16,"School of Informatics, University of Edinburgh, & IOG","[""Cryptography"", ""Security""]",20540,64,188,11823,49,131,2004,"{""2004"":110,""2005"":149,""2006"":212,""2007"":157,""2008"":195,""2009"":264,""2010"":264,""2011"":199,""2012"":255,""2013"":224,""2014"":345,""2015"":376,""2016"":497,""2017"":659,""2018"":1061,""2019"":1567,""2020"":1896,""2021"":2095,""2022"":2245,""2023"":2118,""2024"":1904,""2025"":2321,""2026"":1117}"
Alessandro (Alex) Orso,https://scholar.google.com/citations?user=wCfYkMkAAAAJ,2026-09-16,"Dean of Engineering and Professor of CS and ECE, University of Georgia","[""Software Engineering"", ""Programming Languages"", ""Security""]",16960,69,137,5465,38,88,2002,"{""2002"":56,""2003"":123,""2004"":128,""2005"":214,""2006"":260,""2007"":396,""2008"":429,""2009"":485,""2010"":610,""2011"":599,""2012"":722,""2013"":805,""2014"":899,""2015"":825,""2016"":935,""2017"":903,""2018"":988,""2019"":956,""2020"":927,""2021"":895,""2022"":849,""2023"":952,""2024"":964,""2025"":1040,""2026"":757}"
Alistair Moffat,https://scholar.google.com/citations?user=r3xSME0AAAAJ,2026-09-16,"School of Computing and Information Systems, The University of Melbourne","[""Compression"", ""indexing"", ""retrieval"", ""search"", ""information systems""]",25479,68,220,6224,36,101,1994,"{""1994"":87,""1995"":143,""1996"":140,""1997"":260,""1998"":272,""1999"":307,""2000"":344,""2001"":444,""2002"":509,""2003"":565,""2004"":618,""2005"":656,""2006"":779,""2007"":906,""2008"":932,""2009"":965,""2010"":955,""2011"":918,""2012"":1050,""2013"":934,""2014"":911,""2015"":896,""2016"":1047,""2017"":1106,""2018"":1015,""2019"":1009,""2020"":916,""2021"":982,""2022"":1028,""2023"":1076,""2024"":1188,""2025"":1122,""2026"":826}"
Angela Bonifati,https://scholar.google.com/citations?user=0RdtBlUAAAAJ,2026-09-16,"Distinguished Professor of Computer Science, Lyon 1 University, Senior Member of the French IUF","[""Graph Databases"", ""Data Integration"", ""Artificial Intelligence"", ""Big Data Analytics""]",8083,44,96,3908,28,67,2000,"{""2000"":24,""2001"":79,""2002"":103,""2003"":124,""2004"":157,""2005"":145,""2006"":179,""2007"":184,""2008"":201,""2009"":206,""2010"":202,""2011"":184,""2012"":204,""2013"":206,""2014"":251,""2015"":262,""2016"":201,""2017"":207,""2018"":250,""2019"":321,""2020"":315,""2021"":371,""2022"":530,""2023"":530,""2024"":784,""2025"":1002,""2026"":668}"
Antonio Torralba,https://scholar.google.com/citations?user=8cxDHS4AAAAJ,2026-09-16,"Professor of Computer Science, MIT","[""vision"", ""computer vision""]",178857,166,363,105801,133,321,2006,"{""2006"":551,""2007"":824,""2008"":1133,""2009"":1607,""2010"":2234,""2011"":2673,""2012"":3153,""2013"":3819,""2014"":4459,""2015"":5007,""2016"":6238,""2017"":7326,""2018"":8645,""2019"":10935,""2020"":12510,""2021"":14558,""2022"":16649,""2023"":17914,""2024"":20183,""2025"":20713,""2026"":15706}"
Ariel Procaccia,https://scholar.google.com/citations?user=8ZpV-lkAAAAJ,2026-09-16,"Alfred and Rebecca Lin Professor of Computer Science, Harvard University","[""Artificial Intelligence"", ""Algorithmic Game Theory"", ""Computational Social Choice""]",18727,70,184,10533,53,147,2008,"{""2008"":134,""2009"":131,""2010"":172,""2011"":248,""2012"":351,""2013"":354,""2014"":545,""2015"":758,""2016"":916,""2017"":826,""2018"":959,""2019"":1175,""2020"":1237,""2021"":1430,""2022"":1577,""2023"":1619,""2024"":1849,""2025"":2058,""2026"":1979}"
Baoquan Chen,https://scholar.google.com/citations?user=iHWtrEAAAAAJ,2026-09-16,"Peking University, ACM/IEEE Fellow","[""computer graphics"", ""computer vision"", ""visualization"", ""multimedia"", ""human computer interaction""]",23052,77,196,14778,55,161,2002,"{""2002"":67,""2003"":88,""2004"":101,""2005"":167,""2006"":143,""2007"":153,""2008"":192,""2009"":158,""2010"":188,""2011"":226,""2012"":285,""2013"":385,""2014"":465,""2015"":549,""2016"":559,""2017"":667,""2018"":832,""2019"":1219,""2020"":1595,""2021"":2085,""2022"":2244,""2023"":2426,""2024"":2796,""2025"":3019,""2026"":2197}"
Cristina Conati,https://scholar.google.com/citations?user=Ytp9oFQAAAAJ,2026-09-16,"Professor of Computer Science, University of British Columbia","[""AI"", ""Human-Centred AI"", ""User Modeling"", ""AI-driven personalization"", ""Affective Computing""]",15270,61,159,6206,38,111,1999,"{""1999"":51,""2000"":72,""2001"":102,""2002"":96,""2003"":116,""2004"":207,""2005"":248,""2006"":270,""2007"":370,""2008"":378,""2009"":517,""2010"":474,""2011"":446,""2012"":513,""2013"":592,""2014"":599,""2015"":594,""2016"":639,""2017"":578,""2018"":578,""2019"":622,""2020"":757,""2021"":720,""2022"":725,""2023"":938,""2024"":1147,""2025"":1387,""2026"":1238}"
Cynthia Rudin,https://scholar.google.com/citations?user=mezKJyoAAAAJ,2026-09-16,"Professor of Computer Science, ECE, Statistics, and Biostatistics & Bioinformatics, Duke University","[""machine learning"", ""interpretability"", ""data science""]",47110,73,184,39863,61,153,2011,"{""2011"":138,""2012"":152,""2013"":195,""2014"":232,""2015"":360,""2016"":351,""2017"":492,""2018"":803,""2019"":1370,""2020"":2307,""2021"":3595,""2022"":4925,""2023"":5971,""2024"":7049,""2025"":9185,""2026"":9083}"
Dejan Milojicic,https://scholar.google.com/citations?user=4VqLAT8AAAAJ,2026-09-16,Hewlett Packard Labs,"[""Distributed Systems"", ""Operating Systems"", ""Cloud Computing"", ""Systems Software"", ""HPC""]",14032,51,173,5293,29,86,1997,"{""1997"":39,""1998"":62,""1999"":45,""2000"":135,""2001"":150,""2002"":210,""2003"":287,""2004"":346,""2005"":422,""2006"":386,""2007"":375,""2008"":331,""2009"":358,""2010"":366,""2011"":402,""2012"":469,""2013"":456,""2014"":444,""2015"":478,""2016"":458,""2017"":472,""2018"":509,""2019"":585,""2020"":701,""2021"":781,""2022"":873,""2023"":1003,""2024"":935,""2025"":1023,""2026"":658}"
Deming Chen,https://scholar.google.com/citations?user=A_A_LrsAAAAJ,2026-09-16,Abel Bliss Professor. University of Illinois at Urbana-Champaign,"[""High-level Synthesis"", ""Hybrid Cloud"", ""FPGAs"", ""Machine Learning"", ""Hardware Security""]",19386,68,213,12828,48,158,2005,"{""2005"":75,""2006"":77,""2007"":109,""2008"":137,""2009"":217,""2010"":238,""2011"":248,""2012"":331,""2013"":377,""2014"":414,""2015"":480,""2016"":489,""2017"":535,""2018"":538,""2019"":889,""2020"":1228,""2021"":1837,""2022"":1935,""2023"":1876,""2024"":2212,""2025"":2553,""2026"":2399}"
Denys Poshyvanyk,https://scholar.google.com/citations?user=gyLFs0IAAAAJ,2026-09-16,"Chancellor Professor of Computer Science, William & Mary","[""software engineering"", ""software analytics"", ""software evolution"", ""software maintenance"", ""program""]",27103,94,215,13771,62,178,2007,"{""2007"":85,""2008"":128,""2009"":204,""2010"":312,""2011"":406,""2012"":599,""2013"":828,""2014"":946,""2015"":998,""2016"":1286,""2017"":1506,""2018"":1939,""2019"":1912,""2020"":1949,""2021"":2065,""2022"":2249,""2023"":2404,""2024"":2496,""2025"":2624,""2026"":1920}"
Eytan Adar,https://scholar.google.com/citations?user=4tMapHYAAAAJ,2026-09-16,"Professor, University of Michigan","[""Human Computer Interaction"", ""HCI"", ""Human-AI Interaction"", ""Visualization"", ""Social Media""]",22364,65,123,6908,41,88,2001,"{""2001"":72,""2002"":178,""2003"":246,""2004"":357,""2005"":466,""2006"":573,""2007"":654,""2008"":749,""2009"":893,""2010"":893,""2011"":953,""2012"":960,""2013"":1050,""2014"":1081,""2015"":994,""2016"":1020,""2017"":968,""2018"":990,""2019"":990,""2020"":1035,""2021"":1033,""2022"":1092,""2023"":1175,""2024"":1306,""2025"":1373,""2026"":921}"
Franck Cappello,https://scholar.google.com/citations?user=z5u02kIAAAAJ,2026-09-16,"Argonne National Laboratory. IEEE Fellow, ACM Fellow.","[""Parallel Processing"", ""High Performance Computing"", ""Fault Tolerance"", ""Data Compression""]",21662,72,274,8868,43,181,2002,"{""2002"":61,""2003"":126,""2004"":175,""2005"":284,""2006"":330,""2007"":361,""2008"":448,""2009"":531,""2010"":610,""2011"":624,""2012"":793,""2013"":883,""2014"":925,""2015"":1022,""2016"":967,""2017"":978,""2018"":1035,""2019"":1130,""2020"":1191,""2021"":1220,""2022"":1195,""2023"":1368,""2024"":1551,""2025"":1944,""2026"":1578}"
Gail-Joon Ahn,https://scholar.google.com/citations?user=_dzO69sAAAAJ,2026-09-16,Arizona State University,"[""Security and Privacy""]",19321,70,200,6556,39,112,2001,"{""2001"":56,""2002"":70,""2003"":170,""2004"":195,""2005"":220,""2006"":333,""2007"":292,""2008"":347,""2009"":389,""2010"":374,""2011"":498,""2012"":622,""2013"":832,""2014"":1024,""2015"":1058,""2016"":1192,""2017"":1195,""2018"":1149,""2019"":1253,""2020"":1259,""2021"":1271,""2022"":1307,""2023"":1187,""2024"":1090,""2025"":1011,""2026"":682}"
George Candea,https://scholar.google.com/citations?user=Yd-SGH8AAAAJ,2026-09-16,"Professor of Computer Science, EPFL (Lausanne, Switzerland)","[""Computer Systems"", ""Performance"", ""Reliability"", ""Security""]",10597,51,87,2820,30,53,2002,"{""2002"":55,""2003"":130,""2004"":133,""2005"":214,""2006"":202,""2007"":263,""2008"":276,""2009"":257,""2010"":309,""2011"":398,""2012"":390,""2013"":525,""2014"":579,""2015"":671,""2016"":673,""2017"":641,""2018"":638,""2019"":606,""2020"":698,""2021"":553,""2022"":484,""2023"":502,""2024"":499,""2025"":451,""2026"":331}"
George Drettakis,https://scholar.google.com/citations?user=LGo5J4IAAAAJ,2026-09-16,Inria Center at Université Côte d’Azur/GRAPHDECO,"[""Computer Graphics"", ""Rendering"", ""Neural Rendering"", ""Gaussian Splatting"", ""Global Illumination""]",25816,63,141,17646,35,70,1997,"{""1997"":74,""1998"":126,""1999"":195,""2000"":188,""2001"":173,""2002"":262,""2003"":383,""2004"":335,""2005"":431,""2006"":364,""2007"":357,""2008"":360,""2009"":400,""2010"":333,""2011"":326,""2012"":319,""2013"":286,""2014"":335,""2015"":300,""2016"":376,""2017"":403,""2018"":406,""2019"":503,""2020"":610,""2021"":625,""2022"":705,""2023"":842,""2024"":3035,""2025"":6203,""2026"":6183}"
Edward Suh,https://scholar.google.com/citations?user=neO3vFYAAAAJ,2026-09-16,NVIDIA / Cornell University,"[""Computer Architecture"", ""Security"", ""EDA"", ""Machine Learning""]",19018,51,111,7866,40,90,2004,"{""2004"":139,""2005"":212,""2006"":235,""2007"":309,""2008"":360,""2009"":409,""2010"":540,""2011"":571,""2012"":603,""2013"":720,""2014"":770,""2015"":827,""2016"":917,""2017"":980,""2018"":1065,""2019"":1072,""2020"":1234,""2021"":1265,""2022"":1257,""2023"":1317,""2024"":1266,""2025"":1502,""2026"":1253}"
Hai Jin,https://scholar.google.com/citations?user=o02W0aEAAAAJ,2026-09-16,Huazhong University of Science and Technology,"[""Parallel and Distributed Computing"", ""Computer Architecture"", ""Cloud Computing"", ""P2P""]",49071,99,874,29986,78,580,2005,"{""2005"":124,""2006"":230,""2007"":284,""2008"":401,""2009"":443,""2010"":640,""2011"":765,""2012"":927,""2013"":1224,""2014"":1342,""2015"":1676,""2016"":1829,""2017"":1822,""2018"":1975,""2019"":2241,""2020"":2628,""2021"":3380,""2022"":3970,""2023"":4799,""2024"":6048,""2025"":7118,""2026"":4611}"
Hanghang Tong,https://scholar.google.com/citations?user=RaINcuUAAAAJ,2026-09-16,University of Illinois at Urbana-Champaign,"[""Large Scale Data Mining"", ""Graph Mining"", ""Social Networks"", ""Healthcare"", ""Multimedia""]",31750,82,381,20468,62,320,2007,"{""2007"":87,""2008"":181,""2009"":229,""2010"":284,""2011"":397,""2012"":518,""2013"":598,""2014"":711,""2015"":917,""2016"":1052,""2017"":1346,""2018"":1443,""2019"":1539,""2020"":1698,""2021"":1899,""2022"":2358,""2023"":3048,""2024"":3836,""2025"":5064,""2026"":4221}"
Hui Xiong,https://scholar.google.com/citations?user=cVDF1tkAAAAJ,2026-09-16,Rutgers University/Baidu/HKUST,"[""Artificial Intelligence"", ""data mining"", ""business intelligence"", ""mobile computing""]",74193,108,595,57231,84,510,2008,"{""2008"":312,""2009"":395,""2010"":442,""2011"":573,""2012"":632,""2013"":924,""2014"":985,""2015"":1221,""2016"":1567,""2017"":1727,""2018"":2239,""2019"":2445,""2020"":2785,""2021"":4027,""2022"":5813,""2023"":8077,""2024"":11124,""2025"":15609,""2026"":12446}"
Javier Esparza,https://scholar.google.com/citations?user=c9qgPSYAAAAJ,2026-09-16,"Professor of Computer Science, Technical University of Munich","[""Verification"", ""Automata Theory"", ""Concurrency Theory"", ""Logic in Computer Science""]",14261,59,134,2727,28,65,1993,"{""1993"":45,""1994"":39,""1995"":86,""1996"":174,""1997"":192,""1998"":250,""1999"":170,""2000"":277,""2001"":302,""2002"":367,""2003"":420,""2004"":405,""2005"":526,""2006"":460,""2007"":530,""2008"":623,""2009"":611,""2010"":565,""2011"":517,""2012"":573,""2013"":624,""2014"":541,""2015"":507,""2016"":553,""2017"":492,""2018"":540,""2019"":425,""2020"":457,""2021"":530,""2022"":516,""2023"":412,""2024"":472,""2025"":448,""2026"":347}"
Jian Ma,https://scholar.google.com/citations?user=nDw9v78AAAAJ,2026-09-16,"Ray and Stephanie Lane Professor, School of Computer Science, Carnegie Mellon University","[""AI for Biology"", ""Computational Biology"", ""Biomedical AI"", ""Single-cell Epigenomics""]",21486,63,134,12477,53,112,2007,"{""2007"":94,""2008"":223,""2009"":207,""2010"":185,""2011"":239,""2012"":289,""2013"":423,""2014"":603,""2015"":767,""2016"":885,""2017"":925,""2018"":1148,""2019"":1302,""2020"":1451,""2021"":1901,""2022"":1983,""2023"":1881,""2024"":2056,""2025"":2590,""2026"":2039}"
Jiaya Jia,https://scholar.google.com/citations?user=XPAkzTEAAAAJ,2026-09-16,"Chair Professor, HKUST; Adjunct Prof., CUHK","[""Artificial Intelligence"", ""Computer Vision"", ""Deep Learning""]",118760,128,303,89903,109,264,2009,"{""2009"":435,""2010"":657,""2011"":752,""2012"":885,""2013"":1050,""2014"":1370,""2015"":1761,""2016"":2191,""2017"":2763,""2018"":3607,""2019"":5357,""2020"":6843,""2021"":10111,""2022"":12553,""2023"":15280,""2024"":18142,""2025"":19854,""2026"":13917}"
Jun Zhu,https://scholar.google.com/citations?user=axsP38wAAAAJ,2026-09-16,"Professor of Computer Science, Tsinghua University; ACM/IEEE/AAAI Fellow","[""Machine Learning"", ""Bayesian Methods"", ""Deep Generative Models"", ""Adversarial Robustness"", ""Reinforcement""]",74187,111,409,65212,100,358,2012,"{""2012"":286,""2013"":288,""2014"":435,""2015"":465,""2016"":536,""2017"":690,""2018"":1159,""2019"":1748,""2020"":2680,""2021"":3674,""2022"":4818,""2023"":7771,""2024"":13193,""2025"":18746,""2026"":16777}"
Junfeng Yang,https://scholar.google.com/citations?user=JJ9AvbAAAAAJ,2026-09-16,"Professor of Computer Science, Columbia University","[""Operating systems"", ""software reliability"", ""concurrency"", ""and security.""]",14599,51,109,9455,38,96,2005,"{""2005"":71,""2006"":101,""2007"":143,""2008"":157,""2009"":163,""2010"":190,""2011"":184,""2012"":230,""2013"":287,""2014"":292,""2015"":350,""2016"":329,""2017"":319,""2018"":461,""2019"":717,""2020"":981,""2021"":1059,""2022"":1191,""2023"":1490,""2024"":1730,""2025"":2130,""2026"":1851}"
Kate Starbird,https://scholar.google.com/citations?user=C6KSF5gAAAAJ,2026-09-16,"Professor, Human Centered Design & Engineering, University of Washington","[""Crisis Informatics"", ""Crowdsourcing"", ""Crowdwork"", ""CSCW"", ""Human Computer Interaction""]",13445,48,93,6746,42,82,2010,"{""2010"":67,""2011"":175,""2012"":318,""2013"":393,""2014"":557,""2015"":662,""2016"":668,""2017"":791,""2018"":919,""2019"":919,""2020"":1045,""2021"":1083,""2022"":1125,""2023"":1059,""2024"":1069,""2025"":1375,""2026"":1027}"
Ke Yi,https://scholar.google.com/citations?user=dWcZPFEAAAAJ,2026-09-16,HKUST,"[""Database theory and systems""]",8710,53,117,3262,30,77,2005,"{""2005"":50,""2006"":53,""2007"":68,""2008"":118,""2009"":187,""2010"":343,""2011"":376,""2012"":445,""2013"":455,""2014"":430,""2015"":468,""2016"":443,""2017"":443,""2018"":470,""2019"":492,""2020"":485,""2021"":434,""2022"":481,""2023"":589,""2024"":630,""2025"":675,""2026"":448}"
Ken-ichi Kawarabayashi,https://scholar.google.com/citations?user=DWERCmsAAAAJ,2026-09-16,"National Institute of Informatics, The University of Tokyo","[""Graph Theory"", ""Graph Algorithms"", ""Combinatorics"", ""Discrete Mathematics"", ""Combinatorial optimization""]",16442,57,227,10125,37,128,2005,"{""2005"":70,""2006"":56,""2007"":103,""2008"":141,""2009"":228,""2010"":209,""2011"":234,""2012"":342,""2013"":346,""2014"":268,""2015"":373,""2016"":454,""2017"":562,""2018"":675,""2019"":857,""2020"":1163,""2021"":1325,""2022"":1636,""2023"":1737,""2024"":1886,""2025"":2010,""2026"":1527}"
Kian-Lee Tan,https://scholar.google.com/citations?user=JQ-sxKYAAAAJ,2026-09-16,National University of Singapore,"[""Databases"", ""Analytics"", ""Performance""]",26595,81,310,6853,39,112,1997,"{""1997"":79,""1998"":89,""1999"":126,""2000"":165,""2001"":179,""2002"":233,""2003"":366,""2004"":458,""2005"":568,""2006"":740,""2007"":819,""2008"":806,""2009"":1115,""2010"":1158,""2011"":1043,""2012"":1067,""2013"":995,""2014"":993,""2015"":1163,""2016"":1249,""2017"":1284,""2018"":1568,""2019"":1510,""2020"":1465,""2021"":1470,""2022"":1262,""2023"":1213,""2024"":1218,""2025"":1035,""2026"":654}"
Kwang-Ting (Tim) Cheng,https://scholar.google.com/citations?user=-SgpaF8AAAAJ,2026-09-16,"Chair Professor of ECE and CSE, HKUST","[""Design"", ""Automation"", ""and Test for Integrated Circuits"", ""Computer Vision"", ""Medical Image Analysis""]",36571,95,514,15400,57,207,1991,"{""1991"":117,""1992"":140,""1993"":205,""1994"":212,""1995"":329,""1996"":406,""1997"":360,""1998"":415,""1999"":420,""2000"":482,""2001"":491,""2002"":536,""2003"":686,""2004"":663,""2005"":778,""2006"":875,""2007"":936,""2008"":929,""2009"":893,""2010"":951,""2011"":879,""2012"":942,""2013"":837,""2014"":881,""2015"":921,""2016"":914,""2017"":912,""2018"":1026,""2019"":1173,""2020"":1363,""2021"":1628,""2022"":1917,""2023"":2171,""2024"":2822,""2025"":3674,""2026"":3162}"
Li Xiong,https://scholar.google.com/citations?user=jJ8BLgsAAAAJ,2026-09-16,"Samuel Dobbs Professor, Computer Science, Emory University","[""Machine learning"", ""privacy enhancing technology"", ""AI for health"", ""mobility data""]",29129,58,179,20511,46,133,2004,"{""2004"":82,""2005"":155,""2006"":204,""2007"":285,""2008"":350,""2009"":403,""2010"":489,""2011"":444,""2012"":494,""2013"":472,""2014"":480,""2015"":571,""2016"":588,""2017"":653,""2018"":750,""2019"":789,""2020"":1234,""2021"":1877,""2022"":2514,""2023"":3085,""2024"":3660,""2025"":4906,""2026"":4318}"
Luca Carloni,https://scholar.google.com/citations?user=sEAoh3MAAAAJ,2026-09-16,"Professor and Chair of Computer Science, Columbia University","[""System-on-Chip"", ""Heterogeneous Computing"", ""Open-Source Hardware"", ""Design Automation"", ""Engineering""]",12063,58,164,3922,32,83,2002,"{""2002"":39,""2003"":84,""2004"":152,""2005"":193,""2006"":266,""2007"":269,""2008"":352,""2009"":427,""2010"":480,""2011"":527,""2012"":545,""2013"":573,""2014"":541,""2015"":597,""2016"":608,""2017"":629,""2018"":558,""2019"":566,""2020"":546,""2021"":612,""2022"":696,""2023"":649,""2024"":675,""2025"":825,""2026"":461}"
Lujo Bauer,https://scholar.google.com/citations?user=5cJzDZEAAAAJ,2026-09-16,Carnegie Mellon University,"[""Computer Security"", ""Usable Security and Privacy"", ""Societal Computing""]",17398,66,125,8484,47,93,2004,"{""2004"":58,""2005"":95,""2006"":139,""2007"":176,""2008"":246,""2009"":257,""2010"":237,""2011"":288,""2012"":365,""2013"":401,""2014"":484,""2015"":619,""2016"":732,""2017"":887,""2018"":1105,""2019"":1256,""2020"":1397,""2021"":1503,""2022"":1493,""2023"":1528,""2024"":1502,""2025"":1446,""2026"":1002}"
Madanlal Musuvathi,https://scholar.google.com/citations?user=6ENuGyoAAAAJ,2026-09-16,Microsoft Research,"[""Concurrency and Parallelism"", ""Program Verification"", ""Algorithms"", ""Systems"", ""Model Checking""]",10024,48,106,3616,32,61,2004,"{""2004"":53,""2005"":117,""2006"":118,""2007"":166,""2008"":192,""2009"":245,""2010"":348,""2011"":417,""2012"":450,""2013"":493,""2014"":461,""2015"":564,""2016"":566,""2017"":558,""2018"":509,""2019"":529,""2020"":508,""2021"":596,""2022"":488,""2023"":614,""2024"":603,""2025"":715,""2026"":599}"
Marco Dorigo,https://scholar.google.com/citations?user=PwYT6EMAAAAJ,2026-09-16,"FNRS Research Director, IRIDIA, Université Libre de Bruxelles","[""Swarm Intelligence"", ""Swarm Robotics"", ""Metaheuristics"", ""Computational Intelligence""]",159516,122,402,38072,69,225,1998,"{""1998"":459,""1999"":650,""2000"":917,""2001"":1173,""2002"":1937,""2003"":2268,""2004"":3186,""2005"":4115,""2006"":5256,""2007"":5686,""2008"":6534,""2009"":7570,""2010"":7310,""2011"":7008,""2012"":7415,""2013"":8038,""2014"":7236,""2015"":7014,""2016"":7063,""2017"":6757,""2018"":7083,""2019"":6733,""2020"":6741,""2021"":6710,""2022"":6885,""2023"":6811,""2024"":6291,""2025"":6799,""2026"":4558}"
Michael Gleicher,https://scholar.google.com/citations?user=kDkH9UkAAAAJ,2026-09-16,"Professor of Computer Sciences, University of Wisconsin - Madison","[""Computer Graphics"", ""Visualization"", ""Robotics""]",22392,72,185,6848,44,122,1993,"{""1993"":65,""1994"":50,""1995"":71,""1996"":54,""1997"":65,""1998"":106,""1999"":96,""2000"":170,""2001"":201,""2002"":280,""2003"":342,""2004"":498,""2005"":570,""2006"":689,""2007"":644,""2008"":788,""2009"":684,""2010"":779,""2011"":779,""2012"":791,""2013"":770,""2014"":877,""2015"":795,""2016"":954,""2017"":920,""2018"":1055,""2019"":1050,""2020"":1101,""2021"":1067,""2022"":1216,""2023"":1183,""2024"":1260,""2025"":1231,""2026"":851}"
Mohamed Mokbel,https://scholar.google.com/citations?user=GHz1ZVIAAAAJ,2026-09-16,"ACM Fellow, IEEE Fellow, Distinguished McKnight University Professor, Univ. of Minnesota","[""Database Systems"", ""GIS"", ""Spatial Databases"", ""Spatial Big Data"", ""Mobile Data Management""]",17304,59,173,3604,30,80,2004,"{""2004"":64,""2005"":215,""2006"":285,""2007"":314,""2008"":403,""2009"":592,""2010"":602,""2011"":652,""2012"":696,""2013"":848,""2014"":1001,""2015"":1337,""2016"":1385,""2017"":1396,""2018"":1390,""2019"":1193,""2020"":1132,""2021"":872,""2022"":731,""2023"":568,""2024"":588,""2025"":509,""2026"":336}"
Natarajan Shankar,https://scholar.google.com/citations?user=qVzY4XYAAAAJ,2026-09-16,SRI International Computer Science Laboratory,"[""Computational Logic"", ""Automated Reasoning"", ""Formal Methods"", ""Computer-Aided Verification"", ""Programming Languages""]",14859,58,136,1940,20,46,1992,"{""1992"":49,""1993"":75,""1994"":136,""1995"":293,""1996"":413,""1997"":391,""1998"":523,""1999"":540,""2000"":517,""2001"":521,""2002"":530,""2003"":609,""2004"":576,""2005"":681,""2006"":629,""2007"":669,""2008"":588,""2009"":466,""2010"":456,""2011"":410,""2012"":373,""2013"":428,""2014"":441,""2015"":387,""2016"":392,""2017"":343,""2018"":384,""2019"":382,""2020"":347,""2021"":352,""2022"":356,""2023"":369,""2024"":326,""2025"":292,""2026"":244}"
Nenad Medvidovic,https://scholar.google.com/citations?user=kqW_-2gAAAAJ,2026-09-16,"Professor of Computer Science, University of Southern California","[""Software Engineering"", ""Software Architecture"", ""Distributed Systems""]",20012,63,185,2673,26,53,1997,"{""1997"":68,""1998"":155,""1999"":251,""2000"":424,""2001"":483,""2002"":641,""2003"":685,""2004"":939,""2005"":922,""2006"":1007,""2007"":978,""2008"":970,""2009"":931,""2010"":1010,""2011"":914,""2012"":888,""2013"":816,""2014"":815,""2015"":720,""2016"":723,""2017"":710,""2018"":771,""2019"":636,""2020"":540,""2021"":554,""2022"":543,""2023"":424,""2024"":414,""2025"":411,""2026"":327}"
Noam Nisan,https://scholar.google.com/citations?user=zXQZPnMAAAAJ,2026-09-16,"Professor of Computer Science, Hebrew University of Jerusalem","[""Algorithmic Game Theory"", ""Game Theory"", ""Complexity"", ""Mechanism Design"", ""Auction Theory""]",39190,80,158,9466,45,108,1992,"{""1992"":105,""1993"":142,""1994"":191,""1995"":167,""1996"":235,""1997"":285,""1998"":302,""1999"":329,""2000"":384,""2001"":461,""2002"":539,""2003"":716,""2004"":841,""2005"":974,""2006"":1001,""2007"":1190,""2008"":1181,""2009"":1444,""2010"":1493,""2011"":1545,""2012"":1547,""2013"":1611,""2014"":1798,""2015"":1780,""2016"":1735,""2017"":1719,""2018"":1722,""2019"":1783,""2020"":1647,""2021"":1682,""2022"":1558,""2023"":1493,""2024"":1739,""2025"":1647,""2026"":1344}"
Oded Regev,https://scholar.google.com/citations?user=3-gk0ioAAAAJ,2026-09-16,Professor of Computer Science,"[""Theoretical Computer Science""]",26685,61,105,13069,42,77,2004,"{""2004"":100,""2005"":138,""2006"":201,""2007"":255,""2008"":409,""2009"":412,""2010"":465,""2011"":529,""2012"":614,""2013"":704,""2014"":965,""2015"":956,""2016"":1224,""2017"":1320,""2018"":1589,""2019"":1563,""2020"":1749,""2021"":1722,""2022"":1870,""2023"":2026,""2024"":2368,""2025"":2758,""2026"":2302}"
Odest Chadwicke Jenkins,https://scholar.google.com/citations?user=dp5LnVAAAAAJ,2026-09-16,University of Michigan,"[""Robotics"", ""Mobile Manipulation"", ""Robot Perception"", ""Human-Robot Interaction"", ""Chad Jenkins""]",7289,44,106,2357,25,59,2002,"{""2002"":21,""2003"":41,""2004"":115,""2005"":108,""2006"":149,""2007"":186,""2008"":228,""2009"":293,""2010"":275,""2011"":277,""2012"":267,""2013"":296,""2014"":342,""2015"":336,""2016"":364,""2017"":335,""2018"":350,""2019"":403,""2020"":428,""2021"":385,""2022"":391,""2023"":468,""2024"":418,""2025"":401,""2026"":289}"
Paolo Ferragina,https://scholar.google.com/citations?user=3EILU3MAAAAJ,2026-09-16,"Professor of Algorithms, Dept. Computer Science, University of Pisa","[""Algorithms and Data Structures"", ""Data Compression"", ""Information Retrieval"", ""Web Search and Mining"", ""Big Data""]",14874,47,115,5615,28,60,1998,"{""1998"":51,""1999"":72,""2000"":72,""2001"":109,""2002"":114,""2003"":143,""2004"":207,""2005"":254,""2006"":267,""2007"":392,""2008"":444,""2009"":454,""2010"":423,""2011"":444,""2012"":470,""2013"":553,""2014"":621,""2015"":621,""2016"":640,""2017"":660,""2018"":708,""2019"":582,""2020"":698,""2021"":749,""2022"":799,""2023"":914,""2024"":1100,""2025"":1274,""2026"":768}"
Pei Cao,https://scholar.google.com/citations?user=JHwivywAAAAJ,2026-09-16,Google Inc. and Stanford University,"[""Computer Systems"", ""Web"", ""Networks""]",18696,33,44,1698,13,14,1995,"{""1995"":55,""1996"":103,""1997"":136,""1998"":172,""1999"":359,""2000"":428,""2001"":678,""2002"":734,""2003"":832,""2004"":1022,""2005"":998,""2006"":966,""2007"":1043,""2008"":999,""2009"":912,""2010"":883,""2011"":851,""2012"":871,""2013"":768,""2014"":702,""2015"":588,""2016"":609,""2017"":529,""2018"":511,""2019"":476,""2020"":422,""2021"":401,""2022"":330,""2023"":288,""2024"":279,""2025"":229,""2026"":171}"
Peter Müller,https://scholar.google.com/citations?user=ttxZRHEAAAAJ,2026-09-17,ETH Zurich,"[""Program Verification"", ""Formal Methods"", ""Programming Methodology""]",9708,49,136,3653,31,71,2000,"{""2000"":43,""2001"":65,""2002"":115,""2003"":94,""2004"":153,""2005"":233,""2006"":295,""2007"":412,""2008"":333,""2009"":366,""2010"":293,""2011"":353,""2012"":374,""2013"":403,""2014"":280,""2015"":354,""2016"":286,""2017"":330,""2018"":368,""2019"":365,""2020"":408,""2021"":452,""2022"":499,""2023"":604,""2024"":695,""2025"":862,""2026"":534}"
Rajkumar Buyya,https://scholar.google.com/citations?user=7xN6JqYAAAAJ,2026-09-16,"School of Computing and Information Systems, Uni of Melbourne; Fellow of ACM, IEEE, Academia Europea","[""Cloud Computing"", ""Data Centers"", ""Edge Computing"", ""Internet of Things"", ""Quantum Computing""]",174347,183,899,66273,121,632,2002,"{""2002"":459,""2003"":684,""2004"":884,""2005"":1403,""2006"":1849,""2007"":1970,""2008"":2323,""2009"":2935,""2010"":3395,""2011"":4242,""2012"":5414,""2013"":6665,""2014"":8122,""2015"":8963,""2016"":9831,""2017"":10849,""2018"":11864,""2019"":11956,""2020"":11634,""2021"":12141,""2022"":11290,""2023"":10660,""2024"":11154,""2025"":12354,""2026"":8480}"
Ratul Mahajan,https://scholar.google.com/citations?user=Sh1yq5QAAAAJ,2026-09-16,University of Washington,"[""Computer systems and networks""]",25370,72,128,6588,39,96,2002,"{""2002"":102,""2003"":285,""2004"":409,""2005"":534,""2006"":543,""2007"":622,""2008"":634,""2009"":746,""2010"":809,""2011"":937,""2012"":1114,""2013"":1201,""2014"":1303,""2015"":1490,""2016"":1530,""2017"":1519,""2018"":1679,""2019"":1509,""2020"":1526,""2021"":1399,""2022"":1181,""2023"":963,""2024"":1091,""2025"":1078,""2026"":874}"
Rebecca N. Wright,https://scholar.google.com/citations?user=L-xeJPoAAAAJ,2026-09-16,Barnard College,"[""cybersecurity"", ""privacy"", ""distributed computing""]",6245,37,67,1508,18,29,1996,"{""1996"":31,""1997"":22,""1998"":37,""1999"":62,""2000"":69,""2001"":67,""2002"":70,""2003"":93,""2004"":114,""2005"":142,""2006"":189,""2007"":247,""2008"":296,""2009"":281,""2010"":283,""2011"":256,""2012"":234,""2013"":286,""2014"":258,""2015"":238,""2016"":233,""2017"":219,""2018"":270,""2019"":307,""2020"":322,""2021"":378,""2022"":265,""2023"":279,""2024"":256,""2025"":226,""2026"":104}"
Sheelagh Carpendale,https://scholar.google.com/citations?user=43LLX2kAAAAJ,2026-09-16,"Professor & Canada Research Chair, Computing Science, Simon Fraser University","[""Information Visualization"", ""Data Visualization"", ""Interaction Design"", ""Human Computer Interaction"", ""Collaborative Visualization""]",23473,81,253,7369,43,149,2003,"{""2003"":89,""2004"":142,""2005"":172,""2006"":327,""2007"":379,""2008"":505,""2009"":601,""2010"":766,""2011"":901,""2012"":1084,""2013"":1135,""2014"":1287,""2015"":1286,""2016"":1414,""2017"":1326,""2018"":1387,""2019"":1361,""2020"":1375,""2021"":1332,""2022"":1284,""2023"":1329,""2024"":1268,""2025"":1272,""2026"":881}"
Stephanie Weirich,https://scholar.google.com/citations?user=-vC_l2kAAAAJ,2026-09-16,"Professor of Computer Science, University of Pennsylvania","[""Programming Languages"", ""Functional programming"", ""Type Systems"", ""Dependent types"", ""Generic programming""]",5689,37,73,1228,18,37,1999,"{""1999"":31,""2000"":65,""2001"":78,""2002"":121,""2003"":81,""2004"":122,""2005"":163,""2006"":229,""2007"":238,""2008"":222,""2009"":250,""2010"":235,""2011"":228,""2012"":264,""2013"":233,""2014"":241,""2015"":236,""2016"":208,""2017"":272,""2018"":295,""2019"":338,""2020"":221,""2021"":238,""2022"":212,""2023"":171,""2024"":179,""2025"":208,""2026"":220}"
Steve Hodges,https://scholar.google.com/citations?user=7-H0ry4AAAAJ,2026-09-16,Lancaster University 📄= pub; 💡= patent ; 🏆/🏅= award,"[""ubiquitous computing"", ""pervasive computing"", ""HCI"", ""physical computing"", ""IoT""]",31225,80,209,10417,48,139,2003,"{""2003"":97,""2004"":94,""2005"":85,""2006"":74,""2007"":128,""2008"":201,""2009"":311,""2010"":434,""2011"":484,""2012"":934,""2013"":1577,""2014"":1925,""2015"":2172,""2016"":2299,""2017"":2408,""2018"":2488,""2019"":2351,""2020"":2330,""2021"":2178,""2022"":2117,""2023"":1660,""2024"":1778,""2025"":1680,""2026"":989}"
Sven Apel,https://scholar.google.com/citations?user=_4ssMloAAAAJ,2026-09-16,"Professor of Computer Science, Saarland University, Saarland Informatics Campus","[""Software Engineering"", ""Program Comprehension"", ""AI4SE"", ""Software Analytics"", ""Empirical Methods""]",21434,78,228,8396,48,157,2006,"{""2006"":64,""2007"":169,""2008"":324,""2009"":559,""2010"":534,""2011"":670,""2012"":833,""2013"":986,""2014"":1018,""2015"":920,""2016"":1155,""2017"":1447,""2018"":1333,""2019"":1487,""2020"":1342,""2021"":1471,""2022"":1407,""2023"":1567,""2024"":1380,""2025"":1409,""2026"":1152}"
Swarat Chaudhuri,https://scholar.google.com/citations?user=9j6RBYQAAAAJ,2026-09-16,"UT Austin, Google DeepMind","[""Automated Reasoning"", ""Machine Learning"", ""Formal Methods"", ""Programming Languages""]",11337,47,96,7361,35,79,2009,"{""2009"":34,""2010"":42,""2011"":92,""2012"":244,""2013"":276,""2014"":339,""2015"":337,""2016"":347,""2017"":381,""2018"":445,""2019"":571,""2020"":752,""2021"":814,""2022"":885,""2023"":990,""2024"":1018,""2025"":1506,""2026"":2133}"
Sylvia Ratnasamy,https://scholar.google.com/citations?user=sAdDcvQAAAAJ,2026-09-16,"Professor of Computer Science, UC Berkeley",[],52670,71,116,9747,40,79,2002,"{""2002"":456,""2003"":1067,""2004"":1781,""2005"":2214,""2006"":2315,""2007"":2459,""2008"":2204,""2009"":2264,""2010"":2162,""2011"":1987,""2012"":2063,""2013"":2333,""2014"":2491,""2015"":2751,""2016"":3019,""2017"":2836,""2018"":2867,""2019"":2584,""2020"":2316,""2021"":2168,""2022"":1849,""2023"":1714,""2024"":1591,""2025"":1458,""2026"":963}"
Tadayoshi Kohno,https://scholar.google.com/citations?user=s_YDrrgAAAAJ,2026-09-16,"Professor and McDevitt Chair in Computer Science, Ethics, and Society at Georgetown University","[""Security and Privacy"", ""Usable Privacy and Security"", ""Security and Society"", ""Tech Policy"", ""Mixed Reality""]",37692,85,212,16933,61,171,2004,"{""2004"":126,""2005"":177,""2006"":260,""2007"":343,""2008"":447,""2009"":613,""2010"":748,""2011"":931,""2012"":1060,""2013"":1188,""2014"":1383,""2015"":1542,""2016"":1851,""2017"":2020,""2018"":2280,""2019"":2486,""2020"":2736,""2021"":2803,""2022"":2889,""2023"":2787,""2024"":2891,""2025"":3173,""2026"":2370}"
Tao Mei,https://scholar.google.com/citations?user=7Yq4wf4AAAAJ,2026-09-16,Founder of HiDream.ai; Fellow of CAE/ACM/IEEE/IAPR,"[""Multimedia"", ""Computer Vision"", ""Generative AI"", ""Artificial Intelligence""]",52219,110,360,35734,89,296,2009,"{""2009"":204,""2010"":334,""2011"":377,""2012"":477,""2013"":639,""2014"":721,""2015"":838,""2016"":1169,""2017"":1727,""2018"":2106,""2019"":3312,""2020"":4234,""2021"":5548,""2022"":6160,""2023"":6795,""2024"":6788,""2025"":6432,""2026"":3939}"
Themis Palpanas,https://scholar.google.com/citations?user=qUBdmWgAAAAJ,2026-09-16,"Distinguished Professor, University Paris Cite, ACM Fellow, French University Institute (IUF) Fellow","[""data management"", ""data science"", ""data/time series"", ""anomaly detection"", ""high-dimensional similarity""]",15556,66,223,8569,49,167,2005,"{""2005"":63,""2006"":78,""2007"":136,""2008"":136,""2009"":158,""2010"":191,""2011"":202,""2012"":343,""2013"":335,""2014"":426,""2015"":524,""2016"":639,""2017"":722,""2018"":810,""2019"":834,""2020"":1163,""2021"":1023,""2022"":1084,""2023"":1271,""2024"":1399,""2025"":2077,""2026"":1686}"
Theodore (Ted) S. Rappaport,https://scholar.google.com/citations?user=aLOSzWwAAAAJ,2026-09-16,"NYU WIRELESS Founder; Lee/Weber Chair of ECE; Prof. of CS; Prof. of Radiology, New York University","[""wireless"", ""communications"", ""antennas"", ""propagation"", ""6G""]",130489,138,431,36813,81,265,1996,"{""1996"":440,""1997"":574,""1998"":777,""1999"":816,""2000"":1195,""2001"":1340,""2002"":1898,""2003"":2154,""2004"":2530,""2005"":3098,""2006"":3330,""2007"":3560,""2008"":3343,""2009"":3602,""2010"":3657,""2011"":3536,""2012"":3806,""2013"":3846,""2014"":4431,""2015"":5115,""2016"":6513,""2017"":7935,""2018"":8123,""2019"":8012,""2020"":7550,""2021"":7480,""2022"":7116,""2023"":6252,""2024"":5886,""2025"":5795,""2026"":4270}"
Tommaso Melodia,https://scholar.google.com/citations?user=WzLpSRkAAAAJ,2026-09-16,Institute for Intelligent Networked Systems at Northeastern University,"[""Open RAN"", ""Spectrum Sharing"", ""5G/6G"", ""AI/ML"", ""Internet of Things""]",32283,77,288,15408,59,215,2006,"{""2006"":177,""2007"":358,""2008"":626,""2009"":778,""2010"":1060,""2011"":1152,""2012"":1346,""2013"":1447,""2014"":1353,""2015"":1414,""2016"":1369,""2017"":1357,""2018"":1349,""2019"":1339,""2020"":1407,""2021"":1638,""2022"":1847,""2023"":2352,""2024"":2693,""2025"":3727,""2026"":3102}"
Wolfgang Heidrich,https://scholar.google.com/citations?user=IQSbom0AAAAJ,2026-09-16,"Professor of CS & ECE, KAUST; Fellow of NAI, ACM, IEEE, Optica","[""computational imaging"", ""vision"", ""graphics"", ""optics"", ""inverse problems""]",28721,84,246,11748,52,161,1999,"{""1999"":89,""2000"":133,""2001"":174,""2002"":302,""2003"":391,""2004"":361,""2005"":436,""2006"":414,""2007"":558,""2008"":512,""2009"":663,""2010"":732,""2011"":717,""2012"":840,""2013"":957,""2014"":1040,""2015"":1140,""2016"":1192,""2017"":1286,""2018"":1322,""2019"":1499,""2020"":1668,""2021"":1832,""2022"":1870,""2023"":2079,""2024"":2055,""2025"":2316,""2026"":1579}"
Wolfgang Lehner,https://scholar.google.com/citations?user=YYzvyMQAAAAJ,2026-09-16,Dresden University of Technology (TUD) / Aalborg University (AAU),"[""query optimization"", ""main-memory database systems"", ""HW/SW-CoDesign""]",13776,56,279,5200,34,133,1999,"{""1999"":58,""2000"":61,""2001"":88,""2002"":78,""2003"":86,""2004"":87,""2005"":95,""2006"":123,""2007"":165,""2008"":170,""2009"":233,""2010"":228,""2011"":312,""2012"":316,""2013"":495,""2014"":614,""2015"":793,""2016"":694,""2017"":761,""2018"":934,""2019"":960,""2020"":1015,""2021"":974,""2022"":1042,""2023"":975,""2024"":926,""2025"":793,""2026"":487}"
Xiaohua JIA,https://scholar.google.com/citations?user=L5iEhq0AAAAJ,2026-09-16,"ACM Fellow, IEEE Fellow, City University of Hong Kong","[""Computer Science""]",24130,78,400,10570,54,243,2000,"{""2000"":62,""2001"":78,""2002"":152,""2003"":169,""2004"":238,""2005"":354,""2006"":394,""2007"":437,""2008"":573,""2009"":612,""2010"":695,""2011"":727,""2012"":847,""2013"":824,""2014"":828,""2015"":985,""2016"":993,""2017"":1026,""2018"":1028,""2019"":1098,""2020"":1094,""2021"":1229,""2022"":1330,""2023"":1557,""2024"":2067,""2025"":2628,""2026"":1745}"
Yan Solihin,https://scholar.google.com/citations?user=sUQFclgAAAAJ,2026-09-17,"Professor of Computer Science at UCF, Director for Cybersecurity and Privacy","[""Computer Architecture"", ""Cybersecurity and Privacy""]",10169,48,142,3275,30,91,2003,"{""2003"":35,""2004"":53,""2005"":80,""2006"":126,""2007"":207,""2008"":238,""2009"":337,""2010"":404,""2011"":511,""2012"":462,""2013"":505,""2014"":463,""2015"":457,""2016"":556,""2017"":514,""2018"":604,""2019"":588,""2020"":634,""2021"":585,""2022"":597,""2023"":542,""2024"":536,""2025"":617,""2026"":396}"
Yu Zheng,https://scholar.google.com/citations?user=juUcdgYAAAAJ,2026-09-16,"Vice President of JD.COM, Head of AI Institute in Soutwest Jiaotong University, IEEE/ACM Fellow","[""Urban Computing"", ""Artificial Intelligence"", ""Spatio-temporal Data Mining"", ""Ubiquitous Computing""]",72224,120,321,38459,96,292,2010,"{""2010"":270,""2011"":573,""2012"":1077,""2013"":1629,""2014"":2271,""2015"":3017,""2016"":3828,""2017"":4320,""2018"":5251,""2019"":5395,""2020"":5582,""2021"":5589,""2022"":5604,""2023"":6151,""2024"":7053,""2025"":8347,""2026"":5674}"
Y. Raymond Fu,https://scholar.google.com/citations?user=h-JEcQ8AAAAJ,2026-09-16,"NEU, COE Distinguished Professor; MAE, Fellow of NAI, AAAS, ACM, IEEE, AAAI","[""machine learning"", ""computer vision"", ""image processing"", ""human computer interaction"", ""multimedia""]",63302,110,435,44255,84,343,2008,"{""2008"":180,""2009"":308,""2010"":365,""2011"":502,""2012"":530,""2013"":621,""2014"":941,""2015"":1174,""2016"":1498,""2017"":2110,""2018"":2447,""2019"":3382,""2020"":4664,""2021"":6251,""2022"":6870,""2023"":8046,""2024"":8665,""2025"":9023,""2026"":5376}"
Zi (Helen) Huang,https://scholar.google.com/citations?user=iAWMsgEAAAAJ,2026-09-17,University of Queensland,"[""Multimedia Search"", ""Domain Adaptation & Generalisation"", ""Database"", ""Recommender System""]",21625,78,236,14835,63,188,2010,"{""2010"":90,""2011"":90,""2012"":140,""2013"":260,""2014"":308,""2015"":472,""2016"":674,""2017"":811,""2018"":1018,""2019"":1219,""2020"":1490,""2021"":1806,""2022"":2041,""2023"":2555,""2024"":2853,""2025"":3193,""2026"":2365}"
Abhik Roychoudhury,https://scholar.google.com/citations?user=UxFWSJIAAAAJ,2026-09-16,"Professor of Computer Science, National University of Singapore","[""AI for Code"", ""Security"", ""Program Analysis"", ""LLM Agent""]",20233,69,177,12669,50,117,2003,"{""2003"":83,""2004"":85,""2005"":117,""2006"":121,""2007"":119,""2008"":164,""2009"":193,""2010"":221,""2011"":225,""2012"":316,""2013"":399,""2014"":502,""2015"":506,""2016"":577,""2017"":642,""2018"":897,""2019"":1038,""2020"":1053,""2021"":1298,""2022"":1541,""2023"":1751,""2024"":2273,""2025"":3020,""2026"":2779}"
Arindam Banerjee,https://scholar.google.com/citations?user=RY7cuPAAAAAJ,2026-09-16,"Founder Professor, Dept of Computer Science, University of Illinois Urbana-Champaign","[""Machine Learning"", ""Data Mining""]",56063,78,214,29618,51,152,2005,"{""2005"":159,""2006"":219,""2007"":275,""2008"":436,""2009"":525,""2010"":791,""2011"":892,""2012"":1323,""2013"":1432,""2014"":1769,""2015"":1987,""2016"":2553,""2017"":2620,""2018"":3148,""2019"":3505,""2020"":3931,""2021"":4622,""2022"":4984,""2023"":4949,""2024"":4997,""2025"":5530,""2026"":4478}"
Ashish Goel,https://scholar.google.com/citations?user=B_rKfusAAAAJ,2026-09-16,"Professor of Management Science and Engineering, and by courtesy, Computer Science, Stanford University","[""Design and Analysis of Algorithms"", ""Social Networks"", ""Internet Commerce"", ""Large Scale Democracy"", ""Network Analysis""]",29090,60,179,7494,30,85,2000,"{""2000"":90,""2001"":90,""2002"":183,""2003"":211,""2004"":337,""2005"":433,""2006"":477,""2007"":656,""2008"":673,""2009"":686,""2010"":732,""2011"":861,""2012"":1030,""2013"":1418,""2014"":1744,""2015"":1898,""2016"":2140,""2017"":2044,""2018"":1973,""2019"":1889,""2020"":1627,""2021"":1617,""2022"":1385,""2023"":1294,""2024"":1189,""2025"":1155,""2026"":839}"
Bashar Nuseibeh,https://scholar.google.com/citations?user=aUQ8O9gAAAAJ,2026-09-16,"City St George's, University of London","[""Software engineering"", ""requirements engineering"", ""security and privacy"", ""digital forensics"", ""adaptive""]",21264,68,228,4942,35,119,1994,"{""1994"":84,""1995"":178,""1996"":206,""1997"":213,""1998"":229,""1999"":299,""2000"":309,""2001"":304,""2002"":347,""2003"":403,""2004"":489,""2005"":590,""2006"":651,""2007"":703,""2008"":728,""2009"":842,""2010"":814,""2011"":888,""2012"":855,""2013"":843,""2014"":987,""2015"":801,""2016"":811,""2017"":880,""2018"":830,""2019"":870,""2020"":755,""2021"":842,""2022"":900,""2023"":899,""2024"":815,""2025"":875,""2026"":598}"
Benjamin Zorn,https://scholar.google.com/citations?user=mpar-iAAAAAJ,2026-09-16,"Microsoft Research, Redmond","[""Programming languages"", ""reliability"", ""security"", ""performance""]",11089,56,124,2645,25,52,1987,"{""1987"":45,""1988"":70,""1989"":73,""1990"":56,""1991"":47,""1992"":67,""1993"":85,""1994"":123,""1995"":139,""1996"":103,""1997"":133,""1998"":172,""1999"":166,""2000"":193,""2001"":156,""2002"":242,""2003"":145,""2004"":179,""2005"":189,""2006"":245,""2007"":226,""2008"":222,""2009"":214,""2010"":308,""2011"":302,""2012"":367,""2013"":422,""2014"":457,""2015"":499,""2016"":516,""2017"":586,""2018"":530,""2019"":488,""2020"":502,""2021"":452,""2022"":401,""2023"":421,""2024"":473,""2025"":563,""2026"":330}"
Brian Curless,https://scholar.google.com/citations?user=tlh8i7gAAAAJ,2026-09-16,"Professor of Computer Science & Engineering, University of Washington","[""Computer Graphics"", ""Computer Vision"", ""Human-Computer Interaction""]",42702,69,106,11848,45,92,2000,"{""2000"":154,""2001"":303,""2002"":417,""2003"":658,""2004"":809,""2005"":1024,""2006"":1099,""2007"":1287,""2008"":1242,""2009"":1436,""2010"":1681,""2011"":1777,""2012"":1847,""2013"":2087,""2014"":2131,""2015"":2163,""2016"":2148,""2017"":2089,""2018"":1927,""2019"":1862,""2020"":1905,""2021"":1912,""2022"":1913,""2023"":2076,""2024"":2238,""2025"":2215,""2026"":1465}"
Carla Fabiana Chiasserini,https://scholar.google.com/citations?user=np0OO24AAAAJ,2026-09-16,"Full Professor, Politecnico di Torino, Italy","[""Mobile networks""]",15715,62,285,5421,32,131,2001,"{""2001"":52,""2002"":107,""2003"":152,""2004"":295,""2005"":477,""2006"":475,""2007"":493,""2008"":506,""2009"":512,""2010"":576,""2011"":550,""2012"":605,""2013"":620,""2014"":637,""2015"":558,""2016"":812,""2017"":626,""2018"":696,""2019"":654,""2020"":667,""2021"":863,""2022"":801,""2023"":857,""2024"":988,""2025"":1125,""2026"":777}"
Clark Barrett,https://scholar.google.com/citations?user=BtwmZfQAAAAJ,2026-09-16,Stanford University,"[""Formal Methods"", ""Satisfiability Modulo Theories"", ""Automated Reasoning"", ""Verification"", ""Security""]",28727,63,184,18850,47,155,2002,"{""2002"":88,""2003"":76,""2004"":166,""2005"":225,""2006"":240,""2007"":214,""2008"":257,""2009"":240,""2010"":305,""2011"":364,""2012"":395,""2013"":442,""2014"":475,""2015"":632,""2016"":691,""2017"":800,""2018"":1006,""2019"":1299,""2020"":1527,""2021"":1866,""2022"":2087,""2023"":2489,""2024"":3162,""2025"":4290,""2026"":4921}"
Claudio T. Silva,https://scholar.google.com/citations?user=YIwiAAsAAAAJ,2026-09-16,New York University,"[""Visualization"", ""Graphics"", ""Urban Computing"", ""Geometry Processing"", ""Sports Analytics""]",31882,80,342,10883,49,164,2000,"{""2000"":134,""2001"":261,""2002"":322,""2003"":502,""2004"":554,""2005"":631,""2006"":750,""2007"":786,""2008"":919,""2009"":948,""2010"":1002,""2011"":1151,""2012"":1169,""2013"":1147,""2014"":1188,""2015"":1279,""2016"":1393,""2017"":1354,""2018"":1532,""2019"":1615,""2020"":1644,""2021"":1739,""2022"":1904,""2023"":1749,""2024"":1957,""2025"":2117,""2026"":1409}"
Cliff Lampe,https://scholar.google.com/citations?user=aT8oqcoAAAAJ,2026-09-16,"Professor, School of Information University of Michigan","[""social media"", ""computer-mediated communication"", ""computer-supported cooperative work"", ""HCI"", ""groupware""]",48649,58,116,13573,43,79,2008,"{""2008"":360,""2009"":619,""2010"":1093,""2011"":1623,""2012"":2145,""2013"":2615,""2014"":3438,""2015"":3893,""2016"":4166,""2017"":3883,""2018"":3582,""2019"":3176,""2020"":3270,""2021"":2926,""2022"":2579,""2023"":2275,""2024"":2257,""2025"":2110,""2026"":1421}"
Dana Randall,https://scholar.google.com/citations?user=6wCEmNYAAAAJ,2026-09-16,Georgia Institute of Technology,"[""Algorithms"", ""Theoretical Computer Science""]",2797,29,54,958,17,24,1996,"{""1996"":10,""1997"":14,""1998"":20,""1999"":20,""2000"":35,""2001"":40,""2002"":48,""2003"":61,""2004"":51,""2005"":57,""2006"":86,""2007"":85,""2008"":95,""2009"":94,""2010"":59,""2011"":81,""2012"":92,""2013"":75,""2014"":64,""2015"":85,""2016"":90,""2017"":93,""2018"":153,""2019"":147,""2020"":119,""2021"":125,""2022"":121,""2023"":160,""2024"":187,""2025"":188,""2026"":177}"
Derek Dreyer,https://scholar.google.com/citations?user=1_c89uMAAAAJ,2026-09-16,"Max Planck Institute for Software Systems (MPI-SWS), Saarland Informatics Campus","[""Programming languages"", ""type systems"", ""semantics"", ""verification""]",8845,50,75,5604,40,64,2004,"{""2004"":26,""2005"":35,""2006"":30,""2007"":59,""2008"":42,""2009"":69,""2010"":92,""2011"":93,""2012"":123,""2013"":119,""2014"":164,""2015"":198,""2016"":216,""2017"":416,""2018"":420,""2019"":562,""2020"":470,""2021"":708,""2022"":704,""2023"":909,""2024"":1024,""2025"":1202,""2026"":1047}"
Dhabaleswar K. Panda,https://scholar.google.com/citations?user=7FXtL98AAAAJ,2026-09-16,"Professor of Computer Science, The Ohio State University","[""High Performance Computing"", ""Deep Learning"", ""Big Data"", ""Cloud Computing"", ""Exascale Computing""]",23346,74,459,5787,35,169,1996,"{""1996"":130,""1997"":154,""1998"":237,""1999"":169,""2000"":244,""2001"":196,""2002"":214,""2003"":341,""2004"":529,""2005"":585,""2006"":632,""2007"":707,""2008"":666,""2009"":853,""2010"":810,""2011"":770,""2012"":884,""2013"":984,""2014"":1189,""2015"":1099,""2016"":1207,""2017"":1142,""2018"":1085,""2019"":1162,""2020"":1105,""2021"":1096,""2022"":1014,""2023"":1001,""2024"":968,""2025"":1046,""2026"":659}"
Diane J Cook,https://scholar.google.com/citations?user=VpfWvTUAAAAJ,2026-09-16,Washington State University,"[""artificial intelligence"", ""machine learning"", ""smart environments""]",45009,94,363,16478,57,184,2002,"{""2002"":135,""2003"":237,""2004"":258,""2005"":415,""2006"":421,""2007"":538,""2008"":643,""2009"":804,""2010"":1066,""2011"":1250,""2012"":1405,""2013"":1776,""2014"":2057,""2015"":2303,""2016"":2496,""2017"":2791,""2018"":2965,""2019"":2868,""2020"":3084,""2021"":2937,""2022"":3004,""2023"":2804,""2024"":2927,""2025"":2828,""2026"":1971}"
Edward Delp,https://scholar.google.com/citations?user=qxs5pc4AAAAJ,2026-09-16,Purdue University,"[""signal processing"", ""video processing"", ""image processing"", ""digital watermarking"", ""pattern recognition""]",35366,90,507,10264,43,220,1988,"{""1988"":92,""1989"":88,""1990"":167,""1991"":156,""1992"":198,""1993"":229,""1994"":285,""1995"":227,""1996"":272,""1997"":250,""1998"":326,""1999"":395,""2000"":420,""2001"":493,""2002"":616,""2003"":659,""2004"":932,""2005"":913,""2006"":1160,""2007"":1033,""2008"":905,""2009"":1027,""2010"":1105,""2011"":962,""2012"":1114,""2013"":1135,""2014"":1183,""2015"":1182,""2016"":1179,""2017"":1332,""2018"":1332,""2019"":1573,""2020"":1487,""2021"":1842,""2022"":1940,""2023"":1796,""2024"":1808,""2025"":1811,""2026"":1060}"
Falko Dressler,https://scholar.google.com/citations?user=sK8213AAAAAJ,2026-09-16,Technische Universität Berlin,"[""internet of things"", ""vehicular networks"", ""5G/6G"", ""edge computing"", ""molecular communication""]",22289,70,343,9631,44,199,2005,"{""2005"":70,""2006"":94,""2007"":159,""2008"":235,""2009"":326,""2010"":456,""2011"":625,""2012"":695,""2013"":921,""2014"":999,""2015"":1130,""2016"":1226,""2017"":1191,""2018"":1403,""2019"":1600,""2020"":1293,""2021"":1467,""2022"":1446,""2023"":1654,""2024"":1725,""2025"":1866,""2026"":1459}"
Fatma Ozcan,https://scholar.google.com/citations?user=JzoifEMAAAAJ,2026-09-16,Google,"[""Big data"", ""query processing and optimization""]",6252,39,97,2495,24,54,1996,"{""1996"":18,""1997"":29,""1998"":38,""1999"":56,""2000"":72,""2001"":99,""2002"":99,""2003"":104,""2004"":116,""2005"":104,""2006"":149,""2007"":137,""2008"":172,""2009"":159,""2010"":150,""2011"":142,""2012"":136,""2013"":188,""2014"":168,""2015"":211,""2016"":263,""2017"":249,""2018"":270,""2019"":285,""2020"":266,""2021"":316,""2022"":326,""2023"":347,""2024"":367,""2025"":585,""2026"":549}"
Feng Zhao,https://scholar.google.com/citations?user=4C46Y8EAAAAJ,2026-09-16,Microsoft Research,"[""sensor network"", ""mobile"", ""wireless"", ""energy"", ""embedded""]",26398,75,209,3670,33,75,2001,"{""2001"":74,""2002"":111,""2003"":306,""2004"":377,""2005"":586,""2006"":840,""2007"":983,""2008"":1005,""2009"":1136,""2010"":1210,""2011"":1297,""2012"":1565,""2013"":1552,""2014"":1706,""2015"":1689,""2016"":1689,""2017"":1615,""2018"":1622,""2019"":1371,""2020"":1184,""2021"":991,""2022"":900,""2023"":584,""2024"":499,""2025"":461,""2026"":235}"
Fred Chong,https://scholar.google.com/citations?user=U6OVPVMAAAAJ,2026-09-16,"Seymour Goodman Professor, UChicago; and Chief Scientist for Quantum Software, Infleqtion","[""Computer Architecture"", ""Quantum Computing""]",15599,64,190,9503,52,144,1998,"{""1998"":62,""1999"":52,""2000"":48,""2001"":55,""2002"":71,""2003"":73,""2004"":94,""2005"":157,""2006"":237,""2007"":241,""2008"":234,""2009"":239,""2010"":244,""2011"":221,""2012"":268,""2013"":303,""2014"":324,""2015"":350,""2016"":348,""2017"":461,""2018"":454,""2019"":577,""2020"":745,""2021"":980,""2022"":1286,""2023"":1591,""2024"":1762,""2025"":2304,""2026"":1567}"
Guoliang Li,https://scholar.google.com/citations?user=Pi89P8kAAAAJ,2026-09-16,"Professor, Tsinghua University (ACM Fellow, IEEE Fellow)","[""Database"", ""Data+AI"", ""Data Agent"", ""Big Data"", ""Data Cleaning & Integration""]",28353,91,310,19028,69,274,2008,"{""2008"":86,""2009"":141,""2010"":216,""2011"":278,""2012"":375,""2013"":491,""2014"":506,""2015"":661,""2016"":834,""2017"":1159,""2018"":1324,""2019"":1397,""2020"":1651,""2021"":1874,""2022"":2044,""2023"":2324,""2024"":3503,""2025"":4774,""2026"":4463}"
Guoliang Xing,https://scholar.google.com/citations?user=kI5JKs8AAAAJ,2026-09-16,The Chinese University of Hong Kong,"[""Embedded AI"", ""AI for Health"", ""Autonomous Driving"", ""Cyber-Physical Systems"", ""Wireless Networks""]",15514,63,189,5350,38,111,2004,"{""2004"":55,""2005"":183,""2006"":299,""2007"":320,""2008"":393,""2009"":449,""2010"":555,""2011"":584,""2012"":706,""2013"":745,""2014"":896,""2015"":943,""2016"":920,""2017"":857,""2018"":702,""2019"":727,""2020"":681,""2021"":565,""2022"":614,""2023"":725,""2024"":989,""2025"":1368,""2026"":1084}"
Haixun Wang,https://scholar.google.com/citations?user=Q1mcglAAAAAJ,2026-09-16,"VP of Engineering, Head of AI at EvenUp","[""Machine Learning"", ""Data and knowledge engineering"", ""NLP""]",26950,81,256,6475,40,121,2002,"{""2002"":70,""2003"":136,""2004"":267,""2005"":404,""2006"":547,""2007"":589,""2008"":700,""2009"":853,""2010"":953,""2011"":1046,""2012"":1249,""2013"":1413,""2014"":1693,""2015"":1823,""2016"":1766,""2017"":1667,""2018"":1654,""2019"":1663,""2020"":1633,""2021"":1563,""2022"":1386,""2023"":1152,""2024"":1032,""2025"":860,""2026"":478}"
Irwin King,https://scholar.google.com/citations?user=MXvC7tkAAAAJ,2026-09-16,The Chinese University of Hong Kong,"[""social computing"", ""machine learning"", ""AI"", ""graph neural networks"", ""NLP""]",47947,100,434,28011,80,295,2004,"{""2004"":129,""2005"":138,""2006"":158,""2007"":203,""2008"":242,""2009"":380,""2010"":518,""2011"":700,""2012"":967,""2013"":1315,""2014"":1601,""2015"":1880,""2016"":2037,""2017"":1998,""2018"":2081,""2019"":2410,""2020"":2690,""2021"":3101,""2022"":3484,""2023"":4085,""2024"":4878,""2025"":6840,""2026"":5530}"
Jeffrey Heer,https://scholar.google.com/citations?user=vlgs4G4AAAAJ,2026-09-16,University of Washington,"[""Visualization"", ""Visual Analytics"", ""Human-Computer Interaction"", ""HCI"", ""Human-AI Interaction""]",41916,94,186,19171,68,155,2005,"{""2005"":107,""2006"":206,""2007"":259,""2008"":406,""2009"":503,""2010"":571,""2011"":822,""2012"":1033,""2013"":1430,""2014"":1777,""2015"":1913,""2016"":2299,""2017"":2280,""2018"":2554,""2019"":2692,""2020"":3122,""2021"":3125,""2022"":3221,""2023"":3323,""2024"":3210,""2025"":3511,""2026"":2763}"
Jingren Zhou,https://scholar.google.com/citations?user=64zxhRUAAAAJ,2026-09-16,"Alibaba Group, Microsoft","[""Cloud Computing"", ""Large Scale Distributed Systems"", ""Machine Learning"", ""Query Processing"", ""Query""]",89797,112,381,84856,104,361,2012,"{""2012"":275,""2013"":283,""2014"":364,""2015"":403,""2016"":425,""2017"":440,""2018"":510,""2019"":538,""2020"":775,""2021"":1229,""2022"":1653,""2023"":3041,""2024"":9440,""2025"":28723,""2026"":40558}"
Justin Zobel,https://scholar.google.com/citations?user=uEHvqE8AAAAJ,2026-09-16,"Computing and Information Systems, University of Melbourne","[""Algorithms"", ""research methods"", ""information retrieval""]",30138,77,231,8369,33,90,1994,"{""1994"":84,""1995"":106,""1996"":92,""1997"":143,""1998"":193,""1999"":235,""2000"":309,""2001"":325,""2002"":380,""2003"":498,""2004"":563,""2005"":724,""2006"":855,""2007"":1081,""2008"":1120,""2009"":1158,""2010"":1133,""2011"":1232,""2012"":1223,""2013"":1212,""2014"":1169,""2015"":1123,""2016"":1174,""2017"":1174,""2018"":1216,""2019"":1289,""2020"":1304,""2021"":1300,""2022"":1399,""2023"":1343,""2024"":1566,""2025"":1530,""2026"":1229}"
Lei Chen,https://scholar.google.com/citations?user=gtglwgYAAAAJ,2026-09-16,Hong Kong University of Science and Technology,"[""Human Powered Machine Learning"", ""Databases"", ""Data Mining""]",41538,99,642,23465,73,485,2006,"{""2006"":112,""2007"":122,""2008"":241,""2009"":421,""2010"":615,""2011"":651,""2012"":854,""2013"":1009,""2014"":1237,""2015"":1474,""2016"":1720,""2017"":1974,""2018"":2127,""2019"":2471,""2020"":2750,""2021"":2485,""2022"":3056,""2023"":3586,""2024"":4385,""2025"":5603,""2026"":4304}"
Luca de Alfaro,https://scholar.google.com/citations?user=gkACFVcAAAAJ,2026-09-16,"Professor, Computer Science and Engineering, UC Santa Cruz","[""Data Science"", ""Game Theory"", ""System Verification""]",13769,53,104,2770,23,51,1997,"{""1997"":36,""1998"":70,""1999"":81,""2000"":86,""2001"":114,""2002"":203,""2003"":338,""2004"":352,""2005"":494,""2006"":529,""2007"":530,""2008"":612,""2009"":626,""2010"":756,""2011"":734,""2012"":685,""2013"":645,""2014"":671,""2015"":646,""2016"":499,""2017"":518,""2018"":484,""2019"":526,""2020"":476,""2021"":504,""2022"":552,""2023"":538,""2024"":455,""2025"":440,""2026"":280}"
Maarten de Rijke,https://scholar.google.com/citations?user=AVDkgFIAAAAJ,2026-09-16,University of Amsterdam & ICAI,"[""Information retrieval""]",49145,101,668,21912,70,415,1999,"{""1999"":136,""2000"":110,""2001"":207,""2002"":222,""2003"":334,""2004"":448,""2005"":656,""2006"":844,""2007"":1099,""2008"":1129,""2009"":1236,""2010"":1364,""2011"":1383,""2012"":1526,""2013"":1556,""2014"":1706,""2015"":1669,""2016"":1941,""2017"":2016,""2018"":2111,""2019"":2221,""2020"":2466,""2021"":2938,""2022"":3131,""2023"":3497,""2024"":3957,""2025"":4617,""2026"":3732}"
Marc Alexa,https://scholar.google.com/citations?user=KNwXLLsAAAAJ,2026-09-16,"Professor of Computer Science, TU Berlin","[""Computer Graphics"", ""Geometric Modeling"", ""Geometry Processing""]",23128,60,133,6534,31,78,2002,"{""2002"":87,""2003"":224,""2004"":497,""2005"":657,""2006"":912,""2007"":970,""2008"":943,""2009"":935,""2010"":895,""2011"":969,""2012"":928,""2013"":1013,""2014"":1010,""2015"":1107,""2016"":1031,""2017"":987,""2018"":1060,""2019"":956,""2020"":1052,""2021"":1074,""2022"":1134,""2023"":1090,""2024"":1077,""2025"":1254,""2026"":900}"
Marcelo Arenas,https://scholar.google.com/citations?user=YHR0wkkAAAAJ,2026-09-16,"Professor of Computer Science, Pontificia Universidad Católica de Chile and IMFD Chile.","[""Database theory"", ""logic in computer science"", ""graph databases""]",13804,55,114,4215,30,63,2002,"{""2002"":71,""2003"":155,""2004"":248,""2005"":310,""2006"":300,""2007"":418,""2008"":400,""2009"":488,""2010"":475,""2011"":506,""2012"":542,""2013"":676,""2014"":670,""2015"":637,""2016"":714,""2017"":602,""2018"":656,""2019"":727,""2020"":707,""2021"":695,""2022"":751,""2023"":744,""2024"":798,""2025"":690,""2026"":534}"
Marsha Chechik,https://scholar.google.com/citations?user=CYfxRVIAAAAJ,2026-09-16,"Professor of Computer Science, University of Toronto","[""software engineering"", ""software verification"", ""modeling"", ""formal methods"", ""assurance and dependability""]",9255,51,185,2598,26,84,2001,"{""2001"":64,""2002"":81,""2003"":116,""2004"":111,""2005"":142,""2006"":178,""2007"":193,""2008"":277,""2009"":285,""2010"":317,""2011"":313,""2012"":394,""2013"":426,""2014"":440,""2015"":514,""2016"":557,""2017"":551,""2018"":518,""2019"":519,""2020"":484,""2021"":461,""2022"":437,""2023"":427,""2024"":482,""2025"":455,""2026"":330}"
Michael Donald Bailey,https://scholar.google.com/citations?user=sMnocAYAAAAJ,2026-09-16,Georgia Institute of Technology,"[""Software Systems""]",17214,53,86,8790,40,63,2005,"{""2005"":60,""2006"":90,""2007"":79,""2008"":136,""2009"":183,""2010"":218,""2011"":268,""2012"":246,""2013"":305,""2014"":426,""2015"":631,""2016"":715,""2017"":872,""2018"":1098,""2019"":1475,""2020"":1434,""2021"":1649,""2022"":1442,""2023"":1565,""2024"":1531,""2025"":1534,""2026"":1065}"
Michal Feldman,https://scholar.google.com/citations?user=VpLQu7oAAAAJ,2026-09-17,"Professor of Computer Science, Tel Aviv University","[""Algorithmic game theory"", ""economics and computation"", ""algorithms""]",9223,47,120,3766,32,86,2004,"{""2004"":70,""2005"":150,""2006"":200,""2007"":237,""2008"":318,""2009"":384,""2010"":358,""2011"":342,""2012"":355,""2013"":292,""2014"":300,""2015"":324,""2016"":367,""2017"":375,""2018"":356,""2019"":423,""2020"":419,""2021"":436,""2022"":484,""2023"":574,""2024"":751,""2025"":815,""2026"":701}"
Mira Mezini,https://scholar.google.com/citations?user=ESQUnJEAAAAJ,2026-09-16,"Professor of Computer Science, TU Darmstadt, Germany","[""Programming Languages"", ""Software Engineering"", ""Program Analysis"", ""Software Security"", ""Reactive Programming""]",13149,61,181,3588,31,80,1999,"{""1999"":44,""2000"":83,""2001"":83,""2002"":144,""2003"":171,""2004"":255,""2005"":389,""2006"":576,""2007"":546,""2008"":544,""2009"":526,""2010"":562,""2011"":535,""2012"":526,""2013"":535,""2014"":539,""2015"":503,""2016"":496,""2017"":534,""2018"":554,""2019"":634,""2020"":618,""2021"":724,""2022"":601,""2023"":633,""2024"":658,""2025"":566,""2026"":404}"
Mohan Kankanhalli,https://scholar.google.com/citations?user=6Lx_eowAAAAJ,2026-09-16,"Professor of Computer Science, National University of Singapore","[""Multimedia"", ""Computer Vision"", ""Trustworthy AI""]",31975,84,382,17909,57,227,1999,"{""1999"":110,""2000"":169,""2001"":161,""2002"":198,""2003"":324,""2004"":320,""2005"":366,""2006"":444,""2007"":497,""2008"":485,""2009"":491,""2010"":578,""2011"":591,""2012"":594,""2013"":661,""2014"":768,""2015"":841,""2016"":787,""2017"":1017,""2018"":1049,""2019"":1411,""2020"":1669,""2021"":2088,""2022"":2454,""2023"":2567,""2024"":3336,""2025"":4375,""2026"":3051}"
Naren Ramakrishnan,https://scholar.google.com/citations?user=fMJwG7MAAAAJ,2026-09-16,"University Distinguished Professor of Computer Science, Virginia Tech","[""AI/ML"", ""Recommender Systems"", ""Computational Epidemiology"", ""Visual Analytics""]",17437,73,286,7857,43,159,2000,"{""2000"":58,""2001"":49,""2002"":173,""2003"":167,""2004"":183,""2005"":224,""2006"":201,""2007"":209,""2008"":239,""2009"":292,""2010"":254,""2011"":307,""2012"":404,""2013"":341,""2014"":458,""2015"":573,""2016"":817,""2017"":856,""2018"":1075,""2019"":1089,""2020"":1313,""2021"":1546,""2022"":1428,""2023"":1334,""2024"":1255,""2025"":1293,""2026"":993}"
Nate Foster,https://scholar.google.com/citations?user=AH5j40kAAAAJ,2026-09-16,"Professor of Computer and Communication Sciences, EPFL","[""Programming Languages"", ""Formal Verification"", ""Computer Networking"", ""Systems""]",26801,49,81,7752,34,63,2007,"{""2007"":95,""2008"":124,""2009"":219,""2010"":345,""2011"":478,""2012"":745,""2013"":1329,""2014"":1919,""2015"":2193,""2016"":2605,""2017"":2332,""2018"":2309,""2019"":2200,""2020"":1816,""2021"":1787,""2022"":1550,""2023"":1270,""2024"":1214,""2025"":1140,""2026"":788}"
Niklas Elmqvist,https://scholar.google.com/citations?user=LoQXe24AAAAJ,2026-09-16,"Villum Investigator and Professor of Computer Science, Aarhus University","[""visualization"", ""human-computer interaction"", ""visual analytics"", ""human-centered AI""]",13480,66,178,6692,45,143,2007,"{""2007"":37,""2008"":55,""2009"":108,""2010"":175,""2011"":207,""2012"":332,""2013"":455,""2014"":530,""2015"":619,""2016"":629,""2017"":671,""2018"":869,""2019"":891,""2020"":1023,""2021"":971,""2022"":993,""2023"":1213,""2024"":1180,""2025"":1317,""2026"":1009}"
Peter O'Hearn,https://scholar.google.com/citations?user=NonivoUAAAAJ,2026-09-16,University College London,"[""Programming Languages"", ""Verification"", ""Program Analysis"", ""Theory""]",15457,52,92,4509,30,53,1995,"{""1995"":57,""1996"":76,""1997"":73,""1998"":45,""1999"":81,""2000"":116,""2001"":113,""2002"":176,""2003"":197,""2004"":249,""2005"":330,""2006"":339,""2007"":499,""2008"":612,""2009"":760,""2010"":655,""2011"":718,""2012"":612,""2013"":662,""2014"":613,""2015"":625,""2016"":463,""2017"":618,""2018"":588,""2019"":709,""2020"":654,""2021"":681,""2022"":703,""2023"":776,""2024"":859,""2025"":807,""2026"":682}"
Qi Tian,https://scholar.google.com/citations?user=61b6eYkAAAAJ,2026-09-16,"Chief AI Scientist at Huawei CBG & Director of Guangming Laboratory, Shenzhen, China","[""Multimedia"", ""Computer Vision"", ""Multimedia Information Retrieval"", ""AI for Science""]",118789,143,754,93360,123,569,2011,"{""2011"":375,""2012"":537,""2013"":752,""2014"":1144,""2015"":1520,""2016"":1789,""2017"":2454,""2018"":3247,""2019"":5000,""2020"":6533,""2021"":9716,""2022"":11739,""2023"":14984,""2024"":19064,""2025"":22121,""2026"":15624}"
Rasmus Pagh,https://scholar.google.com/citations?user=VO4oS8UAAAAJ,2026-09-16,"Professor of computer science, University of Copenhagen","[""algorithms and data structures"", ""randomized algorithms"", ""differential privacy"", ""machine learning algorithms""]",23327,49,101,17643,31,79,2005,"{""2005"":60,""2006"":88,""2007"":129,""2008"":168,""2009"":184,""2010"":198,""2011"":197,""2012"":227,""2013"":299,""2014"":355,""2015"":434,""2016"":420,""2017"":539,""2018"":553,""2019"":559,""2020"":972,""2021"":1628,""2022"":2183,""2023"":2694,""2024"":3053,""2025"":4141,""2026"":3805}"
Satish Chandra,https://scholar.google.com/citations?user=4p8fJSgAAAAJ,2026-09-16,"Meta Platforms, Inc.","[""machine learning"", ""programming languages"", ""software engineering"", ""program analysis""]",9139,51,102,4517,33,66,1995,"{""1995"":29,""1996"":50,""1997"":38,""1998"":62,""1999"":47,""2000"":35,""2001"":51,""2002"":47,""2003"":51,""2004"":67,""2005"":83,""2006"":93,""2007"":162,""2008"":147,""2009"":174,""2010"":179,""2011"":182,""2012"":208,""2013"":226,""2014"":321,""2015"":331,""2016"":361,""2017"":324,""2018"":356,""2019"":407,""2020"":470,""2021"":698,""2022"":764,""2023"":761,""2024"":790,""2025"":810,""2026"":688}"
Scott E. Hudson,https://scholar.google.com/citations?user=6YU6_QoAAAAJ,2026-09-16,"Professor of Human-Computer Interaction, Carnegie Mellon University","[""Human-Computer Interaction""]",22404,83,231,6139,44,138,1989,"{""1989"":73,""1990"":88,""1991"":138,""1992"":100,""1993"":153,""1994"":144,""1995"":156,""1996"":204,""1997"":156,""1998"":163,""1999"":169,""2000"":207,""2001"":240,""2002"":229,""2003"":348,""2004"":425,""2005"":463,""2006"":503,""2007"":542,""2008"":534,""2009"":661,""2010"":725,""2011"":717,""2012"":683,""2013"":753,""2014"":853,""2015"":1020,""2016"":993,""2017"":1097,""2018"":1048,""2019"":1164,""2020"":1130,""2021"":1060,""2022"":994,""2023"":1095,""2024"":1169,""2025"":1130,""2026"":684}"
Stefano Leonardi,https://scholar.google.com/citations?user=p5LCHHEAAAAJ,2026-09-16,"Professor of Computer Science, Sapienza University of Rome","[""Approximation and Oline Algorithms"", ""Algorithmic Game Theory"", ""Economics and Computation""]",10037,53,158,3072,30,82,1997,"{""1997"":32,""1998"":57,""1999"":83,""2000"":65,""2001"":113,""2002"":89,""2003"":166,""2004"":174,""2005"":176,""2006"":259,""2007"":389,""2008"":360,""2009"":356,""2010"":437,""2011"":393,""2012"":379,""2013"":412,""2014"":420,""2015"":429,""2016"":400,""2017"":457,""2018"":439,""2019"":345,""2020"":372,""2021"":378,""2022"":449,""2023"":468,""2024"":596,""2025"":592,""2026"":576}"
Sudip Misra,https://scholar.google.com/citations?user=h33l-A8AAAAJ,2026-09-16,"FACM, FIEEE, FAAIA, FNAE, FNASc, FIET, INAE Chair Professor, IIT Kharagpur","[""Intelligent Sensing"", ""Wireless Sensor Networks"", ""Internet of Things""]",21732,69,384,10940,49,230,2009,"{""2009"":78,""2010"":173,""2011"":261,""2012"":320,""2013"":381,""2014"":648,""2015"":920,""2016"":1142,""2017"":1344,""2018"":1706,""2019"":1651,""2020"":1871,""2021"":2207,""2022"":2120,""2023"":2044,""2024"":1953,""2025"":1685,""2026"":910}"
Sudipto Guha,https://scholar.google.com/citations?user=zHCTHbYAAAAJ,2026-09-16,`,"[""Algorithms"", ""Data Streams"", ""Databases"", ""Stochastic Optimization"", ""Machine Learning""]",27806,65,109,4992,31,66,1999,"{""1999"":133,""2000"":203,""2001"":362,""2002"":520,""2003"":793,""2004"":893,""2005"":1149,""2006"":1220,""2007"":1221,""2008"":1220,""2009"":1303,""2010"":1263,""2011"":1317,""2012"":1274,""2013"":1305,""2014"":1213,""2015"":1207,""2016"":1247,""2017"":1138,""2018"":1246,""2019"":1110,""2020"":1093,""2021"":1009,""2022"":982,""2023"":896,""2024"":797,""2025"":791,""2026"":517}"
Susanne Bødker,https://scholar.google.com/citations?user=tO-dGhkAAAAJ,2026-09-16,"Professor of Computer Science, Aarhus University","[""Human-Computer Interaction"", ""HCI"", ""CSCW"", ""Interaction design"", ""Participatory design""]",23694,59,126,7003,37,79,1991,"{""1991"":103,""1992"":60,""1993"":112,""1994"":147,""1995"":151,""1996"":183,""1997"":242,""1998"":263,""1999"":336,""2000"":329,""2001"":349,""2002"":447,""2003"":505,""2004"":559,""2005"":538,""2006"":578,""2007"":672,""2008"":670,""2009"":699,""2010"":704,""2011"":701,""2012"":766,""2013"":736,""2014"":828,""2015"":705,""2016"":851,""2017"":877,""2018"":1019,""2019"":915,""2020"":965,""2021"":1049,""2022"":1098,""2023"":1078,""2024"":1241,""2025"":1434,""2026"":1088}"
Thad Starner,https://scholar.google.com/citations?user=qr8Vo9IAAAAJ,2026-09-16,"Professor of Computing, Georgia Institute of Technology","[""Wearable Computing"", ""Artificial Intelligence"", ""Augmented Reality"", ""Human Computer Interaction""]",45097,96,322,10353,49,199,1995,"{""1995"":119,""1996"":176,""1997"":231,""1998"":301,""1999"":417,""2000"":435,""2001"":484,""2002"":628,""2003"":697,""2004"":982,""2005"":1093,""2006"":1243,""2007"":1332,""2008"":1417,""2009"":1533,""2010"":1696,""2011"":1578,""2012"":1725,""2013"":1835,""2014"":2108,""2015"":2323,""2016"":2298,""2017"":2435,""2018"":2357,""2019"":2346,""2020"":2345,""2021"":2193,""2022"":2163,""2023"":1702,""2024"":1785,""2025"":1679,""2026"":827}"
Tim Menzies,https://scholar.google.com/citations?user=7htTUTgmLtUC,2026-09-16,"Professor, North Carolina State University, Computer Science, ACM Fellow, IEEE Fellow, ASE Fellow","[""automated software engineering"", ""defect prediction"", ""ai4se"", ""se4ai"", ""software cost estimation""]",26516,76,326,11237,53,174,1995,"{""1995"":72,""1996"":72,""1997"":90,""1998"":76,""1999"":102,""2000"":138,""2001"":157,""2002"":196,""2003"":204,""2004"":156,""2005"":217,""2006"":232,""2007"":311,""2008"":439,""2009"":480,""2010"":557,""2011"":578,""2012"":736,""2013"":840,""2014"":852,""2015"":1010,""2016"":1239,""2017"":1135,""2018"":1594,""2019"":1759,""2020"":1725,""2021"":2070,""2022"":2125,""2023"":2024,""2024"":1823,""2025"":1795,""2026"":1391}"
Wei Chen,https://scholar.google.com/citations?user=hlEPkxAAAAAJ,2026-09-16,"Microsoft Research, ACM/IEEE Fellow","[""Social and information networks"", ""online learning"", ""networked game theory and economics"", ""distributed""]",21356,53,126,8852,38,89,2001,"{""2001"":58,""2002"":63,""2003"":85,""2004"":102,""2005"":120,""2006"":121,""2007"":141,""2008"":145,""2009"":164,""2010"":251,""2011"":290,""2012"":461,""2013"":659,""2014"":941,""2015"":1072,""2016"":1273,""2017"":1303,""2018"":1575,""2019"":1649,""2020"":1757,""2021"":1686,""2022"":1615,""2023"":1486,""2024"":1444,""2025"":1525,""2026"":1091}"
Aditya Akella,https://scholar.google.com/citations?user=d_rxnzAAAAAJ,2026-09-16,"Professor, Computer Science, UT Austin","[""Computer Networks"", ""Networking"", ""Computer Systems"", ""Systems"", ""Communications""]",38964,72,171,13328,45,130,2004,"{""2004"":106,""2005"":187,""2006"":221,""2007"":245,""2008"":263,""2009"":355,""2010"":566,""2011"":735,""2012"":1121,""2013"":1737,""2014"":2256,""2015"":2818,""2016"":3108,""2017"":3046,""2018"":3086,""2019"":2879,""2020"":2574,""2021"":2517,""2022"":2248,""2023"":2147,""2024"":2259,""2025"":2496,""2026"":1658}"
Albrecht Schmidt,https://scholar.google.com/citations?user=qM5jR7YAAAAJ,2026-09-16,"Professor of Computer Science, LMU Munich","[""Human Computer Interaction"", ""human centered AI"", ""Interaction Design"", ""Intelligent User interfaces"", ""AR""]",52055,91,508,27443,55,294,2001,"{""2001"":193,""2002"":256,""2003"":500,""2004"":572,""2005"":716,""2006"":754,""2007"":947,""2008"":904,""2009"":1060,""2010"":1179,""2011"":1181,""2012"":1366,""2013"":1555,""2014"":1747,""2015"":1771,""2016"":1741,""2017"":1826,""2018"":1824,""2019"":1943,""2020"":1873,""2021"":1883,""2022"":1931,""2023"":2998,""2024"":4914,""2025"":6788,""2026"":8541}"
A. S. Szalay,https://scholar.google.com/citations?user=rUiWchkAAAAJ,2026-09-16,"Blooomberg Distinguished Professor, Johns Hopkins University","[""Astrophysics"", ""astronomy"", ""cosmology"", ""computer science"", ""statistics""]",136667,125,342,36163,69,182,1995,"{""1995"":411,""1996"":295,""1997"":358,""1998"":487,""1999"":523,""2000"":666,""2001"":1075,""2002"":1471,""2003"":1959,""2004"":2604,""2005"":3198,""2006"":3993,""2007"":4152,""2008"":5196,""2009"":5534,""2010"":5731,""2011"":6469,""2012"":7231,""2013"":6246,""2014"":5781,""2015"":5981,""2016"":5948,""2017"":5364,""2018"":5426,""2019"":5471,""2020"":4900,""2021"":5374,""2022"":5387,""2023"":5457,""2024"":6405,""2025"":7333,""2026"":6194}"
Anand Raghunathan,https://scholar.google.com/citations?user=OP7F8jEAAAAJ,2026-09-16,"Silicon Valley Chair Professor of Electrical and Computer Engineering, Purdue University","[""AI Hardware"", ""Efficient machine learning"", ""System-on-Chips"", ""Embedded Systems""]",29899,90,333,9125,49,152,1997,"{""1997"":85,""1998"":137,""1999"":159,""2000"":226,""2001"":212,""2002"":285,""2003"":462,""2004"":537,""2005"":617,""2006"":628,""2007"":794,""2008"":835,""2009"":738,""2010"":768,""2011"":775,""2012"":944,""2013"":1019,""2014"":1092,""2015"":1272,""2016"":1490,""2017"":1546,""2018"":2064,""2019"":1805,""2020"":1882,""2021"":1857,""2022"":1765,""2023"":1505,""2024"":1480,""2025"":1594,""2026"":920}"
Andreas Krause,https://scholar.google.com/citations?user=eDHv58AAAAAJ,2026-09-16,"Professor of Computer Science, ETH Zurich","[""Machine Learning"", ""Artificial Intelligence"", ""Computational Sustainability"", ""Submodularity"", ""Bayesian Optimization""]",61523,119,384,36366,91,346,2007,"{""2007"":198,""2008"":321,""2009"":493,""2010"":617,""2011"":825,""2012"":1038,""2013"":1315,""2014"":1723,""2015"":1897,""2016"":2360,""2017"":2653,""2018"":3132,""2019"":3714,""2020"":4318,""2021"":4963,""2022"":5387,""2023"":6133,""2024"":6489,""2025"":7080,""2026"":6286}"
Anja Feldmann,https://scholar.google.com/citations?user=mSK3340AAAAJ,2026-09-16,"Direktor, Max Planck Institut für Informatik, Saarland Informatics Campus, Saarland University","[""Networking"", ""Network Measurement"", ""Network Management"", ""Computer Networks""]",24332,81,202,4938,41,104,1998,"{""1998"":129,""1999"":287,""2000"":349,""2001"":477,""2002"":607,""2003"":670,""2004"":730,""2005"":761,""2006"":665,""2007"":684,""2008"":728,""2009"":863,""2010"":954,""2011"":1035,""2012"":1120,""2013"":1206,""2014"":1174,""2015"":1132,""2016"":1150,""2017"":1161,""2018"":1030,""2019"":1013,""2020"":957,""2021"":1001,""2022"":937,""2023"":839,""2024"":830,""2025"":803,""2026"":510}"
Ben Raphael,https://scholar.google.com/citations?user=GhvZjJUAAAAJ,2026-09-16,"Professor of Computer Science, Princeton University","[""Bioinformatics"", ""Computational Biology"", ""Genomics"", ""Computational Cancer Biology""]",81347,76,156,43293,63,125,2009,"{""2009"":239,""2010"":267,""2011"":431,""2012"":845,""2013"":1344,""2014"":2344,""2015"":3491,""2016"":4475,""2017"":4994,""2018"":5292,""2019"":5937,""2020"":7181,""2021"":8144,""2022"":7601,""2023"":6855,""2024"":6949,""2025"":7845,""2026"":5886}"
Björn Schuller,https://scholar.google.com/citations?user=TxKNCSoAAAAJ,2026-09-16,"Professor, Technische Universität München (TUM) / Imperial College London & CSO, audEERING","[""Health Informatics"", ""Digital Health"", ""AI"", ""Affective Computing"", ""Computer Audition""]",89406,132,956,51802,104,722,2008,"{""2008"":247,""2009"":440,""2010"":766,""2011"":1105,""2012"":1134,""2013"":2061,""2014"":2210,""2015"":2987,""2016"":3134,""2017"":4060,""2018"":5445,""2019"":6301,""2020"":6464,""2021"":7548,""2022"":8659,""2023"":8522,""2024"":9054,""2025"":10712,""2026"":7193}"
Chandra Chekuri,https://scholar.google.com/citations?user=7j3itaMAAAAJ,2026-09-16,"Professor of Computer Science, University of Illinois, Urbana-Champaign","[""Design and Analysis of Algorithms"", ""Combinatorial Optimization"", ""Graphs and Networks"", ""Mathematical""]",16104,62,136,4738,32,93,1998,"{""1998"":64,""1999"":98,""2000"":110,""2001"":142,""2002"":177,""2003"":246,""2004"":299,""2005"":332,""2006"":442,""2007"":456,""2008"":480,""2009"":500,""2010"":477,""2011"":617,""2012"":615,""2013"":666,""2014"":675,""2015"":692,""2016"":746,""2017"":701,""2018"":895,""2019"":799,""2020"":826,""2021"":767,""2022"":817,""2023"":751,""2024"":803,""2025"":847,""2026"":747}"
Christopher Kruegel,https://scholar.google.com/citations?user=f0NoTC0AAAAJ,2026-09-16,"University of California, Santa Barbara and Cisco, Inc.","[""Computer Security"", ""Security""]",58126,124,290,19338,72,224,2004,"{""2004"":173,""2005"":299,""2006"":555,""2007"":752,""2008"":1154,""2009"":1293,""2010"":1554,""2011"":2184,""2012"":2310,""2013"":2653,""2014"":3249,""2015"":3319,""2016"":3529,""2017"":3712,""2018"":3944,""2019"":3887,""2020"":3587,""2021"":3459,""2022"":3191,""2023"":3360,""2024"":3356,""2025"":3418,""2026"":2541}"
Corina Pasareanu,https://scholar.google.com/citations?user=pwIuivQAAAAJ,2026-09-16,CMU/Amazon/ex-NASA Ames,"[""Symbolic execution"", ""compositional verification"", ""abstraction""]",15763,61,160,4849,39,106,2000,"{""2000"":52,""2001"":142,""2002"":189,""2003"":200,""2004"":316,""2005"":412,""2006"":409,""2007"":439,""2008"":471,""2009"":506,""2010"":540,""2011"":545,""2012"":624,""2013"":718,""2014"":755,""2015"":749,""2016"":642,""2017"":656,""2018"":708,""2019"":847,""2020"":825,""2021"":753,""2022"":836,""2023"":844,""2024"":874,""2025"":830,""2026"":704}"
Dana Ron,https://scholar.google.com/citations?user=f5vfsVkAAAAJ,2026-09-17,Tel Aviv University,"[""Computer Science""]",13986,55,121,3636,33,75,1995,"{""1995"":50,""1996"":49,""1997"":66,""1998"":95,""1999"":93,""2000"":124,""2001"":158,""2002"":235,""2003"":299,""2004"":323,""2005"":333,""2006"":392,""2007"":430,""2008"":491,""2009"":422,""2010"":680,""2011"":524,""2012"":520,""2013"":515,""2014"":511,""2015"":508,""2016"":637,""2017"":575,""2018"":651,""2019"":691,""2020"":718,""2021"":675,""2022"":611,""2023"":604,""2024"":567,""2025"":680,""2026"":499}"
David Lo,https://scholar.google.com/citations?user=Ra4bt-oAAAAJ,2026-09-16,"Professor of Computer Science, Singapore Management University","[""AI4SE"", ""Software Analytics"", ""SE4AI"", ""Software Maintenance"", ""Software Engineering""]",53397,118,602,38423,97,535,2010,"{""2010"":147,""2011"":262,""2012"":286,""2013"":521,""2014"":816,""2015"":1072,""2016"":1375,""2017"":1560,""2018"":2258,""2019"":3005,""2020"":3186,""2021"":4025,""2022"":4892,""2023"":5465,""2024"":6880,""2025"":9025,""2026"":8030}"
David Sankoff,https://scholar.google.com/citations?user=-4VIi-UAAAAJ,2026-09-17,University of Ottawa,"[""Applied probability"", ""bioinformatics"", ""genomics"", ""algorithms""]",40618,85,283,7980,40,101,1987,"{""1987"":144,""1988"":216,""1989"":257,""1990"":294,""1991"":308,""1992"":380,""1993"":375,""1994"":439,""1995"":426,""1996"":420,""1997"":497,""1998"":644,""1999"":712,""2000"":864,""2001"":744,""2002"":856,""2003"":916,""2004"":1001,""2005"":1193,""2006"":1094,""2007"":1244,""2008"":1258,""2009"":1341,""2010"":1330,""2011"":1319,""2012"":1380,""2013"":1293,""2014"":1411,""2015"":1249,""2016"":1398,""2017"":1453,""2018"":1351,""2019"":1376,""2020"":1458,""2021"":1544,""2022"":1517,""2023"":1319,""2024"":1383,""2025"":1356,""2026"":859}"
Deborah L. McGuinness,https://scholar.google.com/citations?user=PLJ0L4QAAAAJ,2026-09-16,"Tetherless World Chair, Prof. Computer, Cognitive, Web Sciences, Industrial &Systems Engineering, RPI","[""Semantic Web"", ""Ontologies"", ""Knowledge Graphs"", ""Explainable AI"", ""Web Science""]",60779,82,282,10281,40,106,1996,"{""1996"":159,""1997"":138,""1998"":206,""1999"":182,""2000"":212,""2001"":390,""2002"":581,""2003"":1003,""2004"":1512,""2005"":2027,""2006"":3079,""2007"":3408,""2008"":3377,""2009"":3416,""2010"":3352,""2011"":3154,""2012"":3025,""2013"":2884,""2014"":2714,""2015"":2497,""2016"":2323,""2017"":2117,""2018"":2073,""2019"":1938,""2020"":1957,""2021"":1709,""2022"":1815,""2023"":1809,""2024"":1822,""2025"":1849,""2026"":1266}"
Elaine Shi,https://scholar.google.com/citations?user=rejzeocAAAAJ,2026-09-16,Carnegie Mellon University,"[""Cryptography"", ""Algorithms"", ""Security"", ""Distributed Systems""]",43469,88,192,19299,68,174,2005,"{""2005"":109,""2006"":238,""2007"":284,""2008"":414,""2009"":375,""2010"":516,""2011"":688,""2012"":813,""2013"":1070,""2014"":1339,""2015"":1781,""2016"":2153,""2017"":2805,""2018"":3508,""2019"":3830,""2020"":3879,""2021"":3582,""2022"":3535,""2023"":3428,""2024"":3322,""2025"":3447,""2026"":1976}"
Emmett Witchel,https://scholar.google.com/citations?user=k4oSgRkAAAAJ,2026-09-16,"Professor of Computer Science, The University of Texas at Austin","[""Operating systems"", ""Architecture"", ""Security""]",10722,46,73,3456,26,45,1996,"{""1996"":37,""1997"":76,""1998"":75,""1999"":73,""2000"":106,""2001"":102,""2002"":136,""2003"":155,""2004"":159,""2005"":170,""2006"":192,""2007"":231,""2008"":270,""2009"":294,""2010"":339,""2011"":364,""2012"":400,""2013"":449,""2014"":472,""2015"":479,""2016"":536,""2017"":477,""2018"":477,""2019"":489,""2020"":582,""2021"":560,""2022"":583,""2023"":584,""2024"":592,""2025"":684,""2026"":451}"
Fedor V. Fomin,https://scholar.google.com/citations?user=96ZXvOsAAAAJ,2026-09-16,"Professor of Computer Science, University of Bergen","[""Theoretical Computer Science"", ""Parameterized Complexity"", ""Graph Algorithms"", ""Discrete Mathematics""]",20619,67,245,8475,36,155,2003,"{""2003"":73,""2004"":101,""2005"":180,""2006"":271,""2007"":208,""2008"":410,""2009"":518,""2010"":576,""2011"":622,""2012"":678,""2013"":751,""2014"":822,""2015"":817,""2016"":926,""2017"":1057,""2018"":1194,""2019"":1220,""2020"":1336,""2021"":1304,""2022"":1393,""2023"":1464,""2024"":1377,""2025"":1564,""2026"":1358}"
Geoffrey Hinton,https://scholar.google.com/citations?user=JicYPdAAAAAJ,2026-09-17,"Emeritus Prof. Computer Science, University of Toronto","[""machine learning"", ""psychology"", ""artificial intelligence"", ""cognitive science"", ""computer science""]",1086799,195,549,621977,134,402,1989,"{""1989"":2724,""1990"":3522,""1991"":3838,""1992"":4107,""1993"":4516,""1994"":4444,""1995"":4024,""1996"":3865,""1997"":3692,""1998"":3727,""1999"":3574,""2000"":3230,""2001"":3362,""2002"":3665,""2003"":3669,""2004"":3337,""2005"":3810,""2006"":4058,""2007"":4443,""2008"":4252,""2009"":4624,""2010"":5035,""2011"":5483,""2012"":6568,""2013"":9498,""2014"":12354,""2015"":18510,""2016"":29831,""2017"":43592,""2018"":63642,""2019"":80836,""2020"":90628,""2021"":101530,""2022"":103804,""2023"":106704,""2024"":110194,""2025"":119016,""2026"":80658}"
George Fitzmaurice,https://scholar.google.com/citations?user=u0JtLz0AAAAJ,2026-09-16,"Director, Research, Autodesk Research","[""Human Computer Interaction""]",22165,81,231,7484,42,161,1997,"{""1997"":57,""1998"":94,""1999"":123,""2000"":121,""2001"":172,""2002"":180,""2003"":259,""2004"":322,""2005"":326,""2006"":367,""2007"":379,""2008"":347,""2009"":513,""2010"":642,""2011"":570,""2012"":685,""2013"":773,""2014"":1067,""2015"":1118,""2016"":1174,""2017"":1177,""2018"":1145,""2019"":1344,""2020"":1274,""2021"":1340,""2022"":1237,""2023"":1233,""2024"":1374,""2025"":1401,""2026"":891}"
Gerard Medioni,https://scholar.google.com/citations?user=b0k2tTgAAAAJ,2026-09-16,USC,[],39298,93,362,9715,41,130,1988,"{""1988"":145,""1989"":224,""1990"":229,""1991"":268,""1992"":384,""1993"":318,""1994"":409,""1995"":430,""1996"":457,""1997"":479,""1998"":503,""1999"":435,""2000"":500,""2001"":515,""2002"":634,""2003"":674,""2004"":788,""2005"":778,""2006"":854,""2007"":1028,""2008"":1056,""2009"":1107,""2010"":1055,""2011"":1122,""2012"":1213,""2013"":1334,""2014"":1421,""2015"":1513,""2016"":1719,""2017"":1688,""2018"":1801,""2019"":2000,""2020"":1927,""2021"":1990,""2022"":2000,""2023"":1777,""2024"":1661,""2025"":1492,""2026"":788}"
H. T. Kung,https://scholar.google.com/citations?user=iLQqwosAAAAJ,2026-09-16,"Professor, Harvard University","[""Machine learning accelerators"", ""high-performance computing"", ""computer & wireless networks"", ""complexity"", ""database systems""]",51053,83,273,9965,33,87,1987,"{""1987"":903,""1988"":1205,""1989"":1120,""1990"":1131,""1991"":1078,""1992"":956,""1993"":891,""1994"":786,""1995"":754,""1996"":623,""1997"":608,""1998"":578,""1999"":434,""2000"":435,""2001"":407,""2002"":529,""2003"":679,""2004"":925,""2005"":1227,""2006"":1218,""2007"":1451,""2008"":1513,""2009"":1554,""2010"":1681,""2011"":1447,""2012"":1532,""2013"":1509,""2014"":1467,""2015"":1346,""2016"":1290,""2017"":1226,""2018"":1288,""2019"":1359,""2020"":1549,""2021"":1517,""2022"":1571,""2023"":1568,""2024"":1612,""2025"":1874,""2026"":1818}"
Haibo Chen,https://scholar.google.com/citations?user=qd9xSkYAAAAJ,2026-09-16,"FACM & FIEEE, Distinguished Professor, Shanghai Jiao Tong University","[""Operating Systems"", ""MLSys"", ""Distributed Systems""]",16038,65,218,10175,52,176,2009,"{""2009"":80,""2010"":109,""2011"":146,""2012"":233,""2013"":316,""2014"":383,""2015"":509,""2016"":606,""2017"":724,""2018"":744,""2019"":894,""2020"":961,""2021"":1209,""2022"":1217,""2023"":1374,""2024"":1781,""2025"":2489,""2026"":2082}"
Jeffrey S. Foster,https://scholar.google.com/citations?user=QWPwfsgAAAAJ,2026-09-16,"Computer Science, Tufts University","[""Programming Languages"", ""Software Engineering"", ""Security""]",10948,50,93,2641,28,68,2000,"{""2000"":44,""2001"":86,""2002"":134,""2003"":168,""2004"":247,""2005"":297,""2006"":341,""2007"":350,""2008"":448,""2009"":372,""2010"":385,""2011"":460,""2012"":450,""2013"":500,""2014"":594,""2015"":601,""2016"":608,""2017"":539,""2018"":557,""2019"":480,""2020"":480,""2021"":485,""2022"":426,""2023"":511,""2024"":464,""2025"":420,""2026"":335}"
Jianfeng Gao,https://scholar.google.com/citations?user=CQ1cqKkAAAAJ,2026-09-16,"Microsoft Research, Redmond","[""natural language processing"", ""information retrieval"", ""machine learning"", ""deep learning""]",155276,150,624,125521,137,518,2009,"{""2009"":428,""2010"":576,""2011"":603,""2012"":656,""2013"":700,""2014"":868,""2015"":1021,""2016"":1724,""2017"":2727,""2018"":4226,""2019"":5864,""2020"":8370,""2021"":11077,""2022"":14245,""2023"":18173,""2024"":24620,""2025"":31789,""2026"":25399}"
Noah Snavely,https://scholar.google.com/citations?user=Db4BCX8AAAAJ,2026-09-16,Cornell University and Google DeepMind,"[""Computer Vision"", ""Computer Graphics"", ""Ducks""]",48379,85,154,28652,69,129,2007,"{""2007"":143,""2008"":291,""2009"":454,""2010"":788,""2011"":944,""2012"":1102,""2013"":1328,""2014"":1493,""2015"":1765,""2016"":1809,""2017"":1762,""2018"":2092,""2019"":2402,""2020"":2884,""2021"":3533,""2022"":4027,""2023"":4922,""2024"":5583,""2025"":5959,""2026"":4610}"
Ken Koedinger,https://scholar.google.com/citations?user=_8DDVkAAAAAJ,2026-09-16,"HCII, Carnegie Mellon University","[""Educational Data Mining"", ""Artificial Intelligence in Education"", ""Learning Engineering"", ""Intelligent Tutoring Systems""]",56603,108,419,23056,65,265,1998,"{""1998"":183,""1999"":162,""2000"":242,""2001"":354,""2002"":329,""2003"":548,""2004"":561,""2005"":737,""2006"":862,""2007"":1013,""2008"":1172,""2009"":1277,""2010"":1623,""2011"":1554,""2012"":1797,""2013"":2256,""2014"":2339,""2015"":2312,""2016"":2481,""2017"":2466,""2018"":2656,""2019"":2600,""2020"":2471,""2021"":2539,""2022"":2709,""2023"":3168,""2024"":3965,""2025"":5467,""2026"":5067}"
Kenneth Church,https://scholar.google.com/citations?user=E6aqGvYAAAAJ,2026-09-16,VecML,"[""Natural Language Processing"", ""Corpora"", ""Speech""]",34062,75,172,8443,35,94,1990,"{""1990"":113,""1991"":136,""1992"":237,""1993"":294,""1994"":454,""1995"":441,""1996"":505,""1997"":624,""1998"":624,""1999"":549,""2000"":618,""2001"":556,""2002"":716,""2003"":727,""2004"":803,""2005"":820,""2006"":828,""2007"":958,""2008"":1041,""2009"":935,""2010"":1147,""2011"":1114,""2012"":1189,""2013"":1232,""2014"":1424,""2015"":1215,""2016"":1246,""2017"":1054,""2018"":1044,""2019"":1068,""2020"":1123,""2021"":1224,""2022"":1365,""2023"":1414,""2024"":1603,""2025"":1739,""2026"":1081}"
Kilian Weinberger,https://scholar.google.com/citations?user=8RVWMycAAAAJ,2026-09-17,Cornell University,"[""machine learning"", ""deep learning"", ""metric learning"", ""computer vision""]",164276,100,210,123114,80,175,2010,"{""2010"":492,""2011"":626,""2012"":764,""2013"":1037,""2014"":1231,""2015"":1482,""2016"":1960,""2017"":2881,""2018"":5952,""2019"":9405,""2020"":13237,""2021"":16874,""2022"":19237,""2023"":20702,""2024"":22369,""2025"":24598,""2026"":19311}"
Kwan-Liu Ma,https://scholar.google.com/citations?user=LgL2HpkAAAAJ,2026-09-16,"Professor of Computer Science, University of California at Davis","[""Visualization"", ""Computer Graphics"", ""High Performance Computing"", ""Human Computer Interaction""]",28212,89,429,8237,45,217,1999,"{""1999"":73,""2000"":94,""2001"":215,""2002"":270,""2003"":330,""2004"":353,""2005"":544,""2006"":636,""2007"":570,""2008"":757,""2009"":674,""2010"":860,""2011"":1134,""2012"":1229,""2013"":1228,""2014"":1316,""2015"":1522,""2016"":1558,""2017"":1388,""2018"":1559,""2019"":1402,""2020"":1520,""2021"":1487,""2022"":1377,""2023"":1545,""2024"":1381,""2025"":1455,""2026"":981}"
Maria-Florina Balcan,https://scholar.google.com/citations?user=LWlN_BUAAAAJ,2026-09-16,"Professor, School of Computer Science, Carnegie Mellon University","[""Machine Learning"", ""Algorithmic Game Theory"", ""Theoretical Computer Science.""]",13207,58,152,6742,41,120,2006,"{""2006"":54,""2007"":108,""2008"":154,""2009"":219,""2010"":220,""2011"":279,""2012"":322,""2013"":396,""2014"":390,""2015"":494,""2016"":528,""2017"":733,""2018"":649,""2019"":807,""2020"":974,""2021"":1047,""2022"":1104,""2023"":1093,""2024"":1355,""2025"":1183,""2026"":946}"
Massoud Pedram,https://scholar.google.com/citations?user=FHiQmOoAAAAJ,2026-09-16,"Charles Lee Powell Professor of Electrical Engineering & Computer Science, Univ of Southern","[""Energy Efficient Electronics"", ""Power-aware computing"", ""Energy Harvesting and Storage Systems"", ""Computer Aided Design of VLSI Circui""]",41150,101,613,10931,49,264,1994,"{""1994"":114,""1995"":270,""1996"":416,""1997"":570,""1998"":561,""1999"":665,""2000"":665,""2001"":630,""2002"":711,""2003"":817,""2004"":880,""2005"":988,""2006"":1030,""2007"":1161,""2008"":1191,""2009"":1052,""2010"":1152,""2011"":1193,""2012"":1460,""2013"":1519,""2014"":1685,""2015"":1786,""2016"":1902,""2017"":1687,""2018"":1863,""2019"":1808,""2020"":1860,""2021"":1874,""2022"":1977,""2023"":1898,""2024"":1895,""2025"":1896,""2026"":1385}"
Michael Backes,https://scholar.google.com/citations?user=ZVS3KOEAAAAJ,2026-09-16,Chairman and Founding Director of the CISPA Helmholtz Center for Information Security,"[""Security"", ""privacy"", ""cryptography"", ""AI""]",39201,100,384,24517,73,241,2003,"{""2003"":208,""2004"":337,""2005"":345,""2006"":520,""2007"":318,""2008"":427,""2009"":494,""2010"":465,""2011"":710,""2012"":693,""2013"":863,""2014"":846,""2015"":892,""2016"":885,""2017"":1088,""2018"":1436,""2019"":1736,""2020"":1899,""2021"":2564,""2022"":2885,""2023"":3497,""2024"":4848,""2025"":5935,""2026"":4729}"
Mikhail (Misha) Belkin,https://scholar.google.com/citations?user=Iwd9DdkAAAAJ,2026-09-16,"Professor of Data Science, Halıcıoğlu Data Science Institute, CSE, UCSD, Amazon Scholar","[""Machine Learning"", ""Learning Theory"", ""Artificial Intelligence"", ""Interpolation"", ""Feature learning""]",44200,57,107,19066,48,94,2004,"{""2004"":161,""2005"":318,""2006"":522,""2007"":677,""2008"":918,""2009"":1206,""2010"":1356,""2011"":1461,""2012"":1634,""2013"":1760,""2014"":1708,""2015"":1808,""2016"":1917,""2017"":1853,""2018"":2122,""2019"":2411,""2020"":2899,""2021"":2992,""2022"":3171,""2023"":3302,""2024"":3321,""2025"":3342,""2026"":2926}"
Z. Morley Mao,https://scholar.google.com/citations?user=Ba_Ci9UAAAAJ,2026-09-16,University of Michigan,"[""ML Systems"", ""Security for ML system"", ""cybersecurity"", ""mobile computing"", ""distributed systems""]",31194,89,252,10664,49,172,2001,"{""2001"":82,""2002"":128,""2003"":204,""2004"":312,""2005"":455,""2006"":508,""2007"":505,""2008"":545,""2009"":683,""2010"":673,""2011"":932,""2012"":1078,""2013"":1455,""2014"":1661,""2015"":1829,""2016"":1934,""2017"":2002,""2018"":1894,""2019"":1707,""2020"":1653,""2021"":1610,""2022"":1704,""2023"":1629,""2024"":1927,""2025"":2168,""2026"":1606}"
Natasha Noy,https://scholar.google.com/citations?user=FE08ALAAAAAJ,2026-09-16,Google,"[""dataset search"", ""semantic web"", ""structured data"", ""artificial intelligence""]",49067,74,191,15670,35,79,2001,"{""2001"":189,""2002"":399,""2003"":691,""2004"":1100,""2005"":1509,""2006"":1908,""2007"":1923,""2008"":2070,""2009"":2186,""2010"":2120,""2011"":2051,""2012"":1989,""2013"":2063,""2014"":1994,""2015"":2035,""2016"":1925,""2017"":1635,""2018"":1610,""2019"":1519,""2020"":1527,""2021"":1402,""2022"":1398,""2023"":1389,""2024"":1365,""2025"":3350,""2026"":6751}"
Nicole Immorlica,https://scholar.google.com/citations?user=_1hCq3UAAAAJ,2026-09-16,Yale University and Microsoft Research,"[""economics and computation"", ""market design"", ""social networks"", ""microeconomics"", ""information design""]",14849,54,121,5736,36,90,2005,"{""2005"":115,""2006"":197,""2007"":279,""2008"":383,""2009"":409,""2010"":488,""2011"":460,""2012"":581,""2013"":585,""2014"":679,""2015"":751,""2016"":732,""2017"":751,""2018"":757,""2019"":902,""2020"":883,""2021"":926,""2022"":898,""2023"":915,""2024"":936,""2025"":1072,""2026"":981}"
Nikhil Bansal,https://scholar.google.com/citations?user=3Lmd6AMAAAAJ,2026-09-16,University of Michigan,"[""Algorithm Design"", ""Theoretical Computer Science"", ""Discrete Math""]",13362,60,149,4160,33,92,2002,"{""2002"":52,""2003"":133,""2004"":224,""2005"":268,""2006"":294,""2007"":289,""2008"":391,""2009"":484,""2010"":494,""2011"":554,""2012"":629,""2013"":638,""2014"":691,""2015"":627,""2016"":633,""2017"":614,""2018"":641,""2019"":612,""2020"":682,""2021"":692,""2022"":727,""2023"":736,""2024"":646,""2025"":658,""2026"":698}"
Phoebe Sengers,https://scholar.google.com/citations?user=6c5cf1wAAAAJ,2026-09-16,"Professor, Information Science and Science & Technology Studies, Cornell","[""rural infrastructure"", ""speculation"", ""STS"", ""critically reflective HCI"", ""design for social impact""]",15768,52,97,6169,36,65,2002,"{""2002"":61,""2003"":69,""2004"":108,""2005"":114,""2006"":177,""2007"":217,""2008"":376,""2009"":446,""2010"":433,""2011"":554,""2012"":510,""2013"":639,""2014"":671,""2015"":754,""2016"":719,""2017"":839,""2018"":886,""2019"":854,""2020"":829,""2021"":877,""2022"":1003,""2023"":1022,""2024"":1098,""2025"":1171,""2026"":994}"
Pradeep Dubey,https://scholar.google.com/citations?user=-ad5RSQAAAAJ,2026-09-16,Intel Corporation,"[""Emergng applications and architecture""]",19934,73,163,5641,38,79,1998,"{""1998"":59,""1999"":79,""2000"":97,""2001"":131,""2002"":174,""2003"":156,""2004"":237,""2005"":269,""2006"":246,""2007"":279,""2008"":359,""2009"":582,""2010"":678,""2011"":747,""2012"":935,""2013"":959,""2014"":1093,""2015"":1162,""2016"":1143,""2017"":1136,""2018"":1207,""2019"":1155,""2020"":1101,""2021"":1113,""2022"":934,""2023"":823,""2024"":937,""2025"":1040,""2026"":793}"
Ram Duvvuru Sriram,https://scholar.google.com/citations?user=W4t8B20AAAAJ,2026-09-16,National Institute of Standards and Technology,"[""Artificial Intelligence"", ""Computer Aided Design"", ""Product Lifecycle Managment"", ""Medical Informatics"", ""Software""]",14197,62,181,2658,22,59,1987,"{""1987"":62,""1988"":92,""1989"":91,""1990"":95,""1991"":86,""1992"":147,""1993"":125,""1994"":161,""1995"":157,""1996"":140,""1997"":151,""1998"":184,""1999"":138,""2000"":204,""2001"":229,""2002"":190,""2003"":273,""2004"":272,""2005"":429,""2006"":369,""2007"":414,""2008"":472,""2009"":494,""2010"":502,""2011"":534,""2012"":570,""2013"":590,""2014"":609,""2015"":655,""2016"":586,""2017"":593,""2018"":554,""2019"":546,""2020"":526,""2021"":482,""2022"":497,""2023"":413,""2024"":442,""2025"":524,""2026"":296}"
Ramón Cáceres,https://scholar.google.com/citations?user=rWMibvIAAAAJ,2026-09-16,Retired,"[""Computer science""]",16343,50,82,2495,16,23,1994,"{""1994"":68,""1995"":108,""1996"":115,""1997"":132,""1998"":162,""1999"":249,""2000"":286,""2001"":327,""2002"":394,""2003"":378,""2004"":361,""2005"":391,""2006"":375,""2007"":404,""2008"":323,""2009"":382,""2010"":446,""2011"":525,""2012"":645,""2013"":832,""2014"":904,""2015"":984,""2016"":1019,""2017"":1007,""2018"":1074,""2019"":910,""2020"":726,""2021"":643,""2022"":543,""2023"":452,""2024"":345,""2025"":282,""2026"":230}"
Roger B. Dannenberg,https://scholar.google.com/citations?user=whacJzwAAAAJ,2026-09-16,"Professor of Computer Science, Carnegie Mellon University","[""Computer Music""]",12142,58,175,3418,29,91,1989,"{""1989"":35,""1990"":57,""1991"":102,""1992"":122,""1993"":171,""1994"":189,""1995"":216,""1996"":249,""1997"":177,""1998"":163,""1999"":116,""2000"":164,""2001"":176,""2002"":201,""2003"":249,""2004"":309,""2005"":333,""2006"":303,""2007"":383,""2008"":384,""2009"":335,""2010"":352,""2011"":414,""2012"":429,""2013"":368,""2014"":393,""2015"":377,""2016"":347,""2017"":292,""2018"":298,""2019"":302,""2020"":408,""2021"":717,""2022"":448,""2023"":444,""2024"":501,""2025"":681,""2026"":617}"
Rolf Drechsler,https://scholar.google.com/citations?user=9v_MAAIAAAAJ,2026-09-16,"Professor at University of Bremen, Director DFKI Bremen, Germany","[""algorithms"", ""data structures"", ""system design"", ""verification"", ""test""]",25462,74,587,9422,39,267,1995,"{""1995"":131,""1996"":164,""1997"":220,""1998"":169,""1999"":260,""2000"":202,""2001"":311,""2002"":351,""2003"":281,""2004"":345,""2005"":368,""2006"":396,""2007"":447,""2008"":459,""2009"":557,""2010"":731,""2011"":628,""2012"":698,""2013"":868,""2014"":1010,""2015"":814,""2016"":1148,""2017"":1059,""2018"":1258,""2019"":1360,""2020"":1432,""2021"":1385,""2022"":1581,""2023"":1734,""2024"":1597,""2025"":1761,""2026"":1357}"
Joseph Seffi Naor,https://scholar.google.com/citations?user=xGbDr7YAAAAJ,2026-09-16,Technion,[],19840,69,164,5245,35,90,1991,"{""1991"":58,""1992"":64,""1993"":105,""1994"":125,""1995"":130,""1996"":130,""1997"":177,""1998"":181,""1999"":140,""2000"":222,""2001"":222,""2002"":225,""2003"":268,""2004"":330,""2005"":382,""2006"":434,""2007"":468,""2008"":537,""2009"":557,""2010"":588,""2011"":619,""2012"":640,""2013"":649,""2014"":865,""2015"":842,""2016"":932,""2017"":1038,""2018"":1085,""2019"":1025,""2020"":1037,""2021"":937,""2022"":968,""2023"":862,""2024"":893,""2025"":899,""2026"":684}"
Shai Ben-David,https://scholar.google.com/citations?user=kezPqwoAAAAJ,2026-09-16,"Univerity of Waterloo, Canada","[""Theoretical computer science"", ""Machine Learning"", ""Clustering"", ""Mathematical logic""]",35409,56,122,21868,36,82,1998,"{""1998"":106,""1999"":104,""2000"":78,""2001"":108,""2002"":148,""2003"":144,""2004"":152,""2005"":207,""2006"":239,""2007"":289,""2008"":300,""2009"":347,""2010"":406,""2011"":411,""2012"":464,""2013"":502,""2014"":475,""2015"":620,""2016"":779,""2017"":959,""2018"":1379,""2019"":1903,""2020"":2594,""2021"":2997,""2022"":3270,""2023"":4100,""2024"":4348,""2025"":4213,""2026"":2927}"
Sharad Mehrotra,https://scholar.google.com/citations?user=MTZaRW4AAAAJ,2026-09-16,"Distinguished Professor of Computer Science, Univ. of California, Irvine","[""Databases"", ""Data Management"", ""IoT Data Management"", ""Cloud Computing"", ""Security and Privacy""]",28921,70,241,4520,31,87,1997,"{""1997"":126,""1998"":167,""1999"":263,""2000"":372,""2001"":543,""2002"":654,""2003"":758,""2004"":915,""2005"":1165,""2006"":1217,""2007"":1212,""2008"":1228,""2009"":1398,""2010"":1327,""2011"":1144,""2012"":1302,""2013"":1413,""2014"":1398,""2015"":1364,""2016"":1352,""2017"":1258,""2018"":1115,""2019"":1033,""2020"":1017,""2021"":907,""2022"":903,""2023"":766,""2024"":669,""2025"":768,""2026"":506}"
Shrikanth (Shri) Narayanan,https://scholar.google.com/citations?user=8EDHmYkAAAAJ,2026-09-16,"University Professor and Niki & Max Nikias Chair in Engineering, University of Southern California","[""signal processing"", ""speech/language"", ""emotions"", ""biosignals/behavior"", ""multimedia""]",65862,115,838,28030,65,478,2002,"{""2002"":186,""2003"":284,""2004"":324,""2005"":489,""2006"":642,""2007"":773,""2008"":1092,""2009"":1246,""2010"":1498,""2011"":2063,""2012"":1828,""2013"":2459,""2014"":2599,""2015"":2907,""2016"":3165,""2017"":3362,""2018"":3680,""2019"":3895,""2020"":4045,""2021"":4416,""2022"":4606,""2023"":4721,""2024"":4993,""2025"":5239,""2026"":4013}"
Stefan Saroiu,https://scholar.google.com/citations?user=7Z0Z6VsAAAAJ,2026-09-16,Microsoft,"[""Mobile computing"", ""Security"", ""Distributed Systems"", ""Operating Systems"", ""Networking""]",19794,47,87,3133,30,55,2002,"{""2002"":134,""2003"":405,""2004"":742,""2005"":846,""2006"":896,""2007"":835,""2008"":884,""2009"":873,""2010"":911,""2011"":904,""2012"":911,""2013"":1008,""2014"":1081,""2015"":1130,""2016"":1090,""2017"":1110,""2018"":1005,""2019"":877,""2020"":748,""2021"":712,""2022"":661,""2023"":523,""2024"":500,""2025"":454,""2026"":282}"
Steffen Staab,https://scholar.google.com/citations?user=QvpcUn8AAAAJ,2026-09-16,"WAIS, University of Southampton, UK & Analytic Computing, Universität Stuttgart, DE","[""Artificial Intelligence"", ""Knowledge Graphs"", ""Simulation Science"", ""Intelligent User Interfaces"", ""Web Sci""]",51291,100,376,13349,37,152,2000,"{""2000"":199,""2001"":449,""2002"":683,""2003"":1139,""2004"":1593,""2005"":2136,""2006"":2458,""2007"":2507,""2008"":2449,""2009"":2438,""2010"":2595,""2011"":2533,""2012"":2320,""2013"":2060,""2014"":1959,""2015"":1890,""2016"":1804,""2017"":1532,""2018"":1520,""2019"":1395,""2020"":1313,""2021"":1590,""2022"":1733,""2023"":2001,""2024"":2525,""2025"":2927,""2026"":2564}"
Sumit Gulwani,https://scholar.google.com/citations?user=fZinJ_AAAAAJ,2026-09-16,"Distinguished Scientist, Microsoft","[""Program Synthesis"", ""Artificial Intelligence"", ""End-User Programming"", ""Computer-aided Education""]",22371,79,221,11046,50,179,2007,"{""2007"":60,""2008"":78,""2009"":209,""2010"":330,""2011"":366,""2012"":548,""2013"":670,""2014"":900,""2015"":1018,""2016"":1056,""2017"":1437,""2018"":1247,""2019"":1414,""2020"":1679,""2021"":1659,""2022"":1971,""2023"":1679,""2024"":2032,""2025"":2211,""2026"":1483}"
Tim Roughgarden,https://scholar.google.com/citations?user=0lcJYs8AAAAJ,2026-09-16,Columbia University,"[""Algorithms"", ""Game Theory"", ""Networks"", ""Blockchain Protocols""]",45840,80,193,14848,50,146,2003,"{""2003"":185,""2004"":352,""2005"":439,""2006"":506,""2007"":736,""2008"":878,""2009"":1036,""2010"":1221,""2011"":1500,""2012"":1649,""2013"":2126,""2014"":2572,""2015"":2814,""2016"":2963,""2017"":2986,""2018"":2842,""2019"":2886,""2020"":2536,""2021"":2479,""2022"":2463,""2023"":2434,""2024"":2657,""2025"":2647,""2026"":2151}"
Trent Jaeger,https://scholar.google.com/citations?user=LpwdzeEAAAAJ,2026-09-16,"Professor of Computer Science and Engineering, UC Riverside","[""Software and Systems Security""]",13308,58,171,3966,32,89,1997,"{""1997"":34,""1998"":69,""1999"":90,""2000"":63,""2001"":105,""2002"":113,""2003"":118,""2004"":155,""2005"":238,""2006"":334,""2007"":445,""2008"":513,""2009"":567,""2010"":652,""2011"":629,""2012"":629,""2013"":553,""2014"":561,""2015"":544,""2016"":521,""2017"":557,""2018"":473,""2019"":598,""2020"":653,""2021"":661,""2022"":642,""2023"":698,""2024"":776,""2025"":753,""2026"":424}"
Vaughn Betz,https://scholar.google.com/citations?user=bMdDigQAAAAJ,2026-09-16,University of Toronto,"[""FPGAs"", ""Computer Aided Design"", ""Deep Learning"", ""Hardware Acceleration"", ""VLSI""]",14615,53,183,5051,36,107,1999,"{""1999"":86,""2000"":111,""2001"":134,""2002"":162,""2003"":286,""2004"":281,""2005"":380,""2006"":387,""2007"":456,""2008"":463,""2009"":508,""2010"":490,""2011"":482,""2012"":443,""2013"":433,""2014"":551,""2015"":583,""2016"":608,""2017"":627,""2018"":629,""2019"":593,""2020"":638,""2021"":664,""2022"":734,""2023"":983,""2024"":997,""2025"":983,""2026"":687}"
Vineet Bafna,https://scholar.google.com/citations?user=zr2I_WMAAAAJ,2026-09-17,"Professor of Computer Science & Engineering, UCSD","[""Bioinformatics Algorithms"", ""Cancer Genomics""]",52822,84,201,14377,53,134,2000,"{""2000"":164,""2001"":1071,""2002"":1657,""2003"":1634,""2004"":1693,""2005"":1609,""2006"":1633,""2007"":1767,""2008"":1997,""2009"":1952,""2010"":2135,""2011"":2111,""2012"":2092,""2013"":2198,""2014"":2100,""2015"":2037,""2016"":1912,""2017"":1941,""2018"":1894,""2019"":1944,""2020"":1937,""2021"":2141,""2022"":2355,""2023"":2276,""2024"":2328,""2025"":2879,""2026"":2383}"
Wei-Ying Ma,https://scholar.google.com/citations?user=SToCbu8AAAAJ,2026-09-16,Tsinghua University,"[""AI for Science"", ""Large Language Model"", ""Web Search"", ""Data Mining"", ""Recommender System""]",70151,125,488,16341,44,199,1999,"{""1999"":247,""2000"":285,""2001"":392,""2002"":489,""2003"":690,""2004"":1027,""2005"":1383,""2006"":1688,""2007"":2184,""2008"":2620,""2009"":3056,""2010"":3407,""2011"":3407,""2012"":3811,""2013"":4020,""2014"":3897,""2015"":3784,""2016"":3438,""2017"":3304,""2018"":3344,""2019"":3175,""2020"":3143,""2021"":2893,""2022"":2591,""2023"":2066,""2024"":2093,""2025"":3019,""2026"":3676}"
Wenjing Lou,https://scholar.google.com/citations?user=hM8uAwoAAAAJ,2026-09-16,"W. C. English Endowed Professor, IEEE Fellow, Virginia Tech, USA","[""Cyber Security"", ""Wireless Networks"", ""Wireless Security"", ""Network Security"", ""Cloud Computing""]",46838,91,265,13842,57,180,2006,"{""2006"":150,""2007"":241,""2008"":344,""2009"":416,""2010"":627,""2011"":951,""2012"":1490,""2013"":2265,""2014"":3247,""2015"":3859,""2016"":4248,""2017"":3953,""2018"":3896,""2019"":3641,""2020"":3112,""2021"":2845,""2022"":2657,""2023"":2371,""2024"":2424,""2025"":2249,""2026"":1273}"
Wenliang Du,https://scholar.google.com/citations?user=1aMkcasAAAAJ,2026-09-16,Syracuse University,"[""Security"", ""Computer Security""]",18819,59,117,3475,30,73,2004,"{""2004"":218,""2005"":532,""2006"":830,""2007"":1005,""2008"":1178,""2009"":1097,""2010"":1113,""2011"":937,""2012"":914,""2013"":927,""2014"":939,""2015"":900,""2016"":1044,""2017"":937,""2018"":865,""2019"":827,""2020"":787,""2021"":712,""2022"":642,""2023"":486,""2024"":520,""2025"":596,""2026"":516}"
XiaoFeng Wang,https://scholar.google.com/citations?user=pONu-5EAAAAJ,2026-09-16,"Member, ACM SIGSAC Executive Committee","[""AI-Centered Security"", ""Systems Security and Privacy"", ""Healthcare Privacy"", ""Incentive Engineering""]",22957,80,202,13311,61,170,2006,"{""2006"":75,""2007"":83,""2008"":84,""2009"":113,""2010"":129,""2011"":263,""2012"":344,""2013"":406,""2014"":596,""2015"":724,""2016"":916,""2017"":1053,""2018"":1267,""2019"":1519,""2020"":1778,""2021"":1895,""2022"":1985,""2023"":2142,""2024"":2453,""2025"":2694,""2026"":2126}"
Xin Luna Dong,https://scholar.google.com/citations?user=uGsKvHoAAAAJ,2026-09-16,"ACM / IEEE Fellow, Principal Scientist at Meta","[""Knowledge graph"", ""Data quality"", ""NLP"", ""Search""]",18051,64,120,7638,45,98,2005,"{""2005"":101,""2006"":182,""2007"":292,""2008"":382,""2009"":416,""2010"":514,""2011"":511,""2012"":530,""2013"":500,""2014"":594,""2015"":851,""2016"":1025,""2017"":1026,""2018"":1055,""2019"":1075,""2020"":1118,""2021"":1227,""2022"":1227,""2023"":1247,""2024"":1376,""2025"":1380,""2026"":1158}"
Xing Xie 谢幸,https://scholar.google.com/citations?user=5EQfAFIAAAAJ,2026-09-16,"Assistant Managing Director, Microsoft Research Asia, ACM Fellow, IEEE Fellow, CCF Fellow","[""Data mining"", ""Recommender systems"", ""Social computing"", ""Responsible AI"", ""AI and Society""]",95596,133,495,63578,107,413,2007,"{""2007"":240,""2008"":365,""2009"":423,""2010"":652,""2011"":998,""2012"":1513,""2013"":1966,""2014"":2458,""2015"":2865,""2016"":3172,""2017"":3410,""2018"":3902,""2019"":4208,""2020"":5102,""2021"":6261,""2022"":7123,""2023"":9010,""2024"":13126,""2025"":16620,""2026"":11283}"
Yann LeCun,https://scholar.google.com/citations?user=WLN3QrAAAAAJ,2026-09-17,"Executive Chairman AMI Labs & Jacob T Schwarz Professor, Courant Institute, New York University","[""AI"", ""machine learning"", ""computer vision"", ""robotics"", ""image compression""]",496747,175,504,301777,129,404,2008,"{""2008"":1264,""2009"":1456,""2010"":1678,""2011"":2050,""2012"":2430,""2013"":3348,""2014"":4692,""2015"":7778,""2016"":13701,""2017"":21254,""2018"":31546,""2019"":39731,""2020"":44531,""2021"":48962,""2022"":49520,""2023"":50312,""2024"":52348,""2025"":57407,""2026"":43061}"
Yingying Chen,https://scholar.google.com/citations?user=jCZaWOEAAAAJ,2026-09-16,"Fellow of AAAS, NAI, ACM and IEEE, Distinguished Professor and Dept. Chair, Rutgers University","[""AI-enabled mobile sensing & computing"", ""cyber security"", ""smart healthcare"", ""IoT"", ""secure AI/ML systems""]",22250,84,254,12331,63,195,2009,"{""2009"":92,""2010"":145,""2011"":193,""2012"":251,""2013"":355,""2014"":568,""2015"":780,""2016"":1098,""2017"":1304,""2018"":1609,""2019"":1561,""2020"":1735,""2021"":1914,""2022"":2285,""2023"":2186,""2024"":2442,""2025"":2303,""2026"":1196}"
Yoshua Bengio,https://scholar.google.com/citations?user=kukA0LcAAAAJ,2026-09-17,"Professor of computer science, University of Montreal, Mila, IVADO, CIFAR","[""Machine learning"", ""deep learning"", ""artificial intelligence""]",1157248,259,1107,771738,210,949,2013,"{""2013"":4320,""2014"":7275,""2015"":13501,""2016"":25214,""2017"":41744,""2018"":67896,""2019"":90414,""2020"":108117,""2021"":121291,""2022"":123601,""2023"":128593,""2024"":136646,""2025"":152760,""2026"":108510}"
Zhu Han,https://scholar.google.com/citations?user=ty7wIXoAAAAJ,2026-09-16,University of Houston,"[""Game Theory"", ""Wireless Networking"", ""Security"", ""Data Science"", ""Smart Grid""]",125473,166,1502,78896,126,1223,2008,"{""2008"":356,""2009"":721,""2010"":1018,""2011"":1434,""2012"":1727,""2013"":2343,""2014"":2977,""2015"":3517,""2016"":4432,""2017"":5288,""2018"":6474,""2019"":7304,""2020"":7951,""2021"":8831,""2022"":10625,""2023"":12174,""2024"":15276,""2025"":18468,""2026"":13391}"
Ahmed E. Hassan,https://scholar.google.com/citations?user=9hwXx34AAAAJ,2026-09-16,"Mustafa Prize Laureate, ACM/IEEE/NSERC Steacie Fellow, ACM Influential/IEEE Distinguished Educator","[""Mining Software Repositories"", ""Software Analytics"", ""Empirical Software Engineering"", ""Software""]",44197,112,467,23729,80,364,2005,"{""2005"":131,""2006"":155,""2007"":179,""2008"":198,""2009"":260,""2010"":424,""2011"":500,""2012"":746,""2013"":1035,""2014"":1303,""2015"":1528,""2016"":2038,""2017"":2221,""2018"":2694,""2019"":3268,""2020"":3217,""2021"":3895,""2022"":3800,""2023"":3675,""2024"":4012,""2025"":4441,""2026"":3861}"
Alex Pothen,https://scholar.google.com/citations?user=_Fah5fwAAAAJ,2026-09-16,"Professor of Computer Science, Purdue University","[""Combinatorial Scientific Computing"", ""Parallel Computing"", ""Graph Algorithms"", ""Bioinformatics""]",9650,41,89,2052,21,39,1990,"{""1990"":47,""1991"":47,""1992"":88,""1993"":123,""1994"":159,""1995"":164,""1996"":150,""1997"":196,""1998"":130,""1999"":115,""2000"":116,""2001"":140,""2002"":95,""2003"":111,""2004"":176,""2005"":212,""2006"":258,""2007"":268,""2008"":309,""2009"":304,""2010"":240,""2011"":305,""2012"":364,""2013"":407,""2014"":426,""2015"":408,""2016"":485,""2017"":406,""2018"":387,""2019"":412,""2020"":355,""2021"":349,""2022"":341,""2023"":333,""2024"":341,""2025"":356,""2026"":332}"
Alfons Kemper,https://scholar.google.com/citations?user=B8TzQFQAAAAJ,2026-09-17,"Professor Computer Science, TUM","[""database systems""]",20735,70,227,8540,42,103,1988,"{""1988"":77,""1989"":56,""1990"":65,""1991"":78,""1992"":79,""1993"":132,""1994"":118,""1995"":148,""1996"":152,""1997"":139,""1998"":153,""1999"":175,""2000"":183,""2001"":148,""2002"":170,""2003"":204,""2004"":267,""2005"":273,""2006"":296,""2007"":272,""2008"":313,""2009"":421,""2010"":474,""2011"":535,""2012"":494,""2013"":691,""2014"":698,""2015"":707,""2016"":752,""2017"":785,""2018"":838,""2019"":906,""2020"":1145,""2021"":1301,""2022"":1416,""2023"":1486,""2024"":1560,""2025"":1570,""2026"":1174}"
Anima Anandkumar,https://scholar.google.com/citations?user=bEcLezcAAAAJ,2026-09-16,California Institute of Technology and NVIDIA,"[""Machine Learning and Artificial Intelligence""]",82545,108,353,74843,99,323,2013,"{""2013"":275,""2014"":469,""2015"":554,""2016"":693,""2017"":747,""2018"":996,""2019"":1404,""2020"":1817,""2021"":2746,""2022"":4800,""2023"":8787,""2024"":15120,""2025"":21280,""2026"":21829}"
Ashutosh Sabharwal,https://scholar.google.com/citations?user=MiqMO-kAAAAJ,2026-09-16,"Ernest D. Butcher Professor, Department of Electrical and Computer Engineering","[""Wireless Communications"", ""Wireless Platforms"", ""Digital Health"", ""Medical Devices"", ""Quantitative""]",24647,63,210,6889,36,98,2002,"{""2002"":75,""2003"":152,""2004"":319,""2005"":454,""2006"":587,""2007"":681,""2008"":777,""2009"":717,""2010"":763,""2011"":656,""2012"":786,""2013"":953,""2014"":1112,""2015"":1409,""2016"":1682,""2017"":1934,""2018"":1493,""2019"":1558,""2020"":1368,""2021"":1185,""2022"":1133,""2023"":1135,""2024"":1265,""2025"":1288,""2026"":873}"
Bill Curtis,https://scholar.google.com/citations?user=D5IKxV8AAAAJ,2026-09-16,CAST Software,"[""software engineering"", ""human-computer interaction"", ""software management"", ""workforce management"", ""coaching behavior""]",24129,49,101,2652,17,28,1987,"{""1987"":72,""1988"":110,""1989"":156,""1990"":150,""1991"":214,""1992"":296,""1993"":333,""1994"":411,""1995"":543,""1996"":613,""1997"":522,""1998"":613,""1999"":607,""2000"":583,""2001"":660,""2002"":810,""2003"":743,""2004"":758,""2005"":899,""2006"":905,""2007"":804,""2008"":763,""2009"":817,""2010"":813,""2011"":828,""2012"":838,""2013"":824,""2014"":791,""2015"":748,""2016"":719,""2017"":675,""2018"":633,""2019"":608,""2020"":494,""2021"":512,""2022"":457,""2023"":447,""2024"":409,""2025"":442,""2026"":385}"
Boaz Barak,https://scholar.google.com/citations?user=I0fbJ6cAAAAJ,2026-09-16,Harvard University,"[""Computer Science"", ""Computational Complexity"", ""Algorithms"", ""Cryptography"", ""Optimization""]",29774,65,112,17093,44,95,2003,"{""2003"":128,""2004"":159,""2005"":192,""2006"":265,""2007"":289,""2008"":345,""2009"":372,""2010"":530,""2011"":615,""2012"":758,""2013"":880,""2014"":1007,""2015"":1069,""2016"":1214,""2017"":1048,""2018"":1111,""2019"":1127,""2020"":1193,""2021"":1338,""2022"":1583,""2023"":1899,""2024"":2269,""2025"":4244,""2026"":5725}"
Bronis R. de Supinski,https://scholar.google.com/citations?user=iuEBM58AAAAJ,2026-09-16,Lawrence Livermore National Laboratory,[],14221,64,167,3690,31,82,2003,"{""2003"":38,""2004"":55,""2005"":71,""2006"":114,""2007"":162,""2008"":236,""2009"":285,""2010"":374,""2011"":513,""2012"":653,""2013"":812,""2014"":950,""2015"":1082,""2016"":1080,""2017"":1079,""2018"":931,""2019"":1057,""2020"":838,""2021"":781,""2022"":687,""2023"":634,""2024"":612,""2025"":607,""2026"":368}"
C.-C. Jay Kuo,https://scholar.google.com/citations?user=81d60okAAAAJ,2026-09-16,"Ming Hsieh Chair Professor in ECE-Systems, University of Southern California","[""Multimedia"", ""Visual Computing"", ""Video Coding"", ""Green AI"", ""Green Learning""]",56950,112,759,19312,68,298,1995,"{""1995"":171,""1996"":226,""1997"":353,""1998"":396,""1999"":525,""2000"":545,""2001"":645,""2002"":829,""2003"":962,""2004"":1070,""2005"":1288,""2006"":1495,""2007"":1507,""2008"":1713,""2009"":1829,""2010"":2023,""2011"":1822,""2012"":1838,""2013"":2007,""2014"":2055,""2015"":2045,""2016"":1995,""2017"":2147,""2018"":2222,""2019"":2469,""2020"":2521,""2021"":3036,""2022"":3379,""2023"":3766,""2024"":3824,""2025"":3342,""2026"":1950}"
Constantinos Daskalakis,https://scholar.google.com/citations?user=iTv2cOgAAAAJ,2026-09-16,"Professor of Computer Science, MIT","[""theoretical computer science"", ""economics"", ""probability theory"", ""learning"", ""statistics""]",14775,64,144,8402,44,126,2007,"{""2007"":77,""2008"":206,""2009"":215,""2010"":254,""2011"":287,""2012"":273,""2013"":338,""2014"":355,""2015"":474,""2016"":513,""2017"":551,""2018"":668,""2019"":884,""2020"":1043,""2021"":1209,""2022"":1401,""2023"":1388,""2024"":1461,""2025"":1633,""2026"":1305}"
Corinna Cortes,https://scholar.google.com/citations?user=U_IVY50AAAAJ,2026-09-16,"Google Research, NY","[""Machine Learning"", ""Datamining""]",116860,62,147,55282,43,102,2002,"{""2002"":444,""2003"":619,""2004"":644,""2005"":980,""2006"":1146,""2007"":1307,""2008"":1438,""2009"":1665,""2010"":1808,""2011"":2112,""2012"":2710,""2013"":3304,""2014"":3972,""2015"":4410,""2016"":4698,""2017"":5319,""2018"":6562,""2019"":7536,""2020"":8488,""2021"":9245,""2022"":8919,""2023"":9069,""2024"":9431,""2025"":10630,""2026"":7984}"
Craig Gotsman,https://scholar.google.com/citations?user=0JRBzUEAAAAJ,2026-09-16,"Distinguished Professor and Former Dean, Ying Wu College of Computing, NJIT","[""Computer Graphics""]",13474,63,131,2098,25,58,1997,"{""1997"":41,""1998"":65,""1999"":84,""2000"":126,""2001"":157,""2002"":240,""2003"":347,""2004"":418,""2005"":557,""2006"":603,""2007"":622,""2008"":642,""2009"":645,""2010"":633,""2011"":634,""2012"":727,""2013"":675,""2014"":660,""2015"":647,""2016"":605,""2017"":560,""2018"":560,""2019"":422,""2020"":445,""2021"":427,""2022"":384,""2023"":352,""2024"":338,""2025"":352,""2026"":245}"
David Atienza,https://scholar.google.com/citations?user=H1JXhMIAAAAJ,2026-09-16,"Professor of Electrical and Computer Engineering, EPFL","[""Embedded systems"", ""Thermal management"", ""HW/SW codesign"", ""Edge AI"", ""Internet of Things""]",14560,62,266,6410,38,163,2006,"{""2006"":79,""2007"":121,""2008"":184,""2009"":299,""2010"":454,""2011"":589,""2012"":550,""2013"":715,""2014"":722,""2015"":751,""2016"":722,""2017"":617,""2018"":720,""2019"":732,""2020"":724,""2021"":819,""2022"":1001,""2023"":960,""2024"":1119,""2025"":1476,""2026"":1014}"
Denis Zorin,https://scholar.google.com/citations?user=cagVT0AAAAAJ,2026-09-16,"Professor of Computer Science and Mathematics, Courant Institute, NYU","[""Computer Graphics"", ""Geometry Processing"", ""Scientific Computing"", ""Computational Fabrication""]",18756,71,157,7279,43,114,1998,"{""1998"":57,""1999"":87,""2000"":202,""2001"":246,""2002"":371,""2003"":446,""2004"":499,""2005"":481,""2006"":595,""2007"":560,""2008"":473,""2009"":470,""2010"":487,""2011"":515,""2012"":586,""2013"":478,""2014"":580,""2015"":596,""2016"":653,""2017"":670,""2018"":630,""2019"":748,""2020"":802,""2021"":1002,""2022"":1206,""2023"":1212,""2024"":1249,""2025"":1459,""2026"":1141}"
Dong Yu,https://scholar.google.com/citations?user=tMY31_gAAAAJ,2026-09-16,ACM/IEEE/ISCA Fellow,"[""automatic speech recognition"", ""speech processing"", ""natural language processing"", ""AGI/ASI""]",85694,114,508,45891,86,408,2009,"{""2009"":221,""2010"":297,""2011"":371,""2012"":514,""2013"":1169,""2014"":2367,""2015"":3112,""2016"":4579,""2017"":5096,""2018"":6751,""2019"":7121,""2020"":7339,""2021"":7550,""2022"":7304,""2023"":7098,""2024"":7184,""2025"":9079,""2026"":7632}"
Ed H. Chi,https://scholar.google.com/citations?user=VuWl-KUAAAAJ,2026-09-16,Google DeepMind,"[""Machine Learning"", ""Recommenders"", ""Dialog Systems"", ""HCI"", ""Social Computing""]",129531,106,282,108728,75,200,2004,"{""2004"":331,""2005"":330,""2006"":418,""2007"":476,""2008"":534,""2009"":745,""2010"":946,""2011"":1274,""2012"":1478,""2013"":1572,""2014"":1699,""2015"":1630,""2016"":1595,""2017"":1436,""2018"":1438,""2019"":1704,""2020"":1989,""2021"":2426,""2022"":3319,""2023"":8828,""2024"":21369,""2025"":37127,""2026"":35147}"
Eric Xing,https://scholar.google.com/citations?user=5pKTRxEAAAAJ,2026-09-16,"President at Mohamed bin Zayed University of AI, Professor of Computer Science, Carnegie Mellon U","[""Machine Learning"", ""Artificial Intelligence"", ""AI/ML Systems"", ""Statistics"", ""AI4Science""]",105129,139,563,70467,106,428,2005,"{""2005"":275,""2006"":370,""2007"":422,""2008"":517,""2009"":627,""2010"":837,""2011"":1119,""2012"":1638,""2013"":1930,""2014"":2542,""2015"":2581,""2016"":2924,""2017"":3117,""2018"":4113,""2019"":4839,""2020"":5780,""2021"":6737,""2022"":7218,""2023"":8644,""2024"":13196,""2025"":17792,""2026"":16769}"
Farinaz Koushanfar,https://scholar.google.com/citations?user=3XnMVUAAAAAJ,2026-09-16,"Professor and Siavouche Nemat-Nasser Endowed Chair of ECE, UC San Diego","[""Secure & private compute"", ""AI-based &AI co-optimization"", ""Robust AI"", ""HW/SW/system security"", ""Automation""]",47790,79,267,30354,61,189,2003,"{""2003"":140,""2004"":196,""2005"":322,""2006"":419,""2007"":499,""2008"":519,""2009"":581,""2010"":630,""2011"":717,""2012"":642,""2013"":908,""2014"":1038,""2015"":1089,""2016"":1304,""2017"":1659,""2018"":1707,""2019"":1891,""2020"":2779,""2021"":3517,""2022"":4244,""2023"":4875,""2024"":5498,""2025"":6679,""2026"":5381}"
Gary J. Sullivan,https://scholar.google.com/citations?user=5g5a1SgAAAAJ,2026-09-16,"Director of Video Research & Standardization, Dolby Laboratories","[""Video coding"", ""Image coding"", ""Quantization"", ""Multimedia signal processing"", ""Image and video processing""]",60831,81,236,18113,45,122,2002,"{""2002"":205,""2003"":286,""2004"":636,""2005"":1098,""2006"":1420,""2007"":1685,""2008"":1778,""2009"":1961,""2010"":2103,""2011"":2128,""2012"":2475,""2013"":2962,""2014"":3178,""2015"":3284,""2016"":3712,""2017"":3200,""2018"":3120,""2019"":3209,""2020"":2826,""2021"":2998,""2022"":3476,""2023"":2707,""2024"":3415,""2025"":3374,""2026"":2115}"
Gonzalo Navarro,https://scholar.google.com/citations?user=_fx52FkAAAAJ,2026-09-16,University of Chile,"[""algorithms and data structures"", ""text searching"", ""compression"", ""graph databases"", ""similarity search""]",33987,86,393,8360,41,172,1998,"{""1998"":125,""1999"":123,""2000"":202,""2001"":275,""2002"":361,""2003"":600,""2004"":714,""2005"":896,""2006"":845,""2007"":1118,""2008"":1195,""2009"":1419,""2010"":1485,""2011"":1356,""2012"":1545,""2013"":1669,""2014"":1851,""2015"":1571,""2016"":1536,""2017"":1911,""2018"":1459,""2019"":1269,""2020"":1389,""2021"":1455,""2022"":1346,""2023"":1362,""2024"":1494,""2025"":1549,""2026"":1149}"
Haitao Zheng,https://scholar.google.com/citations?user=XrIr0nYAAAAJ,2026-09-16,"Neubauer Professor of Computer Science, University of Chicago","[""Mobile Computing"", ""Security and Privacy""]",24690,77,205,10200,45,120,2003,"{""2003"":70,""2004"":55,""2005"":126,""2006"":209,""2007"":345,""2008"":502,""2009"":646,""2010"":807,""2011"":902,""2012"":987,""2013"":1005,""2014"":1158,""2015"":1178,""2016"":1212,""2017"":1159,""2018"":1254,""2019"":1204,""2020"":1319,""2021"":1504,""2022"":1574,""2023"":1688,""2024"":1974,""2025"":2088,""2026"":1365}"
Hang Li,https://scholar.google.com/citations?user=nTl5mSwAAAAJ,2026-09-16,Tsinghua University,"[""natural language processing"", ""machine learning"", ""robotics""]",39446,88,243,18418,57,143,2005,"{""2005"":109,""2006"":130,""2007"":245,""2008"":404,""2009"":637,""2010"":760,""2011"":1019,""2012"":902,""2013"":1033,""2014"":1186,""2015"":1361,""2016"":1837,""2017"":2055,""2018"":2677,""2019"":2954,""2020"":2998,""2021"":2970,""2022"":2786,""2023"":2682,""2024"":3076,""2025"":3804,""2026"":3079}"
Hiroshi ISHII,https://scholar.google.com/citations?user=wS0qP_MAAAAJ,2026-09-16,"Jerome B. Wiesner Professor of Media Arts and Sciences, Associate Director of MIT Media Lab","[""Human-Computer Interaction"", ""Tangible User Interfaces"", ""Tangible Bits"", ""Radical Atoms"", ""TeleAbsence""]",40384,91,237,9269,51,153,1993,"{""1993"":138,""1994"":121,""1995"":157,""1996"":155,""1997"":219,""1998"":309,""1999"":529,""2000"":443,""2001"":648,""2002"":691,""2003"":908,""2004"":1212,""2005"":1056,""2006"":1161,""2007"":1346,""2008"":1449,""2009"":1567,""2010"":1596,""2011"":1384,""2012"":1414,""2013"":1437,""2014"":1572,""2015"":1650,""2016"":1803,""2017"":1829,""2018"":1832,""2019"":1860,""2020"":1775,""2021"":1705,""2022"":1704,""2023"":1553,""2024"":1568,""2025"":1604,""2026"":1132}"
Jaime Teevan,https://scholar.google.com/citations?user=F5Ik84MAAAAJ,2026-09-16,"Chief Scientist & Technical Fellow, Microsoft","[""Information Retrieval"", ""Human-Computer Interaction"", ""Future of Work"", ""Personal Information Management"", ""Crowdsourcing""]",26878,71,150,11593,40,103,2005,"{""2005"":139,""2006"":257,""2007"":402,""2008"":459,""2009"":601,""2010"":678,""2011"":864,""2012"":1066,""2013"":1222,""2014"":1211,""2015"":1402,""2016"":1435,""2017"":1366,""2018"":1317,""2019"":1176,""2020"":1302,""2021"":1436,""2022"":1572,""2023"":1797,""2024"":1795,""2025"":2293,""2026"":2659}"
Jason Hong,https://scholar.google.com/citations?user=MoFbcc0AAAAJ,2026-09-16,Carnegie Mellon University,"[""Human-Computer Interaction"", ""HCI"", ""Usable Privacy and Security"", ""Mobile computing"", ""Social Computing""]",38366,92,216,11830,60,149,2001,"{""2001"":129,""2002"":248,""2003"":348,""2004"":557,""2005"":761,""2006"":747,""2007"":863,""2008"":900,""2009"":1265,""2010"":1230,""2011"":1346,""2012"":1491,""2013"":1604,""2014"":1915,""2015"":1899,""2016"":2021,""2017"":2212,""2018"":2054,""2019"":2185,""2020"":2158,""2021"":2279,""2022"":2296,""2023"":1904,""2024"":1969,""2025"":1997,""2026"":1367}"
Jimmy Lin,https://scholar.google.com/citations?user=0EWw1z8AAAAJ,2026-09-16,University of Waterloo,"[""information retrieval"", ""natural language processing"", ""data management"", ""big data""]",50603,111,496,31712,80,353,2003,"{""2003"":170,""2004"":247,""2005"":301,""2006"":367,""2007"":508,""2008"":496,""2009"":585,""2010"":641,""2011"":718,""2012"":1011,""2013"":1186,""2014"":1387,""2015"":1433,""2016"":1557,""2017"":1553,""2018"":1754,""2019"":1810,""2020"":2674,""2021"":3470,""2022"":4311,""2023"":4750,""2024"":5652,""2025"":7162,""2026"":6297}"
Jörg Henkel,https://scholar.google.com/citations?user=AmnIAhEAAAAJ,2026-09-16,"Professor of Computer Science, Karlsruhe Institute of Technology","[""Embedded Machine Learning"", ""Embedded Systems"", ""Systems-on-Chip"", ""Dependable Systems"", ""Low Power Design""]",23868,73,448,9119,45,218,1994,"{""1994"":82,""1995"":79,""1996"":139,""1997"":167,""1998"":161,""1999"":131,""2000"":148,""2001"":162,""2002"":233,""2003"":258,""2004"":330,""2005"":363,""2006"":364,""2007"":384,""2008"":391,""2009"":405,""2010"":366,""2011"":443,""2012"":549,""2013"":672,""2014"":822,""2015"":1080,""2016"":1169,""2017"":1238,""2018"":1533,""2019"":1421,""2020"":1429,""2021"":1505,""2022"":1452,""2023"":1580,""2024"":1541,""2025"":1867,""2026"":1164}"
John Stasko,https://scholar.google.com/citations?user=2PxFftgAAAAJ,2026-09-16,"Professor Emeritus of Interactive Computing, Georgia Institute of Technology","[""Information Visualization"", ""Visual Analytics"", ""Human-Computer Interaction""]",30119,81,234,8256,45,109,1992,"{""1992"":79,""1993"":137,""1994"":149,""1995"":193,""1996"":283,""1997"":258,""1998"":331,""1999"":361,""2000"":386,""2001"":355,""2002"":545,""2003"":503,""2004"":560,""2005"":686,""2006"":743,""2007"":717,""2008"":777,""2009"":937,""2010"":957,""2011"":986,""2012"":1025,""2013"":1207,""2014"":1290,""2015"":1191,""2016"":1305,""2017"":1263,""2018"":1291,""2019"":1297,""2020"":1528,""2021"":1393,""2022"":1362,""2023"":1491,""2024"":1443,""2025"":1521,""2026"":1044}"
Kalyanmoy Deb,https://scholar.google.com/citations?user=paTAXiIAAAAJ,2026-09-16,"Shelby Distinguished Professor, Computer Science, University of Alabama, Tuscaloosa, AL 35475","[""Optimization"", ""Evolutionary Computation"", ""Multi-objective optimization"", ""Machine Learning"", ""AI""]",243628,150,694,93585,93,449,1999,"{""1999"":674,""2000"":747,""2001"":981,""2002"":1436,""2003"":2106,""2004"":2559,""2005"":3374,""2006"":3570,""2007"":4824,""2008"":5524,""2009"":6609,""2010"":7196,""2011"":7614,""2012"":8064,""2013"":9033,""2014"":9424,""2015"":10501,""2016"":10933,""2017"":11398,""2018"":12312,""2019"":13154,""2020"":13178,""2021"":14569,""2022"":15017,""2023"":15671,""2024"":16406,""2025"":17918,""2026"":13989}"
Kentaro Toyama,https://scholar.google.com/citations?user=JdxjEQIAAAAJ,2026-09-16,"University of Michigan, School of Information","[""Global Development"", ""ICT and Development"", ""Human-Computer Interaction"", ""Multimedia"", ""Computer Vision""]",28850,73,204,7790,39,102,1999,"{""1999"":97,""2000"":120,""2001"":139,""2002"":225,""2003"":261,""2004"":403,""2005"":517,""2006"":603,""2007"":729,""2008"":874,""2009"":1050,""2010"":1335,""2011"":1229,""2012"":1460,""2013"":1522,""2014"":1575,""2015"":1662,""2016"":1498,""2017"":1337,""2018"":1281,""2019"":1343,""2020"":1282,""2021"":1428,""2022"":1460,""2023"":1261,""2024"":1286,""2025"":1444,""2026"":901}"
Kevin Fu,https://scholar.google.com/citations?user=pZQuSyUAAAAJ,2026-09-16,"Professor, Northeastern University","[""medical device security"", ""analog sensor cybersecurity""]",17036,54,92,6006,33,64,2002,"{""2002"":58,""2003"":60,""2004"":59,""2005"":106,""2006"":107,""2007"":153,""2008"":249,""2009"":269,""2010"":359,""2011"":458,""2012"":534,""2013"":790,""2014"":916,""2015"":948,""2016"":1132,""2017"":1216,""2018"":1164,""2019"":1161,""2020"":1082,""2021"":1137,""2022"":1112,""2023"":1045,""2024"":1047,""2025"":966,""2026"":698}"
Luis Ceze,https://scholar.google.com/citations?user=KzESVKwAAAAJ,2026-09-16,"Professor of Computer Science and Engineering, University of Washington","[""Computer Architecture"", ""Programming Languages and Operating Systems""]",25781,72,193,13627,53,132,2005,"{""2005"":118,""2006"":154,""2007"":191,""2008"":247,""2009"":356,""2010"":423,""2011"":513,""2012"":634,""2013"":644,""2014"":818,""2015"":1029,""2016"":1021,""2017"":1102,""2018"":1198,""2019"":1501,""2020"":1846,""2021"":2131,""2022"":2030,""2023"":2173,""2024"":2208,""2025"":2641,""2026"":2429}"
Maneesh Agrawala,https://scholar.google.com/citations?user=YPzKczYAAAAJ,2026-09-16,Stanford University,"[""Graphics"", ""Computer Graphics"", ""HCI"", ""Visualization""]",42231,94,238,23073,55,186,2004,"{""2004"":174,""2005"":272,""2006"":415,""2007"":563,""2008"":683,""2009"":880,""2010"":1029,""2011"":1128,""2012"":1243,""2013"":1448,""2014"":1485,""2015"":1540,""2016"":1468,""2017"":1503,""2018"":1509,""2019"":1547,""2020"":1514,""2021"":1640,""2022"":1631,""2023"":2328,""2024"":4689,""2025"":6918,""2026"":5826}"
Manuel Hermenegildo,https://scholar.google.com/citations?user=VXQGJD0AAAAJ,2026-09-16,IMDEA Software Institute and Technical U. of Madrid (UPM),"[""Abstract Interpretation"", ""Program Analysis"", ""Verification"", ""Logic Programming"", ""Computational Logic""]",11296,59,207,1515,18,48,1988,"{""1988"":49,""1989"":55,""1990"":75,""1991"":162,""1992"":202,""1993"":163,""1994"":397,""1995"":228,""1996"":408,""1997"":343,""1998"":182,""1999"":335,""2000"":396,""2001"":305,""2002"":206,""2003"":194,""2004"":289,""2005"":250,""2006"":253,""2007"":510,""2008"":707,""2009"":344,""2010"":288,""2011"":338,""2012"":568,""2013"":294,""2014"":188,""2015"":256,""2016"":290,""2017"":232,""2018"":383,""2019"":218,""2020"":242,""2021"":270,""2022"":276,""2023"":311,""2024"":202,""2025"":267,""2026"":178}"
Marc Pollefeys,https://scholar.google.com/citations?user=YYH0BjEAAAAJ,2026-09-16,"Professor of Computer Science, ETH Zurich, and Director Spatial AI Lab, Microsoft","[""Computer Vision"", ""Computer Graphics"", ""Robotics"", ""Machine Learning"", ""Augmented Reality""]",83362,141,599,47750,101,441,2000,"{""2000"":244,""2001"":241,""2002"":327,""2003"":410,""2004"":575,""2005"":656,""2006"":769,""2007"":862,""2008"":974,""2009"":1144,""2010"":1310,""2011"":1547,""2012"":1591,""2013"":1849,""2014"":2196,""2015"":2463,""2016"":2673,""2017"":3009,""2018"":3407,""2019"":3985,""2020"":4478,""2021"":5570,""2022"":5993,""2023"":6853,""2024"":8718,""2025"":10988,""2026"":9589}"
Michael W. Hicks,https://scholar.google.com/citations?user=Gggzp7UAAAAJ,2026-09-16,"Professor of CIS, UPenn, Amazon Scholar, Professor Emeritus, UMD","[""software security"", ""programming languages"", ""software engineering""]",15326,61,135,4832,36,78,1998,"{""1998"":71,""1999"":144,""2000"":196,""2001"":213,""2002"":383,""2003"":349,""2004"":339,""2005"":342,""2006"":350,""2007"":390,""2008"":423,""2009"":518,""2010"":471,""2011"":569,""2012"":528,""2013"":556,""2014"":521,""2015"":613,""2016"":706,""2017"":603,""2018"":655,""2019"":653,""2020"":696,""2021"":705,""2022"":707,""2023"":833,""2024"":877,""2025"":939,""2026"":769}"
Michel Beaudouin-Lafon,https://scholar.google.com/citations?user=OucrYFkAAAAJ,2026-09-16,Université Paris-Saclay,"[""Human-Computer Interaction"", ""Computer-Supported Cooperative Work""]",13209,54,131,3960,29,67,1993,"{""1993"":34,""1994"":49,""1995"":64,""1996"":71,""1997"":69,""1998"":75,""1999"":85,""2000"":97,""2001"":114,""2002"":146,""2003"":142,""2004"":313,""2005"":304,""2006"":437,""2007"":437,""2008"":408,""2009"":435,""2010"":350,""2011"":429,""2012"":405,""2013"":467,""2014"":548,""2015"":593,""2016"":522,""2017"":578,""2018"":617,""2019"":587,""2020"":643,""2021"":557,""2022"":625,""2023"":701,""2024"":713,""2025"":744,""2026"":619}"
Moinuddin Qureshi,https://scholar.google.com/citations?user=EWU0STsAAAAJ,2026-09-16,"Professor, Georgia Institute of Technology","[""Computer Architecture"", ""Memory Systems"", ""Hardware Security"", ""Quantum Computing""]",18753,64,131,8358,49,110,2007,"{""2007"":67,""2008"":124,""2009"":200,""2010"":460,""2011"":558,""2012"":670,""2013"":830,""2014"":842,""2015"":1008,""2016"":1090,""2017"":1083,""2018"":1132,""2019"":1097,""2020"":1104,""2021"":1178,""2022"":1325,""2023"":1447,""2024"":1512,""2025"":1649,""2026"":1245}"
Nitesh V Chawla,https://scholar.google.com/citations?user=hDLBEhkAAAAJ,2026-09-16,"Frank Freimann Professor of CSE., Director, Lucy Family Institute for Data & Soc, Univ. of Notre Dame","[""Data science"", ""artificial intelligence"", ""network science""]",103326,98,349,68829,70,278,2006,"{""2006"":287,""2007"":317,""2008"":451,""2009"":629,""2010"":711,""2011"":1074,""2012"":1304,""2013"":1595,""2014"":2031,""2015"":2290,""2016"":2642,""2017"":3168,""2018"":4255,""2019"":5653,""2020"":6894,""2021"":8567,""2022"":9600,""2023"":10501,""2024"":12033,""2025"":15647,""2026"":12422}"
Peter Boncz,https://scholar.google.com/citations?user=DCIZE1kAAAAJ,2026-09-16,"Professor, VU University Amsterdam & CWI","[""Database Systems"", ""Column Stores"", ""Vectorized Execution"", ""Graph/RDF querying""]",17793,63,138,8259,39,99,1998,"{""1998"":44,""1999"":59,""2000"":73,""2001"":51,""2002"":60,""2003"":87,""2004"":103,""2005"":129,""2006"":182,""2007"":215,""2008"":260,""2009"":344,""2010"":387,""2011"":438,""2012"":490,""2013"":528,""2014"":618,""2015"":745,""2016"":791,""2017"":776,""2018"":972,""2019"":926,""2020"":1024,""2021"":1212,""2022"":1199,""2023"":1333,""2024"":1472,""2025"":1704,""2026"":1329}"
Radu Marculescu,https://scholar.google.com/citations?user=ZCmYP5cAAAAJ,2026-09-16,The University of Texas at Austin,"[""machine learning"", ""edgeAI"", ""medical imaging"", ""embedded systems"", ""social networks""]",19903,71,193,6104,39,103,1996,"{""1996"":60,""1997"":93,""1998"":120,""1999"":77,""2000"":72,""2001"":52,""2002"":107,""2003"":118,""2004"":217,""2005"":306,""2006"":404,""2007"":644,""2008"":698,""2009"":833,""2010"":992,""2011"":1155,""2012"":995,""2013"":1109,""2014"":904,""2015"":988,""2016"":904,""2017"":806,""2018"":704,""2019"":602,""2020"":629,""2021"":581,""2022"":568,""2023"":651,""2024"":972,""2025"":1799,""2026"":1512}"
Rafael Pass,https://scholar.google.com/citations?user=_7IzKZQAAAAJ,2026-09-16,"Cornell Tech, Jaobs Technion-Cornell Institute, Technion, Tel-Aviv University","[""theory of computation"", ""cryptography""]",14641,63,165,6845,40,118,2005,"{""2005"":58,""2006"":68,""2007"":106,""2008"":122,""2009"":184,""2010"":215,""2011"":265,""2012"":319,""2013"":397,""2014"":426,""2015"":670,""2016"":658,""2017"":775,""2018"":918,""2019"":1115,""2020"":1311,""2021"":1266,""2022"":1285,""2023"":1161,""2024"":1099,""2025"":1401,""2026"":629}"
Ranveer Chandra,https://scholar.google.com/citations?user=Zq4ioqu5yb8C,2026-09-16,"Vice President, Frontier Tuning, CTO Agri-Food","[""AI"", ""Networking"", ""Wireless"", ""Agriculture"", ""Space""]",28460,71,351,8414,41,178,2003,"{""2003"":114,""2004"":154,""2005"":212,""2006"":319,""2007"":404,""2008"":583,""2009"":752,""2010"":933,""2011"":1101,""2012"":1281,""2013"":1525,""2014"":1657,""2015"":1793,""2016"":1706,""2017"":1847,""2018"":1809,""2019"":1598,""2020"":1479,""2021"":1417,""2022"":1362,""2023"":1086,""2024"":1466,""2025"":1934,""2026"":1124}"
Rene Vidal,https://scholar.google.com/citations?user=uT8fgagAAAAJ,2026-09-16,"Rachleff University Professor, University of Pennsylvania; Amazon Scholar; Chief Scientist, NORCE","[""Machine Learning"", ""Computer Vision"", ""Biomedical Data Science"", ""Artificial Intelligence"", ""Control Theory""]",42261,92,289,18474,56,192,2003,"{""2003"":149,""2004"":259,""2005"":347,""2006"":439,""2007"":475,""2008"":490,""2009"":604,""2010"":688,""2011"":829,""2012"":1016,""2013"":1333,""2014"":1613,""2015"":1786,""2016"":2327,""2017"":2396,""2018"":2672,""2019"":2838,""2020"":3012,""2021"":3219,""2022"":2974,""2023"":3017,""2024"":3054,""2025"":3546,""2026"":2652}"
samir khuller,https://scholar.google.com/citations?user=6vXTtDQAAAAJ,2026-09-16,"Barris Professor and Chair of Computer Science, Northwestern University","[""Algorithms""]",18004,58,131,4524,30,67,1995,"{""1995"":54,""1996"":46,""1997"":99,""1998"":93,""1999"":115,""2000"":147,""2001"":180,""2002"":196,""2003"":307,""2004"":454,""2005"":598,""2006"":640,""2007"":614,""2008"":703,""2009"":652,""2010"":784,""2011"":754,""2012"":739,""2013"":742,""2014"":740,""2015"":749,""2016"":760,""2017"":738,""2018"":793,""2019"":722,""2020"":744,""2021"":770,""2022"":784,""2023"":751,""2024"":785,""2025"":788,""2026"":646}"
Sandy Irani,https://scholar.google.com/citations?user=dBhm_oIAAAAJ,2026-09-16,"Professor of Computer Science, University of California, Irvine","[""online algorithms"", ""quantum computation""]",6510,38,58,1024,17,31,1993,"{""1993"":21,""1994"":46,""1995"":27,""1996"":45,""1997"":63,""1998"":108,""1999"":168,""2000"":154,""2001"":177,""2002"":181,""2003"":220,""2004"":241,""2005"":249,""2006"":200,""2007"":271,""2008"":221,""2009"":252,""2010"":290,""2011"":257,""2012"":304,""2013"":289,""2014"":287,""2015"":262,""2016"":220,""2017"":203,""2018"":221,""2019"":161,""2020"":149,""2021"":178,""2022"":153,""2023"":141,""2024"":203,""2025"":183,""2026"":166}"
Sebastian Elbaum,https://scholar.google.com/citations?user=swPW5FYAAAAJ,2026-09-16,"Professor of Computer Science, University of Virginia","[""software engineering"", ""robotics"", ""autonomy""]",13863,52,148,4071,30,83,2002,"{""2002"":37,""2003"":63,""2004"":137,""2005"":154,""2006"":242,""2007"":355,""2008"":401,""2009"":526,""2010"":572,""2011"":588,""2012"":635,""2013"":724,""2014"":707,""2015"":702,""2016"":809,""2017"":676,""2018"":798,""2019"":767,""2020"":728,""2021"":781,""2022"":731,""2023"":718,""2024"":695,""2025"":672,""2026"":472}"
Stefano Soatto,https://scholar.google.com/citations?user=lH1PdF8AAAAJ,2026-09-16,"Professor of Computer Science, UCLA; Vice President, AWS AI","[""Artificial Intelligence"", ""Machine Learning"", ""Robotics"", ""Vision""]",46289,101,343,22372,68,219,2002,"{""2002"":169,""2003"":327,""2004"":491,""2005"":682,""2006"":895,""2007"":1087,""2008"":1059,""2009"":1160,""2010"":1344,""2011"":1384,""2012"":1325,""2013"":1463,""2014"":1478,""2015"":1509,""2016"":1588,""2017"":1521,""2018"":1636,""2019"":1742,""2020"":2202,""2021"":2758,""2022"":3353,""2023"":3914,""2024"":4484,""2025"":4494,""2026"":3355}"
Abdelsalam (Sumi) Helal,https://scholar.google.com/citations?user=mTJLF-sAAAAJ,2026-09-16,"Professor, University of Bologna","[""Digital Health"", ""Smart Homes"", ""Internet of Things"", ""Pervasive Computing"", ""Mobile Computing""]",17269,58,203,2958,28,62,1997,"{""1997"":56,""1998"":107,""1999"":201,""2000"":227,""2001"":270,""2002"":308,""2003"":443,""2004"":541,""2005"":605,""2006"":711,""2007"":688,""2008"":750,""2009"":728,""2010"":786,""2011"":774,""2012"":818,""2013"":795,""2014"":714,""2015"":791,""2016"":717,""2017"":745,""2018"":662,""2019"":727,""2020"":726,""2021"":601,""2022"":612,""2023"":459,""2024"":460,""2025"":478,""2026"":344}"
Timothy Sherwood,https://scholar.google.com/citations?user=nLuHfy4AAAAJ,2026-09-16,"Professor of Computer Science, UC Santa Barbara","[""Computer Architecture"", ""Hardware Security"", ""Processor Design"", ""Security"", ""Hardware""]",13980,56,131,3221,29,67,2000,"{""2000"":43,""2001"":52,""2002"":96,""2003"":200,""2004"":322,""2005"":433,""2006"":613,""2007"":608,""2008"":604,""2009"":656,""2010"":680,""2011"":642,""2012"":700,""2013"":706,""2014"":608,""2015"":545,""2016"":600,""2017"":677,""2018"":675,""2019"":569,""2020"":568,""2021"":599,""2022"":541,""2023"":577,""2024"":604,""2025"":523,""2026"":377}"
Torsten Hoefler,https://scholar.google.com/citations?user=DdBvcBEAAAAJ,2026-09-16,Professor of Computer Science at ETH Zurich,"[""High Performance Computing"", ""Deep Learning"", ""Networking"", ""Message Passing Interface"", ""Parallel and Distributed Computing""]",36473,89,365,27535,70,305,2008,"{""2008"":102,""2009"":131,""2010"":157,""2011"":296,""2012"":301,""2013"":476,""2014"":585,""2015"":640,""2016"":889,""2017"":939,""2018"":939,""2019"":1393,""2020"":1554,""2021"":2211,""2022"":2414,""2023"":3126,""2024"":5191,""2025"":7619,""2026"":6905}"
Wenwu Zhu,https://scholar.google.com/citations?user=7t2jzpgAAAAJ,2026-09-16,"Professor, Computer Science and Technology, Tsinghua Univerisity","[""Multimodal Analysis"", ""Multimodal Representation"", ""Multimedia Streaming""]",51438,107,509,29854,74,322,2001,"{""2001"":162,""2002"":315,""2003"":397,""2004"":611,""2005"":833,""2006"":917,""2007"":911,""2008"":898,""2009"":853,""2010"":804,""2011"":782,""2012"":846,""2013"":882,""2014"":1048,""2015"":976,""2016"":1024,""2017"":1269,""2018"":1744,""2019"":2516,""2020"":3225,""2021"":3860,""2022"":4287,""2023"":4747,""2024"":5534,""2025"":6570,""2026"":4811}"
Yizhou Yu,https://scholar.google.com/citations?user=e38fTZQAAAAJ,2026-09-16,"The University of Hong Kong, IEEE Fellow","[""Machine Learning"", ""AI Generated Content"", ""Computer Vision"", ""AI for Medicine""]",35002,96,295,24046,78,256,2001,"{""2001"":116,""2002"":180,""2003"":187,""2004"":178,""2005"":318,""2006"":380,""2007"":411,""2008"":325,""2009"":325,""2010"":311,""2011"":335,""2012"":342,""2013"":430,""2014"":365,""2015"":394,""2016"":522,""2017"":716,""2018"":1252,""2019"":1499,""2020"":1990,""2021"":2524,""2022"":2942,""2023"":3646,""2024"":4673,""2025"":5907,""2026"":4297}"
"Yuguang ""Michael"" Fang",https://scholar.google.com/citations?user=cs45mqMAAAAJ,2026-09-17,"Chair Professor of Internet of Things, City University of Hong Kong","[""Wireless Networks"", ""Smart City"", ""Connected and Autonomous Vehicles"", ""Health Monitoring"", ""Cybersecurity""]",34243,99,473,9848,51,221,2000,"{""2000"":90,""2001"":90,""2002"":122,""2003"":212,""2004"":330,""2005"":625,""2006"":943,""2007"":1046,""2008"":1274,""2009"":1393,""2010"":1454,""2011"":1530,""2012"":1660,""2013"":1672,""2014"":1837,""2015"":1810,""2016"":1739,""2017"":1518,""2018"":1655,""2019"":1458,""2020"":1553,""2021"":1397,""2022"":1372,""2023"":1343,""2024"":1720,""2025"":2124,""2026"":1883}"
Zhendong Su,https://scholar.google.com/citations?user=RivxoIcAAAAJ,2026-09-16,"Professor of Computer Science, ETH Zurich","[""Programming Languages"", ""Software Engineering"", ""Computer Security"", ""Machine Learning"", ""Educational Technologies""]",23011,76,181,11370,57,154,2003,"{""2003"":60,""2004"":61,""2005"":106,""2006"":129,""2007"":215,""2008"":313,""2009"":468,""2010"":497,""2011"":579,""2012"":652,""2013"":769,""2014"":776,""2015"":791,""2016"":982,""2017"":979,""2018"":1129,""2019"":1296,""2020"":1437,""2021"":1584,""2022"":1642,""2023"":1913,""2024"":2038,""2025"":2350,""2026"":1839}"
Alla Sheffer,https://scholar.google.com/citations?user=IgkGxLsAAAAJ,2026-09-16,"Professor, Computer Science, University of British Columbia, Canada","[""Computer Graphics"", ""graphics"", ""geometry processing"", ""geometric modeling""]",15048,64,114,5114,37,83,2001,"{""2001"":53,""2002"":68,""2003"":115,""2004"":201,""2005"":296,""2006"":317,""2007"":379,""2008"":453,""2009"":471,""2010"":503,""2011"":626,""2012"":632,""2013"":558,""2014"":684,""2015"":699,""2016"":721,""2017"":641,""2018"":716,""2019"":781,""2020"":795,""2021"":846,""2022"":981,""2023"":871,""2024"":838,""2025"":917,""2026"":660}"
Amos Fiat,https://scholar.google.com/citations?user=0MzVIUsAAAAJ,2026-09-16,"Professor of Computer Science, Tel Aviv University","[""Computational Game Theory"", ""Data Structures"", ""Online Algorithms""]",27966,62,123,6583,29,60,1990,"{""1990"":90,""1991"":138,""1992"":118,""1993"":165,""1994"":272,""1995"":264,""1996"":282,""1997"":329,""1998"":475,""1999"":473,""2000"":456,""2001"":548,""2002"":576,""2003"":771,""2004"":868,""2005"":1044,""2006"":983,""2007"":1022,""2008"":983,""2009"":998,""2010"":907,""2011"":886,""2012"":913,""2013"":910,""2014"":829,""2015"":894,""2016"":882,""2017"":855,""2018"":899,""2019"":988,""2020"":1048,""2021"":994,""2022"":1021,""2023"":1079,""2024"":1208,""2025"":1339,""2026"":942}"
Anind K. Dey,https://scholar.google.com/citations?user=ydA8Q5AAAAAJ,2026-09-16,"Dean, Information School, University of Washington","[""human-computer interaction"", ""ubiquitous computing"", ""mobile computing"", ""intelligent user interfaces""]",67258,96,297,19949,60,208,2001,"{""2001"":297,""2002"":457,""2003"":805,""2004"":1221,""2005"":1651,""2006"":2035,""2007"":1971,""2008"":1992,""2009"":2377,""2010"":2531,""2011"":2567,""2012"":2791,""2013"":2776,""2014"":2736,""2015"":3062,""2016"":3266,""2017"":3351,""2018"":3428,""2019"":3560,""2020"":3308,""2021"":3546,""2022"":3505,""2023"":3368,""2024"":3403,""2025"":3537,""2026"":2564}"
Anupam Gupta,https://scholar.google.com/citations?user=g87CIwgAAAAJ,2026-09-16,Professor of Computer Science at New York University,"[""Theoretical Computer Science""]",17468,68,206,6622,40,156,2002,"{""2002"":62,""2003"":104,""2004"":208,""2005"":295,""2006"":398,""2007"":474,""2008"":402,""2009"":470,""2010"":523,""2011"":655,""2012"":649,""2013"":659,""2014"":737,""2015"":722,""2016"":713,""2017"":823,""2018"":837,""2019"":881,""2020"":1003,""2021"":1023,""2022"":1045,""2023"":1094,""2024"":1169,""2025"":1193,""2026"":1091}"
Aravinda Prasad Sistla,https://scholar.google.com/citations?user=P-wJ6Y4AAAAJ,2026-09-16,"Professor of Computer Science, University of Illinois at Chicago","[""Formal Methods"", ""Model checking"", ""Verification of Concurrent Systems"", ""Security"", ""Database Systems""]",19333,45,102,1945,17,31,1987,"{""1987"":76,""1988"":80,""1989"":138,""1990"":148,""1991"":147,""1992"":208,""1993"":199,""1994"":289,""1995"":431,""1996"":442,""1997"":417,""1998"":454,""1999"":576,""2000"":586,""2001"":638,""2002"":734,""2003"":724,""2004"":717,""2005"":793,""2006"":722,""2007"":843,""2008"":710,""2009"":798,""2010"":672,""2011"":665,""2012"":640,""2013"":617,""2014"":628,""2015"":627,""2016"":554,""2017"":419,""2018"":487,""2019"":412,""2020"":363,""2021"":434,""2022"":369,""2023"":320,""2024"":280,""2025"":309,""2026"":232}"
Batya Friedman,https://scholar.google.com/citations?user=dkjR4cAAAAAJ,2026-09-16,"Professor of Information, University of Washington","[""Human-computer interaction"", ""Value sensitive design"", ""Multi-lifespan design"", ""Tech policy""]",26132,57,109,13139,41,79,1999,"{""1999"":83,""2000"":83,""2001"":74,""2002"":145,""2003"":175,""2004"":226,""2005"":312,""2006"":303,""2007"":390,""2008"":450,""2009"":487,""2010"":483,""2011"":567,""2012"":538,""2013"":669,""2014"":795,""2015"":839,""2016"":810,""2017"":888,""2018"":1026,""2019"":1134,""2020"":1567,""2021"":1930,""2022"":1860,""2023"":2128,""2024"":2351,""2025"":2656,""2026"":2182}"
Ben Y. Zhao,https://scholar.google.com/citations?user=cYReSuEAAAAJ,2026-09-16,"Neubauer Professor of Computer Science, University of Chicago","[""Security"", ""Adversarial Machine Learning"", ""Mobile Computing"", ""HCI"", ""Online Social Networks""]",40536,86,187,10861,49,117,2001,"{""2001"":304,""2002"":767,""2003"":1259,""2004"":1611,""2005"":1687,""2006"":1606,""2007"":1602,""2008"":1528,""2009"":1612,""2010"":1497,""2011"":1491,""2012"":1573,""2013"":1535,""2014"":1627,""2015"":1672,""2016"":1611,""2017"":1569,""2018"":1620,""2019"":1410,""2020"":1503,""2021"":1636,""2022"":1675,""2023"":1838,""2024"":2091,""2025"":2171,""2026"":1445}"
Bernhard Nebel,https://scholar.google.com/citations?user=4MhUHPcAAAAJ,2026-09-16,"Professor für Informatik, Universität Freiburg","[""automated planning"", ""multi-agent path finding"", ""knowledge representation and reasoning"", ""robotics"", ""ai""]",19421,64,172,3362,29,68,1989,"{""1989"":64,""1990"":100,""1991"":169,""1992"":161,""1993"":211,""1994"":290,""1995"":224,""1996"":275,""1997"":292,""1998"":287,""1999"":371,""2000"":424,""2001"":444,""2002"":427,""2003"":479,""2004"":585,""2005"":663,""2006"":620,""2007"":742,""2008"":771,""2009"":722,""2010"":650,""2011"":712,""2012"":692,""2013"":760,""2014"":709,""2015"":709,""2016"":630,""2017"":647,""2018"":610,""2019"":631,""2020"":598,""2021"":598,""2022"":614,""2023"":613,""2024"":609,""2025"":535,""2026"":392}"
Bernt Schiele,https://scholar.google.com/citations?user=z76PBfYAAAAJ,2026-09-16,"Professor, Max Planck Institute for Informatics, Saarland University, Saarland Informatics Campus","[""Computer Vision"", ""Machine Learning"", ""Artificial Intelligence"", ""Autonomous Driving"", ""Scene Understanding""]",130118,162,431,72253,112,320,2003,"{""2003"":331,""2004"":470,""2005"":563,""2006"":750,""2007"":836,""2008"":990,""2009"":1408,""2010"":1730,""2011"":1934,""2012"":2069,""2013"":2488,""2014"":2928,""2015"":3286,""2016"":4222,""2017"":5417,""2018"":7095,""2019"":9355,""2020"":10246,""2021"":12145,""2022"":12395,""2023"":13088,""2024"":13351,""2025"":12986,""2026"":8263}"
Brent Waters,https://scholar.google.com/citations?user=VEKxHOAAAAAJ,2026-09-16,University of Texas at Austin,"[""Cryptography"", ""Computer Security""]",74018,88,181,23906,60,157,2006,"{""2006"":283,""2007"":533,""2008"":774,""2009"":1047,""2010"":1600,""2011"":2068,""2012"":2845,""2013"":3427,""2014"":4710,""2015"":5643,""2016"":6076,""2017"":5370,""2018"":5155,""2019"":5007,""2020"":4776,""2021"":4345,""2022"":4083,""2023"":4343,""2024"":4246,""2025"":4326,""2026"":2558}"
Dale Miller,https://scholar.google.com/citations?user=d9WopvMAAAAJ,2026-09-16,"Inria-Saclay and LIX, Ecole Polytechnique","[""Proof Theory"", ""Theorem Proving"", ""Linear Logic"", ""Logic Programming"", ""Computational Logic""]",11917,57,118,1804,23,48,1987,"{""1987"":54,""1988"":102,""1989"":139,""1990"":186,""1991"":217,""1992"":253,""1993"":254,""1994"":438,""1995"":253,""1996"":280,""1997"":320,""1998"":283,""1999"":285,""2000"":241,""2001"":290,""2002"":299,""2003"":220,""2004"":259,""2005"":317,""2006"":292,""2007"":332,""2008"":363,""2009"":381,""2010"":444,""2011"":288,""2012"":336,""2013"":335,""2014"":254,""2015"":356,""2016"":311,""2017"":428,""2018"":336,""2019"":405,""2020"":283,""2021"":368,""2022"":253,""2023"":325,""2024"":263,""2025"":336,""2026"":258}"
Daniel Cohen-Or,https://scholar.google.com/citations?user=fAxws1sAAAAJ,2026-09-16,"Professor of Computer Science, Tel Aviv University","[""Computer Graphics"", ""Imaging"", ""Geometric Modeling""]",89984,143,510,50330,99,353,1999,"{""1999"":259,""2000"":321,""2001"":315,""2002"":440,""2003"":586,""2004"":739,""2005"":895,""2006"":1189,""2007"":1280,""2008"":1319,""2009"":1587,""2010"":1849,""2011"":2126,""2012"":2274,""2013"":2328,""2014"":2633,""2015"":2699,""2016"":2766,""2017"":2549,""2018"":2940,""2019"":3157,""2020"":3440,""2021"":3992,""2022"":5528,""2023"":7975,""2024"":11521,""2025"":12478,""2026"":8761}"
David A. Bader,https://scholar.google.com/citations?user=uXUA1pgAAAAJ,2026-09-16,"Distinguished Professor, New Jersey Institute of Technology","[""data science"", ""high performance computing"", ""cybersecurity"", ""massive-scale analytics"", ""computational genomics""]",15331,68,182,3892,30,83,1996,"{""1996"":44,""1997"":40,""1998"":55,""1999"":43,""2000"":67,""2001"":83,""2002"":105,""2003"":99,""2004"":134,""2005"":225,""2006"":228,""2007"":269,""2008"":343,""2009"":422,""2010"":536,""2011"":616,""2012"":703,""2013"":824,""2014"":922,""2015"":899,""2016"":979,""2017"":965,""2018"":891,""2019"":879,""2020"":800,""2021"":816,""2022"":770,""2023"":639,""2024"":662,""2025"":683,""2026"":321}"
David R. Kaeli,https://scholar.google.com/citations?user=Mkgn0qcAAAAJ,2026-09-16,"Distinguished Professor of ECE, Northeastern University","[""Computer Architecture"", ""Security"", ""Compilers"", ""Reliability"", ""Simulators""]",13536,56,227,4942,34,115,1997,"{""1997"":41,""1998"":72,""1999"":63,""2000"":63,""2001"":75,""2002"":88,""2003"":72,""2004"":99,""2005"":161,""2006"":136,""2007"":243,""2008"":213,""2009"":188,""2010"":252,""2011"":361,""2012"":443,""2013"":528,""2014"":689,""2015"":643,""2016"":771,""2017"":750,""2018"":720,""2019"":827,""2020"":879,""2021"":902,""2022"":826,""2023"":742,""2024"":919,""2025"":909,""2026"":636}"
David Z. Pan,https://scholar.google.com/citations?user=3aLlroEAAAAJ,2026-09-16,"Professor, Silicon Labs Endowed Chair, ECE Dept., University of Texas at Austin","[""Electronic Design Automation"", ""Design for Manufacturing"", ""VLSI"", ""Hardware"", ""Machine Learning""]",23895,82,407,13355,58,268,2000,"{""2000"":66,""2001"":85,""2002"":85,""2003"":122,""2004"":151,""2005"":157,""2006"":236,""2007"":289,""2008"":406,""2009"":358,""2010"":414,""2011"":509,""2012"":623,""2013"":654,""2014"":748,""2015"":748,""2016"":830,""2017"":852,""2018"":752,""2019"":964,""2020"":1259,""2021"":1447,""2022"":1869,""2023"":2083,""2024"":2468,""2025"":3007,""2026"":2467}"
Deepak Ganesan,https://scholar.google.com/citations?user=cbTB5-EAAAAJ,2026-09-16,"Professor of Computer Science, UMass Amherst","[""Wearable and Sensor computing"", ""Mobile systems"", ""Backscatter communication"", ""Mobile health""]",17115,55,114,3318,33,79,2002,"{""2002"":82,""2003"":242,""2004"":357,""2005"":610,""2006"":730,""2007"":832,""2008"":859,""2009"":906,""2010"":951,""2011"":835,""2012"":901,""2013"":875,""2014"":834,""2015"":839,""2016"":804,""2017"":766,""2018"":737,""2019"":752,""2020"":661,""2021"":638,""2022"":620,""2023"":563,""2024"":542,""2025"":602,""2026"":349}"
Edward Y Chang,https://scholar.google.com/citations?user=pZmOvyYAAAAJ,2026-09-16,Stanford University,"[""Parallel Algorithms"", ""Active Learning"", ""Precision Medicine"", ""GAI"", ""Consciousness Moceling""]",21504,76,194,5474,31,89,1996,"{""1996"":65,""1997"":77,""1998"":122,""1999"":111,""2000"":108,""2001"":179,""2002"":221,""2003"":339,""2004"":377,""2005"":495,""2006"":570,""2007"":676,""2008"":667,""2009"":748,""2010"":816,""2011"":915,""2012"":912,""2013"":916,""2014"":947,""2015"":1010,""2016"":904,""2017"":1008,""2018"":1071,""2019"":1234,""2020"":1245,""2021"":1205,""2022"":1141,""2023"":953,""2024"":878,""2025"":786,""2026"":472}"
Elad Hazan,https://scholar.google.com/citations?user=LnhCGNMAAAAJ,2026-09-16,"Director AI Alignment and Safety, Princeton University and Google","[""Machine Learning"", ""Mathematical Optimization""]",38718,72,146,21928,55,126,2009,"{""2009"":140,""2010"":182,""2011"":282,""2012"":335,""2013"":446,""2014"":667,""2015"":990,""2016"":1610,""2017"":2033,""2018"":2691,""2019"":3233,""2020"":3741,""2021"":3777,""2022"":3776,""2023"":3938,""2024"":3960,""2025"":3693,""2026"":2776}"
Elchanan Mossel,https://scholar.google.com/citations?user=5t2myD8AAAAJ,2026-09-16,"Professor of Mathematics, MIT","[""Combinatorial Statistics"", ""Discrete Fourier Analysis and Influences"", ""Randomized Algorithms""]",16426,62,174,6747,40,132,2003,"{""2003"":43,""2004"":92,""2005"":130,""2006"":190,""2007"":215,""2008"":297,""2009"":343,""2010"":426,""2011"":456,""2012"":524,""2013"":566,""2014"":677,""2015"":754,""2016"":906,""2017"":937,""2018"":929,""2019"":944,""2020"":1001,""2021"":1033,""2022"":1060,""2023"":1129,""2024"":1078,""2025"":1265,""2026"":1178}"
Evgeniy Gabrilovich,https://scholar.google.com/citations?user=DKCx8hcAAAAJ,2026-09-16,"Vice President of Applied Science, Microsoft","[""Artificial Intelligence"", ""Machine Learning"", ""Information Retrieval"", ""Natural Language Processing""]",22427,53,100,7221,30,57,2005,"{""2005"":61,""2006"":113,""2007"":233,""2008"":288,""2009"":502,""2010"":596,""2011"":780,""2012"":889,""2013"":931,""2014"":1076,""2015"":1350,""2016"":1504,""2017"":1590,""2018"":1633,""2019"":1650,""2020"":1661,""2021"":1604,""2022"":1469,""2023"":1274,""2024"":1112,""2025"":1045,""2026"":717}"
Feifei Li,https://scholar.google.com/citations?user=qPDhlWkAAAAJ,2026-09-16,Alibaba Group/Alibaba Cloud,"[""Databases"", ""Database"", ""Data Analytics"", ""Systems"", ""Security""]",25242,75,224,14971,57,187,2004,"{""2004"":110,""2005"":190,""2006"":216,""2007"":242,""2008"":300,""2009"":419,""2010"":498,""2011"":470,""2012"":520,""2013"":636,""2014"":640,""2015"":696,""2016"":760,""2017"":878,""2018"":935,""2019"":1152,""2020"":1398,""2021"":1543,""2022"":1707,""2023"":2041,""2024"":2655,""2025"":3541,""2026"":3470}"
Gautam Das,https://scholar.google.com/citations?user=oleB9xIAAAAJ,2026-09-16,"Distinguished University Chair Professor, Associate Dean, University of Texas at Arlington","[""databases"", ""data mining"", ""machine learning"", ""algorithms"", ""computational geometry""]",25395,68,368,9740,37,194,1994,"{""1994"":76,""1995"":84,""1996"":98,""1997"":68,""1998"":116,""1999"":132,""2000"":166,""2001"":188,""2002"":242,""2003"":285,""2004"":335,""2005"":445,""2006"":463,""2007"":541,""2008"":603,""2009"":686,""2010"":743,""2011"":773,""2012"":783,""2013"":867,""2014"":975,""2015"":941,""2016"":1116,""2017"":1019,""2018"":1076,""2019"":1153,""2020"":1212,""2021"":1497,""2022"":1413,""2023"":1414,""2024"":1854,""2025"":2139,""2026"":1387}"
Hai Li,https://scholar.google.com/citations?user=E6Tpfq8AAAAJ,2026-09-16,"Marie Foote Reel E'46 Distinguished Professor of ECE Dept, Duke Univ.","[""Neuromorphic Computing"", ""ML Acceleration & Security"", ""Emerging Memories"", ""Low-power Design""]",30777,82,378,19101,63,250,2009,"{""2009"":92,""2010"":183,""2011"":249,""2012"":342,""2013"":469,""2014"":639,""2015"":805,""2016"":1052,""2017"":1266,""2018"":1549,""2019"":2021,""2020"":2560,""2021"":2758,""2022"":3231,""2023"":3265,""2024"":3488,""2025"":3823,""2026"":2527}"
Hubertus Franke,https://scholar.google.com/citations?user=iklPa0oAAAAJ,2026-09-16,"Distinguished Research Scientist, IBM Research","[""Operating systems"", ""Computer architecture"", ""Cloud computing"", ""Compilers"", ""Robotics""]",9338,55,156,3035,26,72,1996,"{""1996"":38,""1997"":49,""1998"":35,""1999"":40,""2000"":59,""2001"":83,""2002"":99,""2003"":158,""2004"":204,""2005"":237,""2006"":253,""2007"":215,""2008"":303,""2009"":222,""2010"":307,""2011"":376,""2012"":324,""2013"":373,""2014"":376,""2015"":392,""2016"":394,""2017"":457,""2018"":399,""2019"":405,""2020"":374,""2021"":457,""2022"":455,""2023"":297,""2024"":528,""2025"":716,""2026"":579}"
Jacob O. Wobbrock,https://scholar.google.com/citations?user=TmZ3howAAAAJ,2026-09-16,"Professor, University of Washington","[""Human-Computer Interaction"", ""Mobile Computing"", ""Accessible Computing"", ""Human-Centered AI""]",31256,85,205,14611,55,161,2005,"{""2005"":87,""2006"":127,""2007"":167,""2008"":243,""2009"":367,""2010"":549,""2011"":678,""2012"":927,""2013"":1268,""2014"":1550,""2015"":1441,""2016"":1476,""2017"":1706,""2018"":1689,""2019"":1891,""2020"":2015,""2021"":1985,""2022"":2194,""2023"":2314,""2024"":2530,""2025"":2980,""2026"":2588}"
Tang Jie,https://scholar.google.com/citations?user=n1zDCkQAAAAJ,2026-09-16,"WeBank Chair Professor, Tsinghua University","[""Artificial Intelligence"", ""Social Networks"", ""Data Mining"", ""Machine Learning"", ""Knowledge Graph""]",83229,128,463,65478,105,361,2009,"{""2009"":257,""2010"":416,""2011"":560,""2012"":870,""2013"":1094,""2014"":1454,""2015"":1651,""2016"":1899,""2017"":1875,""2018"":2047,""2019"":2324,""2020"":2717,""2021"":3560,""2022"":5058,""2023"":7871,""2024"":13446,""2025"":18940,""2026"":16473}"
Joel Ouaknine,https://scholar.google.com/citations?user=ZfE4iQ4AAAAJ,2026-09-16,"Director, Max Planck Institute for Software Systems (MPI-SWS), Saarland Informatics Campus","[""Foundations of algorithmic verification"", ""linear dynamical systems"", ""model checking"", ""logic"", ""theoretical computer science""]",7531,47,127,2608,28,77,2003,"{""2003"":31,""2004"":73,""2005"":142,""2006"":166,""2007"":210,""2008"":247,""2009"":257,""2010"":246,""2011"":234,""2012"":291,""2013"":293,""2014"":379,""2015"":417,""2016"":358,""2017"":379,""2018"":376,""2019"":389,""2020"":346,""2021"":391,""2022"":460,""2023"":472,""2024"":507,""2025"":392,""2026"":379}"
Jonathan Katz,https://scholar.google.com/citations?user=H4rKFc8AAAAJ,2026-09-16,"Senior Staff Research Scientist, Google","[""Cryptography"", ""Computer Security"", ""Theoretical Computer Science""]",45071,99,247,17509,64,201,2003,"{""2003"":144,""2004"":336,""2005"":547,""2006"":863,""2007"":985,""2008"":1068,""2009"":1121,""2010"":1357,""2011"":1331,""2012"":1641,""2013"":1728,""2014"":1897,""2015"":2091,""2016"":2174,""2017"":2294,""2018"":2377,""2019"":2442,""2020"":2651,""2021"":2549,""2022"":2588,""2023"":2882,""2024"":3122,""2025"":3713,""2026"":2625}"
Judith Gal-Ezer,https://scholar.google.com/citations?user=Z67FftMAAAAJ,2026-09-16,The Open University of Israel,"[""CS Education: curricula"", ""gender"", ""teacher training""]",2533,26,49,836,16,23,1999,"{""1999"":13,""2000"":13,""2001"":11,""2002"":21,""2003"":25,""2004"":41,""2005"":45,""2006"":56,""2007"":48,""2008"":74,""2009"":58,""2010"":80,""2011"":100,""2012"":103,""2013"":93,""2014"":103,""2015"":104,""2016"":120,""2017"":108,""2018"":119,""2019"":145,""2020"":125,""2021"":155,""2022"":148,""2023"":181,""2024"":140,""2025"":146,""2026"":66}"
Lieven Eeckhout,https://scholar.google.com/citations?user=biYmJXsAAAAJ,2026-09-16,"Professor of Computer Science and Engineering, Ghent University","[""Computer Architecture"", ""Hardware/Software Interface""]",14572,59,202,4537,32,112,2004,"{""2004"":79,""2005"":120,""2006"":240,""2007"":278,""2008"":316,""2009"":333,""2010"":407,""2011"":448,""2012"":582,""2013"":664,""2014"":793,""2015"":1006,""2016"":938,""2017"":999,""2018"":939,""2019"":907,""2020"":774,""2021"":706,""2022"":749,""2023"":700,""2024"":802,""2025"":962,""2026"":616}"
Lin Zhong,https://scholar.google.com/citations?user=hJPN-G8AAAAJ,2026-09-16,Yale University,"[""Mobile Computing"", ""Computer Systems"", ""Wireless Networking"", ""Computer Architecture""]",16257,66,160,5016,34,87,2005,"{""2005"":59,""2006"":74,""2007"":89,""2008"":142,""2009"":171,""2010"":283,""2011"":440,""2012"":659,""2013"":845,""2014"":1111,""2015"":1252,""2016"":1325,""2017"":1283,""2018"":1241,""2019"":1064,""2020"":1070,""2021"":867,""2022"":828,""2023"":735,""2024"":771,""2025"":982,""2026"":833}"
L Jean Camp,https://scholar.google.com/citations?user=wJPGa2IAAAAJ,2026-09-16,Bank of America Distinguished Professorship in Security Analysis at UNC Charlotte,"[""online risk"", ""online trust"", ""usable security and privacy"", ""user-centered design"", ""economics of security""]",7858,47,145,3023,28,82,1998,"{""1998"":60,""1999"":41,""2000"":54,""2001"":42,""2002"":78,""2003"":85,""2004"":116,""2005"":107,""2006"":125,""2007"":135,""2008"":143,""2009"":162,""2010"":175,""2011"":188,""2012"":216,""2013"":234,""2014"":280,""2015"":330,""2016"":303,""2017"":339,""2018"":358,""2019"":475,""2020"":597,""2021"":520,""2022"":570,""2023"":583,""2024"":487,""2025"":565,""2026"":295}"
Luca Trevisan,https://scholar.google.com/citations?user=4yuKD_AAAAAJ,2026-09-16,Bocconi University,"[""Theoretical Computer Science""]",12397,58,116,3657,33,73,1997,"{""1997"":84,""1998"":73,""1999"":136,""2000"":136,""2001"":156,""2002"":182,""2003"":202,""2004"":263,""2005"":360,""2006"":341,""2007"":411,""2008"":388,""2009"":400,""2010"":494,""2011"":441,""2012"":462,""2013"":461,""2014"":474,""2015"":454,""2016"":436,""2017"":490,""2018"":503,""2019"":567,""2020"":594,""2021"":572,""2022"":615,""2023"":620,""2024"":617,""2025"":698,""2026"":533}"
Mark Braverman,https://scholar.google.com/citations?user=5elBSHQAAAAJ,2026-09-16,Princeton University,[],7412,50,117,3184,31,84,2006,"{""2006"":39,""2007"":45,""2008"":58,""2009"":98,""2010"":91,""2011"":145,""2012"":216,""2013"":250,""2014"":364,""2015"":451,""2016"":479,""2017"":398,""2018"":520,""2019"":472,""2020"":495,""2021"":493,""2022"":490,""2023"":543,""2024"":579,""2025"":558,""2026"":520}"
Mark M. Tehranipoor,https://scholar.google.com/citations?user=n9JsBeAAAAAJ,2026-09-16,"Intel Charles E. Young Endowed Chair Professor, ECE, University of Florida","[""Microelectronics Security and Trust"", ""IoT Security"", ""Semiconductor Supply Chain Security""]",31501,92,436,16438,63,333,2007,"{""2007"":144,""2008"":233,""2009"":293,""2010"":449,""2011"":565,""2012"":521,""2013"":735,""2014"":918,""2015"":1246,""2016"":1329,""2017"":1827,""2018"":1832,""2019"":2033,""2020"":2508,""2021"":2643,""2022"":2830,""2023"":3195,""2024"":3114,""2025"":3017,""2026"":1590}"
Martin Farach-Colton,https://scholar.google.com/citations?user=2uHUSa8AAAAJ,2026-09-16,"Shustek Professor of Computer Science, New York University","[""Algorithms"", ""Data Structures"", ""External Memory"", ""Storage Systems""]",15692,63,125,4809,31,80,1993,"{""1993"":60,""1994"":57,""1995"":100,""1996"":122,""1997"":155,""1998"":169,""1999"":228,""2000"":194,""2001"":129,""2002"":208,""2003"":308,""2004"":366,""2005"":496,""2006"":393,""2007"":587,""2008"":502,""2009"":507,""2010"":426,""2011"":459,""2012"":456,""2013"":437,""2014"":515,""2015"":473,""2016"":537,""2017"":610,""2018"":656,""2019"":652,""2020"":803,""2021"":826,""2022"":752,""2023"":734,""2024"":881,""2025"":906,""2026"":706}"
Matthew T. Mason,https://scholar.google.com/citations?user=D_JpQnAAAAAJ,2026-09-16,"Professor of Robotics and Computer Science, Carnegie Mellon University","[""Robotics"", ""Robotic Manipulation"", ""Motion Planning""]",23676,71,233,8138,51,145,1987,"{""1987"":223,""1988"":348,""1989"":318,""1990"":319,""1991"":354,""1992"":325,""1993"":448,""1994"":359,""1995"":420,""1996"":418,""1997"":409,""1998"":375,""1999"":417,""2000"":354,""2001"":339,""2002"":319,""2003"":253,""2004"":341,""2005"":363,""2006"":452,""2007"":412,""2008"":370,""2009"":386,""2010"":408,""2011"":408,""2012"":456,""2013"":506,""2014"":489,""2015"":534,""2016"":566,""2017"":528,""2018"":718,""2019"":701,""2020"":1044,""2021"":1215,""2022"":1260,""2023"":1335,""2024"":1897,""2025"":1680,""2026"":741}"
M Balakrishnan,https://scholar.google.com/citations?user=e_749FUAAAAJ,2026-09-16,CSE Department IIT Delhi,"[""Assistive Technology"", ""EDA"", ""Architecture""]",4128,29,86,872,13,24,1991,"{""1991"":22,""1992"":14,""1993"":21,""1994"":23,""1995"":35,""1996"":20,""1997"":22,""1998"":18,""1999"":12,""2000"":27,""2001"":33,""2002"":50,""2003"":71,""2004"":108,""2005"":125,""2006"":121,""2007"":140,""2008"":149,""2009"":164,""2010"":200,""2011"":203,""2012"":179,""2013"":191,""2014"":190,""2015"":200,""2016"":162,""2017"":174,""2018"":155,""2019"":186,""2020"":153,""2021"":180,""2022"":173,""2023"":145,""2024"":144,""2025"":129,""2026"":101}"
Ming-Hsuan Yang,https://scholar.google.com/citations?user=p9-ohHsAAAAJ,2026-09-16,University of California at Merced; Google DeepMind,"[""Computer Vision"", ""Deep Learning"", ""Machine Learning"", ""Artificial Intelligence""]",186446,187,682,115312,145,571,2004,"{""2004"":669,""2005"":927,""2006"":890,""2007"":1047,""2008"":1068,""2009"":1211,""2010"":1333,""2011"":1458,""2012"":1681,""2013"":2393,""2014"":3645,""2015"":5048,""2016"":6373,""2017"":6970,""2018"":9556,""2019"":11884,""2020"":13241,""2021"":14859,""2022"":15881,""2023"":17280,""2024"":20660,""2025"":24710,""2026"":21790}"
Mohammed J. Zaki,https://scholar.google.com/citations?user=UmwJklEAAAAJ,2026-09-16,"Professor & Head, Computer Science Department, RPI","[""Data Mining"", ""Machine Learning"", ""Graph Mining"", ""Personal Health"", ""Bioinformatics""]",38883,84,220,9739,44,114,1999,"{""1999"":117,""2000"":207,""2001"":335,""2002"":577,""2003"":746,""2004"":999,""2005"":1280,""2006"":1359,""2007"":1297,""2008"":1435,""2009"":1434,""2010"":1474,""2011"":1407,""2012"":1643,""2013"":1632,""2014"":1813,""2015"":1837,""2016"":1785,""2017"":1808,""2018"":1910,""2019"":1754,""2020"":1615,""2021"":1671,""2022"":1723,""2023"":1753,""2024"":1639,""2025"":1734,""2026"":1203}"
Mubarak Shah,https://scholar.google.com/citations?user=p8gsO3gAAAAJ,2026-09-16,"Trustee Chair Professor of Computer Science, University of Central Florida","[""Computer Vision""]",119885,150,567,55467,93,365,2002,"{""2002"":389,""2003"":544,""2004"":788,""2005"":1024,""2006"":1274,""2007"":1539,""2008"":2050,""2009"":2464,""2010"":2917,""2011"":3368,""2012"":3798,""2013"":4607,""2014"":5176,""2015"":4782,""2016"":5446,""2017"":5126,""2018"":5294,""2019"":5503,""2020"":5577,""2021"":6346,""2022"":7040,""2023"":8317,""2024"":10929,""2025"":12944,""2026"":9730}"
Munindar P Singh,https://scholar.google.com/citations?user=qNznu3kAAAAJ,2026-09-16,"Professor of Computer Science, North Carolina State University","[""Multiagent Systems"", ""Service-Oriented Computing"", ""Software Engineering"", ""Social Computing""]",34331,85,381,6053,37,133,1995,"{""1995"":143,""1996"":171,""1997"":204,""1998"":326,""1999"":452,""2000"":482,""2001"":534,""2002"":667,""2003"":855,""2004"":930,""2005"":1251,""2006"":1444,""2007"":1632,""2008"":1594,""2009"":1564,""2010"":1548,""2011"":1444,""2012"":1533,""2013"":1484,""2014"":1442,""2015"":1403,""2016"":1205,""2017"":1204,""2018"":1374,""2019"":1310,""2020"":1263,""2021"":1124,""2022"":1091,""2023"":1150,""2024"":970,""2025"":1010,""2026"":695}"
Nikolaj Bjorner,https://scholar.google.com/citations?user=kja6dIzH9GwJ,2026-09-16,Microsoft Research,"[""Automated Deduction"", ""Systems"", ""Software Engineering""]",26857,58,147,11440,37,81,1998,"{""1998"":74,""1999"":75,""2000"":123,""2001"":77,""2002"":114,""2003"":100,""2004"":101,""2005"":78,""2006"":75,""2007"":89,""2008"":214,""2009"":379,""2010"":458,""2011"":526,""2012"":719,""2013"":938,""2014"":1162,""2015"":1358,""2016"":1543,""2017"":1602,""2018"":1640,""2019"":1718,""2020"":1895,""2021"":1929,""2022"":1840,""2023"":1740,""2024"":1978,""2025"":2193,""2026"":1758}"
Ninghui Li,https://scholar.google.com/citations?user=XpHwrPsAAAAJ,2026-09-16,"Professor of Computer Science, Purdue University","[""Privacy""]",30677,83,206,11524,51,139,2002,"{""2002"":86,""2003"":183,""2004"":270,""2005"":404,""2006"":600,""2007"":680,""2008"":948,""2009"":1010,""2010"":1148,""2011"":1086,""2012"":1123,""2013"":1128,""2014"":1201,""2015"":1289,""2016"":1303,""2017"":1417,""2018"":1491,""2019"":1615,""2020"":1824,""2021"":1951,""2022"":1932,""2023"":2057,""2024"":2058,""2025"":2129,""2026"":1391}"
Pierangela Samarati,https://scholar.google.com/citations?user=nAGXeFkAAAAJ,2026-09-16,Universita` degli Studi di Milano,[],33754,77,238,5816,29,85,1996,"{""1996"":109,""1997"":141,""1998"":171,""1999"":179,""2000"":306,""2001"":338,""2002"":532,""2003"":755,""2004"":936,""2005"":1193,""2006"":1342,""2007"":1455,""2008"":1555,""2009"":1573,""2010"":1745,""2011"":1666,""2012"":1734,""2013"":1853,""2014"":1801,""2015"":1626,""2016"":1540,""2017"":1286,""2018"":1290,""2019"":1163,""2020"":1105,""2021"":1120,""2022"":1089,""2023"":1048,""2024"":915,""2025"":1135,""2026"":503}"
Rafail Ostrovsky,https://scholar.google.com/citations?user=UvFrX04AAAAJ,2026-09-16,"Norman E. Friedman Chair in Knowledge Sciences, Distinguished Prof. of CS & MATH","[""Theoretical Computer Science"", ""Cryptography"", ""Computer Security"", ""Secure Computation"", ""Complexity Theory""]",47127,92,286,15054,56,185,1997,"{""1997"":127,""1998"":156,""1999"":203,""2000"":213,""2001"":277,""2002"":333,""2003"":394,""2004"":477,""2005"":587,""2006"":753,""2007"":885,""2008"":938,""2009"":1125,""2010"":1292,""2011"":1300,""2012"":1555,""2013"":1942,""2014"":2378,""2015"":2563,""2016"":2829,""2017"":2777,""2018"":2652,""2019"":2875,""2020"":2735,""2021"":2635,""2022"":2694,""2023"":2634,""2024"":2574,""2025"":2759,""2026"":1757}"
Ranjit Jhala,https://scholar.google.com/citations?user=lh6orZ0AAAAJ,2026-09-17,UC San Diego,[],15457,56,97,4320,39,79,2003,"{""2003"":93,""2004"":215,""2005"":313,""2006"":370,""2007"":443,""2008"":525,""2009"":648,""2010"":668,""2011"":654,""2012"":793,""2013"":787,""2014"":752,""2015"":844,""2016"":785,""2017"":823,""2018"":782,""2019"":737,""2020"":735,""2021"":805,""2022"":697,""2023"":748,""2024"":750,""2025"":753,""2026"":563}"
Robert B. Ross,https://scholar.google.com/citations?user=hvS9R4wAAAAJ,2026-09-16,"Senior Computer Scientist, Mathematics and Computer Science Division, Argonne National Laboratory","[""high-performance computing"", ""HPC system software"", ""parallel I/O and file systems""]",13667,56,207,4068,30,102,2001,"{""2001"":46,""2002"":82,""2003"":126,""2004"":169,""2005"":196,""2006"":237,""2007"":206,""2008"":209,""2009"":283,""2010"":367,""2011"":504,""2012"":610,""2013"":573,""2014"":698,""2015"":769,""2016"":828,""2017"":921,""2018"":926,""2019"":866,""2020"":776,""2021"":728,""2022"":682,""2023"":710,""2024"":729,""2025"":719,""2026"":497}"
Robert Kleinberg,https://scholar.google.com/citations?user=zkvW8FQAAAAJ,2026-09-16,"Department of Computer Science, Cornell University","[""Theory of Computing"", ""Algorithms"", ""Algorithmic Game Theory and Economics"", ""Learning Theory""]",20181,71,156,8723,48,123,2005,"{""2005"":67,""2006"":121,""2007"":169,""2008"":273,""2009"":344,""2010"":422,""2011"":578,""2012"":573,""2013"":775,""2014"":964,""2015"":959,""2016"":1027,""2017"":1093,""2018"":1193,""2019"":1315,""2020"":1375,""2021"":1429,""2022"":1501,""2023"":1345,""2024"":1560,""2025"":1549,""2026"":1339}"
Rosalind Picard,https://scholar.google.com/citations?user=hH3DA2YAAAAJ,2026-09-17,"Professor, MIT Media Lab","[""Affective Computing"", ""Artificial Intelligence"", ""Wearable Computing"", ""Human-Computer Interaction""]",90444,129,436,30658,84,300,1996,"{""1996"":325,""1997"":528,""1998"":676,""1999"":901,""2000"":824,""2001"":974,""2002"":1201,""2003"":1301,""2004"":1391,""2005"":1765,""2006"":1727,""2007"":2012,""2008"":2249,""2009"":2473,""2010"":2419,""2011"":2522,""2012"":2604,""2013"":2945,""2014"":3371,""2015"":3575,""2016"":3860,""2017"":4037,""2018"":4602,""2019"":4833,""2020"":5033,""2021"":5159,""2022"":5186,""2023"":4854,""2024"":5329,""2025"":5757,""2026"":4339}"
Ryen W. White,https://scholar.google.com/citations?user=U69fiZMAAAAJ,2026-09-16,"Distinguished Scientist & VP, Microsoft","[""Information Retrieval"", ""Human-Computer Interaction"", ""Artificial Intelligence"", ""Psychology"", ""Health""]",31444,83,311,15060,48,204,2005,"{""2005"":92,""2006"":152,""2007"":270,""2008"":398,""2009"":490,""2010"":556,""2011"":744,""2012"":853,""2013"":1082,""2014"":1342,""2015"":1533,""2016"":1706,""2017"":1670,""2018"":1639,""2019"":1619,""2020"":1752,""2021"":1827,""2022"":1841,""2023"":1462,""2024"":2299,""2025"":3362,""2026"":4225}"
Scott A. Smolka,https://scholar.google.com/citations?user=4q-QenMAAAAJ,2026-09-16,"Professor of Computer Science, Stony Brook University","[""Model Checking"", ""Runtime Verification"", ""Computational Biology""]",12295,56,169,2302,26,65,1989,"{""1989"":41,""1990"":42,""1991"":59,""1992"":63,""1993"":87,""1994"":152,""1995"":145,""1996"":192,""1997"":168,""1998"":215,""1999"":339,""2000"":326,""2001"":276,""2002"":365,""2003"":334,""2004"":347,""2005"":424,""2006"":387,""2007"":423,""2008"":428,""2009"":411,""2010"":331,""2011"":378,""2012"":420,""2013"":429,""2014"":412,""2015"":412,""2016"":467,""2017"":381,""2018"":429,""2019"":435,""2020"":367,""2021"":407,""2022"":451,""2023"":405,""2024"":393,""2025"":393,""2026"":251}"
Shaz Qadeer,https://scholar.google.com/citations?user=EqIVfYcAAAAJ,2026-09-16,Microsoft,"[""Program verification"", ""Programming languages"", ""Distributed systems""]",14563,57,140,2706,30,63,1997,"{""1997"":44,""1998"":120,""1999"":160,""2000"":171,""2001"":198,""2002"":209,""2003"":301,""2004"":378,""2005"":470,""2006"":464,""2007"":544,""2008"":508,""2009"":592,""2010"":701,""2011"":674,""2012"":670,""2013"":733,""2014"":760,""2015"":758,""2016"":720,""2017"":699,""2018"":601,""2019"":626,""2020"":527,""2021"":559,""2022"":439,""2023"":504,""2024"":430,""2025"":439,""2026"":335}"
Shlomo Zilberstein,https://scholar.google.com/citations?user=q_n7d6EAAAAJ,2026-09-16,"Professor of Computer Science, University of Massachusetts Amherst","[""Artificial Intelligence"", ""Automated Planning"", ""Multiagent Systems"", ""Autonomous Agents"", ""Trustworthy AI""]",18812,65,219,6035,36,130,1995,"{""1995"":61,""1996"":105,""1997"":106,""1998"":112,""1999"":132,""2000"":185,""2001"":188,""2002"":185,""2003"":258,""2004"":391,""2005"":416,""2006"":467,""2007"":551,""2008"":648,""2009"":706,""2010"":705,""2011"":791,""2012"":759,""2013"":768,""2014"":561,""2015"":635,""2016"":685,""2017"":580,""2018"":688,""2019"":771,""2020"":860,""2021"":952,""2022"":1142,""2023"":1014,""2024"":1076,""2025"":1061,""2026"":782}"
Steve Marschner,https://scholar.google.com/citations?user=llo3F3QAAAAJ,2026-09-16,"Professor of Computer Science, Cornell University","[""Computer Graphics"", ""Computer Vision""]",15749,56,105,5312,38,86,2000,"{""2000"":41,""2001"":76,""2002"":172,""2003"":242,""2004"":301,""2005"":377,""2006"":436,""2007"":434,""2008"":442,""2009"":476,""2010"":481,""2011"":452,""2012"":501,""2013"":573,""2014"":516,""2015"":592,""2016"":712,""2017"":771,""2018"":834,""2019"":834,""2020"":884,""2021"":836,""2022"":958,""2023"":842,""2024"":951,""2025"":1048,""2026"":656}"
Sunita Sarawagi,https://scholar.google.com/citations?user=Hg4HmTAAAAAJ,2026-09-16,"Indian Institute of Technology Bombay, Mumbai, India.","[""Adaptation"", ""Causal Inference"", ""In-context learning"", ""Semantic parsing""]",18881,59,113,5137,34,66,1997,"{""1997"":109,""1998"":176,""1999"":231,""2000"":239,""2001"":302,""2002"":334,""2003"":388,""2004"":383,""2005"":510,""2006"":551,""2007"":611,""2008"":608,""2009"":752,""2010"":753,""2011"":805,""2012"":846,""2013"":814,""2014"":759,""2015"":764,""2016"":749,""2017"":632,""2018"":652,""2019"":740,""2020"":767,""2021"":899,""2022"":876,""2023"":984,""2024"":904,""2025"":880,""2026"":592}"
Sushil Jajodia,https://scholar.google.com/citations?user=lOZ1vHIAAAAJ,2026-09-16,"University Professor, BDM International Professor, and Director, Center for Secure Information","[""security"", ""privacy"", ""database"", ""databases"", ""distributed systems""]",57291,117,522,10660,47,205,1991,"{""1991"":147,""1992"":169,""1993"":198,""1994"":295,""1995"":277,""1996"":329,""1997"":433,""1998"":454,""1999"":519,""2000"":585,""2001"":631,""2002"":962,""2003"":1094,""2004"":1351,""2005"":1736,""2006"":1959,""2007"":2040,""2008"":2215,""2009"":2338,""2010"":2470,""2011"":2296,""2012"":2441,""2013"":2660,""2014"":2707,""2015"":2620,""2016"":2732,""2017"":2570,""2018"":2594,""2019"":2370,""2020"":2253,""2021"":2107,""2022"":2078,""2023"":1780,""2024"":1836,""2025"":1811,""2026"":1040}"
Szymon Rusinkiewicz,https://scholar.google.com/citations?user=RaScARwAAAAJ,2026-09-16,"Princeton University, Department of Computer Science","[""Computer Graphics"", ""Computational Fabrication"", ""Computer Vision"", ""Robotics""]",30950,66,109,7655,41,84,2001,"{""2001"":171,""2002"":277,""2003"":497,""2004"":676,""2005"":855,""2006"":1075,""2007"":1192,""2008"":1286,""2009"":1278,""2010"":1470,""2011"":1491,""2012"":1424,""2013"":1501,""2014"":1483,""2015"":1449,""2016"":1469,""2017"":1332,""2018"":1438,""2019"":1256,""2020"":1262,""2021"":1252,""2022"":1257,""2023"":1286,""2024"":1432,""2025"":1418,""2026"":1001}"
Tajana Rosing,https://scholar.google.com/citations?user=DY_XcO4AAAAJ,2026-09-17,"Distinguished Professor, UCSD","[""computer architecture"", ""cyber-physical systems"", ""system energy efficiency""]",37263,88,690,16925,58,371,2001,"{""2001"":122,""2002"":172,""2003"":224,""2004"":256,""2005"":351,""2006"":384,""2007"":443,""2008"":475,""2009"":571,""2010"":767,""2011"":895,""2012"":1104,""2013"":1329,""2014"":1373,""2015"":1569,""2016"":1611,""2017"":1698,""2018"":1956,""2019"":2302,""2020"":2188,""2021"":2537,""2022"":2809,""2023"":2935,""2024"":2977,""2025"":3225,""2026"":2422}"
Tanzeem Choudhury,https://scholar.google.com/citations?user=-pyztDMAAAAJ,2026-09-16,"Chief of Health Innovation, Professor Computing and Information Science @ Cornell Tech","[""health + multi-modal AI"", ""ubiquitous computing"", ""mobile systems""]",23302,74,141,7244,48,106,2003,"{""2003"":60,""2004"":87,""2005"":122,""2006"":132,""2007"":228,""2008"":343,""2009"":416,""2010"":543,""2011"":803,""2012"":1047,""2013"":1236,""2014"":1403,""2015"":1588,""2016"":1483,""2017"":1637,""2018"":1560,""2019"":1479,""2020"":1488,""2021"":1391,""2022"":1352,""2023"":1241,""2024"":1247,""2025"":1168,""2026"":834}"
Tao Xie,https://scholar.google.com/citations?user=DhhH9J4AAAAJ,2026-09-16,"Peking University Chair Professor, Fudan University Adjunct Top-Talent Professor","[""Software Engineering"", ""Operating Systems"", ""Cyber Security"", ""Trustworthy AI"", ""RISC-V""]",26701,84,300,11741,53,209,2005,"{""2005"":75,""2006"":157,""2007"":264,""2008"":356,""2009"":473,""2010"":651,""2011"":776,""2012"":829,""2013"":1091,""2014"":1334,""2015"":1332,""2016"":1341,""2017"":1383,""2018"":1535,""2019"":1463,""2020"":1618,""2021"":1759,""2022"":1773,""2023"":1956,""2024"":2053,""2025"":2305,""2026"":1862}"
Thomas Zimmermann,https://scholar.google.com/citations?user=5zvbpooAAAAJ,2026-09-16,"Chancellor’s Professor and Donald Bren Chair, University of California, Irvine","[""Software Engineering"", ""Empirical Software Engineering"", ""Mining Software Repositories"", ""Recommender""]",33708,90,201,15440,66,159,2005,"{""2005"":143,""2006"":262,""2007"":335,""2008"":436,""2009"":566,""2010"":848,""2011"":935,""2012"":1067,""2013"":1258,""2014"":1325,""2015"":1477,""2016"":1745,""2017"":1605,""2018"":1848,""2019"":1963,""2020"":1986,""2021"":2278,""2022"":2511,""2023"":2493,""2024"":2653,""2025"":2956,""2026"":2525}"
Tie-Yan Liu,https://scholar.google.com/citations?user=Nh832fgAAAAJ,2026-09-16,"President, Zhongguancun Academy | IEEE Fellow | ACM Fellow | AAIA Fellow","[""Machine learning"", ""AI for Science"", ""AI for Industry"", ""Information retrieval"", ""NLP""]",110562,115,735,83636,100,468,2008,"{""2008"":464,""2009"":697,""2010"":827,""2011"":1163,""2012"":1120,""2013"":1244,""2014"":1455,""2015"":1741,""2016"":1991,""2017"":2016,""2018"":2850,""2019"":4154,""2020"":5580,""2021"":7983,""2022"":10191,""2023"":13108,""2024"":16193,""2025"":19701,""2026"":16322}"
Wenping Wang,https://scholar.google.com/citations?user=28shvv0AAAAJ,2026-09-16,Texas A&M University,"[""Computer Graphics"", ""Geometric Computing""]",29968,84,361,21353,70,286,2004,"{""2004"":82,""2005"":127,""2006"":159,""2007"":217,""2008"":243,""2009"":288,""2010"":303,""2011"":333,""2012"":461,""2013"":494,""2014"":550,""2015"":680,""2016"":751,""2017"":733,""2018"":802,""2019"":935,""2020"":990,""2021"":1113,""2022"":1683,""2023"":2642,""2024"":4781,""2025"":6283,""2026"":4810}"
Xiaobo Sharon Hu,https://scholar.google.com/citations?user=tQRvus8AAAAJ,2026-09-16,"University of Notre Dame, Department of Computer Science and Engineering","[""Power and reliability aware system-level design"", ""Circuit and architecture design for beyond-CMOS devices"", ""Algorithm and hardware""]",17359,67,316,8616,47,181,2000,"{""2000"":57,""2001"":64,""2002"":104,""2003"":129,""2004"":196,""2005"":204,""2006"":237,""2007"":298,""2008"":303,""2009"":372,""2010"":374,""2011"":465,""2012"":439,""2013"":510,""2014"":622,""2015"":482,""2016"":448,""2017"":500,""2018"":648,""2019"":863,""2020"":1046,""2021"":1245,""2022"":1455,""2023"":1565,""2024"":1666,""2025"":1599,""2026"":1065}"
Zachary G. Ives,https://scholar.google.com/citations?user=2wJaIkEAAAAJ,2026-09-16,"Chair & Professor of Computer and Information Science, University of Pennsylvania","[""Databases"", ""data integration"", ""distributed systems"", ""web data management""]",18756,46,91,5402,21,45,2000,"{""2000"":53,""2001"":105,""2002"":216,""2003"":368,""2004"":475,""2005"":485,""2006"":492,""2007"":504,""2008"":612,""2009"":699,""2010"":697,""2011"":716,""2012"":741,""2013"":765,""2014"":779,""2015"":794,""2016"":840,""2017"":901,""2018"":896,""2019"":919,""2020"":1011,""2021"":1021,""2022"":1054,""2023"":986,""2024"":904,""2025"":887,""2026"":549}"
Zygmunt J. Haas,https://scholar.google.com/citations?user=tk8qFe0AAAAJ,2026-09-16,Cornell University,"[""Wireless and Mobile Networks"", ""Information Assurance""]",35300,82,209,2483,24,63,1998,"{""1998"":104,""1999"":233,""2000"":334,""2001"":451,""2002"":792,""2003"":1407,""2004"":1876,""2005"":2224,""2006"":2356,""2007"":2371,""2008"":2327,""2009"":2148,""2010"":2210,""2011"":2031,""2012"":1978,""2013"":1739,""2014"":1571,""2015"":1302,""2016"":1249,""2017"":949,""2018"":890,""2019"":691,""2020"":572,""2021"":514,""2022"":532,""2023"":417,""2024"":394,""2025"":384,""2026"":240}"
Adam Smith,https://scholar.google.com/citations?user=fkGi-JMAAAAJ,2026-09-16,"Professor of Computer Science, Boston University","[""Data privacy"", ""cryptography"", ""machine learning"", ""algorithms"", ""information theory""]",39276,68,133,21662,50,110,2005,"{""2005"":173,""2006"":236,""2007"":275,""2008"":424,""2009"":481,""2010"":614,""2011"":620,""2012"":850,""2013"":1021,""2014"":1154,""2015"":1240,""2016"":1495,""2017"":1778,""2018"":1833,""2019"":2290,""2020"":2742,""2021"":3064,""2022"":3376,""2023"":3635,""2024"":4045,""2025"":4257,""2026"":3278}"
Adi Shamir,https://scholar.google.com/citations?user=EHLBP20AAAAJ,2026-09-17,Unknown affiliation,[],137598,105,244,34855,58,144,1990,"{""1990"":399,""1991"":574,""1992"":530,""1993"":615,""1994"":762,""1995"":763,""1996"":893,""1997"":979,""1998"":1365,""1999"":1261,""2000"":1422,""2001"":1533,""2002"":2044,""2003"":2461,""2004"":3010,""2005"":3748,""2006"":3970,""2007"":4180,""2008"":4315,""2009"":4764,""2010"":4953,""2011"":5051,""2012"":5238,""2013"":5332,""2014"":5366,""2015"":5566,""2016"":5419,""2017"":5312,""2018"":5587,""2019"":5948,""2020"":5861,""2021"":6023,""2022"":6009,""2023"":6128,""2024"":6207,""2025"":6485,""2026"":3996}"
Alan Edelman,https://scholar.google.com/citations?user=QVBIKh4AAAAJ,2026-09-16,"Professor of Applied Mathematics, Member Computer Science AI LABS, MIT","[""Corgis"", ""Random Matrix Theory"", ""Julia"", ""Numerical Linear Algebra"", ""Parallel Computing""]",29768,52,127,15552,37,76,1997,"{""1997"":77,""1998"":90,""1999"":95,""2000"":133,""2001"":168,""2002"":232,""2003"":224,""2004"":329,""2005"":379,""2006"":415,""2007"":440,""2008"":459,""2009"":550,""2010"":553,""2011"":605,""2012"":715,""2013"":596,""2014"":789,""2015"":753,""2016"":871,""2017"":1009,""2018"":1126,""2019"":1336,""2020"":1629,""2021"":2094,""2022"":2393,""2023"":2521,""2024"":2785,""2025"":3129,""2026"":2609}"
Amit Sheth,https://scholar.google.com/citations?user=2T3H4ekAAAAJ,2026-09-16,"NCR Chair, AI Inst South Carolina; Founding Director, IAIRO","[""Neurosymbolic AI"", ""Knowledge Graph"", ""Knowledge-infused Learning"", ""Semantic Web"", ""Artificial Intelligence""]",67026,124,589,16767,62,272,1992,"{""1992"":203,""1993"":366,""1994"":395,""1995"":491,""1996"":755,""1997"":744,""1998"":878,""1999"":1100,""2000"":910,""2001"":817,""2002"":952,""2003"":1303,""2004"":1486,""2005"":1787,""2006"":2259,""2007"":2339,""2008"":2287,""2009"":2425,""2010"":2530,""2011"":2389,""2012"":2585,""2013"":2366,""2014"":2473,""2015"":2398,""2016"":2380,""2017"":2384,""2018"":2545,""2019"":2513,""2020"":2685,""2021"":2806,""2022"":2758,""2023"":2690,""2024"":3165,""2025"":3227,""2026"":2077}"
Anantha Chandrakasan,https://scholar.google.com/citations?user=N6ah30sAAAAJ,2026-09-16,"Dean of Engineering, Massachusetts Institute of Technology","[""Energy Efficient Design"", ""Machine Learning Hardware"", ""Security Hardware""]",123668,138,519,23420,62,247,1995,"{""1995"":368,""1996"":517,""1997"":566,""1998"":710,""1999"":731,""2000"":887,""2001"":1117,""2002"":1447,""2003"":2012,""2004"":2859,""2005"":3809,""2006"":4149,""2007"":4634,""2008"":5191,""2009"":5599,""2010"":5932,""2011"":6197,""2012"":6520,""2013"":6534,""2014"":6654,""2015"":6349,""2016"":5968,""2017"":5491,""2018"":5147,""2019"":4711,""2020"":4590,""2021"":4571,""2022"":4256,""2023"":3908,""2024"":3868,""2025"":3901,""2026"":2902}"
Andrea Arpaci-Dusseau,https://scholar.google.com/citations?user=8VkvOEEAAAAJ,2026-09-16,"Professor Computer Science, University of Wisconsin-Madison","[""Operating Systems"", ""File Systems"", ""Storage Systems""]",18742,70,150,5700,38,80,1994,"{""1994"":60,""1995"":148,""1996"":248,""1997"":309,""1998"":361,""1999"":398,""2000"":309,""2001"":232,""2002"":250,""2003"":270,""2004"":325,""2005"":414,""2006"":335,""2007"":483,""2008"":457,""2009"":459,""2010"":475,""2011"":552,""2012"":478,""2013"":499,""2014"":597,""2015"":604,""2016"":717,""2017"":813,""2018"":854,""2019"":1014,""2020"":1067,""2021"":1016,""2022"":950,""2023"":934,""2024"":970,""2025"":1067,""2026"":760}"
Andrew D Gordon,https://scholar.google.com/citations?user=mfBjUiIAAAAJ,2026-09-16,Cogna and University of Edinburgh,"[""Programming Languages"", ""Security"", ""Probabilistic Programming"", ""Spreadsheets""]",19148,67,160,3133,27,64,1995,"{""1995"":60,""1996"":96,""1997"":178,""1998"":283,""1999"":339,""2000"":413,""2001"":475,""2002"":664,""2003"":755,""2004"":887,""2005"":980,""2006"":920,""2007"":874,""2008"":832,""2009"":856,""2010"":774,""2011"":675,""2012"":702,""2013"":595,""2014"":639,""2015"":663,""2016"":618,""2017"":545,""2018"":570,""2019"":630,""2020"":525,""2021"":480,""2022"":524,""2023"":501,""2024"":589,""2025"":614,""2026"":421}"
Andrew Tomkins,https://scholar.google.com/citations?user=-JOkpfQAAAAJ,2026-09-16,Google,[],41077,77,202,6149,38,93,1999,"{""1999"":124,""2000"":279,""2001"":450,""2002"":674,""2003"":821,""2004"":1011,""2005"":1220,""2006"":1439,""2007"":1697,""2008"":1798,""2009"":2000,""2010"":2324,""2011"":2469,""2012"":2510,""2013"":2507,""2014"":2443,""2015"":2030,""2016"":1989,""2017"":1634,""2018"":1655,""2019"":1465,""2020"":1508,""2021"":1392,""2022"":1288,""2023"":996,""2024"":996,""2025"":884,""2026"":591}"
Antonio Gonzalez,https://scholar.google.com/citations?user=DRP_OcMAAAAJ,2026-09-16,"Professor, Universitat Politecnica de Catalunya","[""Computer Architecture""]",17232,61,368,2880,23,82,1997,"{""1997"":69,""1998"":143,""1999"":157,""2000"":277,""2001"":353,""2002"":401,""2003"":529,""2004"":630,""2005"":738,""2006"":586,""2007"":623,""2008"":617,""2009"":655,""2010"":566,""2011"":750,""2012"":756,""2013"":761,""2014"":816,""2015"":774,""2016"":794,""2017"":746,""2018"":764,""2019"":752,""2020"":639,""2021"":570,""2022"":569,""2023"":456,""2024"":481,""2025"":497,""2026"":300}"
Arvind Krishnamurthy,https://scholar.google.com/citations?user=EnCwNycAAAAJ,2026-09-16,"Short-Dooley Professor, Univ. of Washington","[""Distributed Systems"", ""Networking"", ""Systems"", ""Performance evaluation""]",48139,96,226,19030,62,160,1996,"{""1996"":142,""1997"":134,""1998"":177,""1999"":138,""2000"":99,""2001"":81,""2002"":89,""2003"":130,""2004"":187,""2005"":271,""2006"":321,""2007"":464,""2008"":547,""2009"":855,""2010"":1185,""2011"":1332,""2012"":1556,""2013"":1924,""2014"":2231,""2015"":2560,""2016"":2841,""2017"":2666,""2018"":2753,""2019"":2837,""2020"":3016,""2021"":3161,""2022"":3060,""2023"":2883,""2024"":3148,""2025"":3656,""2026"":3111}"
Bonnie Dorr,https://scholar.google.com/citations?user=jSjEWosAAAAJ,2026-09-16,"University of Florida, IHMC, UMD","[""Artificial Intelligence"", ""Natural Language Processing"", ""Machine Translation""]",14576,52,160,3529,23,52,1992,"{""1992"":36,""1993"":48,""1994"":96,""1995"":87,""1996"":105,""1997"":116,""1998"":161,""1999"":134,""2000"":166,""2001"":130,""2002"":211,""2003"":189,""2004"":220,""2005"":241,""2006"":265,""2007"":378,""2008"":418,""2009"":505,""2010"":589,""2011"":609,""2012"":703,""2013"":623,""2014"":699,""2015"":702,""2016"":704,""2017"":610,""2018"":678,""2019"":649,""2020"":681,""2021"":683,""2022"":636,""2023"":642,""2024"":615,""2025"":574,""2026"":376}"
Brian Neil Levine,https://scholar.google.com/citations?user=oHbIF48AAAAJ,2026-09-16,"Distinguished Professor, ACM Fellow, College of Information and Computer Sciences, UMass Amherst","[""networking"", ""security"", ""child abuse"", ""privacy"", ""digital forensics""]",21891,57,100,2379,23,46,1998,"{""1998"":85,""1999"":146,""2000"":159,""2001"":177,""2002"":260,""2003"":398,""2004"":557,""2005"":664,""2006"":701,""2007"":917,""2008"":1098,""2009"":1356,""2010"":1507,""2011"":1506,""2012"":1486,""2013"":1325,""2014"":1421,""2015"":1182,""2016"":1134,""2017"":933,""2018"":812,""2019"":724,""2020"":625,""2021"":573,""2022"":526,""2023"":418,""2024"":329,""2025"":324,""2026"":209}"
Cathy Wu,https://scholar.google.com/citations?user=eiRdbhsAAAAJ,2026-09-16,University of Delaware,"[""bioinformatics"", ""computational biology"", ""proteomics""]",98744,87,249,54244,49,141,2004,"{""2004"":514,""2005"":786,""2006"":1155,""2007"":1305,""2008"":1329,""2009"":1437,""2010"":1631,""2011"":1827,""2012"":2254,""2013"":2497,""2014"":2875,""2015"":3201,""2016"":3981,""2017"":4060,""2018"":4042,""2019"":4655,""2020"":5103,""2021"":6875,""2022"":8329,""2023"":9021,""2024"":9960,""2025"":11403,""2026"":8582}"
Chandra Narayanaswami,https://scholar.google.com/citations?user=jZUeVbcAAAAJ,2026-09-16,IBM TJ Watson Research Center,"[""ECommerce"", ""Big Data Analytics"", ""Mobile Computing""]",13831,58,166,3497,27,58,2001,"{""2001"":52,""2002"":125,""2003"":153,""2004"":205,""2005"":258,""2006"":313,""2007"":348,""2008"":328,""2009"":373,""2010"":465,""2011"":471,""2012"":567,""2013"":633,""2014"":752,""2015"":826,""2016"":748,""2017"":838,""2018"":819,""2019"":893,""2020"":840,""2021"":857,""2022"":796,""2023"":454,""2024"":551,""2025"":530,""2026"":308}"
Chenyang Lu,https://scholar.google.com/citations?user=tCq7Wx0AAAAJ,2026-09-16,"Fullgraf Professor, Washington University","[""AI in Medicine"", ""AI for Health"", ""Real-Time Systems"", ""Internet of Things"", ""Cyber-Physical Systems""]",29636,80,263,6743,40,148,2002,"{""2002"":155,""2003"":243,""2004"":497,""2005"":885,""2006"":1035,""2007"":1287,""2008"":1424,""2009"":1427,""2010"":1493,""2011"":1365,""2012"":1457,""2013"":1402,""2014"":1495,""2015"":1515,""2016"":1385,""2017"":1346,""2018"":1342,""2019"":1465,""2020"":1230,""2021"":1180,""2022"":1125,""2023"":1107,""2024"":1147,""2025"":1285,""2026"":888}"
Cormac Flanagan,https://scholar.google.com/citations?user=XkiApd4AAAAJ,2026-09-16,"Professor of Computer Science, University of California Santa Cruz","[""Programming Languages - Software Engineering""]",15920,55,110,2594,25,52,1997,"{""1997"":65,""1998"":74,""1999"":58,""2000"":91,""2001"":128,""2002"":202,""2003"":332,""2004"":443,""2005"":560,""2006"":572,""2007"":657,""2008"":690,""2009"":722,""2010"":816,""2011"":806,""2012"":851,""2013"":805,""2014"":789,""2015"":847,""2016"":774,""2017"":792,""2018"":773,""2019"":686,""2020"":527,""2021"":594,""2022"":420,""2023"":444,""2024"":417,""2025"":422,""2026"":297}"
Daniel J. Abadi,https://scholar.google.com/citations?user=zxeEF2gAAAAJ,2026-09-16,"Darnell-Kanal Professor of Computer Science, University of Maryland College Park","[""Database Systems""]",26220,56,79,5876,40,64,2004,"{""2004"":73,""2005"":171,""2006"":293,""2007"":363,""2008"":516,""2009"":742,""2010"":1135,""2011"":1367,""2012"":1564,""2013"":1810,""2014"":2122,""2015"":1960,""2016"":1823,""2017"":1635,""2018"":1687,""2019"":1460,""2020"":1272,""2021"":1172,""2022"":1103,""2023"":946,""2024"":953,""2025"":1027,""2026"":674}"
David Brooks,https://scholar.google.com/citations?user=vXHA_XYAAAAJ,2026-09-16,"Haley Family Professor of Computer Science, Harvard University","[""Computer Architecture""]",30789,74,226,13963,49,149,2001,"{""2001"":139,""2002"":263,""2003"":393,""2004"":406,""2005"":480,""2006"":592,""2007"":617,""2008"":860,""2009"":785,""2010"":959,""2011"":868,""2012"":1006,""2013"":963,""2014"":949,""2015"":1049,""2016"":1007,""2017"":1076,""2018"":1159,""2019"":1347,""2020"":1609,""2021"":1827,""2022"":2033,""2023"":2329,""2024"":2638,""2025"":3021,""2026"":2073}"
David Kotz,https://scholar.google.com/citations?user=s5QkqdcAAAAJ,2026-09-16,Dartmouth College,"[""security and privacy for IoT"", ""mobile health"", ""and wireless networks""]",26978,83,229,4311,37,97,1994,"{""1994"":67,""1995"":180,""1996"":391,""1997"":319,""1998"":372,""1999"":365,""2000"":476,""2001"":501,""2002"":682,""2003"":773,""2004"":874,""2005"":1107,""2006"":1176,""2007"":1127,""2008"":1115,""2009"":1225,""2010"":1297,""2011"":1172,""2012"":1233,""2013"":1114,""2014"":1148,""2015"":1069,""2016"":1003,""2017"":878,""2018"":893,""2019"":834,""2020"":774,""2021"":891,""2022"":866,""2023"":690,""2024"":737,""2025"":710,""2026"":414}"
David A. Maltz,https://scholar.google.com/citations?user=-YmsnYMAAAAJ,2026-09-16,"Technical Fellow, Microsoft","[""networking"", ""data centers"", ""AI infrastructure""]",70713,71,146,10684,40,83,1999,"{""1999"":311,""2000"":440,""2001"":862,""2002"":1457,""2003"":2144,""2004"":2670,""2005"":3013,""2006"":3087,""2007"":3004,""2008"":2856,""2009"":2937,""2010"":3352,""2011"":3222,""2012"":3396,""2013"":3576,""2014"":3718,""2015"":3558,""2016"":3649,""2017"":3106,""2018"":2915,""2019"":2879,""2020"":2592,""2021"":2428,""2022"":2221,""2023"":1654,""2024"":1599,""2025"":1762,""2026"":1019}"
Dieter Fox,https://scholar.google.com/citations?user=DqXsbPAAAAAJ,2026-09-16,University of Washington and AI2,"[""Robotics"", ""Artificial Intelligence"", ""Computer Vision""]",125834,157,433,53733,105,359,1999,"{""1999"":453,""2000"":550,""2001"":698,""2002"":1296,""2003"":1537,""2004"":1662,""2005"":2032,""2006"":2340,""2007"":2901,""2008"":3168,""2009"":3422,""2010"":3616,""2011"":3549,""2012"":3996,""2013"":4559,""2014"":4644,""2015"":4841,""2016"":4972,""2017"":4729,""2018"":4740,""2019"":5220,""2020"":5623,""2021"":6140,""2022"":6958,""2023"":7833,""2024"":9337,""2025"":12153,""2026"":11252}"
Filippo Menczer,https://scholar.google.com/citations?user=f_kGJwkAAAAJ,2026-09-16,"Luddy Distinguished Professor of Informatics and Computer Science, Indiana University","[""Misinformation"", ""Web Science"", ""Network Science"", ""Computational Social Science"", ""Social Media""]",52096,93,223,27504,63,135,2002,"{""2002"":170,""2003"":193,""2004"":273,""2005"":355,""2006"":373,""2007"":429,""2008"":537,""2009"":621,""2010"":690,""2011"":712,""2012"":883,""2013"":1065,""2014"":1298,""2015"":1369,""2016"":1627,""2017"":1982,""2018"":2683,""2019"":3603,""2020"":4392,""2021"":4747,""2022"":4610,""2023"":4505,""2024"":4715,""2025"":4981,""2026"":3909}"
Gordon Plotkin,https://scholar.google.com/citations?user=0KiEfGcAAAAJ,2026-09-16,"Laboratory for Foundations of Computer Science, School of Informatics, University of Edinburgh",[],33862,70,154,5332,37,71,1987,"{""1987"":243,""1988"":335,""1989"":357,""1990"":480,""1991"":580,""1992"":631,""1993"":839,""1994"":750,""1995"":745,""1996"":856,""1997"":775,""1998"":706,""1999"":758,""2000"":761,""2001"":708,""2002"":779,""2003"":818,""2004"":825,""2005"":946,""2006"":1023,""2007"":1153,""2008"":956,""2009"":1089,""2010"":960,""2011"":802,""2012"":896,""2013"":903,""2014"":866,""2015"":850,""2016"":739,""2017"":892,""2018"":784,""2019"":937,""2020"":918,""2021"":880,""2022"":872,""2023"":883,""2024"":935,""2025"":901,""2026"":861}"
Graham Cormode,https://scholar.google.com/citations?user=gpLVKmEAAAAJ,2026-09-16,University of Oxford,"[""Algorithms"", ""Data Analysis"", ""Hapax Legomenon"", ""Privacy""]",40901,79,206,24354,47,139,2004,"{""2004"":150,""2005"":215,""2006"":345,""2007"":440,""2008"":523,""2009"":610,""2010"":768,""2011"":852,""2012"":985,""2013"":1167,""2014"":1209,""2015"":1214,""2016"":1275,""2017"":1310,""2018"":1532,""2019"":1562,""2020"":1967,""2021"":2614,""2022"":3190,""2023"":3913,""2024"":4368,""2025"":5534,""2026"":4592}"
Haesun Park,https://scholar.google.com/citations?user=G6kA1CMAAAAJ,2026-09-16,"Regents' Professor of Computational Science and Engineering, Georgia Institute of Technology","[""Numerical Algorithms"", ""Data Analysis"", ""Visual Analytics"", ""Parallel Computing""]",21517,70,177,6005,37,89,1993,"{""1993"":62,""1994"":58,""1995"":78,""1996"":74,""1997"":75,""1998"":84,""1999"":56,""2000"":72,""2001"":64,""2002"":84,""2003"":117,""2004"":209,""2005"":234,""2006"":380,""2007"":391,""2008"":468,""2009"":533,""2010"":643,""2011"":755,""2012"":839,""2013"":973,""2014"":1095,""2015"":1210,""2016"":1223,""2017"":1339,""2018"":1388,""2019"":1311,""2020"":1335,""2021"":1325,""2022"":1141,""2023"":1059,""2024"":949,""2025"":1005,""2026"":526}"
Heng Tao SHEN,https://scholar.google.com/citations?user=krryaDkAAAAJ,2026-09-16,"Foreign Member of Academia Europaea, Fellow of ACM/IEEE/OSA, UESTC","[""Multimedia"", ""World Model"", ""Spatial Intelligence""]",44972,109,506,29800,87,438,2008,"{""2008"":137,""2009"":185,""2010"":257,""2011"":324,""2012"":385,""2013"":557,""2014"":578,""2015"":822,""2016"":1187,""2017"":1558,""2018"":2259,""2019"":2922,""2020"":3614,""2021"":3843,""2022"":4008,""2023"":4405,""2024"":5370,""2025"":6572,""2026"":5556}"
Holger Hoos,https://scholar.google.com/citations?user=l6c85tMAAAAJ,2026-09-16,"RWTH Aachen University, Germany • Leiden University, Netherlands • University of British Columbia","[""Artificial Intelligence"", ""Machine Learning"", ""Automated Reasoning"", ""Empirical Algorithmics"", ""Automated Algorithm Design""]",51041,92,238,21697,54,168,2001,"{""2001"":169,""2002"":274,""2003"":299,""2004"":537,""2005"":681,""2006"":936,""2007"":1104,""2008"":1285,""2009"":1353,""2010"":1457,""2011"":1437,""2012"":1582,""2013"":1756,""2014"":1976,""2015"":1769,""2016"":2003,""2017"":1972,""2018"":2467,""2019"":2745,""2020"":2677,""2021"":3420,""2022"":3748,""2023"":3655,""2024"":3770,""2025"":4155,""2026"":2929}"
Ihab F. Ilyas,https://scholar.google.com/citations?user=YG6mTEIAAAAJ,2026-09-16,University of Waterloo,"[""Database Systems"", ""Data Cleaning"", ""Data Integration"", ""Data Quality"", ""Knowledge Graphs""]",17436,65,145,7664,42,104,2004,"{""2004"":57,""2005"":122,""2006"":166,""2007"":222,""2008"":231,""2009"":383,""2010"":362,""2011"":471,""2012"":446,""2013"":532,""2014"":559,""2015"":644,""2016"":705,""2017"":874,""2018"":1231,""2019"":1094,""2020"":1483,""2021"":1175,""2022"":1321,""2023"":1339,""2024"":1392,""2025"":1473,""2026"":961}"
James Allan,https://scholar.google.com/citations?user=-bLGeg0AAAAJ,2026-09-16,University of Massachusetts Amherst,"[""Information Retrieval""]",24977,75,219,4235,33,99,1995,"{""1995"":124,""1996"":152,""1997"":251,""1998"":297,""1999"":348,""2000"":418,""2001"":411,""2002"":425,""2003"":581,""2004"":661,""2005"":755,""2006"":776,""2007"":968,""2008"":1024,""2009"":1115,""2010"":1099,""2011"":1146,""2012"":1225,""2013"":1183,""2014"":1163,""2015"":1155,""2016"":1300,""2017"":1044,""2018"":1007,""2019"":880,""2020"":834,""2021"":870,""2022"":816,""2023"":751,""2024"":726,""2025"":649,""2026"":420}"
Jodi Forlizzi,https://scholar.google.com/citations?user=Hyhp_zUAAAAJ,2026-09-16,"Professor, HCI and School of Design","[""interaction design""]",40089,93,233,17836,66,186,2003,"{""2003"":115,""2004"":182,""2005"":232,""2006"":366,""2007"":435,""2008"":515,""2009"":777,""2010"":786,""2011"":952,""2012"":1079,""2013"":1346,""2014"":1573,""2015"":1790,""2016"":1842,""2017"":2056,""2018"":2316,""2019"":2476,""2020"":2751,""2021"":2914,""2022"":2879,""2023"":3064,""2024"":3086,""2025"":3229,""2026"":2658}"
John Canny,https://scholar.google.com/citations?user=LAv0HTEAAAAJ,2026-09-16,"University of California, Berkeley","[""HCI"", ""Ubicomp"", ""ICTD"", ""Data Mining"", ""Health Technologies""]",164772,99,268,60265,46,143,1990,"{""1990"":493,""1991"":542,""1992"":653,""1993"":778,""1994"":818,""1995"":997,""1996"":1042,""1997"":1366,""1998"":1382,""1999"":1414,""2000"":1700,""2001"":1796,""2002"":1882,""2003"":2329,""2004"":2614,""2005"":3192,""2006"":3432,""2007"":4046,""2008"":4062,""2009"":4450,""2010"":4813,""2011"":5028,""2012"":5367,""2013"":5519,""2014"":5407,""2015"":5462,""2016"":5513,""2017"":5468,""2018"":5744,""2019"":6491,""2020"":6757,""2021"":7533,""2022"":7566,""2023"":8487,""2024"":10854,""2025"":14755,""2026"":11064}"
Joost-Pieter Katoen,https://scholar.google.com/citations?user=yjjO5_oAAAAJ,2026-09-16,"Distinguished Professor of Computer Science, RWTH Aachen University and University of Twente","[""formal methods"", ""model checking"", ""concurrency theory"", ""probabilistic programming"", ""program verification""]",34003,82,273,11960,45,157,1998,"{""1998"":109,""1999"":107,""2000"":184,""2001"":196,""2002"":303,""2003"":393,""2004"":429,""2005"":422,""2006"":586,""2007"":584,""2008"":645,""2009"":864,""2010"":1052,""2011"":1206,""2012"":1307,""2013"":1457,""2014"":1607,""2015"":1693,""2016"":1558,""2017"":1613,""2018"":1802,""2019"":1786,""2020"":1684,""2021"":1842,""2022"":1924,""2023"":1927,""2024"":2324,""2025"":2215,""2026"":1722}"
Jose Meseguer,https://scholar.google.com/citations?user=KZFo7ZkAAAAJ,2026-09-16,"Professor of Computer Science, University of Illinois at Urbana-Champaign","[""Computer Science"", ""Mathematics"", ""Logic""]",39836,88,364,5749,32,127,1987,"{""1987"":259,""1988"":341,""1989"":417,""1990"":508,""1991"":563,""1992"":578,""1993"":465,""1994"":591,""1995"":546,""1996"":761,""1997"":589,""1998"":705,""1999"":784,""2000"":914,""2001"":661,""2002"":1015,""2003"":887,""2004"":939,""2005"":1303,""2006"":1106,""2007"":1757,""2008"":1332,""2009"":1519,""2010"":1464,""2011"":1377,""2012"":1564,""2013"":1048,""2014"":1484,""2015"":1615,""2016"":1028,""2017"":1126,""2018"":1323,""2019"":1191,""2020"":1192,""2021"":786,""2022"":1426,""2023"":885,""2024"":898,""2025"":1094,""2026"":648}"
Ken Thompson,https://scholar.google.com/citations?user=FsHMg9AAAAAJ,2026-09-17,Retired,"[""Computer Science""]",11695,29,42,1821,13,14,1987,"{""1987"":138,""1988"":142,""1989"":142,""1990"":123,""1991"":150,""1992"":139,""1993"":172,""1994"":154,""1995"":132,""1996"":108,""1997"":151,""1998"":152,""1999"":144,""2000"":167,""2001"":202,""2002"":252,""2003"":199,""2004"":293,""2005"":326,""2006"":284,""2007"":318,""2008"":312,""2009"":304,""2010"":333,""2011"":354,""2012"":346,""2013"":318,""2014"":370,""2015"":387,""2016"":330,""2017"":335,""2018"":345,""2019"":340,""2020"":262,""2021"":302,""2022"":338,""2023"":309,""2024"":295,""2025"":322,""2026"":254}"
Keshab K. Parhi,https://scholar.google.com/citations?user=G8RIjYMAAAAJ,2026-09-16,"University of Minnesota, Erwin A. Kelen Chair in Electrical Engineering","[""VLSI Signal Processing"", ""Artificial Intelligence"", ""Neuroengineering"", ""Quantum"", ""DNA Computing""]",30745,90,441,7756,40,168,1991,"{""1991"":120,""1992"":196,""1993"":266,""1994"":268,""1995"":270,""1996"":292,""1997"":306,""1998"":468,""1999"":451,""2000"":565,""2001"":487,""2002"":545,""2003"":552,""2004"":663,""2005"":836,""2006"":733,""2007"":795,""2008"":846,""2009"":801,""2010"":865,""2011"":775,""2012"":997,""2013"":1060,""2014"":1148,""2015"":1192,""2016"":1279,""2017"":1246,""2018"":1483,""2019"":1447,""2020"":1546,""2021"":1441,""2022"":1468,""2023"":1385,""2024"":1317,""2025"":1262,""2026"":877}"
Kevin Leyton-Brown,https://scholar.google.com/citations?user=_4dnp0IAAAAJ,2026-09-16,"Professor, Computer Science, University of British Columbia; Canada CIFAR AI Chair","[""artificial intelligence"", ""machine learning"", ""game theory"", ""algorithms"", ""market design""]",35571,71,148,17358,50,114,2002,"{""2002"":89,""2003"":172,""2004"":231,""2005"":266,""2006"":277,""2007"":342,""2008"":351,""2009"":531,""2010"":649,""2011"":810,""2012"":820,""2013"":995,""2014"":1267,""2015"":1188,""2016"":1384,""2017"":1585,""2018"":1947,""2019"":2284,""2020"":2374,""2021"":2700,""2022"":2661,""2023"":2706,""2024"":3160,""2025"":3459,""2026"":2653}"
Kui Ren,https://scholar.google.com/citations?user=uuQA_rcAAAAJ,2026-09-16,"Professor and Dean of Computer Science, Zhejiang University, ACM/IEEE Fellow","[""Data Security & Privacy"", ""AI Security"", ""IoT & Vehicular Security""]",60946,113,462,28465,87,401,2008,"{""2008"":171,""2009"":214,""2010"":389,""2011"":747,""2012"":1269,""2013"":2039,""2014"":2973,""2015"":3463,""2016"":4128,""2017"":4375,""2018"":4103,""2019"":4064,""2020"":3944,""2021"":3776,""2022"":3923,""2023"":4207,""2024"":5223,""2025"":6640,""2026"":4636}"
Kun Zhou,https://scholar.google.com/citations?user=N-iYby0AAAAJ,2026-09-16,"Professor of Computer Science, Zhejiang University","[""Computer Graphics""]",19731,73,219,7822,48,152,2005,"{""2005"":106,""2006"":240,""2007"":377,""2008"":427,""2009"":562,""2010"":665,""2011"":740,""2012"":726,""2013"":748,""2014"":731,""2015"":828,""2016"":1027,""2017"":1022,""2018"":1153,""2019"":1129,""2020"":1190,""2021"":1226,""2022"":1184,""2023"":1175,""2024"":1358,""2025"":1605,""2026"":1270}"
Laurie Williams,https://scholar.google.com/citations?user=Cln2viUAAAAJ,2026-09-16,"North Carolina State University, Computer Science, Distinguished Univ Prof, IEEE Fellow, ACM Fellow","[""Software Engineering"", ""Software Security"", ""Agile Software Development"", ""Empirical Software Engineering""]",28027,84,278,10129,54,173,2001,"{""2001"":78,""2002"":179,""2003"":419,""2004"":442,""2005"":545,""2006"":635,""2007"":614,""2008"":736,""2009"":699,""2010"":1050,""2011"":888,""2012"":945,""2013"":1070,""2014"":1120,""2015"":1159,""2016"":1278,""2017"":1227,""2018"":1436,""2019"":1501,""2020"":1483,""2021"":1666,""2022"":1568,""2023"":1672,""2024"":1672,""2025"":1933,""2026"":1598}"
Leandros Tassiulas,https://scholar.google.com/citations?user=9qtgcZ8AAAAJ,2026-09-16,"Professor of Electrical Engineering, Yale University","[""Networking"", ""wireless communications"", ""sensor networks"", ""internet protocols and architectures"", ""stochastic optimization""]",38910,90,374,9349,40,156,1999,"{""1999"":113,""2000"":222,""2001"":319,""2002"":570,""2003"":727,""2004"":1021,""2005"":1352,""2006"":1432,""2007"":1468,""2008"":1564,""2009"":1521,""2010"":1591,""2011"":1556,""2012"":1681,""2013"":1674,""2014"":2043,""2015"":1730,""2016"":1891,""2017"":1816,""2018"":1672,""2019"":1546,""2020"":1412,""2021"":1404,""2022"":1371,""2023"":1445,""2024"":1695,""2025"":1985,""2026"":1424}"
Lionel Briand,https://scholar.google.com/citations?user=Zj897NoAAAAJ,2026-09-16,"Professor, EECS, University of Ottawa, Canada and Research Ireland Lero Centre, Ireland","[""computer science"", ""software engineering"", ""trustworthy AI"", ""software testing"", ""requirements engineering""]",45712,105,414,14119,61,262,1997,"{""1997"":183,""1998"":221,""1999"":337,""2000"":428,""2001"":594,""2002"":559,""2003"":745,""2004"":779,""2005"":933,""2006"":969,""2007"":1263,""2008"":1322,""2009"":1327,""2010"":1611,""2011"":1554,""2012"":1812,""2013"":1840,""2014"":2120,""2015"":1947,""2016"":2028,""2017"":2080,""2018"":2053,""2019"":1986,""2020"":1993,""2021"":2033,""2022"":2165,""2023"":2340,""2024"":2537,""2025"":2746,""2026"":2276}"
Lizy Kurian John,https://scholar.google.com/citations?user=YPu9rWUAAAAJ,2026-09-16,Truchard Foundation Chair and Professor at UT Austin ECE,"[""Performance Modeling"", ""Power Aware Computing"", ""Low Power Design"", ""Workload Characterization"", ""Computer Architecture""]",13360,58,227,3584,30,109,1999,"{""1999"":50,""2000"":87,""2001"":129,""2002"":185,""2003"":179,""2004"":204,""2005"":378,""2006"":372,""2007"":386,""2008"":391,""2009"":416,""2010"":471,""2011"":514,""2012"":578,""2013"":591,""2014"":644,""2015"":648,""2016"":605,""2017"":697,""2018"":711,""2019"":687,""2020"":630,""2021"":513,""2022"":543,""2023"":543,""2024"":657,""2025"":736,""2026"":588}"
Maja J Matarić,https://scholar.google.com/citations?user=o5YQMkMAAAAJ,2026-09-16,"Chan Soon-Shiong Distinguished Prof. of Computer Science, Neuroscience, & Pediatrics, U. of Southern","[""Robotics"", ""Socially Assistive Robotics"", ""Assistive Technologies"", ""Human-Robot Interaction""]",53554,114,387,14081,57,211,1994,"{""1994"":176,""1995"":224,""1996"":291,""1997"":421,""1998"":476,""1999"":513,""2000"":629,""2001"":745,""2002"":1041,""2003"":1200,""2004"":1604,""2005"":1503,""2006"":1746,""2007"":1806,""2008"":1833,""2009"":1982,""2010"":1906,""2011"":1814,""2012"":1943,""2013"":2000,""2014"":1944,""2015"":2017,""2016"":2056,""2017"":1981,""2018"":2091,""2019"":2275,""2020"":2165,""2021"":2217,""2022"":2239,""2023"":2240,""2024"":2403,""2025"":2858,""2026"":2112}"
Manish Parashar,https://scholar.google.com/citations?user=BGNzBsUAAAAJ,2026-09-16,"Presidential Professor, SCI Inst Exec Director and Chair in Computational Science and Engineering","[""Parallel and Distributed Computing"", ""Computational Science"", ""Data-intensive Computing""]",19393,68,345,4918,31,109,1997,"{""1997"":53,""1998"":86,""1999"":86,""2000"":104,""2001"":111,""2002"":164,""2003"":267,""2004"":409,""2005"":571,""2006"":703,""2007"":654,""2008"":617,""2009"":666,""2010"":696,""2011"":755,""2012"":844,""2013"":775,""2014"":858,""2015"":905,""2016"":897,""2017"":948,""2018"":906,""2019"":986,""2020"":1004,""2021"":1019,""2022"":884,""2023"":928,""2024"":840,""2025"":778,""2026"":466}"
Mary Beth Rosson,https://scholar.google.com/citations?user=1GUWOTEAAAAJ,2026-09-16,"Professor of Information Sciences & Technology, Pennsylvania State University","[""Human-computer interaction"", ""Computer Supported Cooperative Work"", ""End-User Development"", ""Educational Technology"", ""Human-Centered De""]",30589,80,262,6911,40,96,1989,"{""1989"":76,""1990"":112,""1991"":142,""1992"":155,""1993"":171,""1994"":183,""1995"":258,""1996"":205,""1997"":236,""1998"":270,""1999"":227,""2000"":294,""2001"":326,""2002"":453,""2003"":535,""2004"":606,""2005"":724,""2006"":776,""2007"":883,""2008"":898,""2009"":1087,""2010"":1155,""2011"":1126,""2012"":1158,""2013"":1324,""2014"":1366,""2015"":1278,""2016"":1358,""2017"":1341,""2018"":1386,""2019"":1360,""2020"":1333,""2021"":1272,""2022"":1305,""2023"":1167,""2024"":1217,""2025"":1092,""2026"":858}"
Mathieu Desbrun,https://scholar.google.com/citations?user=a8ZyGisAAAAJ,2026-09-16,Inria & Ecole Polytechnique,"[""Graphics"", ""discrete differential geometry"", ""discrete exterior calculus"", ""geometric mechanics""]",27353,75,156,6088,42,111,1999,"{""1999"":68,""2000"":126,""2001"":204,""2002"":379,""2003"":675,""2004"":842,""2005"":968,""2006"":1112,""2007"":1167,""2008"":1221,""2009"":1162,""2010"":1217,""2011"":1278,""2012"":1201,""2013"":1269,""2014"":1149,""2015"":1168,""2016"":1123,""2017"":1065,""2018"":1231,""2019"":1024,""2020"":1089,""2021"":995,""2022"":967,""2023"":935,""2024"":1023,""2025"":1176,""2026"":989}"
Matthew Turk,https://scholar.google.com/citations?user=KltleWgAAAAJ,2026-09-16,UC Santa Barbara,"[""Computer Vision"", ""Human-Computer Interaction"", ""Augmented Reality"", ""Computational Photography"", ""Mobile""]",45780,64,145,6363,32,74,1993,"{""1993"":132,""1994"":176,""1995"":239,""1996"":256,""1997"":293,""1998"":411,""1999"":429,""2000"":531,""2001"":540,""2002"":754,""2003"":937,""2004"":1213,""2005"":1564,""2006"":1628,""2007"":1865,""2008"":1873,""2009"":2067,""2010"":2138,""2011"":2261,""2012"":2330,""2013"":2414,""2014"":2583,""2015"":2336,""2016"":2327,""2017"":2036,""2018"":1863,""2019"":1713,""2020"":1568,""2021"":1403,""2022"":1226,""2023"":1179,""2024"":977,""2025"":1022,""2026"":551}"
Meredith Ringel Morris,https://scholar.google.com/citations?user=eJsW6W8AAAAJ,2026-09-16,"Director, Post-AGI Interaction Research, Google DeepMind","[""Human-Centered AI"", ""Human-AI Interaction"", ""Human Computer Interaction"", ""Social Computing"", ""Accessibility""]",41540,97,224,25343,65,167,2005,"{""2005"":134,""2006"":313,""2007"":275,""2008"":381,""2009"":597,""2010"":861,""2011"":897,""2012"":1198,""2013"":1344,""2014"":1441,""2015"":1386,""2016"":1327,""2017"":1409,""2018"":1205,""2019"":1393,""2020"":1571,""2021"":1802,""2022"":2083,""2023"":3189,""2024"":4714,""2025"":6501,""2026"":6919}"
MIchael Zyda,https://scholar.google.com/citations?user=qPWq9YwAAAAJ,2026-09-16,"Emeritus Professor of Engineering Practice, University of Southern California","[""games"", ""virtual environments"", ""modeling and simulation"", ""artificial intelligence"", ""generative AI""]",14848,45,107,2302,17,31,1992,"{""1992"":42,""1993"":92,""1994"":89,""1995"":169,""1996"":275,""1997"":293,""1998"":258,""1999"":287,""2000"":445,""2001"":395,""2002"":408,""2003"":487,""2004"":550,""2005"":505,""2006"":521,""2007"":518,""2008"":440,""2009"":496,""2010"":434,""2011"":484,""2012"":604,""2013"":553,""2014"":589,""2015"":551,""2016"":526,""2017"":509,""2018"":605,""2019"":541,""2020"":442,""2021"":473,""2022"":485,""2023"":427,""2024"":385,""2025"":308,""2026"":223}"
Michael Rabin,https://scholar.google.com/citations?user=_UUtVF4AAAAJ,2026-09-17,"Professor, Harvard University",[],34627,61,129,6297,28,53,1987,"{""1987"":218,""1988"":248,""1989"":255,""1990"":297,""1991"":306,""1992"":280,""1993"":316,""1994"":391,""1995"":374,""1996"":361,""1997"":367,""1998"":433,""1999"":407,""2000"":437,""2001"":495,""2002"":519,""2003"":664,""2004"":726,""2005"":930,""2006"":1068,""2007"":981,""2008"":1030,""2009"":992,""2010"":1125,""2011"":1072,""2012"":1172,""2013"":1153,""2014"":1260,""2015"":1238,""2016"":1105,""2017"":1012,""2018"":1200,""2019"":1314,""2020"":1209,""2021"":1122,""2022"":1134,""2023"":1053,""2024"":1082,""2025"":1192,""2026"":714}"
Moni Naor,https://scholar.google.com/citations?user=stSUaHAAAAAJ,2026-09-16,"Professor of Computer Science, Weizmann Institute of Science","[""theoretical_computer_science"", ""cryptography"", ""differential_privacy""]",64764,100,221,14893,55,150,1994,"{""1994"":178,""1995"":216,""1996"":292,""1997"":372,""1998"":480,""1999"":621,""2000"":714,""2001"":986,""2002"":961,""2003"":1456,""2004"":1794,""2005"":2107,""2006"":2153,""2007"":2246,""2008"":2235,""2009"":2451,""2010"":2456,""2011"":2539,""2012"":2555,""2013"":2645,""2014"":2740,""2015"":2735,""2016"":2758,""2017"":2615,""2018"":2794,""2019"":2773,""2020"":2808,""2021"":2687,""2022"":2756,""2023"":2585,""2024"":2585,""2025"":2596,""2026"":1683}"
Moses Charikar,https://scholar.google.com/citations?user=zX3ba1kAAAAJ,2026-09-16,"Professor of Computer Science, Stanford University","[""Algorithms"", ""Theoretical Computer Science"", ""Theoretical Machine Learning""]",28168,69,147,9480,44,121,1999,"{""1999"":73,""2000"":114,""2001"":168,""2002"":185,""2003"":336,""2004"":367,""2005"":449,""2006"":555,""2007"":712,""2008"":777,""2009"":792,""2010"":890,""2011"":1006,""2012"":1048,""2013"":1103,""2014"":1217,""2015"":1271,""2016"":1312,""2017"":1336,""2018"":1538,""2019"":1541,""2020"":1578,""2021"":1640,""2022"":1527,""2023"":1534,""2024"":1550,""2025"":1713,""2026"":1513}"
Nachiappan Nagappan,https://scholar.google.com/citations?user=Nzx_7P8AAAAJ,2026-09-16,Facebook,"[""Software Reliability"", ""Productivity"", ""Software Analytics""]",24000,67,159,10173,50,121,2005,"{""2005"":86,""2006"":127,""2007"":196,""2008"":268,""2009"":385,""2010"":605,""2011"":747,""2012"":872,""2013"":1087,""2014"":1136,""2015"":1246,""2016"":1424,""2017"":1243,""2018"":1350,""2019"":1329,""2020"":1368,""2021"":1644,""2022"":1768,""2023"":1704,""2024"":1685,""2025"":1828,""2026"":1530}"
Nam Sung Kim,https://scholar.google.com/citations?user=iccBxJIAAAAJ,2026-09-16,"W.J. ‘Jerry’ Sanders III – AMD, Inc. Endowed Chair Professor and Fellow of ACM/IEEE","[""Computer Architecture"", ""Digital Design"", ""Electronic Design Automation"", ""Low-power design""]",20559,65,204,8814,46,134,2003,"{""2003"":76,""2004"":193,""2005"":267,""2006"":290,""2007"":382,""2008"":422,""2009"":419,""2010"":522,""2011"":605,""2012"":589,""2013"":763,""2014"":829,""2015"":965,""2016"":988,""2017"":1020,""2018"":1092,""2019"":1075,""2020"":1111,""2021"":1156,""2022"":1326,""2023"":1269,""2024"":1510,""2025"":2014,""2026"":1532}"
Nick Duffield,https://scholar.google.com/citations?user=hrQOcZcAAAAJ,2026-09-16,"Director, Texas A&M Institute of Data Science; Royce E. Wisenbaker Professorship I in ECE","[""Network Measurement"", ""Sampling"", ""Network Tomography"", ""Online Social Networks"", ""Big Data Analytics""]",22024,74,215,4306,32,106,1995,"{""1995"":77,""1996"":90,""1997"":140,""1998"":143,""1999"":229,""2000"":289,""2001"":352,""2002"":509,""2003"":652,""2004"":665,""2005"":846,""2006"":865,""2007"":1012,""2008"":926,""2009"":1014,""2010"":979,""2011"":1028,""2012"":871,""2013"":886,""2014"":866,""2015"":802,""2016"":730,""2017"":858,""2018"":849,""2019"":809,""2020"":870,""2021"":909,""2022"":783,""2023"":661,""2024"":716,""2025"":733,""2026"":500}"
Nicholas J. Higham,https://scholar.google.com/citations?user=EYlMkOgAAAAJ,2026-09-16,"Royal Society Research Prof, Richardson Prof of Applied Mathematics, University of Manchester","[""Mathematics"", ""applied mathematics"", ""Numerical analysis"", ""Numerical linear algebra"", ""Mathematical software""]",40233,93,230,15188,57,172,1992,"{""1992"":138,""1993"":174,""1994"":152,""1995"":182,""1996"":176,""1997"":280,""1998"":298,""1999"":277,""2000"":328,""2001"":415,""2002"":533,""2003"":452,""2004"":461,""2005"":651,""2006"":767,""2007"":770,""2008"":811,""2009"":909,""2010"":1048,""2011"":1206,""2012"":1139,""2013"":1439,""2014"":1498,""2015"":1438,""2016"":1595,""2017"":1562,""2018"":1837,""2019"":1674,""2020"":1949,""2021"":2187,""2022"":2395,""2023"":2266,""2024"":2611,""2025"":2968,""2026"":2747}"
Olga Sorkine-Hornung,https://scholar.google.com/citations?user=GBU568oAAAAJ,2026-09-16,"Professor of Computer Science, ETH Zurich","[""computer graphics"", ""geometry processing"", ""discrete differential geometry"", ""geometric modeling"", ""digital fabrication""]",26395,79,167,11474,54,141,2005,"{""2005"":125,""2006"":270,""2007"":355,""2008"":387,""2009"":521,""2010"":640,""2011"":801,""2012"":857,""2013"":1006,""2014"":1098,""2015"":1180,""2016"":1438,""2017"":1281,""2018"":1449,""2019"":1417,""2020"":1696,""2021"":1800,""2022"":1856,""2023"":1834,""2024"":2148,""2025"":2285,""2026"":1546}"
Olga Troyanskaya,https://scholar.google.com/citations?user=PjCDBjIAAAAJ,2026-09-16,"Princeton University and Flatiron Institute, Simons Foundation","[""bioinformatics"", ""genomics"", ""machine learning"", ""computational biology""]",39487,83,175,16912,55,136,2002,"{""2002"":113,""2003"":222,""2004"":455,""2005"":566,""2006"":699,""2007"":773,""2008"":1009,""2009"":1045,""2010"":1242,""2011"":1387,""2012"":1367,""2013"":1420,""2014"":1336,""2015"":1367,""2016"":1559,""2017"":1532,""2018"":1818,""2019"":2068,""2020"":2273,""2021"":2880,""2022"":2964,""2023"":2676,""2024"":2908,""2025"":2988,""2026"":2476}"
Patrick Cousot,https://scholar.google.com/citations?user=mhlvI8wAAAAJ,2026-09-16,"Professor of Computer Science, Courant Institute of Mathematical Sciences, New York University","[""Abstract Interpretation"", ""Semantics"", ""Verification"", ""Formal methods""]",31287,57,118,5875,31,68,1991,"{""1991"":95,""1992"":238,""1993"":235,""1994"":325,""1995"":351,""1996"":397,""1997"":456,""1998"":445,""1999"":432,""2000"":560,""2001"":531,""2002"":703,""2003"":592,""2004"":870,""2005"":1076,""2006"":921,""2007"":1217,""2008"":1170,""2009"":1078,""2010"":1309,""2011"":1142,""2012"":1404,""2013"":1269,""2014"":1289,""2015"":1374,""2016"":906,""2017"":1198,""2018"":1062,""2019"":1090,""2020"":904,""2021"":1018,""2022"":833,""2023"":1205,""2024"":988,""2025"":991,""2026"":836}"
Paul Resnick,https://scholar.google.com/citations?user=SftrEEMAAAAJ,2026-09-16,University of Michigan,"[""social computing"", ""recommender systems"", ""reputation systems"", ""online communities""]",42088,62,124,9213,39,78,1997,"{""1997"":133,""1998"":187,""1999"":266,""2000"":312,""2001"":438,""2002"":569,""2003"":783,""2004"":960,""2005"":1192,""2006"":1309,""2007"":1526,""2008"":1599,""2009"":1709,""2010"":1821,""2011"":1814,""2012"":1919,""2013"":1992,""2014"":1945,""2015"":2031,""2016"":1959,""2017"":1977,""2018"":1894,""2019"":1851,""2020"":1814,""2021"":1713,""2022"":1632,""2023"":1474,""2024"":1507,""2025"":1569,""2026"":1312}"
Peter Stone,https://scholar.google.com/citations?user=qnwjcfAAAAAJ,2026-09-16,"Professor of Computer Science, The University of Texas at Austin","[""Artificial Intelligence"", ""Machine Learning"", ""Reinforcement Learning"", ""Multiagent Systems"", ""Robotics""]",70282,122,607,37811,85,391,1998,"{""1998"":244,""1999"":265,""2000"":409,""2001"":487,""2002"":506,""2003"":635,""2004"":662,""2005"":849,""2006"":1024,""2007"":1152,""2008"":1152,""2009"":1226,""2010"":1195,""2011"":1301,""2012"":1320,""2013"":1420,""2014"":1557,""2015"":1667,""2016"":1881,""2017"":2263,""2018"":2829,""2019"":3452,""2020"":4001,""2021"":4618,""2022"":5020,""2023"":5766,""2024"":6734,""2025"":8334,""2026"":7279}"
Prakash Panangaden,https://scholar.google.com/citations?user=IROzEKQAAAAJ,2026-09-16,"Professor of Computer Science, McGill University","[""Semantics"", ""probabilistic systems"", ""verification"", ""machine learning"", ""quantum information theory""]",13286,54,141,3361,26,68,1987,"{""1987"":70,""1988"":104,""1989"":120,""1990"":149,""1991"":139,""1992"":177,""1993"":194,""1994"":211,""1995"":196,""1996"":197,""1997"":190,""1998"":228,""1999"":219,""2000"":185,""2001"":204,""2002"":199,""2003"":277,""2004"":257,""2005"":314,""2006"":314,""2007"":349,""2008"":319,""2009"":371,""2010"":377,""2011"":385,""2012"":459,""2013"":361,""2014"":485,""2015"":408,""2016"":405,""2017"":462,""2018"":373,""2019"":434,""2020"":369,""2021"":436,""2022"":508,""2023"":536,""2024"":609,""2025"":660,""2026"":612}"
Radhika Nagpal,https://scholar.google.com/citations?user=a3ZGDsoAAAAJ,2026-09-16,Harvard University,"[""Artificial Intelligence"", ""Robotics"", ""Bio-inspired Computing"", ""Systems Biology""]",16840,60,121,5915,35,83,2001,"{""2001"":45,""2002"":86,""2003"":100,""2004"":169,""2005"":191,""2006"":283,""2007"":347,""2008"":397,""2009"":419,""2010"":423,""2011"":541,""2012"":538,""2013"":541,""2014"":693,""2015"":814,""2016"":882,""2017"":977,""2018"":1058,""2019"":1147,""2020"":1051,""2021"":1024,""2022"":1052,""2023"":1045,""2024"":1019,""2025"":1067,""2026"":705}"
Ran Canetti,https://scholar.google.com/citations?user=-PWcE1YAAAAJ,2026-09-16,"Professor of Computer Science, Boston University","[""computer science""]",54430,96,210,15199,57,145,1997,"{""1997"":137,""1998"":181,""1999"":348,""2000"":483,""2001"":584,""2002"":726,""2003"":1126,""2004"":1275,""2005"":1729,""2006"":1931,""2007"":1967,""2008"":2036,""2009"":2093,""2010"":2178,""2011"":1918,""2012"":1949,""2013"":2195,""2014"":2284,""2015"":2279,""2016"":2232,""2017"":2087,""2018"":2070,""2019"":2208,""2020"":2592,""2021"":2355,""2022"":2647,""2023"":2505,""2024"":2701,""2025"":3035,""2026"":1952}"
Ravi Kumar,https://scholar.google.com/citations?user=J_XhIsgAAAAJ,2026-09-16,Google,"[""Algorithms for massive data"", ""ML/privacy"", ""Theory of computation""]",65311,98,267,18519,61,184,1999,"{""1999"":163,""2000"":325,""2001"":552,""2002"":795,""2003"":1013,""2004"":1320,""2005"":1597,""2006"":1733,""2007"":2088,""2008"":2304,""2009"":2498,""2010"":2932,""2011"":2968,""2012"":3064,""2013"":3098,""2014"":3322,""2015"":3037,""2016"":2975,""2017"":2607,""2018"":2738,""2019"":2468,""2020"":2346,""2021"":2290,""2022"":2298,""2023"":2340,""2024"":2388,""2025"":3390,""2026"":5803}"
Remzi Arpaci-Dusseau,https://scholar.google.com/citations?user=C1skWKgAAAAJ,2026-09-16,University of Wisconsin-Madison,"[""Operating Systems""]",18194,70,152,5973,40,82,1995,"{""1995"":64,""1996"":162,""1997"":225,""1998"":275,""1999"":306,""2000"":280,""2001"":197,""2002"":257,""2003"":247,""2004"":321,""2005"":370,""2006"":313,""2007"":411,""2008"":427,""2009"":432,""2010"":435,""2011"":533,""2012"":478,""2013"":486,""2014"":568,""2015"":589,""2016"":719,""2017"":813,""2018"":866,""2019"":1040,""2020"":1112,""2021"":1067,""2022"":1004,""2023"":970,""2024"":1009,""2025"":1126,""2026"":793}"
Rick Stevens,https://scholar.google.com/citations?user=2oSSsLYAAAAJ,2026-09-16,"Professor of Computer Science, University of Chicago","[""HPC"", ""Bioinformatics"", ""Distributed Computing"", ""Visualization"", ""Collaboration""]",58411,73,202,26785,47,126,2002,"{""2002"":152,""2003"":146,""2004"":184,""2005"":264,""2006"":273,""2007"":395,""2008"":420,""2009"":584,""2010"":763,""2011"":1033,""2012"":1643,""2013"":1717,""2014"":2168,""2015"":2637,""2016"":3090,""2017"":3352,""2018"":3262,""2019"":3687,""2020"":4197,""2021"":4740,""2022"":4668,""2023"":4564,""2024"":4571,""2025"":4787,""2026"":3429}"
Sam H. Noh,https://scholar.google.com/citations?user=i5lr8uEAAAAJ,2026-09-16,"Professor of Computer Science, Virginia Tech","[""Systems Software"", ""Operating Systems"", ""File Systems"", ""Storage Systems""]",8188,39,85,2673,23,42,2000,"{""2000"":35,""2001"":32,""2002"":68,""2003"":84,""2004"":131,""2005"":150,""2006"":153,""2007"":162,""2008"":197,""2009"":303,""2010"":333,""2011"":274,""2012"":299,""2013"":340,""2014"":378,""2015"":404,""2016"":392,""2017"":382,""2018"":395,""2019"":412,""2020"":473,""2021"":511,""2022"":468,""2023"":420,""2024"":393,""2025"":513,""2026"":365}"
Samuel Madden,https://scholar.google.com/citations?user=a1ngrCIAAAAJ,2026-09-16,MIT,"[""Computer Systems"", ""Database Systems"", ""Data Management"", ""Mobile Computing"", ""Distributed Systems""]",69011,118,318,16576,72,235,2003,"{""2003"":485,""2004"":851,""2005"":1310,""2006"":1714,""2007"":1923,""2008"":2330,""2009"":2729,""2010"":3103,""2011"":3256,""2012"":3423,""2013"":3849,""2014"":4124,""2015"":4165,""2016"":3987,""2017"":3818,""2018"":3855,""2019"":3357,""2020"":3203,""2021"":3057,""2022"":2871,""2023"":2743,""2024"":2791,""2025"":3022,""2026"":2084}"
Sanjay Ghemawat,https://scholar.google.com/citations?user=0KF6ZC8AAAAJ,2026-09-16,Google,"[""Distributed systems"", ""Profiling tools"", ""Memory management"", ""Storage systems""]",175174,66,129,88485,39,85,2007,"{""2007"":524,""2008"":985,""2009"":1742,""2010"":2896,""2011"":3728,""2012"":4425,""2013"":5687,""2014"":6147,""2015"":6620,""2016"":6581,""2017"":7812,""2018"":10825,""2019"":12517,""2020"":12689,""2021"":12837,""2022"":12066,""2023"":12256,""2024"":15499,""2025"":20127,""2026"":15599}"
Sanjit A. Seshia,https://scholar.google.com/citations?user=SlZavnIAAAAJ,2026-09-16,"Professor of EECS, University of California, Berkeley","[""Formal Methods"", ""Design Automation"", ""Cyber-Physical Systems"", ""Artificial Intelligence"", ""Computer Security""]",31673,79,241,16826,56,169,2004,"{""2004"":117,""2005"":163,""2006"":191,""2007"":186,""2008"":254,""2009"":269,""2010"":344,""2011"":432,""2012"":463,""2013"":640,""2014"":761,""2015"":1063,""2016"":1157,""2017"":1591,""2018"":1991,""2019"":2218,""2020"":2426,""2021"":2666,""2022"":2883,""2023"":2873,""2024"":2938,""2025"":2988,""2026"":2467}"
Scott Mahlke,https://scholar.google.com/citations?user=-XpZ4fgAAAAJ,2026-09-16,"Professor, Electrical Engineering and Computer Science Dept., University of Michigan","[""Computer Architecture"", ""Compilers""]",21557,80,239,3851,32,84,1992,"{""1992"":61,""1993"":123,""1994"":153,""1995"":213,""1996"":234,""1997"":258,""1998"":304,""1999"":283,""2000"":365,""2001"":327,""2002"":327,""2003"":362,""2004"":404,""2005"":473,""2006"":478,""2007"":544,""2008"":584,""2009"":697,""2010"":769,""2011"":957,""2012"":880,""2013"":1106,""2014"":1070,""2015"":1137,""2016"":1157,""2017"":986,""2018"":1178,""2019"":1053,""2020"":965,""2021"":953,""2022"":820,""2023"":611,""2024"":597,""2025"":560,""2026"":310}"
Sethuraman Panchanathan,https://scholar.google.com/citations?user=GKTKZ8kAAAAJ,2026-09-16,"Professor of Computer Science and Engineering, Arizona State University","[""Multimedia"", ""image compression"", ""haptic interfaces"", ""assistive technologies"", ""compressed domain indexing""]",14702,50,194,5835,23,60,1996,"{""1996"":54,""1997"":81,""1998"":126,""1999"":166,""2000"":188,""2001"":200,""2002"":237,""2003"":252,""2004"":246,""2005"":276,""2006"":288,""2007"":267,""2008"":343,""2009"":333,""2010"":393,""2011"":375,""2012"":451,""2013"":415,""2014"":529,""2015"":446,""2016"":469,""2017"":482,""2018"":579,""2019"":677,""2020"":754,""2021"":930,""2022"":969,""2023"":1161,""2024"":1137,""2025"":1031,""2026"":606}"
Shuicheng Yan,https://scholar.google.com/citations?user=DNuiPHwAAAAJ,2026-09-16,"National University of Singapore | Professor, Incubation Advisor","[""AGI Being"", ""Agent"", ""Embodied AI"", ""Video Generation""]",137545,168,947,70183,116,609,2007,"{""2007"":472,""2008"":823,""2009"":1145,""2010"":1720,""2011"":2120,""2012"":2751,""2013"":3568,""2014"":4373,""2015"":5236,""2016"":6539,""2017"":7509,""2018"":8965,""2019"":10163,""2020"":10282,""2021"":11258,""2022"":10971,""2023"":11208,""2024"":11978,""2025"":13893,""2026"":10811}"
Srinivas Aluru,https://scholar.google.com/citations?user=YOGOScoAAAAJ,2026-09-16,"Regents' Professor and Senior Associate Dean, College of Computing, Georgia Tech","[""High performance Computing"", ""AI4Science"", ""Data Science"", ""Computational Biology""]",24377,55,119,13982,28,52,2004,"{""2004"":99,""2005"":157,""2006"":223,""2007"":242,""2008"":218,""2009"":342,""2010"":469,""2011"":592,""2012"":731,""2013"":775,""2014"":836,""2015"":849,""2016"":800,""2017"":807,""2018"":795,""2019"":947,""2020"":1137,""2021"":1469,""2022"":1774,""2023"":2238,""2024"":2665,""2025"":3157,""2026"":2674}"
Steve Gribble,https://scholar.google.com/citations?user=7CohtIMAAAAJ,2026-09-16,Distinguished software engineer at google,"[""Networking"", ""Operating Systems"", ""Distributed Systems"", ""Systems Security""]",23062,64,98,2536,25,44,1998,"{""1998"":158,""1999"":264,""2000"":309,""2001"":448,""2002"":640,""2003"":950,""2004"":1299,""2005"":1483,""2006"":1506,""2007"":1378,""2008"":1393,""2009"":1370,""2010"":1263,""2011"":1153,""2012"":951,""2013"":942,""2014"":853,""2015"":780,""2016"":722,""2017"":676,""2018"":551,""2019"":528,""2020"":522,""2021"":498,""2022"":410,""2023"":449,""2024"":448,""2025"":433,""2026"":298}"
Steven H. Low,https://scholar.google.com/citations?user=4BrebIYAAAAJ,2026-09-16,"Gilloon Professor of Computing+Mathematical Sciences, Electrical Engineering, Caltech","[""power systems"", ""smart grid"", ""control"", ""computer networks"", ""performance evaluation""]",54621,103,283,17147,60,172,1999,"{""1999"":152,""2000"":203,""2001"":317,""2002"":569,""2003"":878,""2004"":1241,""2005"":1377,""2006"":1699,""2007"":1635,""2008"":1760,""2009"":1667,""2010"":1651,""2011"":1584,""2012"":1707,""2013"":1988,""2014"":2247,""2015"":2317,""2016"":2477,""2017"":2687,""2018"":2643,""2019"":2891,""2020"":2863,""2021"":3103,""2022"":3025,""2023"":2887,""2024"":2854,""2025"":3016,""2026"":2232}"
Steven Salzberg,https://scholar.google.com/citations?user=sUVeH-4AAAAJ,2026-09-16,"Bloomberg Distinguished Professor, Johns Hopkins University","[""Computational Biology"", ""Genomics"", ""Bioinformatics"", ""Metagenomics"", ""Biomedical Data Science""]",434192,171,369,194128,105,280,2000,"{""2000"":1296,""2001"":3232,""2002"":4398,""2003"":5103,""2004"":5715,""2005"":5510,""2006"":5715,""2007"":5901,""2008"":5860,""2009"":6227,""2010"":6635,""2011"":8164,""2012"":9810,""2013"":11496,""2014"":14012,""2015"":16166,""2016"":18519,""2017"":21392,""2018"":23101,""2019"":26696,""2020"":29029,""2021"":33059,""2022"":33884,""2023"":32666,""2024"":33117,""2025"":35675,""2026"":25636}"
Suman Banerjee,https://scholar.google.com/citations?user=cLb-v7gAAAAJ,2026-09-16,UW-Madison,"[""Mobile and wireless networking""]",21791,68,207,3902,28,91,2002,"{""2002"":103,""2003"":282,""2004"":595,""2005"":871,""2006"":954,""2007"":1055,""2008"":1172,""2009"":1179,""2010"":1273,""2011"":1111,""2012"":1198,""2013"":1083,""2014"":1105,""2015"":1142,""2016"":992,""2017"":924,""2018"":819,""2019"":836,""2020"":774,""2021"":771,""2022"":747,""2023"":659,""2024"":615,""2025"":661,""2026"":448}"
Susanne Hambrusch,https://scholar.google.com/citations?user=5k0KS3UAAAAJ,2026-09-16,"Professor, Purdue University","[""Computer science education"", ""Algorithms""]",6598,34,69,2174,15,23,1987,"{""1987"":28,""1988"":49,""1989"":47,""1990"":47,""1991"":62,""1992"":48,""1993"":56,""1994"":51,""1995"":53,""1996"":50,""1997"":62,""1998"":43,""1999"":31,""2000"":30,""2001"":23,""2002"":42,""2003"":97,""2004"":161,""2005"":180,""2006"":188,""2007"":187,""2008"":199,""2009"":223,""2010"":195,""2011"":175,""2012"":151,""2013"":191,""2014"":159,""2015"":143,""2016"":141,""2017"":215,""2018"":266,""2019"":299,""2020"":361,""2021"":373,""2022"":392,""2023"":393,""2024"":415,""2025"":386,""2026"":215}"
Sven Koenig,https://scholar.google.com/citations?user=tpoh43QAAAAJ,2026-09-16,"Chancellor's Professor and Bren Chair, UC Irvine","[""Heuristic Search"", ""Automated Planning"", ""Autonomous Systems"", ""Intelligent Agents""]",31675,87,268,16240,60,169,1997,"{""1997"":99,""1998"":146,""1999"":169,""2000"":156,""2001"":201,""2002"":231,""2003"":290,""2004"":267,""2005"":370,""2006"":461,""2007"":536,""2008"":590,""2009"":647,""2010"":709,""2011"":744,""2012"":737,""2013"":877,""2014"":766,""2015"":825,""2016"":958,""2017"":1099,""2018"":1143,""2019"":1402,""2020"":1562,""2021"":2026,""2022"":2340,""2023"":2506,""2024"":2974,""2025"":3628,""2026"":2752}"
Thomas Eiter,https://scholar.google.com/citations?user=X1L03cIAAAAJ,2026-09-16,Vienna University of Technology (TU Wien),"[""knowledge representation and reasoning"", ""declarative problem solving"", ""artificial intelligence"", ""computational logic""]",26666,76,285,5568,32,111,1994,"{""1994"":72,""1995"":71,""1996"":100,""1997"":190,""1998"":156,""1999"":232,""2000"":295,""2001"":435,""2002"":471,""2003"":602,""2004"":688,""2005"":751,""2006"":942,""2007"":1200,""2008"":1155,""2009"":1004,""2010"":1097,""2011"":1121,""2012"":1043,""2013"":1111,""2014"":1218,""2015"":1126,""2016"":1202,""2017"":1018,""2018"":1070,""2019"":1140,""2020"":1021,""2021"":857,""2022"":881,""2023"":1023,""2024"":988,""2025"":1090,""2026"":724}"
Toby Walsh,https://scholar.google.com/citations?user=oOQ6x0IAAAAJ,2026-09-16,"Professor, UNSW and CSIRO Data61","[""AI"", ""Constraints"", ""Satisfiability"", ""Optimisation"", ""Computational Social Choice""]",33522,84,364,11271,44,177,1995,"{""1995"":120,""1996"":194,""1997"":184,""1998"":143,""1999"":242,""2000"":287,""2001"":327,""2002"":312,""2003"":500,""2004"":557,""2005"":611,""2006"":695,""2007"":780,""2008"":832,""2009"":936,""2010"":1021,""2011"":1310,""2012"":1170,""2013"":1235,""2014"":1384,""2015"":1321,""2016"":1495,""2017"":1462,""2018"":1407,""2019"":1433,""2020"":1570,""2021"":1537,""2022"":1629,""2023"":1845,""2024"":1925,""2025"":2185,""2026"":2092}"
Volker Markl,https://scholar.google.com/citations?user=el2k_oIAAAAJ,2026-09-16,Technische Universität Berlin / BIFOLD / DFKI,"[""Database Systems"", ""Data Management"", ""Big Data"", ""Programming Models"", ""Query Processing""]",18185,66,222,9127,41,155,2002,"{""2002"":70,""2003"":95,""2004"":111,""2005"":134,""2006"":133,""2007"":159,""2008"":229,""2009"":343,""2010"":288,""2011"":345,""2012"":360,""2013"":415,""2014"":503,""2015"":600,""2016"":771,""2017"":841,""2018"":1026,""2019"":1069,""2020"":1323,""2021"":1391,""2022"":1364,""2023"":1525,""2024"":1557,""2025"":1918,""2026"":1361}"
Wang Yi,https://scholar.google.com/citations?user=_ynjrUUAAAAJ,2026-09-16,"Professor of Embedded Systems, Uppsala University","[""Computer Science"", ""Real-Time Systems"", ""Embedded Systems"", ""Formal Methods"", ""Verification""]",18574,67,173,3990,29,97,1993,"{""1993"":54,""1994"":49,""1995"":92,""1996"":96,""1997"":149,""1998"":172,""1999"":244,""2000"":286,""2001"":235,""2002"":363,""2003"":444,""2004"":493,""2005"":479,""2006"":556,""2007"":604,""2008"":564,""2009"":642,""2010"":673,""2011"":719,""2012"":683,""2013"":863,""2014"":872,""2015"":889,""2016"":897,""2017"":828,""2018"":863,""2019"":835,""2020"":701,""2021"":688,""2022"":750,""2023"":680,""2024"":751,""2025"":658,""2026"":462}"
Wei Wang,https://scholar.google.com/citations?user=08CVzE8AAAAJ,2026-09-17,"Leonard Kleinrock Professor in Computer Science, UCLA","[""Data Mining"", ""Machine Learning"", ""Natural Language Processing"", ""AI for Science""]",136002,135,2070,60339,94,1400,2003,"{""2003"":359,""2004"":623,""2005"":947,""2006"":1247,""2007"":1414,""2008"":1631,""2009"":1909,""2010"":2247,""2011"":2625,""2012"":3304,""2013"":3829,""2014"":4729,""2015"":5588,""2016"":6448,""2017"":7209,""2018"":8609,""2019"":10156,""2020"":11035,""2021"":11735,""2022"":11528,""2023"":10408,""2024"":9945,""2025"":10378,""2026"":6332}"
Wil van der Aalst,https://scholar.google.com/citations?user=aSZYyxIAAAAJ,2026-09-16,"Professor of Process and Data Science, RWTH Aachen University || Celonis || Fraunhofer FIT || TU/e","[""Business Process Management"", ""Data Science"", ""Process Mining"", ""Petri nets"", ""Information Systems""]",180413,192,1146,62940,101,740,2002,"{""2002"":813,""2003"":1216,""2004"":1762,""2005"":2560,""2006"":3521,""2007"":4648,""2008"":5218,""2009"":6116,""2010"":6144,""2011"":7032,""2012"":8698,""2013"":7721,""2014"":7503,""2015"":7889,""2016"":8492,""2017"":7603,""2018"":9084,""2019"":8348,""2020"":8218,""2021"":8634,""2022"":9236,""2023"":10264,""2024"":11751,""2025"":12504,""2026"":10253}"
Xuelong LI 李学龙,https://scholar.google.com/citations?user=ahUibskAAAAJ,2026-09-16,"中国电信人工智能研究院 (TeleAI, China Telecom)","[""AI"", ""imaging & image processing"", ""AI Flow""]",101943,156,897,61011,117,807,2008,"{""2008"":379,""2009"":653,""2010"":831,""2011"":930,""2012"":1067,""2013"":1727,""2014"":2105,""2015"":3109,""2016"":4242,""2017"":4638,""2018"":5903,""2019"":7080,""2020"":7654,""2021"":8661,""2022"":9337,""2023"":9982,""2024"":10894,""2025"":12877,""2026"":9204}"
Yao-Wen Chang,https://scholar.google.com/citations?user=qKJ_7jAAAAAJ,2026-09-16,National Taiwan University,"[""electronic design automation"", ""computer-aided design"", ""VLSI design"", ""FPGA""]",13188,58,271,4376,30,135,2000,"{""2000"":42,""2001"":48,""2002"":106,""2003"":159,""2004"":182,""2005"":258,""2006"":346,""2007"":328,""2008"":490,""2009"":478,""2010"":537,""2011"":539,""2012"":547,""2013"":518,""2014"":612,""2015"":620,""2016"":564,""2017"":598,""2018"":560,""2019"":452,""2020"":601,""2021"":557,""2022"":714,""2023"":696,""2024"":792,""2025"":1036,""2026"":580}"
Yiran Chen,https://scholar.google.com/citations?user=3G-nnjMAAAAJ,2026-09-16,"John Cocke Distinguished Professor of Electrical and Computer Engineering, Duke University","[""memory"", ""neuromorphic"", ""machine learning systems""]",44748,102,519,29034,82,373,2010,"{""2010"":184,""2011"":298,""2012"":450,""2013"":625,""2014"":866,""2015"":1137,""2016"":1394,""2017"":1832,""2018"":2015,""2019"":2725,""2020"":3729,""2021"":4243,""2022"":4832,""2023"":4911,""2024"":5178,""2025"":5629,""2026"":4218}"
Yufei Tao,https://scholar.google.com/citations?user=3FmJBHkAAAAJ,2026-09-16,Chinese University of Hong Kong,"[""Small-and-Sweet Algorithms""]",22899,72,146,3584,30,84,2002,"{""2002"":67,""2003"":148,""2004"":285,""2005"":532,""2006"":746,""2007"":800,""2008"":1181,""2009"":1420,""2010"":1500,""2011"":1338,""2012"":1406,""2013"":1428,""2014"":1398,""2015"":1466,""2016"":1284,""2017"":1156,""2018"":1065,""2019"":994,""2020"":875,""2021"":782,""2022"":707,""2023"":602,""2024"":620,""2025"":557,""2026"":316}"
Brad Calder,https://scholar.google.com/citations?user=ToaGb5YAAAAJ,2026-09-16,Google,[],24535,78,168,5370,33,83,1995,"{""1995"":83,""1996"":78,""1997"":105,""1998"":149,""1999"":272,""2000"":252,""2001"":333,""2002"":424,""2003"":522,""2004"":639,""2005"":962,""2006"":1146,""2007"":1055,""2008"":909,""2009"":972,""2010"":872,""2011"":900,""2012"":873,""2013"":1029,""2014"":906,""2015"":957,""2016"":1006,""2017"":1158,""2018"":1010,""2019"":1091,""2020"":1189,""2021"":1293,""2022"":1254,""2023"":776,""2024"":875,""2025"":769,""2026"":403}"
Carlo Zaniolo,https://scholar.google.com/citations?user=f8FjAtMAAAAJ,2026-09-16,"Professor of Computer Science, University of California, Los Angeles","[""Databases"", ""Data Mining"", ""Web Information Systems""]",16581,68,222,3566,24,52,1987,"{""1987"":134,""1988"":200,""1989"":241,""1990"":307,""1991"":237,""1992"":254,""1993"":287,""1994"":185,""1995"":276,""1996"":235,""1997"":274,""1998"":216,""1999"":220,""2000"":207,""2001"":213,""2002"":245,""2003"":349,""2004"":407,""2005"":462,""2006"":408,""2007"":452,""2008"":516,""2009"":498,""2010"":495,""2011"":505,""2012"":465,""2013"":460,""2014"":494,""2015"":465,""2016"":539,""2017"":461,""2018"":514,""2019"":557,""2020"":614,""2021"":695,""2022"":696,""2023"":643,""2024"":542,""2025"":635,""2026"":355}"
Christian Cachin,https://scholar.google.com/citations?user=c8zferMAAAAJ,2026-09-16,"University of Bern, Cryptology and Data Security Group","[""cryptography"", ""distributed systems"", ""security""]",24955,57,129,12506,33,81,2000,"{""2000"":91,""2001"":154,""2002"":184,""2003"":280,""2004"":361,""2005"":362,""2006"":369,""2007"":384,""2008"":379,""2009"":426,""2010"":473,""2011"":454,""2012"":474,""2013"":535,""2014"":556,""2015"":456,""2016"":542,""2017"":580,""2018"":1096,""2019"":1795,""2020"":2042,""2021"":2235,""2022"":2262,""2023"":2160,""2024"":2146,""2025"":2233,""2026"":1464}"
Claire Cardie,https://scholar.google.com/citations?user=ex9BQiIAAAAJ,2026-09-16,"Professor of Computer Science, Cornell University","[""natural language processing"", ""information extraction"", ""opinion extraction"", ""argument mining""]",42398,90,202,19078,59,138,1999,"{""1999"":151,""2000"":176,""2001"":153,""2002"":186,""2003"":278,""2004"":361,""2005"":482,""2006"":504,""2007"":570,""2008"":700,""2009"":787,""2010"":982,""2011"":958,""2012"":1129,""2013"":1195,""2014"":1393,""2015"":1682,""2016"":1910,""2017"":1889,""2018"":2086,""2019"":2462,""2020"":2502,""2021"":2637,""2022"":2933,""2023"":3198,""2024"":3502,""2025"":3850,""2026"":2942}"
Dacheng Tao,https://scholar.google.com/citations?user=RwlJNLcAAAAJ,2026-09-16,Nanyang Technological University,"[""artificial intelligence"", ""machine learning"", ""computer vision"", ""image processing"", ""data mining""]",201257,210,1464,143547,173,1233,2009,"{""2009"":677,""2010"":907,""2011"":1137,""2012"":1655,""2013"":2710,""2014"":3126,""2015"":4215,""2016"":5584,""2017"":6265,""2018"":8055,""2019"":9895,""2020"":12177,""2021"":14354,""2022"":16926,""2023"":21926,""2024"":27904,""2025"":35441,""2026"":26705}"
L. Darrell Whitley,https://scholar.google.com/citations?user=0VzUxIcAAAAJ,2026-09-16,"Professor of Computer Science, Colorado State University","[""Artificial Intelligence"", ""Local Search"", ""Evolutionary Computation"", ""Neural Networks""]",34986,75,230,6827,32,91,1991,"{""1991"":93,""1992"":205,""1993"":387,""1994"":678,""1995"":701,""1996"":679,""1997"":701,""1998"":655,""1999"":711,""2000"":750,""2001"":708,""2002"":843,""2003"":860,""2004"":967,""2005"":1093,""2006"":1126,""2007"":1093,""2008"":1098,""2009"":1111,""2010"":1127,""2011"":1138,""2012"":1118,""2013"":1187,""2014"":1136,""2015"":1125,""2016"":1183,""2017"":1092,""2018"":1247,""2019"":1394,""2020"":1296,""2021"":1426,""2022"":1419,""2023"":1314,""2024"":1076,""2025"":990,""2026"":600}"
Dawn Song,https://scholar.google.com/citations?user=84WzBlYAAAAJ,2026-09-16,"Professor of Computer Science, UC Berkeley","[""Computer Security and Privacy""]",178746,171,552,115600,127,481,2003,"{""2003"":474,""2004"":684,""2005"":1325,""2006"":1708,""2007"":2053,""2008"":2391,""2009"":2309,""2010"":2485,""2011"":2732,""2012"":3151,""2013"":3796,""2014"":4228,""2015"":4448,""2016"":4742,""2017"":4722,""2018"":5645,""2019"":6556,""2020"":8316,""2021"":9874,""2022"":11979,""2023"":14915,""2024"":20770,""2025"":29220,""2026"":28520}"
Deb Frincke,https://scholar.google.com/citations?user=LO7ZkPgAAAAJ,2026-09-16,"Associate Laboratory Director Sandia National Laboratories, head of National Security Programs","[""cyber"", ""analytics"", ""AI"", ""quantum"", ""critical infrastructure""]",3781,28,62,612,11,13,2000,"{""2000"":16,""2001"":34,""2002"":51,""2003"":56,""2004"":112,""2005"":122,""2006"":132,""2007"":141,""2008"":115,""2009"":123,""2010"":164,""2011"":179,""2012"":208,""2013"":226,""2014"":231,""2015"":252,""2016"":200,""2017"":203,""2018"":168,""2019"":194,""2020"":128,""2021"":130,""2022"":121,""2023"":100,""2024"":92,""2025"":102,""2026"":67}"
Diana Marculescu,https://scholar.google.com/citations?user=MRHzTAIAAAAJ,2026-09-16,The University of Texas at Austin,"[""Efficient Deep Learning"", ""Energy-aware Computing"", ""Low Power Design"", ""Design Automation"", ""Dark Silicon""]",12876,58,183,4800,33,85,1996,"{""1996"":60,""1997"":93,""1998"":120,""1999"":83,""2000"":77,""2001"":65,""2002"":120,""2003"":159,""2004"":198,""2005"":213,""2006"":217,""2007"":244,""2008"":339,""2009"":368,""2010"":436,""2011"":392,""2012"":447,""2013"":434,""2014"":445,""2015"":556,""2016"":616,""2017"":537,""2018"":515,""2019"":562,""2020"":649,""2021"":666,""2022"":685,""2023"":718,""2024"":896,""2025"":1027,""2026"":803}"
Diego Calvanese,https://scholar.google.com/citations?user=We0kRfEAAAAJ,2026-09-16,"Prof. of Computer Science, KRDB, Free Univ. of Bozen-Bolzano; Wallenberg Visiting Prof., Umeå Univ.","[""Artificial intelligence"", ""Data Management"", ""Knowledge Representation"", ""Description Logics"", ""Verification""]",42077,83,296,7747,35,121,1999,"{""1999"":185,""2000"":264,""2001"":392,""2002"":411,""2003"":462,""2004"":571,""2005"":797,""2006"":1697,""2007"":2052,""2008"":2174,""2009"":2176,""2010"":2237,""2011"":2002,""2012"":2227,""2013"":2268,""2014"":2112,""2015"":1853,""2016"":1968,""2017"":1704,""2018"":1593,""2019"":1750,""2020"":1528,""2021"":1364,""2022"":1396,""2023"":1355,""2024"":1368,""2025"":1366,""2026"":887}"
Elizabeth Churchill,https://scholar.google.com/citations?user=wZB07xAAAAAJ,2026-09-16,Google,"[""design"", ""human computer interaction"", ""psychology"", ""social"", ""media""]",17815,69,206,5964,37,101,2000,"{""2000"":53,""2001"":67,""2002"":145,""2003"":192,""2004"":237,""2005"":273,""2006"":300,""2007"":251,""2008"":331,""2009"":367,""2010"":384,""2011"":529,""2012"":643,""2013"":797,""2014"":977,""2015"":874,""2016"":946,""2017"":987,""2018"":915,""2019"":1100,""2020"":1139,""2021"":1168,""2022"":1209,""2023"":926,""2024"":1044,""2025"":1012,""2026"":603}"
Emery D. Berger,https://scholar.google.com/citations?user=RaHaArkAAAAJ,2026-09-16,"Professor of Computer Science, University of Massachusetts Amherst; Amazon Scholar; ACM Fellow","[""Programming Languages"", ""Systems"", ""Performance"", ""Security"", ""Reliability""]",7975,43,66,2435,26,45,2000,"{""2000"":25,""2001"":19,""2002"":35,""2003"":52,""2004"":72,""2005"":108,""2006"":176,""2007"":172,""2008"":240,""2009"":217,""2010"":242,""2011"":296,""2012"":364,""2013"":397,""2014"":375,""2015"":484,""2016"":402,""2017"":445,""2018"":433,""2019"":441,""2020"":429,""2021"":390,""2022"":381,""2023"":363,""2024"":398,""2025"":485,""2026"":416}"
Giovanni Vigna,https://scholar.google.com/citations?user=2eM6GocAAAAJ,2026-09-16,UC Santa Barbara and VMware,"[""Computer Security"", ""Network Security"", ""Web Security"", ""Binary Analysis"", ""Malware""]",47599,113,283,16154,66,203,1999,"{""1999"":222,""2000"":293,""2001"":377,""2002"":502,""2003"":527,""2004"":623,""2005"":740,""2006"":820,""2007"":1030,""2008"":1156,""2009"":1196,""2010"":1225,""2011"":1446,""2012"":1546,""2013"":1632,""2014"":2088,""2015"":2052,""2016"":2378,""2017"":2569,""2018"":2833,""2019"":2865,""2020"":2691,""2021"":2729,""2022"":2624,""2023"":2822,""2024"":2811,""2025"":2965,""2026"":2191}"
Hanspeter Pfister,https://scholar.google.com/citations?user=VWX-GMAAAAAJ,2026-09-16,"An Wang Professor of Computer Science, Harvard University","[""Visualization"", ""Computer Graphics"", ""Computer Vision""]",57637,103,405,31691,72,274,2000,"{""2000"":193,""2001"":266,""2002"":424,""2003"":531,""2004"":631,""2005"":902,""2006"":912,""2007"":941,""2008"":996,""2009"":872,""2010"":937,""2011"":1109,""2012"":1109,""2013"":1150,""2014"":1318,""2015"":1611,""2016"":1699,""2017"":1981,""2018"":2204,""2019"":2499,""2020"":2814,""2021"":3181,""2022"":3524,""2023"":4646,""2024"":6163,""2025"":7494,""2026"":6596}"
Jason Nieh,https://scholar.google.com/citations?user=e84VgEYAAAAJ,2026-09-16,"Professor of Computer Science, Columbia University","[""mobile computing"", ""operating systems"", ""networking"", ""security""]",10870,60,125,2688,28,63,1994,"{""1994"":27,""1995"":29,""1996"":40,""1997"":44,""1998"":66,""1999"":87,""2000"":77,""2001"":95,""2002"":108,""2003"":139,""2004"":190,""2005"":286,""2006"":308,""2007"":337,""2008"":310,""2009"":368,""2010"":395,""2011"":421,""2012"":459,""2013"":500,""2014"":497,""2015"":579,""2016"":535,""2017"":652,""2018"":524,""2019"":513,""2020"":438,""2021"":429,""2022"":435,""2023"":420,""2024"":506,""2025"":595,""2026"":299}"
Jeffrey S. Rosenschein,https://scholar.google.com/citations?user=TIQlTAEAAAAJ,2026-09-16,"Professor of Computer Science, The Hebrew University of Jerusalem","[""Artificial Intelligence"", ""Multiagent Systems""]",15130,60,148,2595,25,60,1988,"{""1988"":47,""1989"":48,""1990"":42,""1991"":89,""1992"":116,""1993"":215,""1994"":238,""1995"":246,""1996"":355,""1997"":292,""1998"":397,""1999"":352,""2000"":399,""2001"":358,""2002"":386,""2003"":412,""2004"":336,""2005"":392,""2006"":408,""2007"":514,""2008"":491,""2009"":567,""2010"":493,""2011"":476,""2012"":480,""2013"":563,""2014"":521,""2015"":541,""2016"":519,""2017"":467,""2018"":485,""2019"":503,""2020"":481,""2021"":478,""2022"":472,""2023"":420,""2024"":460,""2025"":431,""2026"":334}"
K Mani Chandy,https://scholar.google.com/citations?user=_e1E9DQAAAAJ,2026-09-16,California Institute of Technology,"[""Distributed systems"", ""Applications for crisis management""]",31510,64,163,2146,23,36,1987,"{""1987"":444,""1988"":619,""1989"":748,""1990"":770,""1991"":842,""1992"":827,""1993"":939,""1994"":998,""1995"":886,""1996"":871,""1997"":947,""1998"":864,""1999"":737,""2000"":691,""2001"":652,""2002"":671,""2003"":690,""2004"":737,""2005"":730,""2006"":693,""2007"":742,""2008"":615,""2009"":699,""2010"":744,""2011"":789,""2012"":850,""2013"":977,""2014"":832,""2015"":780,""2016"":767,""2017"":703,""2018"":644,""2019"":569,""2020"":492,""2021"":463,""2022"":471,""2023"":322,""2024"":317,""2025"":297,""2026"":276}"
Kavita Bala,https://scholar.google.com/citations?user=Rh16nsIAAAAJ,2026-09-16,Cornell University,"[""computer graphics"", ""computer vision""]",15509,55,111,6726,34,74,2002,"{""2002"":50,""2003"":64,""2004"":102,""2005"":139,""2006"":131,""2007"":183,""2008"":249,""2009"":305,""2010"":365,""2011"":401,""2012"":360,""2013"":373,""2014"":363,""2015"":491,""2016"":621,""2017"":834,""2018"":1011,""2019"":1209,""2020"":1139,""2021"":1163,""2022"":1235,""2023"":1171,""2024"":1197,""2025"":1159,""2026"":795}"
Lidong Zhou,https://scholar.google.com/citations?user=rillZYsAAAAJ,2026-09-16,Microsoft Research,"[""Distributed systems"", ""storage"", ""reliability and fault tolerance"", ""security""]",21947,63,126,8756,44,90,2002,"{""2002"":135,""2003"":233,""2004"":391,""2005"":516,""2006"":655,""2007"":700,""2008"":710,""2009"":737,""2010"":711,""2011"":705,""2012"":705,""2013"":736,""2014"":767,""2015"":764,""2016"":791,""2017"":843,""2018"":858,""2019"":943,""2020"":1008,""2021"":1075,""2022"":1248,""2023"":1386,""2024"":1625,""2025"":1994,""2026"":1415}"
Lise Getoor,https://scholar.google.com/citations?user=Y8-xGncAAAAJ,2026-09-16,"Distinguished Professor of Computer Science & Engineering, University of California, Santa Cruz","[""Machine Learning"", ""Reasoning Under Uncertainty"", ""Graph & Network Analysis"", ""Information Integration""]",35693,79,247,13012,46,126,2003,"{""2003"":170,""2004"":179,""2005"":335,""2006"":435,""2007"":600,""2008"":736,""2009"":1006,""2010"":1167,""2011"":1386,""2012"":1583,""2013"":1489,""2014"":1636,""2015"":1728,""2016"":1834,""2017"":1774,""2018"":1820,""2019"":2053,""2020"":2179,""2021"":2263,""2022"":2284,""2023"":2324,""2024"":2419,""2025"":2216,""2026"":1501}"
Magdalena Balazinska,https://scholar.google.com/citations?user=DDxFvcIAAAAJ,2026-09-16,University of Washington,"[""Databases"", ""data science"", ""cloud computing"", ""parallel and distributed systems"", ""streams""]",18460,66,130,3856,33,82,2003,"{""2003"":95,""2004"":185,""2005"":285,""2006"":378,""2007"":448,""2008"":536,""2009"":571,""2010"":668,""2011"":859,""2012"":941,""2013"":1143,""2014"":1187,""2015"":1238,""2016"":1288,""2017"":1183,""2018"":1362,""2019"":1051,""2020"":922,""2021"":860,""2022"":759,""2023"":678,""2024"":585,""2025"":625,""2026"":344}"
Marc Najork,https://scholar.google.com/citations?user=7HeAnjwAAAAJ,2026-09-16,Google DeepMind,"[""Web Search"", ""Information Retrieval"", ""Distributed Systems""]",15318,59,131,5849,37,82,1996,"{""1996"":61,""1997"":54,""1998"":66,""1999"":78,""2000"":70,""2001"":87,""2002"":195,""2003"":166,""2004"":252,""2005"":290,""2006"":401,""2007"":407,""2008"":428,""2009"":499,""2010"":607,""2011"":626,""2012"":559,""2013"":574,""2014"":604,""2015"":565,""2016"":516,""2017"":448,""2018"":467,""2019"":550,""2020"":670,""2021"":896,""2022"":1021,""2023"":1069,""2024"":1101,""2025"":1039,""2026"":704}"
Maria Gini,https://scholar.google.com/citations?user=2ewb-10AAAAJ,2026-09-16,"Professor of Computer Science and Engineering, University of Minnesota","[""Artificial Intelligence"", ""Robotics"", ""Multi Agent Coordination"", ""Multi-robot systems""]",8997,50,164,1757,20,44,1987,"{""1987"":44,""1988"":73,""1989"":56,""1990"":44,""1991"":54,""1992"":41,""1993"":48,""1994"":59,""1995"":72,""1996"":72,""1997"":70,""1998"":94,""1999"":146,""2000"":174,""2001"":212,""2002"":275,""2003"":312,""2004"":304,""2005"":316,""2006"":347,""2007"":331,""2008"":281,""2009"":388,""2010"":285,""2011"":229,""2012"":291,""2013"":286,""2014"":250,""2015"":225,""2016"":282,""2017"":277,""2018"":298,""2019"":345,""2020"":347,""2021"":322,""2022"":339,""2023"":326,""2024"":291,""2025"":300,""2026"":179}"
Matthew Dwyer,https://scholar.google.com/citations?user=-ZRKCcEAAAAJ,2026-09-16,"Thomson Distinguished Professor, University of Virginia; Amazon Scholar","[""Software Engineering""]",14420,54,141,2822,28,61,1998,"{""1998"":74,""1999"":146,""2000"":172,""2001"":277,""2002"":380,""2003"":395,""2004"":607,""2005"":588,""2006"":613,""2007"":717,""2008"":656,""2009"":578,""2010"":590,""2011"":593,""2012"":591,""2013"":603,""2014"":621,""2015"":596,""2016"":507,""2017"":547,""2018"":555,""2019"":525,""2020"":463,""2021"":440,""2022"":423,""2023"":391,""2024"":468,""2025"":587,""2026"":507}"
Michael J. Freedman,https://scholar.google.com/citations?user=BFE6IQwAAAAJ,2026-09-16,"Robert E. Kahn Professor of Computer Science, Princeton University","[""Distributed Systems"", ""Networking"", ""Security""]",38073,63,114,10496,41,78,2003,"{""2003"":186,""2004"":263,""2005"":355,""2006"":425,""2007"":509,""2008"":523,""2009"":669,""2010"":787,""2011"":940,""2012"":1289,""2013"":1978,""2014"":2391,""2015"":2832,""2016"":3054,""2017"":3017,""2018"":2846,""2019"":2678,""2020"":2357,""2021"":2313,""2022"":2124,""2023"":1776,""2024"":1753,""2025"":1638,""2026"":891}"
Mihai Pop,https://scholar.google.com/citations?user=4glkLD0AAAAJ,2026-09-16,"Professor of Computer Science, University of Maryland, College Park","[""Bioinformatics""]",83807,70,138,28587,50,115,2003,"{""2003"":213,""2004"":524,""2005"":513,""2006"":664,""2007"":823,""2008"":1086,""2009"":1313,""2010"":1616,""2011"":2318,""2012"":3271,""2013"":4044,""2014"":4716,""2015"":4988,""2016"":5117,""2017"":5763,""2018"":5365,""2019"":5922,""2020"":5872,""2021"":6192,""2022"":5766,""2023"":4984,""2024"":4377,""2025"":4310,""2026"":2951}"
Moshe Tennenholtz,https://scholar.google.com/citations?user=65FCPpwAAAAJ,2026-09-16,Unknown affiliation,[],15809,62,208,4574,31,104,1994,"{""1994"":49,""1995"":63,""1996"":121,""1997"":113,""1998"":150,""1999"":139,""2000"":165,""2001"":211,""2002"":246,""2003"":287,""2004"":255,""2005"":340,""2006"":374,""2007"":477,""2008"":488,""2009"":549,""2010"":524,""2011"":532,""2012"":610,""2013"":652,""2014"":712,""2015"":571,""2016"":607,""2017"":579,""2018"":598,""2019"":688,""2020"":691,""2021"":708,""2022"":765,""2023"":709,""2024"":763,""2025"":912,""2026"":713}"
Moustafa Youssef,https://scholar.google.com/citations?user=r6DUyxsAAAAJ,2026-09-16,"Prof. of CSE, American University in Cairo, Fellow ACM/IEEE","[""mobile wireless networks"", ""mobile and ubiquitous computing"", ""localization"", ""quantum computing""]",21814,68,202,6308,37,126,2003,"{""2003"":69,""2004"":208,""2005"":322,""2006"":361,""2007"":417,""2008"":456,""2009"":474,""2010"":544,""2011"":579,""2012"":759,""2013"":973,""2014"":1155,""2015"":1313,""2016"":1514,""2017"":1410,""2018"":1690,""2019"":1683,""2020"":1403,""2021"":1257,""2022"":1233,""2023"":1194,""2024"":1115,""2025"":966,""2026"":538}"
Noshir Contractor,https://scholar.google.com/citations?user=Fqw9o84AAAAJ,2026-09-16,"Jane S. & William J. White Professor of Behavioral Sciences, Northwestern University","[""Network Science"", ""Computational Social Science"", ""Web Science"", ""Future of work.""]",27033,72,191,9726,45,120,1999,"{""1999"":74,""2000"":104,""2001"":142,""2002"":138,""2003"":208,""2004"":242,""2005"":296,""2006"":308,""2007"":330,""2008"":431,""2009"":450,""2010"":676,""2011"":877,""2012"":1048,""2013"":1245,""2014"":1311,""2015"":1347,""2016"":1383,""2017"":1412,""2018"":1430,""2019"":1514,""2020"":1479,""2021"":1696,""2022"":1588,""2023"":1658,""2024"":1522,""2025"":1794,""2026"":1449}"
Paul Beame,https://scholar.google.com/citations?user=plYoF-MAAAAJ,2026-09-16,"Professor of Computer Science and Engineering, University of Washington","[""Computational Complexity"", ""Proof Complexity""]",8756,46,93,1943,23,45,1988,"{""1988"":31,""1989"":38,""1990"":51,""1991"":62,""1992"":62,""1993"":76,""1994"":82,""1995"":92,""1996"":127,""1997"":101,""1998"":135,""1999"":141,""2000"":187,""2001"":229,""2002"":201,""2003"":210,""2004"":216,""2005"":226,""2006"":218,""2007"":305,""2008"":317,""2009"":308,""2010"":246,""2011"":205,""2012"":229,""2013"":280,""2014"":212,""2015"":256,""2016"":299,""2017"":311,""2018"":421,""2019"":371,""2020"":357,""2021"":391,""2022"":325,""2023"":329,""2024"":355,""2025"":299,""2026"":244}"
Philip R. Cohen,https://scholar.google.com/citations?user=V72PR9wAAAAJ,2026-09-16,"Chief Scientist Emeritus, Openstream, Inc.","[""dialogue"", ""multimodal interaction"", ""multi-agent systems"", ""natural language processing"", ""human-computer""]",21800,57,120,2216,25,46,1987,"{""1987"":102,""1988"":145,""1989"":104,""1990"":192,""1991"":203,""1992"":267,""1993"":368,""1994"":310,""1995"":395,""1996"":422,""1997"":411,""1998"":593,""1999"":573,""2000"":667,""2001"":612,""2002"":921,""2003"":1003,""2004"":986,""2005"":1000,""2006"":1053,""2007"":972,""2008"":739,""2009"":734,""2010"":655,""2011"":577,""2012"":499,""2013"":547,""2014"":527,""2015"":498,""2016"":479,""2017"":514,""2018"":441,""2019"":471,""2020"":453,""2021"":413,""2022"":412,""2023"":419,""2024"":374,""2025"":357,""2026"":235}"
Prashant Shenoy,https://scholar.google.com/citations?user=TciP6mcAAAAJ,2026-09-16,"Distinguished Professor, College of Information and Computer Sciences, University of Massachusetts","[""Distributed Systems"", ""Networking"", ""Energy Informatics"", ""Ubiquitous Computing"", ""Performance Evaluation""]",29277,88,319,7842,44,180,1999,"{""1999"":78,""2000"":98,""2001"":172,""2002"":224,""2003"":364,""2004"":428,""2005"":551,""2006"":581,""2007"":735,""2008"":795,""2009"":853,""2010"":1032,""2011"":1165,""2012"":1475,""2013"":1688,""2014"":1737,""2015"":1606,""2016"":1637,""2017"":1589,""2018"":1487,""2019"":1436,""2020"":1287,""2021"":1320,""2022"":1254,""2023"":1140,""2024"":1380,""2025"":1552,""2026"":1165}"
Rada Mihalcea,https://scholar.google.com/citations?user=UetM7FgAAAAJ,2026-09-16,"Professor of Computer Science, University of Michigan","[""Natural Language Processing"", ""Computational Social Science"", ""Multimodal Interaction""]",58001,106,385,29831,72,274,2002,"{""2002"":190,""2003"":264,""2004"":304,""2005"":327,""2006"":555,""2007"":635,""2008"":761,""2009"":925,""2010"":1231,""2011"":1245,""2012"":1490,""2013"":1782,""2014"":1953,""2015"":2025,""2016"":2364,""2017"":2253,""2018"":2664,""2019"":2982,""2020"":3326,""2021"":3879,""2022"":4413,""2023"":4864,""2024"":5485,""2025"":6207,""2026"":4941}"
Ramesh K. Sitaraman,https://scholar.google.com/citations?user=Hj4o7GYAAAAJ,2026-09-16,"Distinguished University Professor, University of Massachusetts, Amherst","[""AI Systems and Infrastructure"", ""Distributed Systems"", ""Theoretical CS"", ""Cloud Computing"", ""Edge Computing""]",12909,54,107,5129,34,80,2000,"{""2000"":47,""2001"":44,""2002"":48,""2003"":81,""2004"":109,""2005"":157,""2006"":165,""2007"":187,""2008"":170,""2009"":159,""2010"":198,""2011"":264,""2012"":268,""2013"":452,""2014"":537,""2015"":656,""2016"":681,""2017"":778,""2018"":771,""2019"":878,""2020"":848,""2021"":802,""2022"":793,""2023"":866,""2024"":951,""2025"":917,""2026"":794}"
Robin R. Murphy,https://scholar.google.com/citations?user=SIcRijoAAAAJ,2026-09-16,Computer Science and Engineering Texas A&M,"[""disaster robotics"", ""human-robot interaction"", ""artificial intelligence"", ""ethics"", ""rescue robotics""]",34869,71,262,12566,43,132,1999,"{""1999"":149,""2000"":162,""2001"":248,""2002"":343,""2003"":417,""2004"":697,""2005"":619,""2006"":713,""2007"":829,""2008"":822,""2009"":923,""2010"":1025,""2011"":1068,""2012"":1159,""2013"":1242,""2014"":1353,""2015"":1359,""2016"":1582,""2017"":1505,""2018"":1635,""2019"":1743,""2020"":1833,""2021"":2077,""2022"":2066,""2023"":2018,""2024"":2185,""2025"":2447,""2026"":1763}"
Ronald F. Boisvert,https://scholar.google.com/citations?user=ctI1jBAAAAAJ,2026-09-16,"Applied and Computational Mathematics Division, National Institute of Standards and","[""Numerical Analysis"", ""Computational Science"", ""Mathematical Software""]",16434,34,52,6644,12,12,1987,"{""1987"":54,""1988"":66,""1989"":79,""1990"":84,""1991"":50,""1992"":95,""1993"":61,""1994"":71,""1995"":83,""1996"":70,""1997"":83,""1998"":71,""1999"":77,""2000"":110,""2001"":88,""2002"":122,""2003"":79,""2004"":103,""2005"":80,""2006"":86,""2007"":98,""2008"":113,""2009"":110,""2010"":135,""2011"":230,""2012"":413,""2013"":545,""2014"":722,""2015"":781,""2016"":932,""2017"":902,""2018"":959,""2019"":924,""2020"":979,""2021"":1095,""2022"":1054,""2023"":1059,""2024"":1097,""2025"":1224,""2026"":1115}"
Salvatore Stolfo,https://scholar.google.com/citations?user=iLXSMP8AAAAJ,2026-09-17,"Professor of Computer Science, Columbia University","[""Security""]",50428,104,272,10437,54,147,1996,"{""1996"":136,""1997"":142,""1998"":208,""1999"":295,""2000"":328,""2001"":480,""2002"":687,""2003"":840,""2004"":1139,""2005"":1414,""2006"":1490,""2007"":1534,""2008"":1658,""2009"":1618,""2010"":1689,""2011"":1653,""2012"":1784,""2013"":2114,""2014"":2238,""2015"":2231,""2016"":2684,""2017"":2712,""2018"":3051,""2019"":3120,""2020"":3142,""2021"":2773,""2022"":2389,""2023"":1528,""2024"":1749,""2025"":1319,""2026"":678}"
Saman Amarasinghe,https://scholar.google.com/citations?user=cF6i_goAAAAJ,2026-09-16,MIT,"[""Compilers"", ""Performance Engineering"", ""Programming Languages"", ""Parallel Computing"", ""Domain-Specific Languages""]",31543,81,188,8799,46,110,1995,"{""1995"":119,""1996"":187,""1997"":214,""1998"":305,""1999"":311,""2000"":355,""2001"":372,""2002"":434,""2003"":532,""2004"":622,""2005"":711,""2006"":825,""2007"":897,""2008"":993,""2009"":1158,""2010"":1308,""2011"":1315,""2012"":1412,""2013"":1347,""2014"":1197,""2015"":1248,""2016"":1214,""2017"":1091,""2018"":1214,""2019"":1419,""2020"":1461,""2021"":1526,""2022"":1474,""2023"":1514,""2024"":1514,""2025"":1618,""2026"":1139}"
Scott Aaronson,https://scholar.google.com/citations?user=EYv2BNQAAAAJ,2026-09-16,"Schlumberger Chair of Computer Science, University of Texas at Austin","[""Quantum computing"", ""computational complexity""]",26656,72,183,17477,61,155,2004,"{""2004"":84,""2005"":114,""2006"":140,""2007"":173,""2008"":190,""2009"":232,""2010"":218,""2011"":231,""2012"":252,""2013"":411,""2014"":559,""2015"":576,""2016"":798,""2017"":968,""2018"":1151,""2019"":1298,""2020"":1422,""2021"":1733,""2022"":1957,""2023"":2410,""2024"":3312,""2025"":4288,""2026"":3673}"
Sheila McIlraith,https://scholar.google.com/citations?user=ny2zuvMAAAAJ,2026-09-16,"Professor of Computer Science, University of Toronto","[""Artificial Intelligence"", ""Knowledge Representation and Reasoning"", ""Automated Planning"", ""Reinforcement""]",25431,66,187,7061,39,102,2000,"{""2000"":73,""2001"":128,""2002"":331,""2003"":654,""2004"":995,""2005"":1170,""2006"":1310,""2007"":1388,""2008"":1409,""2009"":1369,""2010"":1238,""2011"":1188,""2012"":1064,""2013"":929,""2014"":802,""2015"":777,""2016"":696,""2017"":509,""2018"":699,""2019"":559,""2020"":667,""2021"":756,""2022"":997,""2023"":1076,""2024"":1374,""2025"":1546,""2026"":1290}"
Songwu Lu,https://scholar.google.com/citations?user=PVdTviYAAAAJ,2026-09-16,"Professor of Computer Science, UCLA","[""Wireless networking"", ""mobile systems"", ""cloud computing"", ""network security""]",30112,70,156,3234,28,78,1999,"{""1999"":90,""2000"":146,""2001"":215,""2002"":350,""2003"":539,""2004"":1016,""2005"":1446,""2006"":1667,""2007"":1765,""2008"":1730,""2009"":1688,""2010"":1730,""2011"":1671,""2012"":1718,""2013"":1769,""2014"":1621,""2015"":1564,""2016"":1575,""2017"":1229,""2018"":1144,""2019"":995,""2020"":793,""2021"":706,""2022"":588,""2023"":518,""2024"":516,""2025"":537,""2026"":369}"
Srdjan Capkun,https://scholar.google.com/citations?user=VtkPBNsAAAAJ,2026-09-16,"Professor of Computer Science, ETH Zurich","[""Security"", ""Computer Security"", ""Wireless Security"", ""Secure Positioning"", ""Distance Bounding""]",34413,82,193,12250,53,147,2002,"{""2002"":113,""2003"":278,""2004"":455,""2005"":633,""2006"":776,""2007"":894,""2008"":920,""2009"":948,""2010"":1086,""2011"":1205,""2012"":1202,""2013"":1120,""2014"":1310,""2015"":1320,""2016"":1422,""2017"":1599,""2018"":2008,""2019"":2167,""2020"":2350,""2021"":2527,""2022"":2263,""2023"":2154,""2024"":2022,""2025"":2028,""2026"":1250}"
Srinivasan Seshan,https://scholar.google.com/citations?user=0irVeiQAAAAJ,2026-09-16,Carnegie Mellon University,"[""Networking"", ""Distributed Systems"", ""Wireless"", ""Mobile Systems"", ""Mobile Computing""]",28994,77,157,3447,32,81,1996,"{""1996"":159,""1997"":198,""1998"":303,""1999"":428,""2000"":502,""2001"":663,""2002"":938,""2003"":1092,""2004"":1453,""2005"":1581,""2006"":1557,""2007"":1499,""2008"":1528,""2009"":1531,""2010"":1448,""2011"":1219,""2012"":1186,""2013"":1151,""2014"":1240,""2015"":1158,""2016"":1051,""2017"":877,""2018"":819,""2019"":727,""2020"":692,""2021"":623,""2022"":558,""2023"":564,""2024"":666,""2025"":622,""2026"":413}"
Subbarao Kambhampati,https://scholar.google.com/citations?user=yl3L07sAAAAJ,2026-09-16,Arizona State University,"[""Artificial Intelligence"", ""Automated planning"", ""LLM Reasoning"", ""Human-AI Interaction""]",24999,75,316,12081,50,156,1992,"{""1992"":80,""1993"":101,""1994"":176,""1995"":185,""1996"":229,""1997"":171,""1998"":179,""1999"":219,""2000"":188,""2001"":207,""2002"":223,""2003"":290,""2004"":355,""2005"":431,""2006"":439,""2007"":506,""2008"":479,""2009"":494,""2010"":441,""2011"":480,""2012"":495,""2013"":409,""2014"":444,""2015"":553,""2016"":683,""2017"":825,""2018"":891,""2019"":1031,""2020"":1192,""2021"":1307,""2022"":1367,""2023"":1501,""2024"":2398,""2025"":3175,""2026"":2310}"
Tamara G. Kolda,https://scholar.google.com/citations?user=9hjmW7AAAAAJ,2026-09-16,MathSci.ai,"[""tensor decompositions"", ""randomized algorithms"", ""mathematical data science"", ""high-performance computing"", ""efficient algorithms""]",36452,67,118,14440,43,87,2004,"{""2004"":173,""2005"":210,""2006"":321,""2007"":359,""2008"":488,""2009"":705,""2010"":788,""2011"":988,""2012"":1120,""2013"":1334,""2014"":1701,""2015"":1830,""2016"":2015,""2017"":2055,""2018"":2364,""2019"":2505,""2020"":2479,""2021"":2599,""2022"":2570,""2023"":2366,""2024"":2255,""2025"":2586,""2026"":2059}"
Tarek Abdelzaher,https://scholar.google.com/citations?user=cA28Zs0AAAAJ,2026-09-16,University of Illinois,"[""Real-time Systems"", ""wireless sensor networks"", ""cyber-physical systems"", ""embedded systems"", ""social sensing""]",49259,101,407,10820,47,197,2001,"{""2001"":150,""2002"":297,""2003"":457,""2004"":794,""2005"":1212,""2006"":1456,""2007"":1962,""2008"":2192,""2009"":2333,""2010"":2700,""2011"":2518,""2012"":2493,""2013"":2483,""2014"":2490,""2015"":2631,""2016"":2405,""2017"":2478,""2018"":2402,""2019"":2178,""2020"":1966,""2021"":1901,""2022"":1894,""2023"":1865,""2024"":1943,""2025"":1979,""2026"":1220}"
Timothy M. Chan,https://scholar.google.com/citations?user=CiesWGcAAAAJ,2026-09-16,"Professor of Computer Science, University of Illinois at Urbana-Champaign","[""Algorithms"", ""Computational Geometry""]",10670,58,175,3722,32,109,1996,"{""1996"":35,""1997"":25,""1998"":38,""1999"":47,""2000"":61,""2001"":51,""2002"":82,""2003"":97,""2004"":173,""2005"":149,""2006"":203,""2007"":210,""2008"":282,""2009"":267,""2010"":293,""2011"":289,""2012"":332,""2013"":398,""2014"":469,""2015"":396,""2016"":460,""2017"":557,""2018"":647,""2019"":576,""2020"":615,""2021"":629,""2022"":554,""2023"":567,""2024"":584,""2025"":778,""2026"":601}"
Timothy Pinkston,https://scholar.google.com/citations?user=eZSkx1wAAAAJ,2026-09-16,"Professor of Electrical Engineering, University of Southern California","[""Computer Systems Architecture""]",3625,34,66,350,11,12,1995,"{""1995"":16,""1996"":24,""1997"":98,""1998"":92,""1999"":103,""2000"":72,""2001"":111,""2002"":81,""2003"":108,""2004"":127,""2005"":102,""2006"":101,""2007"":116,""2008"":120,""2009"":159,""2010"":153,""2011"":167,""2012"":169,""2013"":163,""2014"":157,""2015"":175,""2016"":178,""2017"":206,""2018"":141,""2019"":130,""2020"":123,""2021"":94,""2022"":103,""2023"":50,""2024"":49,""2025"":44,""2026"":10}"
Vincent Conitzer,https://scholar.google.com/citations?user=juRk4lQAAAAJ,2026-09-16,"Professor of CS, Carnegie Mellon University","[""artificial intelligence"", ""computer science"", ""economics"", ""philosophy"", ""game theory""]",19858,73,227,8348,43,157,2003,"{""2003"":79,""2004"":140,""2005"":211,""2006"":263,""2007"":371,""2008"":387,""2009"":491,""2010"":693,""2011"":668,""2012"":807,""2013"":688,""2014"":779,""2015"":811,""2016"":929,""2017"":842,""2018"":915,""2019"":1096,""2020"":994,""2021"":1089,""2022"":1115,""2023"":1209,""2024"":1421,""2025"":1635,""2026"":1851}"
Wendy E. Mackay,https://scholar.google.com/citations?user=nxSqwG4AAAAJ,2026-09-16,"Inria, LISN, Université Paris-Saclay","[""Human Computer Interaction""]",17347,66,172,5942,40,114,1991,"{""1991"":53,""1992"":59,""1993"":79,""1994"":104,""1995"":111,""1996"":86,""1997"":102,""1998"":119,""1999"":190,""2000"":180,""2001"":201,""2002"":201,""2003"":308,""2004"":397,""2005"":333,""2006"":425,""2007"":451,""2008"":410,""2009"":434,""2010"":422,""2011"":458,""2012"":522,""2013"":556,""2014"":605,""2015"":630,""2016"":638,""2017"":711,""2018"":730,""2019"":764,""2020"":785,""2021"":793,""2022"":925,""2023"":1084,""2024"":1017,""2025"":1137,""2026"":971}"
Xiang-Yang Li,https://scholar.google.com/citations?user=JURtNb0AAAAJ,2026-09-16,"ACM Fellow, IEEE Fellow; Professor, CS @USTC, China;","[""Wireless Networking/Mobile Computing"", ""Cyber-Physical Systems/IoT"", ""Privacy / Security"", ""Data Sharing / Trading""]",34171,99,394,9980,51,213,2002,"{""2002"":117,""2003"":286,""2004"":423,""2005"":633,""2006"":627,""2007"":674,""2008"":880,""2009"":923,""2010"":1074,""2011"":1164,""2012"":1264,""2013"":1495,""2014"":1643,""2015"":1751,""2016"":1877,""2017"":2173,""2018"":2344,""2019"":2262,""2020"":2255,""2021"":2082,""2022"":2060,""2023"":1815,""2024"":1730,""2025"":1534,""2026"":753}"
Xilin Chen,https://scholar.google.com/citations?user=vVx2v20AAAAJ,2026-09-16,"Institute of Computing Technology, Chinese Academy of Sciences","[""Computer Vision"", ""Pattern Recognition"", ""Machine Learning""]",52544,108,393,29771,76,246,2005,"{""2005"":158,""2006"":184,""2007"":288,""2008"":438,""2009"":584,""2010"":672,""2011"":877,""2012"":1103,""2013"":1263,""2014"":1641,""2015"":1870,""2016"":2131,""2017"":2260,""2018"":2568,""2019"":2860,""2020"":3377,""2021"":4620,""2022"":4924,""2023"":5386,""2024"":5544,""2025"":5706,""2026"":3576}"
Yuan Xie,https://scholar.google.com/citations?user=dK2ZuDcAAAAJ,2026-09-16,Chair Professor of Hong Kong University of Science and Technology (HKUST),"[""Computer Architecture"", ""VLSI"", ""EDA"", ""CAD"", ""Embedded Systems""]",57199,116,632,33999,91,434,2006,"{""2006"":233,""2007"":330,""2008"":385,""2009"":658,""2010"":893,""2011"":1004,""2012"":1255,""2013"":1504,""2014"":1541,""2015"":1785,""2016"":1940,""2017"":2183,""2018"":2489,""2019"":2865,""2020"":3321,""2021"":4249,""2022"":5581,""2023"":5975,""2024"":6561,""2025"":6963,""2026"":4638}"
Aaron Hertzmann,https://scholar.google.com/citations?user=ZcWO2AEAAAAJ,2026-09-16,Adobe,"[""Computer graphics"", ""computer vision"", ""machine learning"", ""human-computer interaction""]",32713,76,152,12441,50,122,2001,"{""2001"":119,""2002"":209,""2003"":299,""2004"":433,""2005"":576,""2006"":724,""2007"":814,""2008"":891,""2009"":973,""2010"":1164,""2011"":1180,""2012"":1192,""2013"":1154,""2014"":1268,""2015"":1306,""2016"":1439,""2017"":1448,""2018"":1466,""2019"":1557,""2020"":1666,""2021"":1917,""2022"":2017,""2023"":2118,""2024"":2390,""2025"":2436,""2026"":1533}"
Adnan Darwiche,https://scholar.google.com/citations?user=NzyvbZoAAAAJ,2026-09-16,"Professor of Computer Science, UCLA","[""artificial intelligence"", ""knowledge representation and reasoning"", ""machine learning""]",20811,70,175,7314,42,106,1997,"{""1997"":79,""1998"":84,""1999"":98,""2000"":103,""2001"":136,""2002"":198,""2003"":211,""2004"":248,""2005"":363,""2006"":402,""2007"":527,""2008"":662,""2009"":622,""2010"":730,""2011"":713,""2012"":751,""2013"":790,""2014"":759,""2015"":903,""2016"":872,""2017"":916,""2018"":903,""2019"":854,""2020"":1125,""2021"":1280,""2022"":1114,""2023"":1508,""2024"":1214,""2025"":1187,""2026"":1008}"
Alec Wolman,https://scholar.google.com/citations?user=DVml6kMAAAAJ,2026-09-16,Microsoft Research,"[""Mobile Systems"", ""Operating Systems"", ""Distributed Systems"", ""Security""]",17988,60,113,3849,32,62,1999,"{""1999"":51,""2000"":64,""2001"":121,""2002"":173,""2003"":208,""2004"":340,""2005"":382,""2006"":416,""2007"":411,""2008"":446,""2009"":480,""2010"":569,""2011"":670,""2012"":792,""2013"":908,""2014"":1055,""2015"":1137,""2016"":1178,""2017"":1236,""2018"":1196,""2019"":1035,""2020"":920,""2021"":842,""2022"":861,""2023"":591,""2024"":635,""2025"":582,""2026"":338}"
Alex C. Snoeren,https://scholar.google.com/citations?user=lBzZU1IAAAAJ,2026-09-16,UC San Diego,"[""Networking"", ""Distributed Systems"", ""Security"", ""wireless networks""]",16873,60,138,4834,34,78,2001,"{""2001"":68,""2002"":178,""2003"":268,""2004"":389,""2005"":485,""2006"":527,""2007"":646,""2008"":641,""2009"":710,""2010"":682,""2011"":724,""2012"":690,""2013"":670,""2014"":686,""2015"":746,""2016"":727,""2017"":676,""2018"":763,""2019"":724,""2020"":829,""2021"":807,""2022"":814,""2023"":781,""2024"":887,""2025"":910,""2026"":630}"
Amit Sahai,https://scholar.google.com/citations?user=gqB23VMAAAAJ,2026-09-16,"Symantec Chair in Computer Science; Professor of Computer Science and Mathematics, UCLA","[""Cryptography"", ""Theoretical Computer Science"", ""Computational Complexity"", ""Secure Computation""]",68972,94,242,24056,59,180,2002,"{""2002"":198,""2003"":289,""2004"":388,""2005"":432,""2006"":561,""2007"":650,""2008"":834,""2009"":1004,""2010"":1365,""2011"":1620,""2012"":2151,""2013"":2698,""2014"":3772,""2015"":4756,""2016"":4930,""2017"":4709,""2018"":4607,""2019"":4497,""2020"":4546,""2021"":4196,""2022"":4205,""2023"":4418,""2024"":4172,""2025"":4412,""2026"":2651}"
Amy Bruckman,https://scholar.google.com/citations?user=IdWa_JkAAAAJ,2026-09-16,"Regents' Professor, Interactive Computing, Georgia Institute of Technology","[""social computing"", ""collaborative computing""]",20333,73,157,7497,44,109,1996,"{""1996"":71,""1997"":71,""1998"":94,""1999"":131,""2000"":142,""2001"":143,""2002"":238,""2003"":229,""2004"":267,""2005"":290,""2006"":364,""2007"":439,""2008"":615,""2009"":606,""2010"":625,""2011"":675,""2012"":741,""2013"":774,""2014"":719,""2015"":841,""2016"":762,""2017"":732,""2018"":856,""2019"":887,""2020"":1012,""2021"":1106,""2022"":1240,""2023"":1228,""2024"":1304,""2025"":1539,""2026"":1068}"
Andre DeHon,https://scholar.google.com/citations?user=nintPk8AAAAJ,2026-09-16,University of Pennsylvania,"[""Spatial Computing"", ""FPGAs"", ""Reconfigurable"", ""Interconnect"", ""Hardware Security""]",17213,65,158,2521,27,57,1996,"{""1996"":71,""1997"":89,""1998"":142,""1999"":187,""2000"":241,""2001"":266,""2002"":342,""2003"":379,""2004"":483,""2005"":540,""2006"":742,""2007"":1069,""2008"":899,""2009"":1217,""2010"":1197,""2011"":861,""2012"":906,""2013"":757,""2014"":793,""2015"":719,""2016"":567,""2017"":488,""2018"":517,""2019"":467,""2020"":396,""2021"":467,""2022"":522,""2023"":486,""2024"":470,""2025"":356,""2026"":216}"
B.S. Manjunath,https://scholar.google.com/citations?user=wRYM4qgAAAAJ,2026-09-16,"Distinguished Professor, Electrical & Computer Engineering, University of California, Santa Barbara","[""Multimodal Langauage Models"", ""Machine Learning"", ""computer vision"", ""camera networks""]",48182,80,289,11218,40,116,1996,"{""1996"":145,""1997"":246,""1998"":356,""1999"":486,""2000"":513,""2001"":674,""2002"":912,""2003"":1223,""2004"":1538,""2005"":1672,""2006"":1782,""2007"":1992,""2008"":1939,""2009"":2000,""2010"":2138,""2011"":1909,""2012"":2000,""2013"":2093,""2014"":2130,""2015"":1905,""2016"":1775,""2017"":1606,""2018"":1663,""2019"":1679,""2020"":1817,""2021"":2041,""2022"":2039,""2023"":2040,""2024"":1942,""2025"":1935,""2026"":1218}"
Bhavani Thuraisingham,https://scholar.google.com/citations?user=o_xUNWkAAAAJ,2026-09-16,"Cyber Security Research and Education Institute, University of Texas at Dallas","[""Cyber Security"", ""Artificial Intelligence and Machine Learning"", ""Cloud and Services Computing""]",21270,75,320,6943,38,132,1996,"{""1996"":66,""1997"":73,""1998"":84,""1999"":86,""2000"":75,""2001"":112,""2002"":146,""2003"":167,""2004"":200,""2005"":283,""2006"":251,""2007"":323,""2008"":379,""2009"":419,""2010"":656,""2011"":667,""2012"":891,""2013"":1003,""2014"":1118,""2015"":1013,""2016"":1235,""2017"":1091,""2018"":1119,""2019"":1207,""2020"":1151,""2021"":1145,""2022"":1431,""2023"":1235,""2024"":1236,""2025"":1123,""2026"":758}"
Bruce Maggs,https://scholar.google.com/citations?user=Gwrwxa0AAAAJ,2026-09-16,"Professor of Computer Science, Duke University","[""Networking"", ""Distributed Systems"", ""Security""]",16516,65,127,3476,30,62,1990,"{""1990"":52,""1991"":83,""1992"":117,""1993"":134,""1994"":158,""1995"":156,""1996"":171,""1997"":202,""1998"":213,""1999"":187,""2000"":194,""2001"":178,""2002"":192,""2003"":246,""2004"":335,""2005"":477,""2006"":577,""2007"":615,""2008"":595,""2009"":601,""2010"":614,""2011"":632,""2012"":630,""2013"":655,""2014"":631,""2015"":652,""2016"":691,""2017"":741,""2018"":728,""2019"":612,""2020"":696,""2021"":690,""2022"":647,""2023"":604,""2024"":586,""2025"":568,""2026"":380}"
Dan Halperin,https://scholar.google.com/citations?user=2-e0jiEAAAAJ,2026-09-16,"Professor of Computer Science, Tel Aviv University","[""computational geometry"", ""robust geometric computing"", ""robotics and automation"", ""motion planning""]",8600,54,138,2274,24,50,1993,"{""1993"":41,""1994"":68,""1995"":85,""1996"":78,""1997"":82,""1998"":116,""1999"":136,""2000"":161,""2001"":135,""2002"":166,""2003"":145,""2004"":234,""2005"":198,""2006"":230,""2007"":372,""2008"":278,""2009"":304,""2010"":293,""2011"":210,""2012"":281,""2013"":285,""2014"":265,""2015"":232,""2016"":357,""2017"":386,""2018"":315,""2019"":290,""2020"":377,""2021"":358,""2022"":349,""2023"":414,""2024"":430,""2025"":398,""2026"":318}"
David Basin,https://scholar.google.com/citations?user=-BA-kHYAAAAJ,2026-09-16,"Professor of Computer Science, ETH Zurich; Affiliated Faculty, INSAIT, Sofia University","[""Security"", ""Computer Security"", ""Formal Methods"", ""Verification""]",24117,72,287,9413,44,155,1996,"{""1996"":112,""1997"":98,""1998"":89,""1999"":83,""2000"":140,""2001"":107,""2002"":162,""2003"":175,""2004"":259,""2005"":325,""2006"":399,""2007"":491,""2008"":527,""2009"":639,""2010"":682,""2011"":774,""2012"":855,""2013"":784,""2014"":915,""2015"":991,""2016"":835,""2017"":1014,""2018"":1077,""2019"":1301,""2020"":1403,""2021"":1567,""2022"":1513,""2023"":1558,""2024"":1645,""2025"":1830,""2026"":1295}"
David C. Parkes,https://scholar.google.com/citations?user=JUn8PgwAAAAJ,2026-09-16,"George F. Colony Professor of Computer Science, John A. Paulson Dean, Harvard University","[""Economics and Computation"", ""Multi-Agent Systems""]",27192,87,293,12640,50,172,2001,"{""2001"":80,""2002"":135,""2003"":216,""2004"":392,""2005"":464,""2006"":521,""2007"":634,""2008"":640,""2009"":775,""2010"":723,""2011"":687,""2012"":767,""2013"":886,""2014"":984,""2015"":898,""2016"":909,""2017"":845,""2018"":962,""2019"":1075,""2020"":1384,""2021"":1731,""2022"":1693,""2023"":1764,""2024"":2250,""2025"":2774,""2026"":2399}"
Elizabeth Belding,https://scholar.google.com/citations?user=3G79TTEAAAAJ,2026-09-16,UC Santa Barbara,"[""mobile networking"", ""wireless networks"", ""ICT4D""]",59551,66,170,6338,29,68,2000,"{""2000"":260,""2001"":549,""2002"":1041,""2003"":1680,""2004"":2502,""2005"":3155,""2006"":3353,""2007"":3575,""2008"":3586,""2009"":3510,""2010"":3868,""2011"":3791,""2012"":3503,""2013"":3417,""2014"":3149,""2015"":2684,""2016"":2405,""2017"":1849,""2018"":1616,""2019"":1407,""2020"":1320,""2021"":1256,""2022"":1234,""2023"":1105,""2024"":1038,""2025"":1086,""2026"":616}"
Ellen Voorhees,https://scholar.google.com/citations?user=Bfs9j20AAAAJ,2026-09-16,NIST,"[""information retrieval""]",29290,68,132,7061,38,72,1995,"{""1995"":89,""1996"":88,""1997"":180,""1998"":252,""1999"":332,""2000"":487,""2001"":499,""2002"":690,""2003"":840,""2004"":953,""2005"":1019,""2006"":1224,""2007"":1228,""2008"":1284,""2009"":1139,""2010"":1206,""2011"":1083,""2012"":1093,""2013"":1115,""2014"":1034,""2015"":949,""2016"":1043,""2017"":956,""2018"":985,""2019"":918,""2020"":882,""2021"":1095,""2022"":1099,""2023"":1068,""2024"":1272,""2025"":1373,""2026"":1144}"
Li Fei-Fei,https://scholar.google.com/citations?user=rDfyQnIAAAAJ,2026-09-16,"Professor of Computer Science, Stanford University","[""Artificial Intelligence"", ""Machine Learning"", ""Computer Vision"", ""Neuroscience""]",373724,181,467,254162,143,423,2008,"{""2008"":931,""2009"":1329,""2010"":1991,""2011"":2310,""2012"":2791,""2013"":3453,""2014"":4215,""2015"":5593,""2016"":8570,""2017"":12333,""2018"":18179,""2019"":24595,""2020"":30060,""2021"":36524,""2022"":38434,""2023"":41853,""2024"":46326,""2025"":51885,""2026"":38849}"
Frank Mueller,https://scholar.google.com/citations?user=1hEE9ZsAAAAJ,2026-09-16,"Professor of Computer Science, North Carolina State University","[""Parallel and Distributed Systems"", ""High-Performance Computing"", ""Embedded Systems"", ""Real-Time Systems"", ""Compilers""]",15097,58,193,2788,23,61,1994,"{""1994"":73,""1995"":84,""1996"":66,""1997"":116,""1998"":79,""1999"":147,""2000"":106,""2001"":147,""2002"":171,""2003"":197,""2004"":205,""2005"":308,""2006"":345,""2007"":388,""2008"":533,""2009"":696,""2010"":645,""2011"":712,""2012"":703,""2013"":760,""2014"":858,""2015"":866,""2016"":888,""2017"":791,""2018"":778,""2019"":837,""2020"":601,""2021"":564,""2022"":450,""2023"":444,""2024"":423,""2025"":491,""2026"":413}"
Gerald Tesauro,https://scholar.google.com/citations?user=5_UCvUgAAAAJ,2026-09-16,IBM Research,"[""Machine Learning"", ""Reinforcement Learning"", ""Multi-Agent Learning""]",21273,65,121,6953,36,74,1989,"{""1989"":81,""1990"":104,""1991"":98,""1992"":91,""1993"":154,""1994"":170,""1995"":147,""1996"":198,""1997"":190,""1998"":220,""1999"":190,""2000"":223,""2001"":310,""2002"":291,""2003"":418,""2004"":363,""2005"":443,""2006"":515,""2007"":611,""2008"":600,""2009"":665,""2010"":621,""2011"":674,""2012"":616,""2013"":617,""2014"":608,""2015"":524,""2016"":567,""2017"":584,""2018"":830,""2019"":1039,""2020"":1174,""2021"":1307,""2022"":1370,""2023"":1313,""2024"":1259,""2025"":1121,""2026"":583}"
Gul Agha,https://scholar.google.com/citations?user=orHlhhQAAAAJ,2026-09-16,"Professor of Comp. Science, University of Illinois at Urbana-Champaign & Chief Scientist StructureIQ","[""Programming Languages"", ""Concurrency Theory"", ""Formal Methods"", ""Software Engineering"", ""Sensor Networks""]",24504,66,204,4025,24,57,1988,"{""1988"":125,""1989"":135,""1990"":177,""1991"":248,""1992"":287,""1993"":328,""1994"":383,""1995"":328,""1996"":475,""1997"":435,""1998"":438,""1999"":410,""2000"":366,""2001"":332,""2002"":313,""2003"":362,""2004"":473,""2005"":527,""2006"":700,""2007"":708,""2008"":712,""2009"":753,""2010"":916,""2011"":973,""2012"":1006,""2013"":1044,""2014"":1096,""2015"":1118,""2016"":1024,""2017"":925,""2018"":1029,""2019"":977,""2020"":870,""2021"":769,""2022"":794,""2023"":675,""2024"":654,""2025"":707,""2026"":424}"
Huan Liu,https://scholar.google.com/citations?user=Dzf46C8AAAAJ,2026-09-16,"Regents Professor, Arizona State University","[""AI"", ""Data Mining"", ""Feature Selection"", ""Social Computing"", ""Social Media Mining""]",133336,155,745,66228,111,567,2001,"{""2001"":342,""2002"":455,""2003"":576,""2004"":738,""2005"":1011,""2006"":1098,""2007"":1266,""2008"":1640,""2009"":1970,""2010"":2186,""2011"":2430,""2012"":2887,""2013"":3228,""2014"":4149,""2015"":4681,""2016"":5484,""2017"":6064,""2018"":7117,""2019"":8352,""2020"":9176,""2021"":9961,""2022"":11051,""2023"":11117,""2024"":11772,""2025"":13668,""2026"":8569}"
Jan Camenisch,https://scholar.google.com/citations?user=T6esJiIAAAAJ,2026-09-16,Category Labs,"[""Privacy"", ""Cryptography"", ""Cryptographic Protocols"", ""Identity Management""]",33208,83,218,9416,47,145,1998,"{""1998"":105,""1999"":169,""2000"":145,""2001"":217,""2002"":338,""2003"":496,""2004"":678,""2005"":872,""2006"":1013,""2007"":1058,""2008"":1090,""2009"":1282,""2010"":1691,""2011"":1400,""2012"":1417,""2013"":1393,""2014"":1509,""2015"":1382,""2016"":1295,""2017"":1195,""2018"":1361,""2019"":1516,""2020"":1767,""2021"":1742,""2022"":1845,""2023"":1596,""2024"":1561,""2025"":1702,""2026"":970}"
Jessica Hodgins,https://scholar.google.com/citations?user=vswo4rQAAAAJ,2026-09-16,"Professor of Computer Science and Robotics, Carnegie Mellon University","[""Computer Graphics"", ""Animation"", ""Humanoid Robotics""]",31824,94,235,8993,53,158,1995,"{""1995"":101,""1996"":78,""1997"":131,""1998"":181,""1999"":220,""2000"":284,""2001"":294,""2002"":413,""2003"":481,""2004"":640,""2005"":799,""2006"":958,""2007"":1049,""2008"":999,""2009"":1147,""2010"":1169,""2011"":1193,""2012"":1241,""2013"":1262,""2014"":1346,""2015"":1402,""2016"":1377,""2017"":1490,""2018"":1334,""2019"":1339,""2020"":1285,""2021"":1447,""2022"":1438,""2023"":1566,""2024"":1648,""2025"":1716,""2026"":1151}"
Jiebo Luo,https://scholar.google.com/citations?user=CcbnBvgAAAAJ,2026-09-16,"Albert Arendt Hopeman Professor of Engineering, University of Rochester","[""AI"", ""multimedia"", ""computational social science"", ""AI for health"", ""big data analytics""]",76267,138,601,47100,97,455,2004,"{""2004"":225,""2005"":327,""2006"":394,""2007"":409,""2008"":612,""2009"":754,""2010"":1067,""2011"":1342,""2012"":1539,""2013"":1774,""2014"":1853,""2015"":1973,""2016"":2135,""2017"":2510,""2018"":2829,""2019"":3768,""2020"":4715,""2021"":6483,""2022"":7183,""2023"":7776,""2024"":8998,""2025"":9836,""2026"":6787}"
Johan Håstad,https://scholar.google.com/citations?user=n0QrdEMAAAAJ,2026-09-16,"Professor i teoretisk datalogi, KTH","[""complexity theory"", ""efficient algorithms"", ""cryptography""]",19667,53,101,4387,29,51,1988,"{""1988"":70,""1989"":98,""1990"":152,""1991"":179,""1992"":194,""1993"":200,""1994"":236,""1995"":225,""1996"":270,""1997"":249,""1998"":310,""1999"":241,""2000"":321,""2001"":346,""2002"":434,""2003"":453,""2004"":419,""2005"":583,""2006"":552,""2007"":570,""2008"":588,""2009"":656,""2010"":636,""2011"":590,""2012"":661,""2013"":637,""2014"":748,""2015"":671,""2016"":670,""2017"":712,""2018"":695,""2019"":705,""2020"":708,""2021"":708,""2022"":748,""2023"":661,""2024"":718,""2025"":832,""2026"":715}"
John Hughes,https://scholar.google.com/citations?user=adD4xmAAAAAJ,2026-09-16,"Professor of Computer Science and Engineering, Chalmers University","[""Functional programming"", ""programming languages"", ""software testing"", ""random testing"", ""property-based testing""]",16704,47,100,2685,25,35,1987,"{""1987"":66,""1988"":62,""1989"":84,""1990"":125,""1991"":190,""1992"":230,""1993"":287,""1994"":310,""1995"":339,""1996"":259,""1997"":277,""1998"":330,""1999"":313,""2000"":348,""2001"":335,""2002"":350,""2003"":357,""2004"":435,""2005"":533,""2006"":482,""2007"":629,""2008"":613,""2009"":671,""2010"":620,""2011"":549,""2012"":550,""2013"":562,""2014"":517,""2015"":556,""2016"":500,""2017"":570,""2018"":561,""2019"":590,""2020"":483,""2021"":423,""2022"":427,""2023"":448,""2024"":479,""2025"":465,""2026"":443}"
Juan E. Gilbert,https://scholar.google.com/citations?user=FKbHXRUAAAAJ,2026-09-16,University of Florida,"[""Computing for Social Good"", ""Voting Systems"", ""Electronic Voting"", ""Ethical AI"", ""Applied AI""]",5636,35,107,3547,26,61,2001,"{""2001"":19,""2002"":29,""2003"":25,""2004"":26,""2005"":41,""2006"":50,""2007"":43,""2008"":61,""2009"":88,""2010"":76,""2011"":65,""2012"":88,""2013"":83,""2014"":135,""2015"":109,""2016"":152,""2017"":167,""2018"":157,""2019"":263,""2020"":319,""2021"":412,""2022"":489,""2023"":611,""2024"":735,""2025"":809,""2026"":483}"
Katy Borner,https://scholar.google.com/citations?user=YirSp_cAAAAJ,2026-09-16,"Victor H. Yngve Distinguished Professor of Engineering and Information Science, Indiana University","[""Network Science"", ""Information Visualization"", ""Scientometrics"", ""Science Studies"", ""Cyberinfrastructure""]",22936,59,151,10766,39,98,2003,"{""2003"":71,""2004"":147,""2005"":172,""2006"":277,""2007"":347,""2008"":409,""2009"":516,""2010"":481,""2011"":589,""2012"":691,""2013"":787,""2014"":925,""2015"":844,""2016"":894,""2017"":901,""2018"":1062,""2019"":1179,""2020"":1203,""2021"":1589,""2022"":1685,""2023"":1780,""2024"":1934,""2025"":2177,""2026"":1573}"
Kimberly Keeton,https://scholar.google.com/citations?user=wR_tv-kAAAAJ,2026-09-16,Google,"[""computer systems"", ""operating systems"", ""distributed systems"", ""storage and information management"", ""performance evaluation""]",8862,41,94,2325,20,34,1994,"{""1994"":26,""1995"":48,""1996"":98,""1997"":131,""1998"":180,""1999"":196,""2000"":201,""2001"":185,""2002"":229,""2003"":215,""2004"":232,""2005"":189,""2006"":216,""2007"":218,""2008"":263,""2009"":238,""2010"":253,""2011"":204,""2012"":215,""2013"":219,""2014"":303,""2015"":300,""2016"":300,""2017"":340,""2018"":448,""2019"":495,""2020"":507,""2021"":502,""2022"":504,""2023"":385,""2024"":386,""2025"":339,""2026"":208}"
Krste Asanovic,https://scholar.google.com/citations?user=e4I7ihkAAAAJ,2026-09-16,UC Berkeley,"[""Computer Architecture"", ""VLSI Design"", ""Parallel Programming""]",34479,77,205,14623,47,129,1998,"{""1998"":110,""1999"":92,""2000"":100,""2001"":125,""2002"":189,""2003"":248,""2004"":261,""2005"":367,""2006"":443,""2007"":614,""2008"":787,""2009"":938,""2010"":1099,""2011"":1120,""2012"":1084,""2013"":1151,""2014"":1174,""2015"":1205,""2016"":1372,""2017"":1516,""2018"":1594,""2019"":1764,""2020"":1982,""2021"":2236,""2022"":2343,""2023"":2541,""2024"":2641,""2025"":2931,""2026"":1931}"
Lili Qiu,https://scholar.google.com/citations?user=16posrQAAAAJ,2026-09-16,"NAI Fellow, ACM Fellow, IEEE Fellow, Professor, Dept. of Computer Science, The University of Texas","[""Networking"", ""Sensing"", ""System"", ""Machine Learning"", ""Mobile Computing""]",22991,72,212,8457,43,130,2001,"{""2001"":76,""2002"":166,""2003"":229,""2004"":367,""2005"":457,""2006"":598,""2007"":684,""2008"":847,""2009"":843,""2010"":925,""2011"":952,""2012"":1044,""2013"":964,""2014"":961,""2015"":963,""2016"":868,""2017"":833,""2018"":878,""2019"":821,""2020"":850,""2021"":792,""2022"":775,""2023"":657,""2024"":1262,""2025"":2307,""2026"":2641}"
Lillian Lee,https://scholar.google.com/citations?user=oJESe-cAAAAJ,2026-09-16,"Professor of Computer Science, Cornell University. Pls see my homepg for data+updates+slides+etc","[""natural language processing"", ""computational social science"", ""pubs hand-verified as truly mine""]",51667,46,60,14385,30,47,2001,"{""2001"":138,""2002"":188,""2003"":184,""2004"":306,""2005"":474,""2006"":550,""2007"":682,""2008"":880,""2009"":1175,""2010"":1587,""2011"":1744,""2012"":2216,""2013"":2547,""2014"":2995,""2015"":3318,""2016"":3506,""2017"":3443,""2018"":3653,""2019"":3490,""2020"":3137,""2021"":2876,""2022"":2606,""2023"":2521,""2024"":2301,""2025"":2523,""2026"":1555}"
Matthew Roughan,https://scholar.google.com/citations?user=Mnkm_NsAAAAJ,2026-09-16,"School of Mathematical Sciences, University of Adelaide","[""Network Modelling"", ""Network Measurements"", ""Network Management""]",12261,45,115,3835,24,54,2001,"{""2001"":31,""2002"":52,""2003"":105,""2004"":213,""2005"":257,""2006"":363,""2007"":424,""2008"":477,""2009"":486,""2010"":476,""2011"":524,""2012"":491,""2013"":531,""2014"":518,""2015"":537,""2016"":499,""2017"":544,""2018"":548,""2019"":568,""2020"":612,""2021"":643,""2022"":625,""2023"":609,""2024"":715,""2025"":767,""2026"":470}"
Michael Littman,https://scholar.google.com/citations?user=iRMZ2hoAAAAJ,2026-09-16,Brown University,"[""reinforcement learning"", ""machine learning"", ""artificial intelligence""]",72394,102,274,27607,69,179,1996,"{""1996"":232,""1997"":341,""1998"":491,""1999"":496,""2000"":624,""2001"":657,""2002"":851,""2003"":1062,""2004"":1282,""2005"":1497,""2006"":1490,""2007"":1845,""2008"":1840,""2009"":1899,""2010"":2123,""2011"":2187,""2012"":2246,""2013"":2346,""2014"":2228,""2015"":2242,""2016"":2323,""2017"":2485,""2018"":2990,""2019"":3429,""2020"":4088,""2021"":4299,""2022"":4437,""2023"":4901,""2024"":5098,""2025"":4983,""2026"":3877}"
Minos Garofalakis,https://scholar.google.com/citations?user=WemX9rAAAAAJ,2026-09-16,"Professor, ECE, Technical University of Crete; ACM/IEEE Fellow; Member Academia Europaea.","[""Big Data Analytics"", ""Data Streams"", ""Query Optimization"", ""Database Systems""]",17525,70,144,2620,26,62,2001,"{""2001"":127,""2002"":236,""2003"":406,""2004"":539,""2005"":749,""2006"":836,""2007"":911,""2008"":967,""2009"":1082,""2010"":934,""2011"":921,""2012"":976,""2013"":897,""2014"":840,""2015"":745,""2016"":741,""2017"":654,""2018"":689,""2019"":729,""2020"":601,""2021"":610,""2022"":516,""2023"":412,""2024"":396,""2025"":450,""2026"":236}"
MohammadTaghi Hajiaghayi,https://scholar.google.com/citations?user=SQ1eGN4AAAAJ,2026-09-16,"ACM Fellow, Jack and Rita Minker Professor of Computer Science, University of Maryland, College Park","[""Algorithms"", ""Game Theory"", ""Network Design"", ""Social Networks"", ""BIG Networks""]",20337,81,279,7434,45,191,2003,"{""2003"":90,""2004"":146,""2005"":279,""2006"":268,""2007"":355,""2008"":492,""2009"":531,""2010"":602,""2011"":751,""2012"":915,""2013"":822,""2014"":862,""2015"":874,""2016"":934,""2017"":1047,""2018"":1236,""2019"":1111,""2020"":1259,""2021"":1274,""2022"":1351,""2023"":1211,""2024"":1261,""2025"":1300,""2026"":1031}"
N. Asokan,https://scholar.google.com/citations?user=0MqQ8AgAAAAJ,2026-09-16,"Professor of Computer Science, University of Waterloo","[""Information Security"", ""Systems Security"", ""Trusted Computing"", ""Computer Security"", ""Privacy""]",26964,77,228,11234,47,130,1998,"{""1998"":114,""1999"":154,""2000"":202,""2001"":176,""2002"":225,""2003"":402,""2004"":439,""2005"":549,""2006"":571,""2007"":575,""2008"":634,""2009"":619,""2010"":714,""2011"":669,""2012"":634,""2013"":759,""2014"":815,""2015"":770,""2016"":888,""2017"":1032,""2018"":1196,""2019"":1470,""2020"":1740,""2021"":1948,""2022"":2087,""2023"":1929,""2024"":2028,""2025"":1952,""2026"":1285}"
Paul Barham,https://scholar.google.com/citations?user=q34R9psAAAAJ,2026-09-16,Google DeepMind,"[""Performance"", ""Distributed Systems"", ""Operating Systems"", ""Networking"", ""Machine Learning""]",130621,58,103,85150,41,67,2006,"{""2006"":557,""2007"":759,""2008"":912,""2009"":1034,""2010"":1312,""2011"":1265,""2012"":1291,""2013"":1344,""2014"":1249,""2015"":1199,""2016"":1843,""2017"":3945,""2018"":7374,""2019"":9326,""2020"":10328,""2021"":10810,""2022"":10329,""2023"":11217,""2024"":15543,""2025"":21070,""2026"":16059}"
Peter Bartlett,https://scholar.google.com/citations?user=yQNhFGUAAAAJ,2026-09-16,"Professor, EECS and Statistics, UC Berkeley","[""machine learning"", ""statistical learning theory"", ""adaptive control""]",68347,93,266,32675,71,192,1998,"{""1998"":221,""1999"":331,""2000"":397,""2001"":505,""2002"":663,""2003"":770,""2004"":889,""2005"":1001,""2006"":1160,""2007"":1283,""2008"":1408,""2009"":1515,""2010"":1643,""2011"":1682,""2012"":1850,""2013"":1800,""2014"":1791,""2015"":1916,""2016"":1962,""2017"":2131,""2018"":2524,""2019"":3271,""2020"":3989,""2021"":4587,""2022"":4885,""2023"":5264,""2024"":5922,""2025"":6300,""2026"":5667}"
Prem Devanbu,https://scholar.google.com/citations?user=tQ5vbOAAAAAJ,2026-09-16,"Distinguished Research Professor (பேராசிரியர்), Member, European Academy, ACM Fellow, UC Davis","[""Empirical Software Engineering"", ""\""Naturalness\"" of Software"", ""Software Engineering""]",26740,76,167,11313,53,101,1992,"{""1992"":74,""1993"":68,""1994"":97,""1995"":80,""1996"":81,""1997"":96,""1998"":114,""1999"":143,""2000"":142,""2001"":187,""2002"":188,""2003"":272,""2004"":342,""2005"":362,""2006"":359,""2007"":391,""2008"":381,""2009"":476,""2010"":558,""2011"":564,""2012"":620,""2013"":781,""2014"":822,""2015"":949,""2016"":1117,""2017"":1122,""2018"":1411,""2019"":1600,""2020"":1629,""2021"":1567,""2022"":1667,""2023"":1782,""2024"":1972,""2025"":2383,""2026"":1934}"
Rastislav Bodik,https://scholar.google.com/citations?user=YrihYtsAAAAJ,2026-09-16,University of Washington,"[""Programming Languages"", ""Program Synthesis""]",19446,55,99,6361,35,71,1999,"{""1999"":53,""2000"":46,""2001"":62,""2002"":103,""2003"":149,""2004"":220,""2005"":221,""2006"":297,""2007"":385,""2008"":570,""2009"":710,""2010"":825,""2011"":848,""2012"":826,""2013"":853,""2014"":862,""2015"":911,""2016"":885,""2017"":971,""2018"":918,""2019"":1014,""2020"":1103,""2021"":1087,""2022"":1038,""2023"":1144,""2024"":1124,""2025"":1121,""2026"":846}"
Salil Vadhan,https://scholar.google.com/citations?user=dqVjyRQAAAAJ,2026-09-16,"Vicky Joseph Professor of Computer Science and Applied Mathematics, Harvard University","[""theoretical computer science: computational complexity"", ""cryptography"", ""and data privacy""]",24688,75,163,9966,46,120,2000,"{""2000"":70,""2001"":86,""2002"":146,""2003"":209,""2004"":265,""2005"":345,""2006"":473,""2007"":478,""2008"":545,""2009"":488,""2010"":636,""2011"":646,""2012"":791,""2013"":901,""2014"":965,""2015"":1023,""2016"":1092,""2017"":1186,""2018"":1244,""2019"":1343,""2020"":1478,""2021"":1523,""2022"":1597,""2023"":1821,""2024"":1851,""2025"":1865,""2026"":1302}"
Sandhya Dwarkadas,https://scholar.google.com/citations?user=L1pb8GUAAAAJ,2026-09-16,"Walter N. Munster Professor, Computer Science, University of Virginia",[],14543,53,120,1364,18,31,1994,"{""1994"":84,""1995"":132,""1996"":240,""1997"":359,""1998"":437,""1999"":489,""2000"":406,""2001"":376,""2002"":333,""2003"":481,""2004"":666,""2005"":682,""2006"":618,""2007"":701,""2008"":622,""2009"":657,""2010"":634,""2011"":618,""2012"":543,""2013"":549,""2014"":531,""2015"":501,""2016"":539,""2017"":466,""2018"":408,""2019"":402,""2020"":386,""2021"":279,""2022"":300,""2023"":228,""2024"":218,""2025"":210,""2026"":129}"
Sanjeev Khanna,https://scholar.google.com/citations?user=HriWXcEAAAAJ,2026-09-16,"Professor of Computer Science, Courant Institute, New York University","[""Theoretical computer science""]",19441,73,192,5311,36,115,1996,"{""1996"":51,""1997"":94,""1998"":85,""1999"":75,""2000"":107,""2001"":157,""2002"":227,""2003"":304,""2004"":493,""2005"":576,""2006"":634,""2007"":669,""2008"":643,""2009"":706,""2010"":699,""2011"":757,""2012"":733,""2013"":736,""2014"":735,""2015"":776,""2016"":851,""2017"":817,""2018"":927,""2019"":858,""2020"":927,""2021"":866,""2022"":877,""2023"":858,""2024"":894,""2025"":899,""2026"":917}"
Steven Feiner,https://scholar.google.com/citations?user=PogsVkYAAAAJ,2026-09-16,"Professor of Computer Science, Columbia University","[""Human-Computer Interaction"", ""Augmented Reality"", ""Virtual Reality"", ""3D User Interfaces"", ""Wearable Computing""]",52487,90,248,10618,41,113,1991,"{""1991"":260,""1992"":405,""1993"":602,""1994"":638,""1995"":761,""1996"":820,""1997"":896,""1998"":1104,""1999"":1139,""2000"":1042,""2001"":1144,""2002"":1301,""2003"":1407,""2004"":1674,""2005"":1577,""2006"":1556,""2007"":1595,""2008"":1400,""2009"":1433,""2010"":1362,""2011"":1506,""2012"":1687,""2013"":1693,""2014"":1601,""2015"":1894,""2016"":1789,""2017"":1886,""2018"":2142,""2019"":2128,""2020"":2103,""2021"":2056,""2022"":1997,""2023"":1975,""2024"":1854,""2025"":1738,""2026"":998}"
Tamal K. Dey,https://scholar.google.com/citations?user=k7VhUnAAAAAJ,2026-09-16,"Professor Computer Science, Purdue University","[""Computational Geometry"", ""Computational Topology"", ""Geometric Modeling"", ""Mesh Generation"", ""Topological Data Analysis""]",17729,63,168,4867,34,97,1997,"{""1997"":51,""1998"":94,""1999"":116,""2000"":162,""2001"":198,""2002"":247,""2003"":450,""2004"":471,""2005"":600,""2006"":608,""2007"":684,""2008"":697,""2009"":759,""2010"":643,""2011"":655,""2012"":645,""2013"":746,""2014"":670,""2015"":682,""2016"":632,""2017"":625,""2018"":645,""2019"":614,""2020"":723,""2021"":732,""2022"":778,""2023"":762,""2024"":932,""2025"":887,""2026"":767}"
Thomas Funkhouser,https://scholar.google.com/citations?user=BghVDhgAAAAJ,2026-09-16,Princeton University and Google,"[""Computer Graphics"", ""Computer Vision"", ""Shape Analysis"", ""Geometric Modeling"", ""Geometry Processing""]",71391,102,180,41929,62,127,1999,"{""1999"":183,""2000"":218,""2001"":270,""2002"":349,""2003"":533,""2004"":708,""2005"":793,""2006"":960,""2007"":1025,""2008"":1062,""2009"":1031,""2010"":1337,""2011"":1335,""2012"":1282,""2013"":1375,""2014"":1416,""2015"":1508,""2016"":1579,""2017"":1628,""2018"":2461,""2019"":3218,""2020"":4079,""2021"":5044,""2022"":6028,""2023"":7537,""2024"":8575,""2025"":8548,""2026"":6183}"
Tian He,https://scholar.google.com/citations?user=hc1m_BQAAAAJ,2026-09-16,"Professor, ACM/IEEE Fellow, Department of Computer Science & Engineering, University of Minnesota","[""Cyber Physical Systems"", ""IOT"", ""Wireless Sensor Networks"", ""Real-time Systems""]",34565,87,299,7461,47,187,2004,"{""2004"":286,""2005"":624,""2006"":998,""2007"":1355,""2008"":1561,""2009"":1761,""2010"":2067,""2011"":1898,""2012"":1988,""2013"":1906,""2014"":1903,""2015"":1878,""2016"":1653,""2017"":1766,""2018"":1725,""2019"":1612,""2020"":1731,""2021"":1529,""2022"":1314,""2023"":1223,""2024"":1171,""2025"":1377,""2026"":841}"
Tim Finin,https://scholar.google.com/citations?user=p5oWQ0AAAAAJ,2026-09-16,"University of Maryland, Baltimore County","[""artificial intelligence"", ""knowledge graphs"", ""natural language processing"", ""knowledge representation""]",53776,111,388,6641,35,113,1991,"{""1991"":145,""1992"":177,""1993"":200,""1994"":284,""1995"":407,""1996"":416,""1997"":627,""1998"":716,""1999"":903,""2000"":1072,""2001"":1062,""2002"":1148,""2003"":1359,""2004"":1699,""2005"":1887,""2006"":2255,""2007"":2566,""2008"":2346,""2009"":2416,""2010"":2600,""2011"":2509,""2012"":2586,""2013"":2455,""2014"":2477,""2015"":2291,""2016"":2240,""2017"":1881,""2018"":1762,""2019"":1634,""2020"":1494,""2021"":1313,""2022"":1272,""2023"":1247,""2024"":1128,""2025"":1060,""2026"":618}"
Vishal Misra,https://scholar.google.com/citations?user=IlCfRosAAAAJ,2026-09-17,Professor of Computer Science,"[""Computer Networking"", ""Performance Evaluation""]",16147,53,103,2115,24,47,2001,"{""2001"":172,""2002"":292,""2003"":528,""2004"":811,""2005"":799,""2006"":846,""2007"":882,""2008"":843,""2009"":888,""2010"":901,""2011"":818,""2012"":770,""2013"":769,""2014"":670,""2015"":606,""2016"":641,""2017"":718,""2018"":607,""2019"":599,""2020"":630,""2021"":459,""2022"":489,""2023"":346,""2024"":349,""2025"":303,""2026"":169}"
Wendi B Heinzelman,https://scholar.google.com/citations?user=myYVVuYAAAAJ,2026-09-16,University of Rochester,"[""Wireless communication and networking"", ""ad hoc networks"", ""wireless sensor networks""]",61389,61,146,8654,25,57,2001,"{""2001"":157,""2002"":315,""2003"":597,""2004"":1105,""2005"":1857,""2006"":2289,""2007"":2797,""2008"":3064,""2009"":3343,""2010"":3649,""2011"":3531,""2012"":3911,""2013"":3850,""2014"":3733,""2015"":3664,""2016"":3419,""2017"":2922,""2018"":2897,""2019"":2545,""2020"":2300,""2021"":2104,""2022"":1904,""2023"":1539,""2024"":1307,""2025"":1066,""2026"":734}"
Aarti Gupta,https://scholar.google.com/citations?user=S_jYB2sAAAAJ,2026-09-16,Princeton University,"[""Formal methods"", ""system/software verification"", ""program analysis"", ""SAT/SMT solvers"", ""design automation""]",12433,55,217,3499,29,80,1994,"{""1994"":38,""1995"":43,""1996"":51,""1997"":55,""1998"":46,""1999"":45,""2000"":66,""2001"":83,""2002"":74,""2003"":149,""2004"":187,""2005"":261,""2006"":243,""2007"":324,""2008"":397,""2009"":442,""2010"":459,""2011"":465,""2012"":538,""2013"":573,""2014"":583,""2015"":532,""2016"":489,""2017"":501,""2018"":620,""2019"":634,""2020"":761,""2021"":673,""2022"":628,""2023"":604,""2024"":662,""2025"":547,""2026"":385}"
Aidong Zhang,https://scholar.google.com/citations?user=O8XxkE4AAAAJ,2026-09-16,"Thomas M. Linville Professor of Computer Science, University of Virginia","[""Machine Learning"", ""Data Mining"", ""Bioinformatics"", ""Health Informatics""]",22538,68,309,10544,50,156,1997,"{""1997"":92,""1998"":90,""1999"":111,""2000"":117,""2001"":161,""2002"":256,""2003"":287,""2004"":293,""2005"":377,""2006"":490,""2007"":472,""2008"":484,""2009"":593,""2010"":598,""2011"":552,""2012"":606,""2013"":616,""2014"":680,""2015"":648,""2016"":644,""2017"":688,""2018"":807,""2019"":916,""2020"":1100,""2021"":1266,""2022"":1314,""2023"":1502,""2024"":1895,""2025"":2571,""2026"":1975}"
Alexander Vardy,https://scholar.google.com/citations?user=WtalCkkAAAAJ,2026-09-16,University of California San Diego,"[""Information Theory"", ""Coding Theory"", ""Computational Complexity Theory"", ""Error-Correcting Codes""]",20039,65,161,5925,33,82,1995,"{""1995"":55,""1996"":116,""1997"":75,""1998"":121,""1999"":191,""2000"":136,""2001"":189,""2002"":189,""2003"":272,""2004"":338,""2005"":423,""2006"":506,""2007"":470,""2008"":558,""2009"":485,""2010"":570,""2011"":555,""2012"":680,""2013"":664,""2014"":882,""2015"":806,""2016"":828,""2017"":1122,""2018"":1194,""2019"":1247,""2020"":1075,""2021"":1192,""2022"":1072,""2023"":995,""2024"":1075,""2025"":936,""2026"":652}"
Anand Sivasubramaniam,https://scholar.google.com/citations?user=JWXlepgAAAAJ,2026-09-16,"Charles Godfrey Binder Professor, Penn State University","[""Computer Architecture"", ""Computer Systems"", ""Operating Systems"", ""Performance Evaluation"", ""Datacenters""]",16783,65,225,3201,31,84,1997,"{""1997"":65,""1998"":25,""1999"":70,""2000"":61,""2001"":97,""2002"":220,""2003"":239,""2004"":314,""2005"":410,""2006"":533,""2007"":627,""2008"":625,""2009"":614,""2010"":744,""2011"":752,""2012"":880,""2013"":953,""2014"":995,""2015"":973,""2016"":965,""2017"":796,""2018"":840,""2019"":782,""2020"":703,""2021"":590,""2022"":577,""2023"":516,""2024"":596,""2025"":545,""2026"":375}"
Andreas Moshovos,https://scholar.google.com/citations?user=D2VLt-8AAAAJ,2026-09-16,"Professor, Electrical and Computer Engineering, University of Toronto","[""Computer Architecture""]",10910,49,99,3988,29,57,1998,"{""1998"":57,""1999"":76,""2000"":99,""2001"":114,""2002"":139,""2003"":165,""2004"":220,""2005"":207,""2006"":260,""2007"":223,""2008"":207,""2009"":238,""2010"":263,""2011"":338,""2012"":333,""2013"":355,""2014"":318,""2015"":310,""2016"":321,""2017"":448,""2018"":600,""2019"":645,""2020"":859,""2021"":738,""2022"":884,""2023"":670,""2024"":695,""2025"":629,""2026"":368}"
Andrew McCallum,https://scholar.google.com/citations?user=yILa1y0AAAAJ,2026-09-16,"Distinguished Professor of Computer Science, University of Massachusetts Amherst","[""Machine Learning"", ""Natural Language Processing"", ""Artificial Intelligence"", ""Peer Review""]",120469,127,346,40118,80,236,2000,"{""2000"":457,""2001"":639,""2002"":846,""2003"":1275,""2004"":1534,""2005"":2254,""2006"":2475,""2007"":2990,""2008"":3514,""2009"":3767,""2010"":4119,""2011"":4397,""2012"":4846,""2013"":4953,""2014"":5204,""2015"":5249,""2016"":5456,""2017"":5292,""2018"":5788,""2019"":6490,""2020"":6742,""2021"":7214,""2022"":7173,""2023"":6995,""2024"":6643,""2025"":6974,""2026"":5107}"
Angelos D. Keromytis,https://scholar.google.com/citations?user=mncyWbcAAAAJ,2026-09-16,Georgia Institute of Technology,"[""Computer security"", ""cybersecurity"", ""computer systems"", ""computer networks"", ""network security""]",31024,88,273,6511,41,121,1999,"{""1999"":203,""2000"":271,""2001"":345,""2002"":508,""2003"":626,""2004"":725,""2005"":971,""2006"":963,""2007"":1068,""2008"":936,""2009"":920,""2010"":960,""2011"":948,""2012"":942,""2013"":1203,""2014"":1404,""2015"":1568,""2016"":1790,""2017"":1828,""2018"":2003,""2019"":1916,""2020"":1950,""2021"":1589,""2022"":1422,""2023"":984,""2024"":1070,""2025"":955,""2026"":489}"
Balaji Prabhakar,https://scholar.google.com/citations?user=TyPF9V4AAAAJ,2026-09-16,Unknown affiliation,[],35045,58,115,8329,28,56,2000,"{""2000"":99,""2001"":129,""2002"":251,""2003"":429,""2004"":449,""2005"":523,""2006"":590,""2007"":699,""2008"":678,""2009"":791,""2010"":927,""2011"":1103,""2012"":1349,""2013"":1866,""2014"":2257,""2015"":2469,""2016"":2660,""2017"":2477,""2018"":2387,""2019"":2256,""2020"":1897,""2021"":1805,""2022"":1617,""2023"":1380,""2024"":1321,""2025"":1350,""2026"":856}"
Bernhard Schölkopf,https://scholar.google.com/citations?user=DZ-fHPgAAAAJ,2026-09-16,"Director, Max Planck Institute for Intelligent Systems & ELLIS Institute Tübingen; Professor at ETH","[""Machine Learning"", ""Causal Inference"", ""Artificial Intelligence"", ""Computational Photography"", ""Statistics""]",295195,203,864,134915,147,682,2001,"{""2001"":1048,""2002"":1494,""2003"":2383,""2004"":3390,""2005"":4338,""2006"":5327,""2007"":6115,""2008"":6744,""2009"":7441,""2010"":7661,""2011"":7979,""2012"":8217,""2013"":9007,""2014"":9460,""2015"":10148,""2016"":10766,""2017"":10949,""2018"":12798,""2019"":14484,""2020"":16695,""2021"":18443,""2022"":20232,""2023"":21934,""2024"":23853,""2025"":26958,""2026"":23361}"
Carl Kesselman,https://scholar.google.com/citations?user=5c38WVcAAAAJ,2026-09-16,Professor University of Southern California Information Sciences Institute,"[""computer science"", ""medicine"", ""bioinformatics""]",79107,88,222,4129,30,74,1997,"{""1997"":263,""1998"":437,""1999"":619,""2000"":934,""2001"":1308,""2002"":2436,""2003"":4641,""2004"":6226,""2005"":7766,""2006"":7574,""2007"":6634,""2008"":5806,""2009"":5268,""2010"":4495,""2011"":3608,""2012"":2944,""2013"":2345,""2014"":2026,""2015"":1695,""2016"":1450,""2017"":1179,""2018"":1066,""2019"":987,""2020"":823,""2021"":858,""2022"":929,""2023"":650,""2024"":700,""2025"":626,""2026"":362}"
ChengXiang Zhai,https://scholar.google.com/citations?user=YU-baPIAAAAJ,2026-09-16,University of Illinois at Urbana-Champaign,"[""Intelligent Information Systems"", ""Intelligent Agents"", ""Foundation Models"", ""Healthcare"", ""Education""]",47451,98,360,13821,55,215,2003,"{""2003"":172,""2004"":296,""2005"":407,""2006"":548,""2007"":882,""2008"":1233,""2009"":1544,""2010"":1714,""2011"":1989,""2012"":2232,""2013"":2350,""2014"":2545,""2015"":2753,""2016"":3126,""2017"":2835,""2018"":2896,""2019"":2796,""2020"":2616,""2021"":2594,""2022"":2485,""2023"":2380,""2024"":2336,""2025"":2384,""2026"":1637}"
Craig A. Knoblock,https://scholar.google.com/citations?user=onXXy6MAAAAJ,2026-09-16,"Keston Executive Director, USC Information Sciences Institute","[""Knowledge graphs"", ""data integration"", ""data science"", ""machine learning""]",27483,82,266,5259,34,93,1991,"{""1991"":112,""1992"":115,""1993"":188,""1994"":233,""1995"":298,""1996"":326,""1997"":339,""1998"":458,""1999"":563,""2000"":586,""2001"":678,""2002"":733,""2003"":946,""2004"":888,""2005"":1007,""2006"":872,""2007"":1001,""2008"":901,""2009"":1012,""2010"":1017,""2011"":1017,""2012"":961,""2013"":936,""2014"":980,""2015"":825,""2016"":1051,""2017"":899,""2018"":910,""2019"":926,""2020"":920,""2021"":888,""2022"":949,""2023"":899,""2024"":921,""2025"":1005,""2026"":590}"
dan gusfield,https://scholar.google.com/citations?user=VoAHydgAAAAJ,2026-09-16,University of California Davis,[],18495,50,95,2528,19,29,1991,"{""1991"":87,""1992"":96,""1993"":87,""1994"":111,""1995"":124,""1996"":87,""1997"":125,""1998"":152,""1999"":193,""2000"":288,""2001"":267,""2002"":459,""2003"":599,""2004"":748,""2005"":894,""2006"":1004,""2007"":988,""2008"":1031,""2009"":878,""2010"":927,""2011"":778,""2012"":704,""2013"":729,""2014"":703,""2015"":607,""2016"":690,""2017"":567,""2018"":517,""2019"":524,""2020"":525,""2021"":461,""2022"":432,""2023"":414,""2024"":428,""2025"":464,""2026"":329}"
Dorin Comaniciu,https://scholar.google.com/citations?user=-XZ2HrAAAAAJ,2026-09-16,Siemens Healthineers,"[""Healthcare AI"", ""Biomedical Image Analysis"", ""Medical Image Computing"", ""Image Guided Therapy""]",70465,113,517,19665,64,301,2002,"{""2002"":277,""2003"":448,""2004"":719,""2005"":1152,""2006"":1547,""2007"":1928,""2008"":2347,""2009"":2865,""2010"":3157,""2011"":3276,""2012"":3605,""2013"":3598,""2014"":3774,""2015"":3769,""2016"":3554,""2017"":3167,""2018"":3190,""2019"":3750,""2020"":3719,""2021"":4390,""2022"":4292,""2023"":3317,""2024"":3218,""2025"":2910,""2026"":1530}"
Edith Cohen,https://scholar.google.com/citations?user=O-TV6OgAAAAJ,2026-09-16,"Google, Tel Aviv University","[""Algorithms"", ""Machine Learning"", ""Networks"", ""Optimization"", ""Performance Evaluation""]",15465,52,134,2774,29,69,1998,"{""1998"":66,""1999"":82,""2000"":110,""2001"":215,""2002"":249,""2003"":427,""2004"":606,""2005"":720,""2006"":751,""2007"":816,""2008"":766,""2009"":804,""2010"":709,""2011"":667,""2012"":583,""2013"":637,""2014"":641,""2015"":535,""2016"":579,""2017"":574,""2018"":554,""2019"":575,""2020"":578,""2021"":558,""2022"":497,""2023"":469,""2024"":431,""2025"":462,""2026"":356}"
Edouard Bugnion,https://scholar.google.com/citations?user=8ztj2yEAAAAJ,2026-09-16,EPFL,"[""Computer Systems"", ""Operating Systems"", ""Virtualization""]",10968,41,61,3284,25,46,1997,"{""1997"":70,""1998"":128,""1999"":128,""2000"":183,""2001"":180,""2002"":162,""2003"":194,""2004"":251,""2005"":300,""2006"":309,""2007"":358,""2008"":314,""2009"":300,""2010"":409,""2011"":317,""2012"":378,""2013"":376,""2014"":414,""2015"":425,""2016"":411,""2017"":434,""2018"":426,""2019"":462,""2020"":581,""2021"":711,""2022"":594,""2023"":567,""2024"":532,""2025"":542,""2026"":336}"
Edward Fox,https://scholar.google.com/citations?user=KcbSBrUAAAAJ,2026-09-16,"Professor of Computer Science, Virginia Tech, VPI&SU","[""digital libraries"", ""information retrieval"", ""multimedia"", ""education"", ""linguistics""]",23287,67,324,3904,27,76,1987,"{""1987"":82,""1988"":150,""1989"":137,""1990"":153,""1991"":135,""1992"":171,""1993"":226,""1994"":305,""1995"":374,""1996"":306,""1997"":411,""1998"":459,""1999"":487,""2000"":495,""2001"":505,""2002"":633,""2003"":626,""2004"":772,""2005"":770,""2006"":803,""2007"":873,""2008"":803,""2009"":909,""2010"":816,""2011"":872,""2012"":814,""2013"":779,""2014"":845,""2015"":725,""2016"":788,""2017"":637,""2018"":601,""2019"":574,""2020"":520,""2021"":805,""2022"":620,""2023"":635,""2024"":743,""2025"":720,""2026"":376}"
Edward Knightly,https://scholar.google.com/citations?user=-0vALDMAAAAJ,2026-09-16,"Sheafor-Lindsay Professor of Electrical and Computer Engineering and Computer Science, Rice","[""Wireless Networking"", ""Wireless Security"", ""Millimeter Wave"", ""Terahertz""]",22267,77,186,4792,36,79,1995,"{""1995"":56,""1996"":127,""1997"":205,""1998"":195,""1999"":252,""2000"":218,""2001"":277,""2002"":339,""2003"":466,""2004"":609,""2005"":779,""2006"":896,""2007"":1043,""2008"":1124,""2009"":1032,""2010"":1022,""2011"":944,""2012"":872,""2013"":779,""2014"":787,""2015"":865,""2016"":726,""2017"":804,""2018"":917,""2019"":892,""2020"":918,""2021"":939,""2022"":884,""2023"":739,""2024"":756,""2025"":884,""2026"":589}"
Gabriel H. Loh,https://scholar.google.com/citations?user=e_D2XsUAAAAJ,2026-09-16,AMD Research and Advanced Development (RAD),"[""Computer architecture""]",15900,64,194,5616,41,119,2005,"{""2005"":52,""2006"":93,""2007"":140,""2008"":183,""2009"":364,""2010"":418,""2011"":518,""2012"":575,""2013"":744,""2014"":689,""2015"":960,""2016"":976,""2017"":1129,""2018"":1111,""2019"":1104,""2020"":1031,""2021"":1058,""2022"":1094,""2023"":800,""2024"":1066,""2025"":1010,""2026"":585}"
Gail Murphy,https://scholar.google.com/citations?user=EGA1deoAAAAJ,2026-09-16,"Professor of Computer Science, University of British Columbia","[""Software Engineering""]",22524,71,156,5193,36,84,1997,"{""1997"":62,""1998"":115,""1999"":139,""2000"":156,""2001"":185,""2002"":220,""2003"":303,""2004"":349,""2005"":552,""2006"":674,""2007"":707,""2008"":892,""2009"":861,""2010"":943,""2011"":861,""2012"":1016,""2013"":1139,""2014"":1147,""2015"":1098,""2016"":1175,""2017"":1180,""2018"":1105,""2019"":1061,""2020"":1053,""2021"":993,""2022"":957,""2023"":872,""2024"":882,""2025"":863,""2026"":621}"
Geoffrey M. Voelker,https://scholar.google.com/citations?user=45CJ-rgAAAAJ,2026-09-16,"University of California, San Diego","[""security"", ""operating systems"", ""networking"", ""wireless""]",30025,79,151,6836,40,104,2002,"{""2002"":240,""2003"":379,""2004"":683,""2005"":878,""2006"":936,""2007"":997,""2008"":1022,""2009"":1140,""2010"":1241,""2011"":1408,""2012"":1413,""2013"":1540,""2014"":1619,""2015"":1657,""2016"":1581,""2017"":1522,""2018"":1469,""2019"":1404,""2020"":1366,""2021"":1312,""2022"":1222,""2023"":1126,""2024"":1092,""2025"":1192,""2026"":882}"
Gregory Hager,https://scholar.google.com/citations?user=ivApfKcAAAAJ,2026-09-16,"Mandell Bellmore Professor of Computer Science, Johns Hopkins University","[""Robotics"", ""Computer Vision"", ""Medicine"", ""HCI"", ""Computer Science""]",53527,105,437,22329,66,260,1995,"{""1995"":134,""1996"":169,""1997"":203,""1998"":310,""1999"":393,""2000"":429,""2001"":475,""2002"":586,""2003"":640,""2004"":767,""2005"":917,""2006"":1003,""2007"":1171,""2008"":1145,""2009"":1105,""2010"":1264,""2011"":1269,""2012"":1543,""2013"":1629,""2014"":1588,""2015"":1578,""2016"":1911,""2017"":2012,""2018"":2294,""2019"":2714,""2020"":2958,""2021"":3379,""2022"":3721,""2023"":3880,""2024"":4024,""2025"":4243,""2026"":3061}"
Insup Lee,https://scholar.google.com/citations?user=qPlUgrgAAAAJ,2026-09-16,"Professor, Computer and Information Science, University of Pennsylvania","[""Real-time systems"", ""Real-Time Embedded Systems"", ""Cyber Physical Systems"", ""runtime verification"", ""trust management""]",28956,81,473,9181,40,195,1993,"{""1993"":94,""1994"":97,""1995"":116,""1996"":118,""1997"":115,""1998"":123,""1999"":142,""2000"":170,""2001"":190,""2002"":249,""2003"":313,""2004"":416,""2005"":434,""2006"":421,""2007"":513,""2008"":600,""2009"":733,""2010"":838,""2011"":876,""2012"":1066,""2013"":1195,""2014"":1395,""2015"":1461,""2016"":1368,""2017"":1411,""2018"":1544,""2019"":1674,""2020"":1448,""2021"":1552,""2022"":1618,""2023"":1539,""2024"":1608,""2025"":1699,""2026"":1151}"
K. K. Ramakrishnan,https://scholar.google.com/citations?user=Da-s1FQAAAAJ,2026-09-16,"Distinguished Professor of Computer Science and Engineering, University of California, Riverside","[""Computer Networking and Communications""]",34094,90,377,6055,40,124,1991,"{""1991"":86,""1992"":88,""1993"":82,""1994"":131,""1995"":157,""1996"":229,""1997"":343,""1998"":500,""1999"":595,""2000"":764,""2001"":871,""2002"":929,""2003"":1076,""2004"":1160,""2005"":1152,""2006"":1054,""2007"":1031,""2008"":918,""2009"":968,""2010"":1094,""2011"":1115,""2012"":1186,""2013"":1196,""2014"":1382,""2015"":1505,""2016"":1644,""2017"":1608,""2018"":1562,""2019"":1569,""2020"":1420,""2021"":1239,""2022"":1195,""2023"":933,""2024"":1096,""2025"":992,""2026"":599}"
Lars Birkedal,https://scholar.google.com/citations?user=1rW-bi0AAAAJ,2026-09-16,"Dept. of Computer Science, Aarhus University","[""Computer Science"", ""Programming"", ""Logic"", ""Semantics""]",11243,58,167,5101,36,102,1997,"{""1997"":43,""1998"":72,""1999"":81,""2000"":74,""2001"":92,""2002"":98,""2003"":68,""2004"":97,""2005"":112,""2006"":157,""2007"":197,""2008"":286,""2009"":258,""2010"":256,""2011"":298,""2012"":256,""2013"":361,""2014"":368,""2015"":338,""2016"":384,""2017"":523,""2018"":489,""2019"":547,""2020"":503,""2021"":742,""2022"":677,""2023"":845,""2024"":900,""2025"":1078,""2026"":854}"
Laxmikant Kale,https://scholar.google.com/citations?user=TPOorDcAAAAJ,2026-09-16,"Professor or Computer Science, University of Illinois","[""parallel programming"", ""parallel computing"", ""high performance computing"", ""computational science""]",46836,70,295,13121,29,84,1993,"{""1993"":132,""1994"":195,""1995"":165,""1996"":169,""1997"":142,""1998"":149,""1999"":180,""2000"":136,""2001"":145,""2002"":232,""2003"":234,""2004"":435,""2005"":604,""2006"":768,""2007"":975,""2008"":1122,""2009"":1338,""2010"":1584,""2011"":1779,""2012"":2080,""2013"":2296,""2014"":2599,""2015"":2546,""2016"":2732,""2017"":2694,""2018"":2509,""2019"":2579,""2020"":2375,""2021"":2671,""2022"":2490,""2023"":2183,""2024"":2186,""2025"":2139,""2026"":1452}"
Li Erran Li,https://scholar.google.com/citations?user=GkMfzy4AAAAJ,2026-09-16,"IEEE Fellow and ACM Fellow, AWS AI, Amazon","[""AI4science"", ""multimodal reasoning"", ""machine learning"", ""systems""]",28387,74,172,9333,44,110,2002,"{""2002"":147,""2003"":276,""2004"":454,""2005"":702,""2006"":817,""2007"":870,""2008"":1109,""2009"":1057,""2010"":1038,""2011"":980,""2012"":971,""2013"":1116,""2014"":1248,""2015"":1350,""2016"":1403,""2017"":1366,""2018"":1450,""2019"":1255,""2020"":1134,""2021"":1072,""2022"":1120,""2023"":1244,""2024"":1648,""2025"":2349,""2026"":1888}"
Mani Srivastava,https://scholar.google.com/citations?user=X2Qs7XYAAAAJ,2026-09-16,"Professor of Electrical & Computer Engineering, and Professor of Computer Science, UCLA","[""Cyber-Physical Systems"", ""Internet of Things"", ""Embedded Systems"", ""Mobile Computing"", ""Physical AI""]",79689,119,439,16152,58,213,1998,"{""1998"":202,""1999"":245,""2000"":311,""2001"":400,""2002"":586,""2003"":1023,""2004"":1627,""2005"":2575,""2006"":3036,""2007"":3538,""2008"":3855,""2009"":3947,""2010"":4333,""2011"":4004,""2012"":4341,""2013"":4309,""2014"":4106,""2015"":3891,""2016"":3495,""2017"":3288,""2018"":3191,""2019"":2925,""2020"":2989,""2021"":2920,""2022"":2756,""2023"":2650,""2024"":2818,""2025"":3020,""2026"":1977}"
Margaret Burnett,https://scholar.google.com/citations?user=Vc58tYYAAAAJ,2026-09-16,"University Distinguished Professor of Computer Science, Oregon State University","[""human computer interaction"", ""end-user programming"", ""end-user software engineering"", ""gender"", ""empirical software engineering""]",17965,73,207,6886,39,110,1995,"{""1995"":67,""1996"":105,""1997"":115,""1998"":107,""1999"":93,""2000"":201,""2001"":205,""2002"":246,""2003"":212,""2004"":279,""2005"":373,""2006"":457,""2007"":346,""2008"":306,""2009"":392,""2010"":406,""2011"":424,""2012"":396,""2013"":537,""2014"":609,""2015"":618,""2016"":718,""2017"":739,""2018"":794,""2019"":958,""2020"":1014,""2021"":1175,""2022"":1117,""2023"":1132,""2024"":1300,""2025"":1222,""2026"":936}"
Martin Grohe,https://scholar.google.com/citations?user=Sou5ih0AAAAJ,2026-09-16,"Professor of Computer Science, RWTH Aachen University",[],19865,62,167,9874,42,117,2001,"{""2001"":79,""2002"":58,""2003"":137,""2004"":213,""2005"":190,""2006"":280,""2007"":375,""2008"":484,""2009"":553,""2010"":506,""2011"":481,""2012"":660,""2013"":740,""2014"":585,""2015"":563,""2016"":671,""2017"":754,""2018"":633,""2019"":742,""2020"":933,""2021"":1093,""2022"":1328,""2023"":1710,""2024"":2035,""2025"":2018,""2026"":1680}"
Martin D. F. Wong,https://scholar.google.com/citations?user=WPhoQiUAAAAJ,2026-09-16,"Edward C. Jordan Professor of Electrical and Computer Engineering, University of Illinois at Urbana","[""Design Automation"", ""EDA/CAD"", ""Algorithms"", ""Optimization""]",18141,64,332,3860,30,115,1987,"{""1987"":60,""1988"":78,""1989"":105,""1990"":135,""1991"":190,""1992"":160,""1993"":174,""1994"":176,""1995"":185,""1996"":235,""1997"":221,""1998"":271,""1999"":370,""2000"":378,""2001"":405,""2002"":408,""2003"":505,""2004"":565,""2005"":669,""2006"":601,""2007"":639,""2008"":710,""2009"":559,""2010"":606,""2011"":524,""2012"":656,""2013"":678,""2014"":682,""2015"":659,""2016"":635,""2017"":582,""2018"":472,""2019"":346,""2020"":404,""2021"":442,""2022"":404,""2023"":551,""2024"":787,""2025"":1002,""2026"":672}"
Michael Kass,https://scholar.google.com/citations?user=ma2bi00AAAAJ,2026-09-16,NVIDIA,"[""Computer Graphics"", ""Computer Vision"", ""Image Processing"", ""Signal Processing"", ""Artificial Intelligence""]",38525,32,50,3610,16,18,1989,"{""1989"":99,""1990"":227,""1991"":257,""1992"":297,""1993"":341,""1994"":511,""1995"":570,""1996"":649,""1997"":701,""1998"":728,""1999"":777,""2000"":985,""2001"":1026,""2002"":1116,""2003"":1341,""2004"":1430,""2005"":1616,""2006"":1748,""2007"":1746,""2008"":1625,""2009"":1684,""2010"":1651,""2011"":1633,""2012"":1592,""2013"":1683,""2014"":1465,""2015"":1375,""2016"":1289,""2017"":1146,""2018"":1138,""2019"":956,""2020"":804,""2021"":773,""2022"":744,""2023"":682,""2024"":552,""2025"":490,""2026"":352}"
Mor Harchol-Balter,https://scholar.google.com/citations?user=Ooc7UNUAAAAJ,2026-09-16,"Bruce J. Nelson Professor of Computer Science, Carnegie Mellon University","[""Performance Evaluation"", ""Queueing theory"", ""Scheduling"", ""Resource provisioning"", ""HPC""]",16879,61,144,5335,37,81,1998,"{""1998"":47,""1999"":86,""2000"":140,""2001"":170,""2002"":244,""2003"":337,""2004"":387,""2005"":374,""2006"":434,""2007"":422,""2008"":437,""2009"":386,""2010"":450,""2011"":475,""2012"":593,""2013"":690,""2014"":730,""2015"":793,""2016"":811,""2017"":790,""2018"":782,""2019"":904,""2020"":761,""2021"":848,""2022"":924,""2023"":903,""2024"":955,""2025"":919,""2026"":784}"
Nuria Oliver,https://scholar.google.com/citations?user=VJlCMGYAAAAJ,2026-09-16,ELLIS Alicante; ACM Fellow; IEEE Fellow; EurAI Fellow; Co-founder of ELLIS,"[""Human Behavior Modeling from Data"", ""Human-centric AI"", ""Mobile HCI"", ""Responsible AI"", ""AI Ethics""]",29144,78,203,9216,47,130,1998,"{""1998"":72,""1999"":127,""2000"":130,""2001"":133,""2002"":227,""2003"":307,""2004"":376,""2005"":445,""2006"":450,""2007"":505,""2008"":629,""2009"":801,""2010"":879,""2011"":901,""2012"":1096,""2013"":1220,""2014"":1428,""2015"":1541,""2016"":1551,""2017"":1625,""2018"":1612,""2019"":1761,""2020"":1772,""2021"":1903,""2022"":1855,""2023"":1358,""2024"":1400,""2025"":1422,""2026"":1215}"
Onur Mutlu,https://scholar.google.com/citations?user=7XyGUGkAAAAJ,2026-09-16,ETH Zürich and Carnegie Mellon University,"[""Computer Architecture"", ""Memory Systems"", ""Energy Efficiency"", ""Hardware Security"", ""Genome Analysis""]",71792,147,500,38599,106,442,2009,"{""2009"":270,""2010"":743,""2011"":943,""2012"":1091,""2013"":1472,""2014"":2091,""2015"":2754,""2016"":4091,""2017"":3944,""2018"":5702,""2019"":4606,""2020"":4539,""2021"":5803,""2022"":6578,""2023"":5616,""2024"":6312,""2025"":7672,""2026"":6568}"
Qiang Yang,https://scholar.google.com/citations?user=1LxWZLQAAAAJ,2026-09-16,"Hong Kong Polytechnic University, Emeritus(Chair Prof. HKUST, CAIO WeBank), Artificial Intelligence","[""Artificial Intelligence"", ""Transfer Learning"", ""Federated Learning"", ""AI Planning""]",176346,149,701,111195,102,468,2005,"{""2005"":443,""2006"":533,""2007"":768,""2008"":1048,""2009"":1603,""2010"":1988,""2011"":2716,""2012"":3327,""2013"":3548,""2014"":4188,""2015"":4591,""2016"":5007,""2017"":5522,""2018"":6707,""2019"":8388,""2020"":10977,""2021"":14177,""2022"":15971,""2023"":17772,""2024"":21146,""2025"":24923,""2026"":16898}"
Ravi Ramamoorthi,https://scholar.google.com/citations?user=q0MzO6cAAAAJ,2026-09-16,"Professor of Computer Science, University of California, San Diego","[""Computer Graphics"", ""Computer Vision"", ""Signal Processing""]",56889,90,233,41930,59,188,2003,"{""2003"":212,""2004"":304,""2005"":344,""2006"":467,""2007"":548,""2008"":602,""2009"":634,""2010"":709,""2011"":737,""2012"":699,""2013"":757,""2014"":687,""2015"":843,""2016"":950,""2017"":1165,""2018"":1340,""2019"":1499,""2020"":1961,""2021"":3049,""2022"":4285,""2023"":6363,""2024"":9053,""2025"":10553,""2026"":8525}"
Richard Fujimoto,https://scholar.google.com/citations?user=q1bkP7AAAAAJ,2026-09-16,"Regents' Professor, Georgia Institute of Technology","[""modeling and simulation"", ""parallel computing"", ""distributed computing"", ""distributed simulation""]",20173,60,231,1964,20,35,1988,"{""1988"":53,""1989"":101,""1990"":143,""1991"":222,""1992"":253,""1993"":368,""1994"":379,""1995"":438,""1996"":392,""1997"":344,""1998"":423,""1999"":497,""2000"":465,""2001"":544,""2002"":482,""2003"":527,""2004"":709,""2005"":820,""2006"":728,""2007"":813,""2008"":712,""2009"":827,""2010"":828,""2011"":777,""2012"":852,""2013"":802,""2014"":692,""2015"":707,""2016"":630,""2017"":703,""2018"":561,""2019"":548,""2020"":437,""2021"":428,""2022"":344,""2023"":402,""2024"":374,""2025"":256,""2026"":158}"
Shafi Goldwasser,https://scholar.google.com/citations?user=KA8dgpMAAAAJ,2026-09-17,professor of computer science at UC Berkeley,"[""cryptography"", ""number theory"", ""complexity theory"", ""property testing""]",56433,83,159,16463,52,123,1988,"{""1988"":229,""1989"":213,""1990"":278,""1991"":375,""1992"":284,""1993"":293,""1994"":417,""1995"":422,""1996"":490,""1997"":508,""1998"":777,""1999"":675,""2000"":625,""2001"":793,""2002"":881,""2003"":1011,""2004"":1087,""2005"":1301,""2006"":1385,""2007"":1471,""2008"":1446,""2009"":1545,""2010"":1695,""2011"":1532,""2012"":1674,""2013"":1822,""2014"":2123,""2015"":2204,""2016"":2197,""2017"":2019,""2018"":2304,""2019"":2440,""2020"":2518,""2021"":2424,""2022"":2680,""2023"":2806,""2024"":2900,""2025"":3308,""2026"":2341}"
Shih-Fu Chang,https://scholar.google.com/citations?user=OMVTRscAAAAJ,2026-09-16,"Professor of Electrical Engineering and Computer Science, Columbia University","[""Multimedia"", ""Computer Vision"", ""Machine Learning"", ""Signal Processing"", ""Information Retrieval""]",130181,144,598,57023,78,252,1997,"{""1997"":445,""1998"":642,""1999"":1044,""2000"":1062,""2001"":1328,""2002"":1509,""2003"":1909,""2004"":2031,""2005"":2199,""2006"":2132,""2007"":2287,""2008"":2363,""2009"":2423,""2010"":2482,""2011"":2318,""2012"":2560,""2013"":2979,""2014"":3238,""2015"":3372,""2016"":4276,""2017"":5272,""2018"":6360,""2019"":8061,""2020"":8615,""2021"":9738,""2022"":9986,""2023"":10700,""2024"":11101,""2025"":10066,""2026"":5417}"
Steve Seitz,https://scholar.google.com/citations?user=-6cOYcYAAAAJ,2026-09-16,"Professor of Computer Science & Engineering, University of Washington; Google Corporation","[""Computer Vision"", ""Computer Graphics""]",53396,84,179,18420,50,124,1998,"{""1998"":169,""1999"":158,""2000"":222,""2001"":306,""2002"":381,""2003"":551,""2004"":637,""2005"":767,""2006"":818,""2007"":943,""2008"":1045,""2009"":1345,""2010"":1768,""2011"":1952,""2012"":2160,""2013"":2312,""2014"":2474,""2015"":2615,""2016"":2708,""2017"":2687,""2018"":2814,""2019"":2681,""2020"":2668,""2021"":2900,""2022"":2987,""2023"":3203,""2024"":3595,""2025"":3396,""2026"":2333}"
Susan Dray,https://scholar.google.com/citations?user=8OQFLXgAAAAJ,2026-09-16,Dray & Associates,"[""Human Centered Design for Development"", ""Research/Practitioner Interaction"", ""Field Research"", ""International User Experience""]",3913,27,58,811,13,17,1987,"{""1987"":13,""1988"":9,""1989"":8,""1990"":29,""1991"":35,""1992"":40,""1993"":33,""1994"":31,""1995"":40,""1996"":36,""1997"":49,""1998"":64,""1999"":56,""2000"":85,""2001"":85,""2002"":113,""2003"":116,""2004"":131,""2005"":113,""2006"":127,""2007"":111,""2008"":130,""2009"":147,""2010"":133,""2011"":132,""2012"":158,""2013"":130,""2014"":121,""2015"":111,""2016"":119,""2017"":121,""2018"":115,""2019"":126,""2020"":125,""2021"":166,""2022"":139,""2023"":147,""2024"":141,""2025"":125,""2026"":92}"
Tal Rabin,https://scholar.google.com/citations?user=18exh0MAAAAJ,2026-09-16,"University of Pennsylvania, Amazon Web Services","[""Cryptography""]",20652,57,96,6397,38,75,1997,"{""1997"":70,""1998"":101,""1999"":151,""2000"":199,""2001"":259,""2002"":316,""2003"":359,""2004"":425,""2005"":599,""2006"":557,""2007"":554,""2008"":636,""2009"":657,""2010"":702,""2011"":655,""2012"":652,""2013"":746,""2014"":840,""2015"":763,""2016"":724,""2017"":756,""2018"":930,""2019"":1275,""2020"":1067,""2021"":960,""2022"":1130,""2023"":1085,""2024"":1150,""2025"":1314,""2026"":756}"
Tomas Lozano-Perez,https://scholar.google.com/citations?user=gQOKAggAAAAJ,2026-09-16,"Professor of Computer Science, MIT","[""Robotics"", ""Motion Planning"", ""Machine Learning""]",41977,82,200,12594,52,134,1987,"{""1987"":554,""1988"":834,""1989"":778,""1990"":802,""1991"":869,""1992"":813,""1993"":771,""1994"":681,""1995"":809,""1996"":643,""1997"":597,""1998"":614,""1999"":546,""2000"":534,""2001"":461,""2002"":490,""2003"":457,""2004"":521,""2005"":603,""2006"":595,""2007"":637,""2008"":687,""2009"":672,""2010"":767,""2011"":856,""2012"":1005,""2013"":1102,""2014"":1051,""2015"":1160,""2016"":1226,""2017"":1209,""2018"":1298,""2019"":1313,""2020"":1548,""2021"":1700,""2022"":1928,""2023"":2093,""2024"":2385,""2025"":2519,""2026"":1955}"
Venkatesan Guruswami,https://scholar.google.com/citations?user=Es6jE1kAAAAJ,2026-09-16,"University of California, Berkeley","[""Computational complexity theory"", ""Algorithms"", ""Coding Theory"", ""Algebra and computation""]",17610,68,235,6956,43,165,2000,"{""2000"":52,""2001"":118,""2002"":160,""2003"":191,""2004"":252,""2005"":311,""2006"":346,""2007"":401,""2008"":451,""2009"":475,""2010"":536,""2011"":482,""2012"":522,""2013"":558,""2014"":723,""2015"":706,""2016"":604,""2017"":784,""2018"":879,""2019"":863,""2020"":974,""2021"":1057,""2022"":1069,""2023"":1017,""2024"":1115,""2025"":1300,""2026"":1365}"
Wenke Lee,https://scholar.google.com/citations?user=nfkH5V4AAAAJ,2026-09-16,"Regents' Professor and John P. Imlay Jr. Chair, College of Computing, Georgia Tech","[""security"", ""systems"", ""networking"", ""machine learning"", ""applied cryptography""]",53523,108,256,12973,63,187,2000,"{""2000"":160,""2001"":245,""2002"":493,""2003"":705,""2004"":987,""2005"":1333,""2006"":1464,""2007"":1616,""2008"":1745,""2009"":1984,""2010"":2192,""2011"":2238,""2012"":2504,""2013"":2618,""2014"":2807,""2015"":2756,""2016"":2874,""2017"":2935,""2018"":2927,""2019"":2642,""2020"":2602,""2021"":2430,""2022"":2262,""2023"":1989,""2024"":2231,""2025"":2349,""2026"":1676}"
Yi Ma,https://scholar.google.com/citations?user=XqLiBQMAAAAJ,2026-09-16,"Director of School of Computing & Data Science, HKU; Visiting Professor of EECS, Berkeley","[""Computer Vision"", ""Compressed Sensing"", ""Machine Learning"", ""Signal Processing"", ""Robotics""]",86830,97,284,31355,67,207,2004,"{""2004"":264,""2005"":366,""2006"":438,""2007"":522,""2008"":543,""2009"":738,""2010"":1306,""2011"":2047,""2012"":3012,""2013"":4058,""2014"":5167,""2015"":5642,""2016"":6428,""2017"":6120,""2018"":6254,""2019"":5953,""2020"":5590,""2021"":5305,""2022"":5084,""2023"":4840,""2024"":5068,""2025"":6182,""2026"":4849}"
Yong Rui,https://scholar.google.com/citations?user=rCGsLtcAAAAJ,2026-09-16,Lenovo Research and previously Microsoft Research,"[""Multimedia analysis"", ""computer vision"", ""AI"", ""machine learning""]",40406,94,277,11666,45,153,1998,"{""1998"":124,""1999"":234,""2000"":373,""2001"":585,""2002"":759,""2003"":965,""2004"":1056,""2005"":1095,""2006"":1073,""2007"":1116,""2008"":1279,""2009"":1225,""2010"":1273,""2011"":1189,""2012"":1369,""2013"":1325,""2014"":1453,""2015"":1592,""2016"":1838,""2017"":2068,""2018"":1909,""2019"":2140,""2020"":2244,""2021"":2243,""2022"":2194,""2023"":1954,""2024"":2075,""2025"":1925,""2026"":1269}"
Yvonne Rogers,https://scholar.google.com/citations?user=qzcYcEAAAAAJ,2026-09-16,University College London,"[""human computer interaction"", ""interaction design"", ""cognitive science""]",54413,94,288,14141,53,174,1996,"{""1996"":135,""1997"":199,""1998"":285,""1999"":317,""2000"":375,""2001"":453,""2002"":614,""2003"":818,""2004"":1135,""2005"":1222,""2006"":1350,""2007"":1416,""2008"":1602,""2009"":1915,""2010"":1933,""2011"":2104,""2012"":2248,""2013"":2475,""2014"":2714,""2015"":2611,""2016"":2603,""2017"":2742,""2018"":2590,""2019"":2629,""2020"":2307,""2021"":2379,""2022"":2328,""2023"":2424,""2024"":2527,""2025"":2517,""2026"":1947}"
Abigail Sellen,https://scholar.google.com/citations?user=3UlxG6UAAAAJ,2026-09-16,"Lab Director, Microsoft Research Cambridge, UK","[""Human-Computer Interaction""]",30437,88,214,7277,41,131,1993,"{""1993"":122,""1994"":146,""1995"":205,""1996"":175,""1997"":222,""1998"":283,""1999"":333,""2000"":319,""2001"":342,""2002"":412,""2003"":559,""2004"":564,""2005"":737,""2006"":777,""2007"":817,""2008"":948,""2009"":1094,""2010"":1144,""2011"":1230,""2012"":1243,""2013"":1347,""2014"":1414,""2015"":1362,""2016"":1496,""2017"":1243,""2018"":1361,""2019"":1315,""2020"":1264,""2021"":1165,""2022"":1088,""2023"":1084,""2024"":1113,""2025"":1423,""2026"":1386}"
Adrian Perrig,https://scholar.google.com/citations?user=n-Oret4AAAAJ,2026-09-16,"Professor of Computer Science at ETH Zürich, Adjunct Professor of ECE at CMU, Cylab Fellow","[""Security"", ""Networking"", ""Internet Security"", ""Internet Architecture"", ""Computer Security""]",79613,109,294,13069,58,190,2002,"{""2002"":330,""2003"":950,""2004"":1439,""2005"":2574,""2006"":3401,""2007"":3767,""2008"":4346,""2009"":3955,""2010"":4458,""2011"":4487,""2012"":4315,""2013"":4441,""2014"":4477,""2015"":4136,""2016"":4437,""2017"":3976,""2018"":3647,""2019"":3299,""2020"":3063,""2021"":2857,""2022"":2524,""2023"":2158,""2024"":2214,""2025"":2045,""2026"":1265}"
Allison Druin,https://scholar.google.com/citations?user=QpaGsuMAAAAJ,2026-09-16,"Chief Futurist, University of Maryland","[""Human-Computer Interaction"", ""Search"", ""Educational applications"", ""Mobile tech""]",29813,68,144,8680,33,74,1999,"{""1999"":125,""2000"":175,""2001"":227,""2002"":300,""2003"":410,""2004"":523,""2005"":591,""2006"":554,""2007"":732,""2008"":648,""2009"":777,""2010"":915,""2011"":982,""2012"":1166,""2013"":1348,""2014"":1428,""2015"":1259,""2016"":1561,""2017"":1642,""2018"":1668,""2019"":1722,""2020"":1588,""2021"":1405,""2022"":1553,""2023"":1429,""2024"":1401,""2025"":1574,""2026"":1318}"
Seznec Andre,https://scholar.google.com/citations?user=BHupl5EAAAAJ,2026-09-16,INRIA/IRISA,"[""Computer Architecture""]",7965,51,116,2056,25,54,1994,"{""1994"":24,""1995"":39,""1996"":46,""1997"":81,""1998"":69,""1999"":123,""2000"":107,""2001"":114,""2002"":144,""2003"":155,""2004"":250,""2005"":248,""2006"":246,""2007"":218,""2008"":240,""2009"":244,""2010"":200,""2011"":230,""2012"":220,""2013"":260,""2014"":308,""2015"":299,""2016"":358,""2017"":356,""2018"":360,""2019"":421,""2020"":388,""2021"":310,""2022"":319,""2023"":319,""2024"":317,""2025"":447,""2026"":344}"
Anne-Marie Kermarrec,https://scholar.google.com/citations?user=aIAy-qcAAAAJ,2026-09-16,"Professor, EPFL","[""Distributed systems"", ""social networks"", ""gossip protocols""]",25655,60,181,3760,30,70,2002,"{""2002"":176,""2003"":480,""2004"":880,""2005"":1197,""2006"":1351,""2007"":1513,""2008"":1590,""2009"":1713,""2010"":1604,""2011"":1489,""2012"":1352,""2013"":1376,""2014"":1106,""2015"":1119,""2016"":1070,""2017"":962,""2018"":927,""2019"":739,""2020"":635,""2021"":621,""2022"":625,""2023"":567,""2024"":621,""2025"":703,""2026"":616}"
Tony Hey,https://scholar.google.com/citations?user=eyOUs-kAAAAJ,2026-09-16,Honorary Senior Data Scientist STFC,"[""HPC"", ""particle physics"", ""data-intensive science""]",15358,33,58,3618,19,30,1997,"{""1997"":39,""1998"":46,""1999"":50,""2000"":66,""2001"":69,""2002"":73,""2003"":183,""2004"":307,""2005"":452,""2006"":482,""2007"":463,""2008"":504,""2009"":538,""2010"":602,""2011"":693,""2012"":774,""2013"":773,""2014"":873,""2015"":799,""2016"":837,""2017"":691,""2018"":709,""2019"":667,""2020"":571,""2021"":615,""2022"":668,""2023"":665,""2024"":608,""2025"":645,""2026"":412}"
Carla Brodley,https://scholar.google.com/citations?user=sQ8u6h4AAAAJ,2026-09-16,Northeastern University,"[""Machine Learning"", ""Data Mining"", ""Predictive Medicine""]",22725,63,121,5473,32,67,1996,"{""1996"":72,""1997"":99,""1998"":126,""1999"":184,""2000"":228,""2001"":268,""2002"":346,""2003"":414,""2004"":487,""2005"":607,""2006"":652,""2007"":764,""2008"":760,""2009"":783,""2010"":842,""2011"":852,""2012"":966,""2013"":934,""2014"":1031,""2015"":992,""2016"":997,""2017"":1032,""2018"":1073,""2019"":1149,""2020"":1180,""2021"":1127,""2022"":1073,""2023"":966,""2024"":889,""2025"":870,""2026"":548}"
Carlo Tomasi,https://scholar.google.com/citations?user=xViwZ0QAAAAJ,2026-09-16,"Professor of Computer Science, Duke University","[""Computer Vision""]",65810,62,124,16474,30,54,1997,"{""1997"":180,""1998"":297,""1999"":379,""2000"":444,""2001"":571,""2002"":664,""2003"":878,""2004"":1183,""2005"":1607,""2006"":1775,""2007"":1966,""2008"":2268,""2009"":2367,""2010"":2745,""2011"":2600,""2012"":2818,""2013"":3047,""2014"":3309,""2015"":3396,""2016"":3460,""2017"":3016,""2018"":2963,""2019"":3155,""2020"":3141,""2021"":3202,""2022"":3178,""2023"":2788,""2024"":2726,""2025"":2712,""2026"":1863}"
Christos Kozyrakis,https://scholar.google.com/citations?user=G2EJz5kAAAAJ,2026-09-16,Stanford University,"[""Computer Architecture"", ""Computer Systems"", ""Cloud Computing"", ""AI Infrastructure""]",59479,102,223,19546,64,148,1992,"{""1992"":193,""1993"":313,""1994"":351,""1995"":366,""1996"":435,""1997"":528,""1998"":584,""1999"":659,""2000"":646,""2001"":626,""2002"":656,""2003"":772,""2004"":856,""2005"":914,""2006"":954,""2007"":1253,""2008"":1499,""2009"":1594,""2010"":1887,""2011"":1967,""2012"":2008,""2013"":2199,""2014"":2332,""2015"":2546,""2016"":2566,""2017"":2391,""2018"":2728,""2019"":2909,""2020"":2759,""2021"":2942,""2022"":2991,""2023"":3016,""2024"":3151,""2025"":3710,""2026"":3328}"
Dan Boneh,https://scholar.google.com/citations?user=MwLqCs4AAAAJ,2026-09-16,"Professor of Computer Science, Stanford University","[""Cryptography"", ""Computer Security"", ""Computer Science Theory""]",139115,142,351,46418,97,269,2001,"{""2001"":491,""2002"":704,""2003"":924,""2004"":1472,""2005"":2285,""2006"":2578,""2007"":2914,""2008"":3194,""2009"":3739,""2010"":4340,""2011"":4515,""2012"":5046,""2013"":5846,""2014"":6796,""2015"":7568,""2016"":7632,""2017"":7359,""2018"":7449,""2019"":7838,""2020"":7857,""2021"":7814,""2022"":7708,""2023"":7881,""2024"":8163,""2025"":8724,""2026"":6110}"
David Peleg,https://scholar.google.com/citations?user=wBVagosAAAAJ,2026-09-16,"Professor of Computer Science, Weizmann Institute","[""Distributed Computing"", ""Communication Network Algorithms"", ""Approximation Algorithms""]",27100,83,286,5523,37,118,1989,"{""1989"":67,""1990"":94,""1991"":103,""1992"":199,""1993"":245,""1994"":267,""1995"":335,""1996"":354,""1997"":313,""1998"":360,""1999"":326,""2000"":431,""2001"":462,""2002"":355,""2003"":473,""2004"":689,""2005"":727,""2006"":881,""2007"":934,""2008"":1015,""2009"":960,""2010"":951,""2011"":883,""2012"":933,""2013"":1059,""2014"":1040,""2015"":1045,""2016"":1127,""2017"":1064,""2018"":1200,""2019"":1075,""2020"":1128,""2021"":1105,""2022"":1016,""2023"":842,""2024"":814,""2025"":968,""2026"":770}"
Erik Demaine,https://scholar.google.com/citations?user=6Ff2c8wAAAAJ,2026-09-16,"Professor of Electrical Engineering and Computer Science, Massachusetts Institute of Technology","[""algorithms"", ""computational geometry"", ""data structures"", ""graph algorithms"", ""recreational algorithms""]",29812,82,395,8749,42,197,2001,"{""2001"":145,""2002"":193,""2003"":267,""2004"":457,""2005"":601,""2006"":620,""2007"":767,""2008"":928,""2009"":1011,""2010"":1046,""2011"":1167,""2012"":1192,""2013"":1238,""2014"":1401,""2015"":1477,""2016"":1540,""2017"":1576,""2018"":1698,""2019"":1527,""2020"":1627,""2021"":1439,""2022"":1565,""2023"":1473,""2024"":1614,""2025"":1501,""2026"":1147}"
Fredo Durand,https://scholar.google.com/citations?user=NJ9c4ygAAAAJ,2026-09-16,"Professor of Computer Science, MIT","[""Computer Graphics"", ""Computational Photography""]",62873,115,274,27386,76,201,2002,"{""2002"":186,""2003"":254,""2004"":359,""2005"":452,""2006"":576,""2007"":645,""2008"":858,""2009"":1111,""2010"":1291,""2011"":1467,""2012"":1795,""2013"":2087,""2014"":2460,""2015"":2837,""2016"":3197,""2017"":3429,""2018"":3732,""2019"":3838,""2020"":4123,""2021"":4439,""2022"":4428,""2023"":4353,""2024"":4668,""2025"":5108,""2026"":4373}"
Ganesan Ramalingam,https://scholar.google.com/citations?user=PMZ1bA4AAAAJ,2026-09-16,Microsoft Research India,"[""Programming Languages""]",6254,39,81,954,15,24,1994,"{""1994"":17,""1995"":26,""1996"":54,""1997"":52,""1998"":93,""1999"":65,""2000"":95,""2001"":92,""2002"":114,""2003"":137,""2004"":168,""2005"":212,""2006"":190,""2007"":250,""2008"":251,""2009"":297,""2010"":262,""2011"":303,""2012"":321,""2013"":306,""2014"":272,""2015"":279,""2016"":311,""2017"":259,""2018"":276,""2019"":245,""2020"":208,""2021"":226,""2022"":178,""2023"":151,""2024"":155,""2025"":157,""2026"":87}"
Holly Rushmeier,https://scholar.google.com/citations?user=saY3qN5NWbcC,2026-09-16,"Professor of Computer Science, Yale","[""Computer Graphics"", ""Cultural Heritage"", ""Applied Perception""]",14100,50,124,3252,27,51,1990,"{""1990"":38,""1991"":56,""1992"":68,""1993"":97,""1994"":95,""1995"":147,""1996"":135,""1997"":159,""1998"":187,""1999"":154,""2000"":190,""2001"":250,""2002"":328,""2003"":409,""2004"":407,""2005"":445,""2006"":429,""2007"":439,""2008"":423,""2009"":496,""2010"":477,""2011"":475,""2012"":497,""2013"":541,""2014"":531,""2015"":515,""2016"":552,""2017"":575,""2018"":503,""2019"":465,""2020"":472,""2021"":521,""2022"":539,""2023"":560,""2024"":622,""2025"":610,""2026"":397}"
Jim Hendler,https://scholar.google.com/citations?user=JNPbTdIAAAAJ,2026-09-16,"Professor of computer science, RPI","[""Semantic web"", ""artificial intelligence"", ""web science"", ""ontology"", ""knowledge graph""]",84942,101,338,12237,44,115,1993,"{""1993"":263,""1994"":321,""1995"":412,""1996"":262,""1997"":370,""1998"":386,""1999"":384,""2000"":497,""2001"":778,""2002"":1579,""2003"":2362,""2004"":3264,""2005"":3695,""2006"":4229,""2007"":4147,""2008"":4220,""2009"":4303,""2010"":4498,""2011"":4288,""2012"":4219,""2013"":4043,""2014"":3915,""2015"":3608,""2016"":3286,""2017"":3003,""2018"":2940,""2019"":2576,""2020"":2300,""2021"":2124,""2022"":2211,""2023"":2058,""2024"":2089,""2025"":2279,""2026"":1460}"
James Landay,https://scholar.google.com/citations?user=oQsObk0AAAAJ,2026-09-16,"Professor of Computer Science, Stanford University","[""Human-Computer Interaction"", ""Ubiquitous Computing"", ""Design"", ""mobile computing"", ""HCI""]",36412,96,230,10032,58,160,2000,"{""2000"":96,""2001"":245,""2002"":411,""2003"":533,""2004"":775,""2005"":946,""2006"":1044,""2007"":1183,""2008"":1301,""2009"":1455,""2010"":1642,""2011"":1633,""2012"":1473,""2013"":1717,""2014"":1823,""2015"":1674,""2016"":1561,""2017"":1547,""2018"":1472,""2019"":1608,""2020"":1458,""2021"":1554,""2022"":1389,""2023"":1586,""2024"":1807,""2025"":2078,""2026"":1596}"
Jason Flinn,https://scholar.google.com/citations?user=YxGHbuMAAAAJ,2026-09-16,Facebook,"[""Distributed Systems"", ""Operating Systems"", ""Mobile Computing""]",10578,44,70,1724,24,37,1998,"{""1998"":42,""1999"":82,""2000"":119,""2001"":172,""2002"":217,""2003"":241,""2004"":327,""2005"":296,""2006"":286,""2007"":333,""2008"":338,""2009"":351,""2010"":378,""2011"":437,""2012"":549,""2013"":584,""2014"":623,""2015"":651,""2016"":621,""2017"":613,""2018"":567,""2019"":492,""2020"":382,""2021"":409,""2022"":302,""2023"":333,""2024"":264,""2025"":251,""2026"":164}"
J. Bryan Lyles,https://scholar.google.com/citations?user=U12mxPQAAAAJ,2026-09-16,retired,"[""computer networks"", ""computer security""]",5458,29,38,259,7,7,1993,"{""1993"":16,""1994"":20,""1995"":16,""1996"":33,""1997"":32,""1998"":53,""1999"":88,""2000"":103,""2001"":153,""2002"":215,""2003"":285,""2004"":345,""2005"":350,""2006"":360,""2007"":341,""2008"":335,""2009"":311,""2010"":341,""2011"":287,""2012"":235,""2013"":213,""2014"":215,""2015"":182,""2016"":162,""2017"":155,""2018"":124,""2019"":88,""2020"":67,""2021"":64,""2022"":69,""2023"":53,""2024"":26,""2025"":29,""2026"":18}"
Justine Cassell,https://scholar.google.com/citations?user=wkC9xHMAAAAJ,2026-09-16,Inria Paris & Carnegie Mellon University,"[""Embodied Conversational Agents"", ""Multimodal interfaces"", ""Dialogue"", ""Virtual Peers""]",25554,72,162,5282,34,89,1997,"{""1997"":88,""1998"":113,""1999"":193,""2000"":351,""2001"":494,""2002"":757,""2003"":839,""2004"":914,""2005"":1086,""2006"":914,""2007"":1030,""2008"":1156,""2009"":1126,""2010"":1112,""2011"":1019,""2012"":911,""2013"":1000,""2014"":927,""2015"":908,""2016"":873,""2017"":930,""2018"":951,""2019"":1001,""2020"":907,""2021"":977,""2022"":979,""2023"":836,""2024"":889,""2025"":951,""2026"":640}"
Louiqa Raschid,https://scholar.google.com/citations?user=MD8nInYAAAAJ,2026-09-16,"Professor, University of Maryland","[""Data science""]",4862,37,90,510,10,11,1988,"{""1988"":15,""1989"":15,""1990"":46,""1991"":48,""1992"":53,""1993"":48,""1994"":65,""1995"":62,""1996"":75,""1997"":104,""1998"":126,""1999"":175,""2000"":153,""2001"":135,""2002"":203,""2003"":186,""2004"":228,""2005"":170,""2006"":191,""2007"":193,""2008"":165,""2009"":164,""2010"":104,""2011"":131,""2012"":175,""2013"":149,""2014"":148,""2015"":173,""2016"":170,""2017"":142,""2018"":153,""2019"":158,""2020"":129,""2021"":105,""2022"":100,""2023"":94,""2024"":80,""2025"":82,""2026"":49}"
Luca Benini,https://scholar.google.com/citations?user=8riq3sYAAAAJ,2026-09-16,"ETH Zürich, Università di Bologna","[""Integrated Circuits"", ""Computer Architecture"", ""Embedded Systems"", ""VLSI"", ""Machine Learning""]",87075,135,1202,34078,80,705,1999,"{""1999"":251,""2000"":436,""2001"":514,""2002"":768,""2003"":1047,""2004"":1312,""2005"":1745,""2006"":1845,""2007"":2186,""2008"":2419,""2009"":2565,""2010"":2878,""2011"":2928,""2012"":2832,""2013"":3178,""2014"":3050,""2015"":2908,""2016"":3302,""2017"":3473,""2018"":3783,""2019"":4032,""2020"":4201,""2021"":4644,""2022"":5278,""2023"":5465,""2024"":6106,""2025"":7237,""2026"":5308}"
Manuela M. Veloso,https://scholar.google.com/citations?user=2FbkAzYAAAAJ,2026-09-16,"Herbert A. Simon University Professor of Computer Science, Carnegie Mellon University","[""Artificial Intelligence"", ""Robotics"", ""Planning"", ""Learning"", ""Multirobot Systems""]",55312,101,556,16743,51,207,1994,"{""1994"":183,""1995"":238,""1996"":272,""1997"":308,""1998"":552,""1999"":575,""2000"":726,""2001"":798,""2002"":833,""2003"":1123,""2004"":1229,""2005"":1472,""2006"":1377,""2007"":1540,""2008"":1510,""2009"":1652,""2010"":1730,""2011"":1698,""2012"":1833,""2013"":1874,""2014"":2030,""2015"":2135,""2016"":2124,""2017"":2149,""2018"":2398,""2019"":2645,""2020"":2581,""2021"":2598,""2022"":2543,""2023"":2663,""2024"":2816,""2025"":3565,""2026"":2537}"
Marta Kwiatkowska,https://scholar.google.com/citations?user=ArcH6PkAAAAJ,2026-09-16,"Professor of Computing Systems, University of Oxford","[""Computer Science"", ""Automated Verification"", ""Probabilistic/Quantitative Model Checking""]",31359,81,300,11057,48,179,1998,"{""1998"":79,""1999"":84,""2000"":97,""2001"":92,""2002"":147,""2003"":253,""2004"":344,""2005"":393,""2006"":494,""2007"":542,""2008"":603,""2009"":801,""2010"":874,""2011"":967,""2012"":1150,""2013"":1312,""2014"":1369,""2015"":1531,""2016"":1584,""2017"":1513,""2018"":1774,""2019"":1793,""2020"":1963,""2021"":1906,""2022"":1996,""2023"":2020,""2024"":1987,""2025"":1844,""2026"":1301}"
Martin Kersten,https://scholar.google.com/citations?user=Kr6jppsAAAAJ,2026-09-16,"Research Fellow, CWI, Amsterdam","[""Database systems""]",12571,50,137,1680,20,36,1987,"{""1987"":32,""1988"":37,""1989"":48,""1990"":59,""1991"":50,""1992"":39,""1993"":60,""1994"":60,""1995"":61,""1996"":115,""1997"":104,""1998"":133,""1999"":152,""2000"":190,""2001"":206,""2002"":295,""2003"":361,""2004"":416,""2005"":421,""2006"":438,""2007"":441,""2008"":395,""2009"":468,""2010"":492,""2011"":515,""2012"":571,""2013"":628,""2014"":607,""2015"":607,""2016"":631,""2017"":473,""2018"":662,""2019"":465,""2020"":375,""2021"":398,""2022"":324,""2023"":288,""2024"":269,""2025"":273,""2026"":128}"
Michael Saks,https://scholar.google.com/citations?user=mu2I688AAAAJ,2026-09-16,Rutgers University-New Brunswick,"[""Theoretical Computer Science"", ""Discrete Mathematics"", ""Combinatorics"", ""Mathematics""]",11309,59,141,2436,24,64,1988,"{""1988"":45,""1989"":72,""1990"":67,""1991"":110,""1992"":143,""1993"":128,""1994"":167,""1995"":118,""1996"":159,""1997"":155,""1998"":182,""1999"":180,""2000"":196,""2001"":215,""2002"":219,""2003"":249,""2004"":219,""2005"":292,""2006"":305,""2007"":365,""2008"":388,""2009"":332,""2010"":382,""2011"":337,""2012"":346,""2013"":396,""2014"":336,""2015"":345,""2016"":398,""2017"":357,""2018"":426,""2019"":388,""2020"":496,""2021"":440,""2022"":399,""2023"":417,""2024"":417,""2025"":407,""2026"":355}"
Monika Henzinger,https://scholar.google.com/citations?user=NXbggxYAAAAJ,2026-09-16,"Professor of Computer Science, Institute of Science and Technology Austria (ISTA)","[""Efficient combinatorial algorithms""]",25862,76,218,5293,36,135,1997,"{""1997"":133,""1998"":161,""1999"":213,""2000"":329,""2001"":444,""2002"":563,""2003"":653,""2004"":835,""2005"":887,""2006"":896,""2007"":971,""2008"":949,""2009"":984,""2010"":1179,""2011"":1091,""2012"":1089,""2013"":1188,""2014"":1242,""2015"":1137,""2016"":1061,""2017"":1099,""2018"":995,""2019"":955,""2020"":982,""2021"":898,""2022"":972,""2023"":842,""2024"":916,""2025"":901,""2026"":761}"
Nick Feamster,https://scholar.google.com/citations?user=xYfYnG4AAAAJ,2026-09-16,"Neubauer Professor of Computer Science, University of Chicago","[""Security"", ""Networking"", ""Computer Networks"", ""Performance Evaluation"", ""Tech Policy""]",49098,93,274,16158,55,187,2003,"{""2003"":137,""2004"":201,""2005"":299,""2006"":335,""2007"":466,""2008"":591,""2009"":930,""2010"":1169,""2011"":1359,""2012"":1558,""2013"":2154,""2014"":2724,""2015"":3119,""2016"":3630,""2017"":3522,""2018"":3433,""2019"":3315,""2020"":3260,""2021"":3282,""2022"":2978,""2023"":2722,""2024"":2651,""2025"":2670,""2026"":1842}"
Noga Alon,https://scholar.google.com/citations?user=vOYl40wAAAAJ,2026-09-16,Princeton University and Tel Aviv University,"[""combinatorics""]",58955,125,568,16956,60,361,1990,"{""1990"":150,""1991"":219,""1992"":251,""1993"":349,""1994"":407,""1995"":433,""1996"":429,""1997"":542,""1998"":565,""1999"":576,""2000"":586,""2001"":652,""2002"":838,""2003"":933,""2004"":1029,""2005"":1238,""2006"":1407,""2007"":1627,""2008"":1799,""2009"":1887,""2010"":1934,""2011"":2053,""2012"":2172,""2013"":2228,""2014"":2172,""2015"":2150,""2016"":2288,""2017"":2406,""2018"":2419,""2019"":2426,""2020"":2548,""2021"":2573,""2022"":2484,""2023"":2606,""2024"":2881,""2025"":3247,""2026"":3139}"
Paul Barford,https://scholar.google.com/citations?user=4uypulQAAAAJ,2026-09-16,"Professor of Computer Science, University of Wisconsin - Madison","[""Networking"", ""Security"", ""Systems"", ""Data Science""]",16618,55,136,2845,28,75,1999,"{""1999"":115,""2000"":200,""2001"":261,""2002"":361,""2003"":357,""2004"":487,""2005"":583,""2006"":709,""2007"":713,""2008"":724,""2009"":795,""2010"":796,""2011"":721,""2012"":799,""2013"":765,""2014"":781,""2015"":744,""2016"":733,""2017"":747,""2018"":763,""2019"":691,""2020"":646,""2021"":574,""2022"":556,""2023"":473,""2024"":459,""2025"":496,""2026"":286}"
Paul C. van Oorschot,https://scholar.google.com/citations?user=CMRzTi8AAAAJ,2026-09-16,"Professor of Computer Science, Carleton University, Canada","[""Authentication"", ""Applied cryptography"", ""Information security"", ""Computer security"", ""Systems security""]",52457,85,176,9927,37,97,1996,"{""1996"":145,""1997"":206,""1998"":338,""1999"":532,""2000"":559,""2001"":714,""2002"":923,""2003"":1251,""2004"":1295,""2005"":1712,""2006"":1838,""2007"":1833,""2008"":1891,""2009"":2196,""2010"":2234,""2011"":2235,""2012"":2391,""2013"":2584,""2014"":2659,""2015"":2588,""2016"":2619,""2017"":2359,""2018"":2314,""2019"":2207,""2020"":1949,""2021"":2036,""2022"":1848,""2023"":1589,""2024"":1512,""2025"":1827,""2026"":1108}"
Rajesh K. Gupta,https://scholar.google.com/citations?user=I1w51gUAAAAJ,2026-09-16,"Professor of Computer Science and Engineering, Halıcıoğlu Data Science Institute, UC San Diego","[""Embedded Systems"", ""Cyber-Physical Systems"", ""Computer-Aided Design"", ""Design Automation"", ""EDA""]",25516,77,264,5701,33,108,1994,"{""1994"":117,""1995"":110,""1996"":214,""1997"":251,""1998"":299,""1999"":273,""2000"":287,""2001"":306,""2002"":290,""2003"":476,""2004"":575,""2005"":532,""2006"":655,""2007"":733,""2008"":724,""2009"":818,""2010"":866,""2011"":929,""2012"":1220,""2013"":1232,""2014"":1237,""2015"":1353,""2016"":1181,""2017"":1151,""2018"":1203,""2019"":1200,""2020"":1100,""2021"":1045,""2022"":956,""2023"":911,""2024"":887,""2025"":1108,""2026"":790}"
Robert Jacob,https://scholar.google.com/citations?user=FWjqglcAAAAJ,2026-09-16,"Professor of Computer Science, Tufts University","[""Human-computer interaction""]",19211,56,118,4822,29,64,1987,"{""1987"":64,""1988"":67,""1989"":99,""1990"":101,""1991"":97,""1992"":68,""1993"":93,""1994"":97,""1995"":101,""1996"":102,""1997"":116,""1998"":111,""1999"":105,""2000"":159,""2001"":164,""2002"":203,""2003"":217,""2004"":259,""2005"":402,""2006"":378,""2007"":455,""2008"":479,""2009"":651,""2010"":657,""2011"":633,""2012"":722,""2013"":770,""2014"":885,""2015"":948,""2016"":884,""2017"":930,""2018"":1017,""2019"":989,""2020"":917,""2021"":914,""2022"":781,""2023"":873,""2024"":848,""2025"":883,""2026"":521}"
Robert L Grossman,https://scholar.google.com/citations?user=3KG8arsAAAAJ,2026-09-16,"Frederick H. Rawson Professor of Medicine and Computer Science, University of Chicago","[""machine learning / AI"", ""data science"", ""data intensive computing"", ""bioinformatics""]",25382,61,199,10303,37,93,1994,"{""1994"":99,""1995"":131,""1996"":123,""1997"":102,""1998"":102,""1999"":114,""2000"":134,""2001"":133,""2002"":193,""2003"":223,""2004"":312,""2005"":364,""2006"":388,""2007"":389,""2008"":379,""2009"":465,""2010"":641,""2011"":762,""2012"":1004,""2013"":1101,""2014"":1126,""2015"":1012,""2016"":906,""2017"":938,""2018"":947,""2019"":1065,""2020"":1346,""2021"":1707,""2022"":1762,""2023"":1674,""2024"":1762,""2025"":1900,""2026"":1481}"
Sachin Sapatnekar,https://scholar.google.com/citations?user=RbDCxkpnnmsC,2026-09-16,University of Minnesota,"[""CAD for VLSI circuits""]",20880,74,323,6147,38,136,1995,"{""1995"":63,""1996"":108,""1997"":111,""1998"":102,""1999"":167,""2000"":127,""2001"":180,""2002"":247,""2003"":276,""2004"":411,""2005"":591,""2006"":767,""2007"":907,""2008"":989,""2009"":965,""2010"":811,""2011"":847,""2012"":936,""2013"":848,""2014"":767,""2015"":785,""2016"":799,""2017"":660,""2018"":684,""2019"":677,""2020"":629,""2021"":766,""2022"":905,""2023"":971,""2024"":1139,""2025"":1283,""2026"":1081}"
Sharon Oviatt,https://scholar.google.com/citations?user=3CsBn00AAAAJ,2026-09-16,"Professor of Human-centered A.I., Engineering, Monash University, Melbourne Australia","[""Human-centered A.I. and computing"", ""educational interfaces"", ""mobile interfaces"", ""multimodal interfaces"", ""speech and pen interfaces""]",20049,56,135,5688,30,70,1994,"{""1994"":59,""1995"":81,""1996"":118,""1997"":149,""1998"":239,""1999"":238,""2000"":375,""2001"":362,""2002"":615,""2003"":521,""2004"":634,""2005"":678,""2006"":753,""2007"":798,""2008"":744,""2009"":627,""2010"":620,""2011"":578,""2012"":491,""2013"":627,""2014"":579,""2015"":584,""2016"":482,""2017"":686,""2018"":639,""2019"":733,""2020"":812,""2021"":882,""2022"":960,""2023"":1024,""2024"":962,""2025"":1069,""2026"":782}"
Shwetak Patel,https://scholar.google.com/citations?user=z4S5rC0AAAAJ,2026-09-16,"University of Washington, Washington Research Foundation Endowed Professor, Computer Science","[""Ubiquitous Computing"", ""Human-Computer Interaction"", ""Sensors"", ""Embedded Systems""]",28626,86,283,14420,60,223,2006,"{""2006"":75,""2007"":98,""2008"":147,""2009"":225,""2010"":315,""2011"":471,""2012"":671,""2013"":739,""2014"":985,""2015"":1189,""2016"":1343,""2017"":1568,""2018"":1899,""2019"":1968,""2020"":1985,""2021"":2033,""2022"":2014,""2023"":1934,""2024"":2356,""2025"":3298,""2026"":2748}"
Somesh Jha,https://scholar.google.com/citations?user=BaI7l8QAAAAJ,2026-09-16,"Lubar Chair of Computer Science, University of Wisconsin","[""Trustworthy Machine Learning"", ""Security"", ""Formal methods"", ""Programming Languages""]",63610,103,280,31750,64,181,1999,"{""1999"":184,""2000"":250,""2001"":291,""2002"":350,""2003"":464,""2004"":625,""2005"":869,""2006"":1103,""2007"":1239,""2008"":1308,""2009"":1465,""2010"":1382,""2011"":1334,""2012"":1325,""2013"":1377,""2014"":1457,""2015"":1452,""2016"":1532,""2017"":1947,""2018"":2982,""2019"":3680,""2020"":4354,""2021"":4984,""2022"":5212,""2023"":5499,""2024"":5745,""2025"":5998,""2026"":4300}"
Steve Blackburn,https://scholar.google.com/citations?user=HgSTO7oAAAAJ,2026-09-16,"Research Scientist, Google | Professor of Computer Science, Australian National University","[""Programming Languages""]",7122,38,72,1536,20,38,1999,"{""1999"":34,""2000"":54,""2001"":42,""2002"":64,""2003"":117,""2004"":121,""2005"":177,""2006"":273,""2007"":281,""2008"":269,""2009"":289,""2010"":311,""2011"":319,""2012"":311,""2013"":370,""2014"":338,""2015"":442,""2016"":414,""2017"":333,""2018"":325,""2019"":341,""2020"":241,""2021"":269,""2022"":221,""2023"":293,""2024"":268,""2025"":299,""2026"":185}"
Sudipta Sengupta,https://scholar.google.com/citations?user=h8M0U0oAAAAJ,2026-09-16,"Vice President & Distinguished Scientist, Amazon AWS","[""Artificial Intelligence"", ""Architecture & Compilers"", ""Computer Systems"", ""Database & Storage Systems"", ""Computer Networking""]",21999,59,141,7034,35,80,2002,"{""2002"":69,""2003"":107,""2004"":128,""2005"":115,""2006"":114,""2007"":154,""2008"":209,""2009"":324,""2010"":449,""2011"":619,""2012"":876,""2013"":1161,""2014"":1259,""2015"":1424,""2016"":1497,""2017"":1537,""2018"":1606,""2019"":1611,""2020"":1498,""2021"":1595,""2022"":1484,""2023"":994,""2024"":1075,""2025"":1167,""2026"":719}"
Todd C. Mowry,https://scholar.google.com/citations?user=MYsIXF4AAAAJ,2026-09-16,"Professor of Computer Science, Carnegie Mellon University","[""computer architecture"", ""compilers"", ""operating systems"", ""parallel processing"", ""database performance""]",14943,59,109,3876,28,59,1992,"{""1992"":59,""1993"":86,""1994"":140,""1995"":170,""1996"":187,""1997"":265,""1998"":263,""1999"":269,""2000"":274,""2001"":269,""2002"":288,""2003"":321,""2004"":336,""2005"":393,""2006"":368,""2007"":376,""2008"":414,""2009"":462,""2010"":452,""2011"":474,""2012"":427,""2013"":379,""2014"":438,""2015"":481,""2016"":634,""2017"":566,""2018"":758,""2019"":658,""2020"":627,""2021"":633,""2022"":693,""2023"":618,""2024"":642,""2025"":732,""2026"":558}"
Trevor Mudge,https://scholar.google.com/citations?user=d1KEK84AAAAJ,2026-09-16,"Bredt Family Professor of Engineering, University of Michigan","[""Computer Architecture""]",38746,80,315,7534,30,96,1987,"{""1987"":167,""1988"":251,""1989"":269,""1990"":266,""1991"":265,""1992"":263,""1993"":237,""1994"":219,""1995"":292,""1996"":240,""1997"":268,""1998"":254,""1999"":337,""2000"":265,""2001"":389,""2002"":429,""2003"":583,""2004"":791,""2005"":961,""2006"":1043,""2007"":1213,""2008"":1295,""2009"":1319,""2010"":1573,""2011"":1664,""2012"":1668,""2013"":1969,""2014"":1866,""2015"":1910,""2016"":1901,""2017"":1739,""2018"":1663,""2019"":1521,""2020"":1448,""2021"":1383,""2022"":1354,""2023"":1313,""2024"":1241,""2025"":1354,""2026"":889}"
Valerie Taylor,https://scholar.google.com/citations?user=UUWrt60AAAAJ,2026-09-16,Argonne National Laboratory,"[""high performance computing"", ""performance analysis and modeling"", ""power analysis""]",5487,33,97,1220,18,23,1996,"{""1996"":21,""1997"":24,""1998"":42,""1999"":60,""2000"":66,""2001"":101,""2002"":127,""2003"":174,""2004"":207,""2005"":287,""2006"":291,""2007"":301,""2008"":244,""2009"":279,""2010"":188,""2011"":238,""2012"":187,""2013"":241,""2014"":150,""2015"":178,""2016"":172,""2017"":162,""2018"":115,""2019"":154,""2020"":137,""2021"":165,""2022"":170,""2023"":170,""2024"":180,""2025"":291,""2026"":234}"
Venkata N. Padmanabhan,https://scholar.google.com/citations?user=ae1ve-EAAAAJ,2026-09-16,Microsoft Research India,"[""Networking"", ""Mobile Computing""]",44923,72,152,5708,30,77,1997,"{""1997"":135,""1998"":239,""1999"":381,""2000"":465,""2001"":538,""2002"":836,""2003"":1029,""2004"":1516,""2005"":1671,""2006"":1824,""2007"":2012,""2008"":2168,""2009"":2178,""2010"":2178,""2011"":2189,""2012"":2249,""2013"":2350,""2014"":2463,""2015"":2471,""2016"":2317,""2017"":2137,""2018"":2046,""2019"":1798,""2020"":1398,""2021"":1409,""2022"":1229,""2023"":913,""2024"":956,""2025"":788,""2026"":413}"
William T. Freeman,https://scholar.google.com/citations?user=0zZnyMEAAAAJ,2026-09-16,"Professor of Computer Science, MIT","[""computer vision"", ""computational photography""]",133864,159,409,57780,106,306,1998,"{""1998"":334,""1999"":408,""2000"":467,""2001"":554,""2002"":743,""2003"":966,""2004"":1314,""2005"":1646,""2006"":2007,""2007"":2371,""2008"":2836,""2009"":3506,""2010"":3964,""2011"":4103,""2012"":4587,""2013"":4886,""2014"":5044,""2015"":4988,""2016"":5234,""2017"":5395,""2018"":5501,""2019"":6238,""2020"":7049,""2021"":7589,""2022"":8475,""2023"":9361,""2024"":10321,""2025"":11692,""2026"":10224}"
Xuedong D. Huang,https://scholar.google.com/citations?user=xByATywAAAAJ,2026-09-16,Microsoft,"[""Speech"", ""NLP"", ""AI"", ""UI"", ""Machine Learning""]",25343,79,209,6054,36,107,1992,"{""1992"":91,""1993"":121,""1994"":150,""1995"":113,""1996"":200,""1997"":147,""1998"":176,""1999"":173,""2000"":214,""2001"":210,""2002"":342,""2003"":426,""2004"":485,""2005"":520,""2006"":675,""2007"":687,""2008"":663,""2009"":655,""2010"":681,""2011"":702,""2012"":732,""2013"":853,""2014"":1131,""2015"":1028,""2016"":1156,""2017"":1557,""2018"":1577,""2019"":1696,""2020"":1664,""2021"":1553,""2022"":1522,""2023"":938,""2024"":954,""2025"":754,""2026"":333}"
Yolanda Gil,https://scholar.google.com/citations?user=NDmGsCgAAAAJ,2026-09-16,"Research Professor of Computer Science, University of Southern California","[""Artificial Intelligence"", ""Intelligent User Interfaces"", ""Knowledge Capture"", ""Scientific Workflows"", ""Semantic Web""]",22843,63,201,6545,34,72,1991,"{""1991"":68,""1992"":67,""1993"":90,""1994"":105,""1995"":109,""1996"":115,""1997"":98,""1998"":104,""1999"":113,""2000"":130,""2001"":161,""2002"":168,""2003"":271,""2004"":414,""2005"":528,""2006"":572,""2007"":659,""2008"":786,""2009"":766,""2010"":912,""2011"":1088,""2012"":992,""2013"":1037,""2014"":939,""2015"":927,""2016"":952,""2017"":936,""2018"":908,""2019"":879,""2020"":932,""2021"":1037,""2022"":1134,""2023"":1098,""2024"":1128,""2025"":1129,""2026"":1010}"
Zhi-Hua Zhou,https://scholar.google.com/citations?user=rSVIHasAAAAJ,2026-09-16,Nanjing University,"[""Artificial Intelligence"", ""Machine Learning"", ""Data Mining""]",121397,139,539,63794,92,425,2005,"{""2005"":329,""2006"":549,""2007"":646,""2008"":973,""2009"":1463,""2010"":1905,""2011"":2335,""2012"":2649,""2013"":3156,""2014"":3824,""2015"":4215,""2016"":4795,""2017"":5524,""2018"":6764,""2019"":8198,""2020"":9003,""2021"":10255,""2022"":10681,""2023"":11306,""2024"":11430,""2025"":11633,""2026"":8368}"
Anastasia Ailamaki,https://scholar.google.com/citations?user=YdrkeNwAAAAJ,2026-09-16,Professor of Computer and Communication Sciences. EPFL,"[""Data Management"", ""computer architecture"", ""data-intensive applications"", ""AI analytics""]",21387,73,219,6746,43,136,2002,"{""2002"":89,""2003"":103,""2004"":202,""2005"":207,""2006"":284,""2007"":396,""2008"":432,""2009"":509,""2010"":684,""2011"":791,""2012"":848,""2013"":998,""2014"":1065,""2015"":1140,""2016"":1313,""2017"":1299,""2018"":1314,""2019"":1299,""2020"":1250,""2021"":1165,""2022"":1252,""2023"":1190,""2024"":1191,""2025"":1155,""2026"":791}"
Assaf Schuster,https://scholar.google.com/citations?user=KfwgjswAAAAJ,2026-09-16,"Professor of Computer Science, Technion","[""Scalability"", ""Big Data"", ""Data Mining"", ""Massive Data Streams""]",10984,57,165,2318,25,59,1992,"{""1992"":29,""1993"":34,""1994"":53,""1995"":67,""1996"":73,""1997"":85,""1998"":117,""1999"":126,""2000"":144,""2001"":112,""2002"":121,""2003"":148,""2004"":172,""2005"":218,""2006"":285,""2007"":312,""2008"":339,""2009"":334,""2010"":350,""2011"":351,""2012"":408,""2013"":505,""2014"":636,""2015"":650,""2016"":591,""2017"":720,""2018"":567,""2019"":527,""2020"":436,""2021"":448,""2022"":470,""2023"":369,""2024"":336,""2025"":413,""2026"":279}"
Babak Falsafi,https://scholar.google.com/citations?user=LaNEuBUAAAAJ,2026-09-16,"Professor of Computer Science, EPFL","[""Computer Architecture"", ""Datacenter Systems"", ""Post-Moore Servers""]",19711,69,158,4632,38,91,1995,"{""1995"":77,""1996"":105,""1997"":95,""1998"":164,""1999"":101,""2000"":129,""2001"":119,""2002"":198,""2003"":276,""2004"":302,""2005"":457,""2006"":454,""2007"":562,""2008"":561,""2009"":599,""2010"":769,""2011"":786,""2012"":871,""2013"":1019,""2014"":1033,""2015"":1109,""2016"":1154,""2017"":1111,""2018"":992,""2019"":920,""2020"":843,""2021"":834,""2022"":896,""2023"":834,""2024"":790,""2025"":807,""2026"":468}"
Bing Liu,https://scholar.google.com/citations?user=Kt1bjZoAAAAJ,2026-09-16,"Distinguished Professor, University of Illinois at Chicago","[""Machine Learning"", ""Sentiment Analysis"", ""Natural Language Processing"", ""Data Mining"", ""Web Mining""]",120224,126,412,48753,87,304,2003,"{""2003"":424,""2004"":570,""2005"":841,""2006"":1106,""2007"":1051,""2008"":1480,""2009"":2010,""2010"":2380,""2011"":2802,""2012"":3447,""2013"":4308,""2014"":5269,""2015"":6167,""2016"":6699,""2017"":7075,""2018"":7470,""2019"":7936,""2020"":8109,""2021"":8770,""2022"":8679,""2023"":8687,""2024"":8447,""2025"":8818,""2026"":5301}"
Chih-Jen Lin,https://scholar.google.com/citations?user=SLMkts8AAAAJ,2026-09-16,"Distinguished professor, National Taiwan University and affiliated professor, MBZUAI","[""Machine learning"", ""Data Mining"", ""Optimization"", ""Artificial Intelligence""]",128299,77,183,25604,47,105,2003,"{""2003"":465,""2004"":875,""2005"":1481,""2006"":2115,""2007"":2727,""2008"":3328,""2009"":4100,""2010"":4952,""2011"":5519,""2012"":6846,""2013"":7810,""2014"":8836,""2015"":9575,""2016"":9783,""2017"":9111,""2018"":8735,""2019"":7912,""2020"":6981,""2021"":6272,""2022"":5593,""2023"":4520,""2024"":3787,""2025"":3433,""2026"":1996}"
David Blei,https://scholar.google.com/citations?user=8OYE6iEAAAAJ,2026-09-16,"Professor of Statistics and Computer Science, Columbia University","[""Machine Learning"", ""Statistics"", ""Probabilistic topic models"", ""Bayesian nonparametrics"", ""Approximate posterior inference""]",168532,117,276,75208,85,227,2006,"{""2006"":578,""2007"":839,""2008"":1193,""2009"":1832,""2010"":2486,""2011"":3507,""2012"":4522,""2013"":5438,""2014"":6851,""2015"":7931,""2016"":9532,""2017"":9996,""2018"":11224,""2019"":11932,""2020"":12552,""2021"":13265,""2022"":13046,""2023"":12931,""2024"":12684,""2025"":13536,""2026"":9731}"
Dragomir Radev,https://scholar.google.com/citations?user=vIqWvgwAAAAJ,2026-09-16,"Professor, Computer Science, Yale University","[""Natural Language Processing"", ""Information Retrieval"", ""Machine Learning"", ""Computational Linguistics"", ""Social Network Analysis""]",48264,93,217,25934,65,138,2001,"{""2001"":192,""2002"":224,""2003"":264,""2004"":409,""2005"":432,""2006"":557,""2007"":624,""2008"":835,""2009"":822,""2010"":1042,""2011"":1143,""2012"":1249,""2013"":1286,""2014"":1558,""2015"":1442,""2016"":1680,""2017"":1563,""2018"":1831,""2019"":2154,""2020"":2284,""2021"":2809,""2022"":3181,""2023"":4717,""2024"":5510,""2025"":5694,""2026"":3986}"
Elizabeth D. Mynatt,https://scholar.google.com/citations?user=l7nsfT4AAAAJ,2026-09-16,"Dean, Khoury College of Computer Sciences, Northeastern University","[""HCI and Human-centered computing"", ""personal health informatics"", ""ubiquitous computing""]",22562,72,177,4585,35,88,1998,"{""1998"":71,""1999"":126,""2000"":190,""2001"":253,""2002"":431,""2003"":683,""2004"":849,""2005"":946,""2006"":961,""2007"":907,""2008"":942,""2009"":1055,""2010"":1019,""2011"":959,""2012"":946,""2013"":848,""2014"":878,""2015"":832,""2016"":897,""2017"":864,""2018"":879,""2019"":949,""2020"":872,""2021"":861,""2022"":849,""2023"":740,""2024"":714,""2025"":812,""2026"":607}"
Frank Pfenning,https://scholar.google.com/citations?user=ghWKWBUAAAAJ,2026-09-16,"Professor of Computer Science, Carnegie Mellon University","[""Programming Languages"", ""Logic"", ""Type Theory"", ""Automated Deduction"", ""Computer Security""]",19166,70,182,3975,32,79,1989,"{""1989"":68,""1990"":87,""1991"":119,""1992"":189,""1993"":178,""1994"":254,""1995"":163,""1996"":240,""1997"":260,""1998"":325,""1999"":383,""2000"":375,""2001"":445,""2002"":510,""2003"":591,""2004"":454,""2005"":576,""2006"":627,""2007"":621,""2008"":784,""2009"":746,""2010"":692,""2011"":577,""2012"":694,""2013"":560,""2014"":628,""2015"":548,""2016"":643,""2017"":635,""2018"":593,""2019"":608,""2020"":601,""2021"":782,""2022"":650,""2023"":716,""2024"":696,""2025"":631,""2026"":500}"
Giuseppe De Giacomo,https://scholar.google.com/citations?user=Sfo4K0oAAAAJ,2026-09-16,University of Oxford & Sapienza Università di Roma,"[""Artificial Intelligence"", ""Data Management"", ""Knowledge Representation"", ""Automated Planning"", ""Strategic Reasoning""]",30007,87,303,7311,40,140,1998,"{""1998"":191,""1999"":288,""2000"":386,""2001"":516,""2002"":490,""2003"":539,""2004"":613,""2005"":885,""2006"":946,""2007"":1240,""2008"":1338,""2009"":1301,""2010"":1340,""2011"":1216,""2012"":1315,""2013"":1376,""2014"":1289,""2015"":1213,""2016"":1378,""2017"":1089,""2018"":1076,""2019"":1088,""2020"":1013,""2021"":953,""2022"":1156,""2023"":1326,""2024"":1426,""2025"":1429,""2026"":1011}"
Hsinchun Chen,https://scholar.google.com/citations?user=ypvW54sAAAAJ,2026-09-16,University of Arizona,"[""business analytics"", ""data mining"", ""security informatics"", ""health informatics""]",66643,120,525,21155,64,264,1997,"{""1997"":221,""1998"":345,""1999"":359,""2000"":420,""2001"":400,""2002"":481,""2003"":647,""2004"":747,""2005"":986,""2006"":1151,""2007"":1308,""2008"":1472,""2009"":1604,""2010"":1788,""2011"":2319,""2012"":2314,""2013"":2446,""2014"":2865,""2015"":3284,""2016"":3488,""2017"":3661,""2018"":3792,""2019"":3934,""2020"":3884,""2021"":3779,""2022"":3734,""2023"":3527,""2024"":3810,""2025"":3771,""2026"":2502}"
Jayant Haritsa,https://scholar.google.com/citations?user=dc626ewAAAAJ,2026-09-16,Indian Institute of Science,"[""Database Systems""]",6467,38,88,802,16,31,1991,"{""1991"":21,""1992"":49,""1993"":63,""1994"":73,""1995"":119,""1996"":122,""1997"":160,""1998"":106,""1999"":81,""2000"":140,""2001"":85,""2002"":136,""2003"":208,""2004"":267,""2005"":293,""2006"":362,""2007"":363,""2008"":337,""2009"":354,""2010"":274,""2011"":270,""2012"":248,""2013"":218,""2014"":193,""2015"":196,""2016"":194,""2017"":180,""2018"":176,""2019"":128,""2020"":137,""2021"":147,""2022"":132,""2023"":106,""2024"":152,""2025"":138,""2026"":127}"
Jian Pei,https://scholar.google.com/citations?user=zIMEVKsAAAAJ,2026-09-16,"Arthur S. Pearse Distinguished Professor, Duke University","[""Data mining"", ""big data analytics"", ""database systems"", ""information retrieval""]",148012,123,417,47104,76,284,2001,"{""2001"":450,""2002"":1027,""2003"":1639,""2004"":2285,""2005"":3082,""2006"":3412,""2007"":3601,""2008"":4241,""2009"":5073,""2010"":5535,""2011"":5675,""2012"":5965,""2013"":6288,""2014"":7053,""2015"":6940,""2016"":7180,""2017"":7006,""2018"":7245,""2019"":7659,""2020"":7480,""2021"":7437,""2022"":7430,""2023"":7863,""2024"":8472,""2025"":9552,""2026"":6278}"
Judea Pearl,https://scholar.google.com/citations?user=bAipNH8AAAAJ,2026-09-17,"Professor of Computer Science, University of California, Los Angeles","[""causality"", ""artificial intelligence"", ""structural equations"", ""counterfactuals""]",178558,130,398,68684,83,245,1988,"{""1988"":580,""1989"":685,""1990"":983,""1991"":913,""1992"":1071,""1993"":1172,""1994"":1601,""1995"":1357,""1996"":1469,""1997"":1639,""1998"":1477,""1999"":1629,""2000"":1714,""2001"":1987,""2002"":2177,""2003"":2414,""2004"":2814,""2005"":3029,""2006"":3149,""2007"":3677,""2008"":3862,""2009"":3951,""2010"":4297,""2011"":4505,""2012"":5453,""2013"":5724,""2014"":5502,""2015"":5158,""2016"":5355,""2017"":5499,""2018"":6093,""2019"":6727,""2020"":8322,""2021"":9476,""2022"":10769,""2023"":11314,""2024"":12199,""2025"":13350,""2026"":11417}"
Julia Hirschberg,https://scholar.google.com/citations?user=Qrd7FCoAAAAJ,2026-09-16,Columbia University,"[""Spoken Language Processing"", ""Natural Language Processing"", ""Prosody""]",38503,86,281,12952,45,158,1992,"{""1992"":101,""1993"":148,""1994"":211,""1995"":234,""1996"":322,""1997"":431,""1998"":395,""1999"":387,""2000"":451,""2001"":475,""2002"":581,""2003"":602,""2004"":631,""2005"":654,""2006"":801,""2007"":895,""2008"":888,""2009"":899,""2010"":1014,""2011"":1020,""2012"":1166,""2013"":1201,""2014"":1276,""2015"":1331,""2016"":1480,""2017"":1407,""2018"":1781,""2019"":1838,""2020"":1975,""2021"":2170,""2022"":2102,""2023"":2281,""2024"":2155,""2025"":2417,""2026"":1819}"
Kevin Skadron,https://scholar.google.com/citations?user=Q-As1CEAAAAJ,2026-09-16,"Harry Douglas Forsyth Professor of Computer Science, University of Virginia","[""computer architecture"", ""processing in memory"", ""hardware acceleration"", ""automata processing"", ""heterogeneous computing""]",30462,73,227,6826,32,99,2002,"{""2002"":125,""2003"":205,""2004"":313,""2005"":502,""2006"":628,""2007"":750,""2008"":921,""2009"":976,""2010"":1422,""2011"":1467,""2012"":1610,""2013"":1763,""2014"":1864,""2015"":1929,""2016"":1814,""2017"":1845,""2018"":1821,""2019"":1810,""2020"":1458,""2021"":1295,""2022"":1217,""2023"":1059,""2024"":1086,""2025"":1241,""2026"":926}"
Mary Czerwinski,https://scholar.google.com/citations?user=LHkrpqEAAAAJ,2026-09-16,Microsoft Research,"[""Human-Computer Interaction"", ""Psychology"", ""cognitive psychology""]",34172,108,296,9888,58,192,1999,"{""1999"":111,""2000"":152,""2001"":193,""2002"":290,""2003"":453,""2004"":628,""2005"":795,""2006"":1004,""2007"":1001,""2008"":1207,""2009"":1197,""2010"":1289,""2011"":1336,""2012"":1357,""2013"":1368,""2014"":1632,""2015"":1667,""2016"":1561,""2017"":1572,""2018"":1378,""2019"":1708,""2020"":1685,""2021"":1716,""2022"":1886,""2023"":1674,""2024"":1651,""2025"":1768,""2026"":1179}"
Michael Luby,https://scholar.google.com/citations?user=OCzTJZ8AAAAJ,2026-09-16,BitRipple and ICSI,"[""large scale data distribution over challenged networks"", ""coding theory"", ""distributed reliable storage"", ""cryptography"", ""randomized al""]",49401,99,247,8003,41,113,1990,"{""1990"":167,""1991"":196,""1992"":206,""1993"":250,""1994"":269,""1995"":295,""1996"":377,""1997"":355,""1998"":456,""1999"":511,""2000"":672,""2001"":777,""2002"":900,""2003"":1062,""2004"":1367,""2005"":1560,""2006"":1772,""2007"":1868,""2008"":1828,""2009"":1993,""2010"":2038,""2011"":2075,""2012"":2115,""2013"":2104,""2014"":2239,""2015"":2251,""2016"":3340,""2017"":2066,""2018"":1909,""2019"":1758,""2020"":1626,""2021"":1713,""2022"":1537,""2023"":1318,""2024"":1355,""2025"":1242,""2026"":837}"
Michael R. Lyu,https://scholar.google.com/citations?user=uQnBgK0AAAAJ,2026-09-16,"Professor of Computer Science & Engineering, The Chinese University of Hong Kong","[""software engineering"", ""software reliability"", ""fault tolerance"", ""machine learning"", ""distributed systems""]",70797,131,651,31286,89,404,1998,"{""1998"":203,""1999"":157,""2000"":202,""2001"":223,""2002"":262,""2003"":297,""2004"":360,""2005"":519,""2006"":614,""2007"":901,""2008"":1100,""2009"":1243,""2010"":1554,""2011"":1882,""2012"":2133,""2013"":2580,""2014"":3001,""2015"":3393,""2016"":3409,""2017"":3274,""2018"":3385,""2019"":3809,""2020"":4139,""2021"":4429,""2022"":4338,""2023"":4755,""2024"":5505,""2025"":6856,""2026"":5361}"
Michael Wooldridge,https://scholar.google.com/citations?user=JD8v9fkAAAAJ,2026-09-16,University of Oxford,"[""artificial intelligence"", ""multi-agent systems"", ""multiagent systems"", ""agentic ai"", ""computer science""]",102245,107,449,17585,47,203,1996,"{""1996"":323,""1997"":431,""1998"":717,""1999"":994,""2000"":1678,""2001"":2214,""2002"":2971,""2003"":3752,""2004"":4223,""2005"":4879,""2006"":4786,""2007"":4763,""2008"":4651,""2009"":4726,""2010"":4594,""2011"":4496,""2012"":4194,""2013"":4219,""2014"":3985,""2015"":3823,""2016"":3664,""2017"":3367,""2018"":3371,""2019"":2962,""2020"":2639,""2021"":2853,""2022"":2596,""2023"":2693,""2024"":2772,""2025"":3544,""2026"":3108}"
Naehyuck Chang,https://scholar.google.com/citations?user=w0uiMd4AAAAJ,2026-09-16,Samsung Electronics Device Solutions America,"[""battery systems"", ""low-power design"", ""cyberphysical systems"", ""embedded systems"", ""design automation""]",8509,51,159,2053,27,56,2001,"{""2001"":27,""2002"":48,""2003"":63,""2004"":119,""2005"":128,""2006"":173,""2007"":169,""2008"":199,""2009"":227,""2010"":234,""2011"":351,""2012"":414,""2013"":522,""2014"":580,""2015"":535,""2016"":600,""2017"":510,""2018"":509,""2019"":461,""2020"":460,""2021"":397,""2022"":389,""2023"":394,""2024"":354,""2025"":358,""2026"":161}"
Nancy M. Amato,https://scholar.google.com/citations?user=AmaB9c4AAAAJ,2026-09-16,"Abel Bliss Professor and Head, Computer Science, University of Illinois","[""motion planning"", ""robotics"", ""computational biology"", ""computational geometry"", ""parallel and distributed computing""]",20805,64,198,6021,29,80,1998,"{""1998"":65,""1999"":81,""2000"":152,""2001"":244,""2002"":240,""2003"":221,""2004"":427,""2005"":417,""2006"":414,""2007"":484,""2008"":511,""2009"":534,""2010"":600,""2011"":715,""2012"":819,""2013"":945,""2014"":993,""2015"":1009,""2016"":1184,""2017"":977,""2018"":1130,""2019"":1132,""2020"":1041,""2021"":1057,""2022"":1134,""2023"":962,""2024"":993,""2025"":1032,""2026"":842}"
Orna Grumberg,https://scholar.google.com/citations?user=ZPed8YYAAAAJ,2026-09-16,"Professor of Computer Science, Technion","[""Formal verification"", ""model checking""]",34894,55,126,4642,24,45,1993,"{""1993"":104,""1994"":165,""1995"":236,""1996"":299,""1997"":324,""1998"":335,""1999"":449,""2000"":586,""2001"":762,""2002"":912,""2003"":1122,""2004"":1248,""2005"":1542,""2006"":1543,""2007"":1810,""2008"":1801,""2009"":1659,""2010"":1593,""2011"":1504,""2012"":1590,""2013"":1473,""2014"":1509,""2015"":1434,""2016"":1324,""2017"":1075,""2018"":1116,""2019"":965,""2020"":900,""2021"":859,""2022"":819,""2023"":749,""2024"":783,""2025"":786,""2026"":646}"
Pablo Rodriguez Rodriguez,https://scholar.google.com/citations?user=yetbFCsAAAAJ,2026-09-16,IEEE Fellow and ACM Fellow. Spain.,"[""Distributed Systems"", ""AI"", ""Computer Networks"", ""Peer-to-Peer"", ""Privacy""]",18618,68,140,2875,29,64,1999,"{""1999"":46,""2000"":53,""2001"":59,""2002"":90,""2003"":139,""2004"":178,""2005"":252,""2006"":332,""2007"":474,""2008"":695,""2009"":915,""2010"":1093,""2011"":1179,""2012"":1344,""2013"":1280,""2014"":1289,""2015"":1155,""2016"":1109,""2017"":1066,""2018"":996,""2019"":902,""2020"":771,""2021"":711,""2022"":631,""2023"":436,""2024"":448,""2025"":390,""2026"":255}"
Patrick McDaniel,https://scholar.google.com/citations?user=AMGqrI0AAAAJ,2026-09-16,"Tsun-Ming Shih Professor of Computer Sciences, University of Wisconsin-Madison","[""computer and network security"", ""network management"", ""networking"", ""cellular systems"", ""mobile operating systems""]",66476,88,216,32880,61,140,2006,"{""2006"":243,""2007"":344,""2008"":404,""2009"":515,""2010"":611,""2011"":895,""2012"":1235,""2013"":1668,""2014"":2010,""2015"":2207,""2016"":2624,""2017"":3063,""2018"":4631,""2019"":5495,""2020"":6242,""2021"":6483,""2022"":6209,""2023"":5758,""2024"":5702,""2025"":5324,""2026"":3392}"
Paul Dourish,https://scholar.google.com/citations?user=wyCIJfQAAAAJ,2026-09-16,"Steckler Endowed Chair of Information and Computer Science, University of California, Irvine","[""Human-Computer Interaction"", ""Computer-Supported Cooperative Work"", ""Ubiquitous Computing"", ""Science and Technology Studies""]",52756,87,195,13491,47,114,1996,"{""1996"":202,""1997"":231,""1998"":270,""1999"":443,""2000"":414,""2001"":483,""2002"":619,""2003"":939,""2004"":1064,""2005"":1416,""2006"":1499,""2007"":1706,""2008"":1897,""2009"":2146,""2010"":2056,""2011"":2051,""2012"":2104,""2013"":2212,""2014"":2147,""2015"":2277,""2016"":2366,""2017"":2273,""2018"":2342,""2019"":2365,""2020"":2282,""2021"":2248,""2022"":2295,""2023"":2218,""2024"":2132,""2025"":2485,""2026"":2106}"
Peter Schröder,https://scholar.google.com/citations?user=t3TgxNwAAAAJ,2026-09-16,"Professor of Computer Science and Applied & Computational Mathematics, Caltech","[""Computer Graphics""]",28443,69,119,4128,33,59,1994,"{""1994"":77,""1995"":159,""1996"":147,""1997"":163,""1998"":269,""1999"":306,""2000"":548,""2001"":656,""2002"":862,""2003"":1204,""2004"":1400,""2005"":1387,""2006"":1460,""2007"":1444,""2008"":1438,""2009"":1285,""2010"":1226,""2011"":1183,""2012"":1189,""2013"":1077,""2014"":998,""2015"":973,""2016"":946,""2017"":895,""2018"":869,""2019"":800,""2020"":829,""2021"":710,""2022"":686,""2023"":691,""2024"":741,""2025"":692,""2026"":607}"
Piotr Indyk,https://scholar.google.com/citations?user=oOwNKsAAAAAJ,2026-09-16,"Thomas D. and Virginia W. Cabot Professor of Electrical Engineering and Computer Science, MIT","[""Algorithms"", ""Computational Geometry"", ""Theoretical Computer Science""]",49486,89,207,14029,48,146,2000,"{""2000"":171,""2001"":254,""2002"":446,""2003"":665,""2004"":738,""2005"":919,""2006"":1027,""2007"":1154,""2008"":1359,""2009"":1483,""2010"":1806,""2011"":1704,""2012"":1905,""2013"":2213,""2014"":2376,""2015"":2361,""2016"":2763,""2017"":3023,""2018"":2875,""2019"":2850,""2020"":2743,""2021"":2544,""2022"":2345,""2023"":2322,""2024"":2296,""2025"":2556,""2026"":1963}"
Santosh S. Vempala,https://scholar.google.com/citations?user=hRggMmIAAAAJ,2026-09-16,Georgia Tech,"[""Algorithms"", ""Optimization"", ""High-dimensional Geometry"", ""AI/ML Foundations""]",28206,78,181,11794,55,139,2000,"{""2000"":81,""2001"":147,""2002"":125,""2003"":240,""2004"":327,""2005"":448,""2006"":560,""2007"":617,""2008"":639,""2009"":806,""2010"":792,""2011"":786,""2012"":828,""2013"":927,""2014"":1054,""2015"":1003,""2016"":1045,""2017"":1146,""2018"":1238,""2019"":1360,""2020"":1672,""2021"":1623,""2022"":1836,""2023"":1925,""2024"":2004,""2025"":2145,""2026"":2249}"
Mooly Sagiv,https://scholar.google.com/citations?user=j4UuW80AAAAJ,2026-09-16,Tel Aviv University,"[""Programming Languages"", ""Program Verification"", ""Program Analysis"", ""Software Defined Networks""]",15746,66,159,3386,26,65,1995,"{""1995"":42,""1996"":46,""1997"":47,""1998"":76,""1999"":89,""2000"":135,""2001"":192,""2002"":211,""2003"":287,""2004"":503,""2005"":611,""2006"":663,""2007"":784,""2008"":687,""2009"":653,""2010"":688,""2011"":550,""2012"":593,""2013"":608,""2014"":687,""2015"":744,""2016"":602,""2017"":612,""2018"":657,""2019"":696,""2020"":648,""2021"":645,""2022"":601,""2023"":552,""2024"":637,""2025"":567,""2026"":383}"
Sriram Rajamani,https://scholar.google.com/citations?user=o-EdErcAAAAJ,2026-09-16,Microsoft Research,"[""programming languages"", ""verification"", ""security"", ""systems"", ""machine learning""]",17296,63,129,3349,31,59,1999,"{""1999"":77,""2000"":107,""2001"":189,""2002"":308,""2003"":394,""2004"":648,""2005"":780,""2006"":715,""2007"":800,""2008"":772,""2009"":825,""2010"":870,""2011"":729,""2012"":772,""2013"":812,""2014"":765,""2015"":783,""2016"":726,""2017"":681,""2018"":676,""2019"":666,""2020"":580,""2021"":554,""2022"":505,""2023"":493,""2024"":607,""2025"":694,""2026"":490}"
Tandy Warnow,https://scholar.google.com/citations?user=BYZtDXEAAAAJ,2026-09-16,"University of Illinois Urbana-Champaign, Siebel School of Computing and Data Science","[""computational biology"", ""phylogenetics"", ""machine learning"", ""historical linguistics"", ""multiple sequence""]",32528,81,217,15127,45,136,1995,"{""1995"":83,""1996"":86,""1997"":136,""1998"":109,""1999"":162,""2000"":101,""2001"":183,""2002"":206,""2003"":210,""2004"":319,""2005"":539,""2006"":509,""2007"":399,""2008"":494,""2009"":395,""2010"":524,""2011"":606,""2012"":649,""2013"":746,""2014"":658,""2015"":1040,""2016"":1357,""2017"":1487,""2018"":1892,""2019"":2105,""2020"":2026,""2021"":2258,""2022"":2582,""2023"":2704,""2024"":2622,""2025"":2795,""2026"":2141}"
Tei-Wei Kuo,https://scholar.google.com/citations?user=gBuHlIQAAAAJ,2026-09-16,"CTO of Delta Electronics and Professor Emeritus of Computer Sci. & Info. Engr, National Taiwan Univ.","[""real-time systems"", ""embedded systems"", ""flash memory"", ""non-volatile memory"", ""real-time database systems""]",12526,51,245,3336,27,91,1997,"{""1997"":47,""1998"":48,""1999"":65,""2000"":62,""2001"":70,""2002"":73,""2003"":97,""2004"":188,""2005"":210,""2006"":275,""2007"":348,""2008"":444,""2009"":560,""2010"":558,""2011"":671,""2012"":653,""2013"":714,""2014"":669,""2015"":690,""2016"":564,""2017"":530,""2018"":500,""2019"":468,""2020"":434,""2021"":457,""2022"":529,""2023"":449,""2024"":560,""2025"":804,""2026"":509}"
Ueli Maurer,https://scholar.google.com/citations?user=TSsq3GMAAAAJ,2026-09-16,"Professor of Computer Science, ETH Zurich",[],24041,72,191,6269,38,110,1995,"{""1995"":74,""1996"":130,""1997"":193,""1998"":275,""1999"":285,""2000"":278,""2001"":315,""2002"":413,""2003"":494,""2004"":634,""2005"":713,""2006"":695,""2007"":732,""2008"":826,""2009"":918,""2010"":978,""2011"":804,""2012"":961,""2013"":883,""2014"":1011,""2015"":1002,""2016"":894,""2017"":893,""2018"":949,""2019"":963,""2020"":1069,""2021"":1104,""2022"":1118,""2023"":1137,""2024"":1041,""2025"":1184,""2026"":681}"
Victor Miller,https://scholar.google.com/citations?user=ewfv9nEAAAAJ,2026-09-16,SRI,"[""Number Theory"", ""Cryptography""]",10267,12,12,2227,6,6,1991,"{""1991"":35,""1992"":35,""1993"":28,""1994"":39,""1995"":33,""1996"":57,""1997"":58,""1998"":110,""1999"":93,""2000"":120,""2001"":137,""2002"":142,""2003"":175,""2004"":233,""2005"":289,""2006"":326,""2007"":351,""2008"":410,""2009"":393,""2010"":439,""2011"":470,""2012"":478,""2013"":492,""2014"":505,""2015"":444,""2016"":403,""2017"":420,""2018"":391,""2019"":393,""2020"":356,""2021"":405,""2022"":361,""2023"":341,""2024"":408,""2025"":424,""2026"":288}"
Wang-Chiew Tan,https://scholar.google.com/citations?user=sOY-wjkAAAAJ,2026-09-16,Facebook AI,"[""data management"", ""data provenance"", ""data integration"", ""natural language processing""]",14384,56,104,4438,28,68,2000,"{""2000"":54,""2001"":85,""2002"":188,""2003"":276,""2004"":307,""2005"":439,""2006"":434,""2007"":459,""2008"":535,""2009"":594,""2010"":679,""2011"":635,""2012"":610,""2013"":689,""2014"":470,""2015"":529,""2016"":583,""2017"":527,""2018"":576,""2019"":528,""2020"":520,""2021"":630,""2022"":762,""2023"":793,""2024"":772,""2025"":752,""2026"":724}"
Xavier Leroy,https://scholar.google.com/citations?user=K5yXAeAAAAAJ,2026-09-16,Collège de France,"[""Programming languages"", ""Software verification"", ""Program proof"", ""Compilers"", ""Functional programming""]",15189,60,104,3912,28,50,1992,"{""1992"":40,""1993"":58,""1994"":119,""1995"":139,""1996"":183,""1997"":160,""1998"":206,""1999"":188,""2000"":240,""2001"":206,""2002"":309,""2003"":323,""2004"":366,""2005"":375,""2006"":374,""2007"":450,""2008"":428,""2009"":551,""2010"":463,""2011"":428,""2012"":571,""2013"":498,""2014"":581,""2015"":607,""2016"":567,""2017"":617,""2018"":634,""2019"":737,""2020"":619,""2021"":666,""2022"":587,""2023"":672,""2024"":688,""2025"":680,""2026"":619}"
Yunhao Liu,https://scholar.google.com/citations?user=hon00PIAAAAJ,2026-09-16,"ACM Fellow, IEEE Fellow, CCF Fellow, Tsinghua University","[""Wireless Sensor Networks/RFID"", ""Cyber Physical Systems and IoT"", ""Privacy and Security"", ""Cloud Computing""]",52535,105,403,20812,63,247,2005,"{""2005"":183,""2006"":402,""2007"":490,""2008"":762,""2009"":942,""2010"":1238,""2011"":1353,""2012"":1487,""2013"":1926,""2014"":2282,""2015"":2725,""2016"":2928,""2017"":3304,""2018"":3785,""2019"":3836,""2020"":3542,""2021"":3346,""2022"":3315,""2023"":3522,""2024"":3924,""2025"":4088,""2026"":2598}"
Adam Finkelstein,https://scholar.google.com/citations?user=a959F6AAAAAJ,2026-09-16,"Professor of Computer Science, Princeton University","[""Computer Graphics"", ""Audio"", ""Machine Learning"", ""Human-Computer Interaction""]",19453,62,109,5927,30,68,1996,"{""1996"":50,""1997"":108,""1998"":109,""1999"":124,""2000"":147,""2001"":239,""2002"":310,""2003"":385,""2004"":504,""2005"":545,""2006"":506,""2007"":556,""2008"":528,""2009"":542,""2010"":687,""2011"":664,""2012"":677,""2013"":695,""2014"":732,""2015"":763,""2016"":821,""2017"":781,""2018"":854,""2019"":981,""2020"":968,""2021"":1097,""2022"":1136,""2023"":1146,""2024"":1068,""2025"":943,""2026"":530}"
Alan Bundy,https://scholar.google.com/citations?user=n7STZEYAAAAJ,2026-09-16,"Professor of Automated Reasoning, University of Edinburgh","[""Artificial Intelligence"", ""Automated Reasoning"", ""Formal Methods"", ""Ontology Evolution""]",11934,48,190,1958,19,41,1987,"{""1987"":226,""1988"":192,""1989"":178,""1990"":246,""1991"":216,""1992"":260,""1993"":294,""1994"":396,""1995"":175,""1996"":281,""1997"":240,""1998"":284,""1999"":307,""2000"":253,""2001"":261,""2002"":283,""2003"":255,""2004"":325,""2005"":332,""2006"":315,""2007"":409,""2008"":288,""2009"":306,""2010"":301,""2011"":262,""2012"":314,""2013"":282,""2014"":257,""2015"":210,""2016"":180,""2017"":238,""2018"":261,""2019"":282,""2020"":215,""2021"":341,""2022"":312,""2023"":295,""2024"":343,""2025"":329,""2026"":336}"
Alberto Sangiovanni Vincentelli,https://scholar.google.com/citations?user=AhgjQ2QAAAAJ,2026-09-16,"Professor of EECS, University of California, Berkeley","[""System design"", ""embedded systems"", ""design automation"", ""verification"", ""synthesis""]",81765,131,787,12401,48,224,1987,"{""1987"":461,""1988"":727,""1989"":957,""1990"":1051,""1991"":1449,""1992"":1414,""1993"":1802,""1994"":1700,""1995"":1919,""1996"":1767,""1997"":1756,""1998"":1776,""1999"":1953,""2000"":1996,""2001"":1891,""2002"":1896,""2003"":2428,""2004"":2556,""2005"":2501,""2006"":2605,""2007"":2851,""2008"":2639,""2009"":2531,""2010"":2287,""2011"":2356,""2012"":2323,""2013"":2242,""2014"":2268,""2015"":2286,""2016"":2068,""2017"":2053,""2018"":2463,""2019"":2122,""2020"":1967,""2021"":2152,""2022"":2290,""2023"":2235,""2024"":2237,""2025"":2023,""2026"":1446}"
Allan Borodin,https://scholar.google.com/citations?user=VIFfuYgAAAAJ,2026-09-16,"Professor of Computer Science, University of Toronto","[""theoretical computer science"", ""algorithm design""]",14798,47,97,2479,22,36,1987,"{""1987"":132,""1988"":140,""1989"":174,""1990"":175,""1991"":193,""1992"":171,""1993"":176,""1994"":271,""1995"":196,""1996"":245,""1997"":203,""1998"":234,""1999"":247,""2000"":277,""2001"":286,""2002"":317,""2003"":390,""2004"":408,""2005"":403,""2006"":418,""2007"":423,""2008"":401,""2009"":443,""2010"":439,""2011"":434,""2012"":433,""2013"":474,""2014"":438,""2015"":411,""2016"":410,""2017"":412,""2018"":466,""2019"":414,""2020"":428,""2021"":394,""2022"":414,""2023"":428,""2024"":458,""2025"":455,""2026"":325}"
Aravind Srinivasan,https://scholar.google.com/citations?user=sPzla6IAAAAJ,2026-09-16,"Professor of Computer Science and Distinguished University Professor, University of Maryland","[""Randomized algorithms"", ""Data Science"", ""Optimization"", ""E-commerce"", ""Digital & public health""]",21472,73,212,5487,37,113,1993,"{""1993"":64,""1994"":78,""1995"":100,""1996"":123,""1997"":161,""1998"":155,""1999"":155,""2000"":165,""2001"":184,""2002"":172,""2003"":216,""2004"":317,""2005"":450,""2006"":596,""2007"":702,""2008"":670,""2009"":726,""2010"":769,""2011"":897,""2012"":954,""2013"":957,""2014"":1014,""2015"":1036,""2016"":1093,""2017"":980,""2018"":946,""2019"":914,""2020"":971,""2021"":905,""2022"":974,""2023"":872,""2024"":934,""2025"":970,""2026"":824}"
Daniela Rus,https://scholar.google.com/citations?user=910z20QAAAAJ,2026-09-16,"Andrew (1956) and Erna Viterbi Professor of Computer Science, MIT","[""Robotics"", ""Wireless Networks"", ""Distributed Computing""]",107795,167,732,60177,109,541,1999,"{""1999"":342,""2000"":426,""2001"":474,""2002"":627,""2003"":703,""2004"":843,""2005"":998,""2006"":1077,""2007"":1123,""2008"":1315,""2009"":1420,""2010"":1561,""2011"":1543,""2012"":1826,""2013"":2005,""2014"":2446,""2015"":2773,""2016"":3294,""2017"":3899,""2018"":4851,""2019"":5800,""2020"":6719,""2021"":8064,""2022"":9146,""2023"":9867,""2024"":10925,""2025"":12482,""2026"":9634}"
Eric Grimson,https://scholar.google.com/citations?user=zZ0-4SUAAAAJ,2026-09-16,MIT,"[""Computer vision"", ""medical image analysis"", ""medical image computing""]",49642,83,170,3593,24,42,1987,"{""1987"":349,""1988"":520,""1989"":480,""1990"":546,""1991"":600,""1992"":682,""1993"":583,""1994"":634,""1995"":670,""1996"":556,""1997"":582,""1998"":735,""1999"":680,""2000"":700,""2001"":834,""2002"":922,""2003"":1049,""2004"":1302,""2005"":1669,""2006"":1779,""2007"":1982,""2008"":2299,""2009"":2343,""2010"":2473,""2011"":2448,""2012"":2483,""2013"":2521,""2014"":2373,""2015"":2071,""2016"":1931,""2017"":1636,""2018"":1358,""2019"":1259,""2020"":1085,""2021"":901,""2022"":823,""2023"":564,""2024"":543,""2025"":491,""2026"":271}"
Eric Horvitz,https://scholar.google.com/citations?user=V4OPEAgAAAAJ,2026-09-16,Microsoft,"[""Machine intelligence"", ""decision theory"", ""decisions under uncertainty"", ""information retrieval"", ""bounded""]",127896,172,831,48507,83,513,1999,"{""1999"":373,""2000"":398,""2001"":639,""2002"":810,""2003"":1203,""2004"":1393,""2005"":1793,""2006"":2217,""2007"":2550,""2008"":2823,""2009"":3192,""2010"":3776,""2011"":4012,""2012"":4325,""2013"":5082,""2014"":5795,""2015"":5576,""2016"":5610,""2017"":6235,""2018"":5589,""2019"":6085,""2020"":6249,""2021"":6157,""2022"":6205,""2023"":6508,""2024"":9004,""2025"":10714,""2026"":9694}"
Foto Afrati,https://scholar.google.com/citations?user=pU0dce0AAAAJ,2026-09-16,"Professor of Computer Science, National Technical University of Athens","[""Databases"", ""algorithms"", ""distributed computation""]",4739,34,67,692,13,18,1989,"{""1989"":21,""1990"":20,""1991"":30,""1992"":24,""1993"":40,""1994"":26,""1995"":61,""1996"":40,""1997"":44,""1998"":36,""1999"":34,""2000"":41,""2001"":74,""2002"":58,""2003"":74,""2004"":64,""2005"":80,""2006"":105,""2007"":92,""2008"":103,""2009"":164,""2010"":157,""2011"":189,""2012"":212,""2013"":260,""2014"":360,""2015"":304,""2016"":321,""2017"":261,""2018"":244,""2019"":216,""2020"":201,""2021"":156,""2022"":142,""2023"":128,""2024"":95,""2025"":110,""2026"":61}"
Gene Tsudik,https://scholar.google.com/citations?user=WLvuu74AAAAJ,2026-09-16,"Peter & Lois Griffin Professor, Jolly Good Fellow of This & That","[""cryptography"", ""computer security"", ""privacy"", ""applied cryptography""]",43139,110,246,8004,48,152,1996,"{""1996"":127,""1997"":191,""1998"":247,""1999"":343,""2000"":446,""2001"":516,""2002"":703,""2003"":1009,""2004"":1305,""2005"":1557,""2006"":1674,""2007"":1777,""2008"":1710,""2009"":1742,""2010"":1829,""2011"":1714,""2012"":1882,""2013"":1950,""2014"":1961,""2015"":1911,""2016"":2082,""2017"":1925,""2018"":2070,""2019"":1932,""2020"":1780,""2021"":1582,""2022"":1443,""2023"":1398,""2024"":1374,""2025"":1348,""2026"":856}"
Gernot Heiser,https://scholar.google.com/citations?user=0e0Vw3kAAAAJ,2026-09-16,"Professor of Computer Science, University of New South Wales","[""Operating Systems"", ""Embedded Systems"", ""Security and Trustworthiness"", ""Energy Management"", ""Real-Time Systems""]",20812,62,158,6387,32,70,1996,"{""1996"":77,""1997"":59,""1998"":87,""1999"":94,""2000"":111,""2001"":120,""2002"":157,""2003"":143,""2004"":104,""2005"":182,""2006"":174,""2007"":246,""2008"":269,""2009"":379,""2010"":562,""2011"":583,""2012"":807,""2013"":1047,""2014"":1090,""2015"":1210,""2016"":1342,""2017"":1297,""2018"":1254,""2019"":1309,""2020"":1354,""2021"":1166,""2022"":1160,""2023"":1187,""2024"":1016,""2025"":1096,""2026"":760}"
Henning Schulzrinne,https://scholar.google.com/citations?user=6IHX8J4AAAAJ,2026-09-16,"Professor of Computer Science, Columbia University","[""Networks"", ""multimedia"", ""telecommunications policy"", ""IoT""]",66253,96,498,4265,26,72,1996,"{""1996"":299,""1997"":482,""1998"":753,""1999"":1088,""2000"":1411,""2001"":1643,""2002"":2114,""2003"":2590,""2004"":3107,""2005"":3598,""2006"":4218,""2007"":4325,""2008"":4451,""2009"":3964,""2010"":4168,""2011"":3828,""2012"":3264,""2013"":3181,""2014"":2792,""2015"":2065,""2016"":1828,""2017"":1654,""2018"":1511,""2019"":1237,""2020"":922,""2021"":816,""2022"":823,""2023"":789,""2024"":659,""2025"":695,""2026"":472}"
Inderjit S. Dhillon,https://scholar.google.com/citations?user=xBv5ZfkAAAAJ,2026-09-16,"VP, Google Fellow at Google & Professor of Computer Science at UT Austin, Ex-VP at Amazon","[""Machine Learning"", ""Deep Learning"", ""Large Language Models"", ""Numerical Linear Algebra"", ""Computational""]",63167,103,251,28143,66,188,2000,"{""2000"":168,""2001"":167,""2002"":237,""2003"":363,""2004"":482,""2005"":697,""2006"":900,""2007"":1007,""2008"":1288,""2009"":1269,""2010"":1619,""2011"":1573,""2012"":1995,""2013"":1984,""2014"":2305,""2015"":2578,""2016"":2783,""2017"":2853,""2018"":3219,""2019"":3285,""2020"":3345,""2021"":3466,""2022"":3389,""2023"":3223,""2024"":3767,""2025"":6642,""2026"":7639}"
Jignesh M. Patel,https://scholar.google.com/citations?user=tOjfnFMAAAAJ,2026-09-16,Carnegie Mellon University,"[""Database Systems"", ""Data Management""]",23757,74,172,6459,41,107,1999,"{""1999"":66,""2000"":79,""2001"":79,""2002"":145,""2003"":260,""2004"":378,""2005"":452,""2006"":504,""2007"":484,""2008"":548,""2009"":587,""2010"":618,""2011"":683,""2012"":883,""2013"":1012,""2014"":1086,""2015"":1362,""2016"":1595,""2017"":1613,""2018"":1634,""2019"":1444,""2020"":1374,""2021"":1265,""2022"":1071,""2023"":1031,""2024"":1119,""2025"":1220,""2026"":746}"
Johannes Gehrke,https://scholar.google.com/citations?user=FtbGhBQAAAAJ,2026-09-16,Uber,"[""Database systems"", ""distributed systems"", ""machine learning""]",71886,90,218,23988,47,127,2000,"{""2000"":199,""2001"":366,""2002"":721,""2003"":1068,""2004"":1460,""2005"":1985,""2006"":2196,""2007"":2490,""2008"":2699,""2009"":2822,""2010"":2745,""2011"":2562,""2012"":2629,""2013"":2685,""2014"":2785,""2015"":2824,""2016"":2684,""2017"":2706,""2018"":2983,""2019"":2921,""2020"":2966,""2021"":2903,""2022"":2835,""2023"":4118,""2024"":5269,""2025"":5338,""2026"":3424}"
Juliana Freire,https://scholar.google.com/citations?user=sSzAlq0AAAAJ,2026-09-16,New York University,"[""data management"", ""visualization"", ""provenance"", ""reproducibility"", ""big data""]",22940,73,221,7672,40,121,2001,"{""2001"":68,""2002"":123,""2003"":184,""2004"":236,""2005"":250,""2006"":277,""2007"":432,""2008"":545,""2009"":725,""2010"":973,""2011"":1022,""2012"":1004,""2013"":1021,""2014"":944,""2015"":1011,""2016"":1203,""2017"":1134,""2018"":1195,""2019"":1215,""2020"":1220,""2021"":1279,""2022"":1324,""2023"":1286,""2024"":1256,""2025"":1370,""2026"":1146}"
Leslie Lamport,https://scholar.google.com/citations?user=uG3icVgAAAAJ,2026-09-17,Unknown affiliation,[],96233,88,210,18754,45,103,1987,"{""1987"":612,""1988"":683,""1989"":875,""1990"":1054,""1991"":1107,""1992"":1205,""1993"":1430,""1994"":1690,""1995"":1607,""1996"":1651,""1997"":1705,""1998"":1639,""1999"":1715,""2000"":1592,""2001"":1588,""2002"":1807,""2003"":2080,""2004"":2208,""2005"":2555,""2006"":2531,""2007"":2794,""2008"":2702,""2009"":2782,""2010"":2891,""2011"":2830,""2012"":2685,""2013"":2862,""2014"":2952,""2015"":2852,""2016"":2911,""2017"":2838,""2018"":3420,""2019"":4025,""2020"":3484,""2021"":3366,""2022"":3280,""2023"":3188,""2024"":2936,""2025"":3301,""2026"":2682}"
Lorrie Faith Cranor,https://scholar.google.com/citations?user=kIUqgbcAAAAJ,2026-09-16,"FORE Systems Professor, Carnegie Mellon University","[""usable privacy and security"", ""societal computing"", ""HCI"", ""privacy"", ""usable security""]",60705,124,291,25620,85,219,2001,"{""2001"":167,""2002"":267,""2003"":372,""2004"":410,""2005"":536,""2006"":579,""2007"":696,""2008"":727,""2009"":989,""2010"":1197,""2011"":1300,""2012"":1779,""2013"":1988,""2014"":2386,""2015"":2708,""2016"":3096,""2017"":3374,""2018"":3515,""2019"":3841,""2020"":4155,""2021"":4482,""2022"":4476,""2023"":4454,""2024"":4551,""2025"":4417,""2026"":3223}"
Mark Guzdial,https://scholar.google.com/citations?user=iQV2L2IAAAAJ,2026-09-16,"Professor, Computer Science, Engineering Education Research, University of Michigan","[""Computing Education"", ""Computer Science Education"", ""CS Education"", ""Learning Sciences & Technologies""]",26591,67,228,7924,40,114,1995,"{""1995"":87,""1996"":133,""1997"":164,""1998"":201,""1999"":252,""2000"":246,""2001"":351,""2002"":394,""2003"":443,""2004"":467,""2005"":561,""2006"":612,""2007"":582,""2008"":679,""2009"":666,""2010"":792,""2011"":745,""2012"":884,""2013"":924,""2014"":989,""2015"":1074,""2016"":1189,""2017"":1215,""2018"":1401,""2019"":1493,""2020"":1356,""2021"":1391,""2022"":1289,""2023"":1336,""2024"":1426,""2025"":1462,""2026"":1020}"
Michael D. Ernst,https://scholar.google.com/citations?user=oQ6AeyEAAAAJ,2026-09-16,"Professor of Computer Science & Engineering, University of Washington","[""Software Engineering"", ""Programming Languages""]",31072,80,190,10085,46,130,2001,"{""2001"":92,""2002"":189,""2003"":279,""2004"":392,""2005"":511,""2006"":553,""2007"":791,""2008"":782,""2009"":872,""2010"":951,""2011"":1080,""2012"":1164,""2013"":1366,""2014"":1590,""2015"":1472,""2016"":1558,""2017"":1681,""2018"":1704,""2019"":1725,""2020"":1679,""2021"":1689,""2022"":1531,""2023"":1750,""2024"":1655,""2025"":1870,""2026"":1585}"
Michael Kearns,https://scholar.google.com/citations?user=8iQk0DIAAAAJ,2026-09-16,"Professor of Computer Science, University of Pennsylvania","[""Machine Learning"", ""Algorithmic Game Theory"", ""Network Science"", ""Computational Social Science"", ""Algorithmic Trading and Computational""]",37550,86,183,14374,55,125,1989,"{""1989"":92,""1990"":149,""1991"":113,""1992"":174,""1993"":201,""1994"":357,""1995"":344,""1996"":311,""1997"":288,""1998"":376,""1999"":367,""2000"":330,""2001"":478,""2002"":488,""2003"":571,""2004"":554,""2005"":709,""2006"":754,""2007"":937,""2008"":889,""2009"":937,""2010"":926,""2011"":912,""2012"":991,""2013"":960,""2014"":984,""2015"":1028,""2016"":1042,""2017"":1182,""2018"":1326,""2019"":1515,""2020"":2090,""2021"":2344,""2022"":2312,""2023"":2484,""2024"":2688,""2025"":2555,""2026"":1956}"
Michael Mitzenmacher,https://scholar.google.com/citations?user=e8aRmAsAAAAJ,2026-09-16,"Professor of Computer Science, Harvard University","[""Randomized Algorithms"", ""Internet Algorithms"", ""Networking"", ""Information Theory""]",54925,95,289,15817,50,169,2000,"{""2000"":249,""2001"":368,""2002"":545,""2003"":739,""2004"":1035,""2005"":1259,""2006"":1445,""2007"":1536,""2008"":1677,""2009"":1862,""2010"":2125,""2011"":2123,""2012"":2322,""2013"":2535,""2014"":2645,""2015"":2721,""2016"":2829,""2017"":2574,""2018"":2667,""2019"":2454,""2020"":2541,""2021"":2674,""2022"":2828,""2023"":2603,""2024"":2702,""2025"":2807,""2026"":2194}"
Nikil Dutt,https://scholar.google.com/citations?user=CpBXPVoAAAAJ,2026-09-16,"Distinguished Professor, CS, EECS & Cognitive Sciences, University of California, Irvine","[""Embedded Systems"", ""Electronic Design Automation"", ""Computer Architecture"", ""Compilers"", ""Healthcare IoT""]",28903,80,487,8148,43,169,1991,"{""1991"":79,""1992"":81,""1993"":142,""1994"":175,""1995"":184,""1996"":217,""1997"":248,""1998"":310,""1999"":281,""2000"":315,""2001"":451,""2002"":477,""2003"":553,""2004"":809,""2005"":864,""2006"":914,""2007"":1057,""2008"":1167,""2009"":1104,""2010"":1030,""2011"":1052,""2012"":1023,""2013"":1016,""2014"":1010,""2015"":946,""2016"":966,""2017"":889,""2018"":935,""2019"":965,""2020"":1071,""2021"":1274,""2022"":1432,""2023"":1449,""2024"":1549,""2025"":1515,""2026"":908}"
Omer Reingold,https://scholar.google.com/citations?user=TD9RhcgAAAAJ,2026-09-16,Stanford University,"[""Theory of Computation"", ""Computational Complexity"", ""Cryptography"", ""Randomness in Computation"", ""Algorithmic Fairness""]",23213,64,115,11700,38,79,1999,"{""1999"":83,""2000"":103,""2001"":156,""2002"":149,""2003"":166,""2004"":243,""2005"":255,""2006"":341,""2007"":404,""2008"":384,""2009"":480,""2010"":524,""2011"":489,""2012"":597,""2013"":554,""2014"":596,""2015"":586,""2016"":684,""2017"":862,""2018"":955,""2019"":1198,""2020"":1380,""2021"":1558,""2022"":1799,""2023"":1944,""2024"":2138,""2025"":2326,""2026"":1935}"
Parthasarathy Ranganathan,https://scholar.google.com/citations?user=S3gQoMgAAAAJ,2026-09-16,Google,"[""systems"", ""computer architecture"", ""datacenters"", ""energy efficiency"", ""power management""]",31658,87,220,10222,51,136,1999,"{""1999"":99,""2000"":132,""2001"":118,""2002"":176,""2003"":166,""2004"":220,""2005"":251,""2006"":294,""2007"":391,""2008"":487,""2009"":690,""2010"":1119,""2011"":1286,""2012"":1610,""2013"":1759,""2014"":1858,""2015"":1914,""2016"":1791,""2017"":1670,""2018"":1640,""2019"":1720,""2020"":1589,""2021"":1714,""2022"":1831,""2023"":1631,""2024"":1660,""2025"":1893,""2026"":1482}"
Paul Syverson,https://scholar.google.com/citations?user=QDnC2nAAAAAJ,2026-09-16,"Mathematician, U.S. Naval Research Laboratory","[""Computer security"", ""Privacy"", ""Anonymity"", ""Logic"", ""Combat Epistemology""]",23661,60,108,5663,26,49,1996,"{""1996"":82,""1997"":96,""1998"":126,""1999"":203,""2000"":196,""2001"":229,""2002"":357,""2003"":569,""2004"":671,""2005"":773,""2006"":848,""2007"":1001,""2008"":925,""2009"":1026,""2010"":1021,""2011"":979,""2012"":1085,""2013"":894,""2014"":1025,""2015"":999,""2016"":934,""2017"":999,""2018"":969,""2019"":753,""2020"":777,""2021"":986,""2022"":985,""2023"":947,""2024"":1185,""2025"":1025,""2026"":535}"
Ramakrishnan Srikant,https://scholar.google.com/citations?user=lxt0O5IAAAAJ,2026-09-16,"Google Fellow, Google","[""Search Ads"", ""Machine Learning""]",71901,33,33,8699,20,27,1996,"{""1996"":188,""1997"":317,""1998"":633,""1999"":791,""2000"":1091,""2001"":1402,""2002"":1955,""2003"":2288,""2004"":2684,""2005"":3116,""2006"":3308,""2007"":3303,""2008"":3668,""2009"":3575,""2010"":3524,""2011"":3230,""2012"":3531,""2013"":3500,""2014"":3637,""2015"":3227,""2016"":3056,""2017"":2741,""2018"":2690,""2019"":2457,""2020"":2106,""2021"":1958,""2022"":1827,""2023"":1593,""2024"":1374,""2025"":1180,""2026"":767}"
Robert Morris,https://scholar.google.com/citations?user=in6eBIwAAAAJ,2026-09-16,"Professor of Computer Science, MIT","[""Networks"", ""Operating Systems"", ""Distributed Systems""]",83332,96,250,10920,51,156,2000,"{""2000"":238,""2001"":521,""2002"":1352,""2003"":2455,""2004"":3486,""2005"":4507,""2006"":4758,""2007"":5308,""2008"":5414,""2009"":5334,""2010"":5195,""2011"":4542,""2012"":4255,""2013"":3773,""2014"":3504,""2015"":3296,""2016"":2999,""2017"":2700,""2018"":2392,""2019"":2094,""2020"":2034,""2021"":2132,""2022"":1938,""2023"":1877,""2024"":1837,""2025"":1808,""2026"":1314}"
Ronitt Rubinfeld,https://scholar.google.com/citations?user=pZhZndYAAAAJ,2026-09-16,"Professor of Computer Science, MIT","[""Computer Science: theory of computation"", ""algorithms""]",11912,52,108,3409,34,66,1992,"{""1992"":33,""1993"":40,""1994"":92,""1995"":102,""1996"":112,""1997"":87,""1998"":133,""1999"":103,""2000"":123,""2001"":124,""2002"":128,""2003"":186,""2004"":236,""2005"":225,""2006"":231,""2007"":303,""2008"":309,""2009"":289,""2010"":531,""2011"":357,""2012"":346,""2013"":406,""2014"":462,""2015"":456,""2016"":529,""2017"":524,""2018"":573,""2019"":594,""2020"":646,""2021"":536,""2022"":507,""2023"":545,""2024"":612,""2025"":682,""2026"":521}"
S. Sudarshan,https://scholar.google.com/citations?user=KtP9-zYAAAAJ,2026-09-16,"Professor of Computer Science, Indian Institute of Technology, Bombay","[""database systems""]",18964,54,113,2923,22,39,1990,"{""1990"":59,""1991"":66,""1992"":105,""1993"":171,""1994"":209,""1995"":231,""1996"":246,""1997"":298,""1998"":246,""1999"":254,""2000"":326,""2001"":366,""2002"":474,""2003"":511,""2004"":601,""2005"":606,""2006"":675,""2007"":715,""2008"":706,""2009"":855,""2010"":815,""2011"":841,""2012"":828,""2013"":822,""2014"":736,""2015"":723,""2016"":676,""2017"":667,""2018"":597,""2019"":578,""2020"":511,""2021"":539,""2022"":437,""2023"":421,""2024"":478,""2025"":549,""2026"":499}"
Samson Abramsky,https://scholar.google.com/citations?user=L2vmD3MAAAAJ,2026-09-16,"Professor of Computer Science, UCL","[""Theoretical computer science"", ""quantum information and foundations"", ""game theory""]",19428,62,138,4435,31,82,1987,"{""1987"":50,""1988"":51,""1989"":81,""1990"":116,""1991"":144,""1992"":240,""1993"":286,""1994"":313,""1995"":349,""1996"":382,""1997"":398,""1998"":307,""1999"":417,""2000"":320,""2001"":352,""2002"":337,""2003"":432,""2004"":473,""2005"":501,""2006"":534,""2007"":624,""2008"":585,""2009"":611,""2010"":511,""2011"":481,""2012"":594,""2013"":626,""2014"":641,""2015"":578,""2016"":622,""2017"":708,""2018"":643,""2019"":697,""2020"":541,""2021"":669,""2022"":642,""2023"":839,""2024"":640,""2025"":802,""2026"":836}"
Sarit Kraus,https://scholar.google.com/citations?user=PfgeYGwAAAAJ,2026-09-16,"Professor Of Computer Science, Bar-Ilan University","[""Artificial Intelligence"", ""Human agent interaction"", ""Multi-agent Systems"", ""multiagent systems""]",34162,83,345,9612,41,164,1993,"{""1993"":136,""1994"":155,""1995"":194,""1996"":248,""1997"":247,""1998"":335,""1999"":361,""2000"":490,""2001"":557,""2002"":712,""2003"":749,""2004"":866,""2005"":892,""2006"":942,""2007"":961,""2008"":908,""2009"":1034,""2010"":981,""2011"":1082,""2012"":1164,""2013"":1289,""2014"":1407,""2015"":1346,""2016"":1418,""2017"":1284,""2018"":1359,""2019"":1335,""2020"":1444,""2021"":1638,""2022"":1674,""2023"":1619,""2024"":1671,""2025"":1771,""2026"":1230}"
Shamkant B Navathe,https://scholar.google.com/citations?user=_Z12v2IAAAAJ,2026-09-16,"Professor of Computer Science, Georgia Institute of Technology","[""Database Systems""]",35180,67,187,4404,27,54,1988,"{""1988"":126,""1989"":142,""1990"":230,""1991"":332,""1992"":478,""1993"":656,""1994"":678,""1995"":759,""1996"":717,""1997"":857,""1998"":873,""1999"":886,""2000"":938,""2001"":955,""2002"":1080,""2003"":1070,""2004"":1227,""2005"":1269,""2006"":1230,""2007"":1286,""2008"":1185,""2009"":1259,""2010"":1212,""2011"":1100,""2012"":1175,""2013"":1134,""2014"":1083,""2015"":949,""2016"":935,""2017"":909,""2018"":900,""2019"":908,""2020"":805,""2021"":799,""2022"":707,""2023"":712,""2024"":716,""2025"":832,""2026"":633}"
Sharad Malik,https://scholar.google.com/citations?user=MV8KGT0AAAAJ,2026-09-16,"Professor of Electrical and Computer Engineering, Princeton University","[""Computer Engineering"", ""Electronic Design Automation"", ""Computer-Aided Design"", ""Formal Verification"", ""Hardware Verification""]",33501,74,234,5003,32,75,1992,"{""1992"":87,""1993"":158,""1994"":176,""1995"":286,""1996"":348,""1997"":476,""1998"":446,""1999"":505,""2000"":615,""2001"":707,""2002"":923,""2003"":1213,""2004"":1454,""2005"":1655,""2006"":1633,""2007"":1583,""2008"":1589,""2009"":1440,""2010"":1396,""2011"":1259,""2012"":1291,""2013"":1255,""2014"":1050,""2015"":1082,""2016"":1043,""2017"":1078,""2018"":1117,""2019"":1051,""2020"":978,""2021"":920,""2022"":862,""2023"":894,""2024"":871,""2025"":853,""2026"":603}"
Srinivas Devadas,https://scholar.google.com/citations?user=y80AokkAAAAJ,2026-09-16,"Edwin Sibley Webster Professor of Electrical Engineering and Computer Science, MIT","[""Applied cryptography"", ""Computer security"", ""Computer architecture"", ""Computer-Aided Design""]",55513,108,343,18797,59,152,1990,"{""1990"":180,""1991"":394,""1992"":361,""1993"":471,""1994"":535,""1995"":622,""1996"":671,""1997"":600,""1998"":535,""1999"":630,""2000"":616,""2001"":523,""2002"":502,""2003"":625,""2004"":659,""2005"":788,""2006"":757,""2007"":834,""2008"":893,""2009"":923,""2010"":1091,""2011"":1231,""2012"":1384,""2013"":1636,""2014"":1898,""2015"":2028,""2016"":2330,""2017"":2768,""2018"":3028,""2019"":3103,""2020"":3392,""2021"":3354,""2022"":3433,""2023"":3342,""2024"":3097,""2025"":3249,""2026"":2318}"
Steve Whittaker,https://scholar.google.com/citations?user=TkVUIVsAAAAJ,2026-09-16,"Distinguished Professor of Computational Media, University of California at Santa Cruz","[""Human Computer Interaction"", ""Computer Mediated Communication"", ""Well-Being""]",26656,85,225,5511,40,119,1995,"{""1995"":99,""1996"":105,""1997"":203,""1998"":172,""1999"":258,""2000"":321,""2001"":428,""2002"":617,""2003"":722,""2004"":787,""2005"":900,""2006"":880,""2007"":1104,""2008"":1066,""2009"":1012,""2010"":1022,""2011"":1088,""2012"":1072,""2013"":1094,""2014"":1118,""2015"":1026,""2016"":1087,""2017"":1014,""2018"":1108,""2019"":996,""2020"":1079,""2021"":1015,""2022"":1015,""2023"":1020,""2024"":849,""2025"":876,""2026"":732}"
Stuart Shieber,https://scholar.google.com/citations?user=oq8WAwsAAAAJ,2026-09-16,Harvard University,"[""computational linguistics"", ""natural-language processing""]",24243,68,141,8773,30,60,1987,"{""1987"":151,""1988"":206,""1989"":204,""1990"":307,""1991"":330,""1992"":299,""1993"":294,""1994"":412,""1995"":352,""1996"":310,""1997"":325,""1998"":360,""1999"":350,""2000"":376,""2001"":371,""2002"":373,""2003"":414,""2004"":429,""2005"":490,""2006"":487,""2007"":629,""2008"":500,""2009"":570,""2010"":563,""2011"":503,""2012"":548,""2013"":502,""2014"":553,""2015"":479,""2016"":499,""2017"":550,""2018"":597,""2019"":651,""2020"":747,""2021"":791,""2022"":960,""2023"":1292,""2024"":1746,""2025"":2081,""2026"":1869}"
Subhasish Mitra,https://scholar.google.com/citations?user=SCdhzWoAAAAJ,2026-09-16,"William E. Ayer Endowed Chair Professor, Stanford University","[""Computer Science"", ""Computer Engineering"", ""Electrical Engineering""]",25934,98,282,7957,43,184,2001,"{""2001"":91,""2002"":46,""2003"":103,""2004"":202,""2005"":283,""2006"":318,""2007"":397,""2008"":561,""2009"":692,""2010"":1049,""2011"":1138,""2012"":1013,""2013"":1251,""2014"":1496,""2015"":1626,""2016"":1477,""2017"":1546,""2018"":1516,""2019"":1502,""2020"":1413,""2021"":1488,""2022"":1467,""2023"":1385,""2024"":1295,""2025"":1396,""2026"":919}"
Thorsten Joachims,https://scholar.google.com/citations?user=5tk1PV8AAAAJ,2026-09-16,"Professor of Computer Science, Cornell University","[""Machine Learning"", ""Information Retrieval""]",93580,90,218,24044,66,148,1999,"{""1999"":260,""2000"":416,""2001"":631,""2002"":1054,""2003"":1432,""2004"":1708,""2005"":2167,""2006"":2709,""2007"":2993,""2008"":3401,""2009"":4061,""2010"":4132,""2011"":4290,""2012"":4314,""2013"":4436,""2014"":4676,""2015"":4511,""2016"":4603,""2017"":4115,""2018"":4199,""2019"":4046,""2020"":3987,""2021"":4264,""2022"":4189,""2023"":4037,""2024"":4050,""2025"":4050,""2026"":3447}"
Tim Davis,https://scholar.google.com/citations?user=gNMqz_4AAAAJ,2026-09-16,"Professor of Computer Science, Texas A&M. ACM/IEEE/SIAM Fellow","[""mathematical software"", ""numerical methods"", ""sparse matrices"", ""graph algorithms"", ""parallel computing""]",21622,37,75,7148,28,50,1995,"{""1995"":55,""1996"":54,""1997"":66,""1998"":60,""1999"":99,""2000"":104,""2001"":65,""2002"":108,""2003"":113,""2004"":169,""2005"":203,""2006"":273,""2007"":470,""2008"":574,""2009"":592,""2010"":734,""2011"":785,""2012"":855,""2013"":948,""2014"":1068,""2015"":1031,""2016"":1228,""2017"":1107,""2018"":1147,""2019"":1034,""2020"":1149,""2021"":1113,""2022"":1247,""2023"":1146,""2024"":1248,""2025"":1434,""2026"":958}"
Tom Rodden,https://scholar.google.com/citations?user=gWbK0A0AAAAJ,2026-09-16,"Professor of Computer Science, Nottingham University","[""HCI"", ""Ubiquitous Computing"", ""CSCW"", ""Human Computer Interaction""]",23950,82,247,4331,34,97,1993,"{""1993"":93,""1994"":208,""1995"":203,""1996"":270,""1997"":279,""1998"":314,""1999"":392,""2000"":422,""2001"":419,""2002"":547,""2003"":656,""2004"":795,""2005"":763,""2006"":847,""2007"":883,""2008"":738,""2009"":924,""2010"":897,""2011"":841,""2012"":885,""2013"":842,""2014"":866,""2015"":923,""2016"":1052,""2017"":928,""2018"":1045,""2019"":1050,""2020"":946,""2021"":945,""2022"":819,""2023"":766,""2024"":723,""2025"":629,""2026"":448}"
Valerie King,https://scholar.google.com/citations?user=2-iEYMUAAAAJ,2026-09-16,"Professor of Computer Science, University of Victoria","[""Theoretical Computer Science""]",5020,36,65,1309,20,32,1994,"{""1994"":13,""1995"":29,""1996"":32,""1997"":63,""1998"":62,""1999"":40,""2000"":53,""2001"":71,""2002"":89,""2003"":56,""2004"":73,""2005"":104,""2006"":113,""2007"":115,""2008"":180,""2009"":148,""2010"":147,""2011"":182,""2012"":177,""2013"":217,""2014"":187,""2015"":208,""2016"":202,""2017"":195,""2018"":246,""2019"":263,""2020"":301,""2021"":209,""2022"":223,""2023"":224,""2024"":262,""2025"":242,""2026"":149}"
Vijaykrishnan Narayanan,https://scholar.google.com/citations?user=UyeTBeoAAAAJ,2026-09-16,Jae S. Lin Professor at Georgia Tech and Atherton Professor at The Pennsylvania State University,"[""Computer Architecture"", ""Embedded Systems""]",30658,86,448,6308,38,172,2000,"{""2000"":97,""2001"":171,""2002"":356,""2003"":447,""2004"":587,""2005"":851,""2006"":877,""2007"":1094,""2008"":1182,""2009"":1322,""2010"":1456,""2011"":1563,""2012"":1561,""2013"":1740,""2014"":1786,""2015"":1749,""2016"":1719,""2017"":1613,""2018"":1524,""2019"":1200,""2020"":1129,""2021"":1106,""2022"":1221,""2023"":1111,""2024"":1053,""2025"":1111,""2026"":699}"
Vikram Adve,https://scholar.google.com/citations?user=VbruE20AAAAJ,2026-09-16,University of Illinois at Urbana-Champaign,"[""Artificial Intelligence"", ""Digital Agriculture"", ""Compilers"", ""Programming Languages"", ""Parallel Computing""]",18676,52,100,6006,30,55,1995,"{""1995"":49,""1996"":57,""1997"":87,""1998"":118,""1999"":76,""2000"":97,""2001"":86,""2002"":115,""2003"":154,""2004"":153,""2005"":195,""2006"":203,""2007"":257,""2008"":276,""2009"":440,""2010"":661,""2011"":688,""2012"":733,""2013"":883,""2014"":852,""2015"":1028,""2016"":1083,""2017"":1014,""2018"":1012,""2019"":1113,""2020"":977,""2021"":1015,""2022"":988,""2023"":1027,""2024"":1034,""2025"":1100,""2026"":838}"
Yishay Mansour,https://scholar.google.com/citations?user=OEJUgwkAAAAJ,2026-09-16,Tel Aviv University,"[""machine learning"", ""reinforcement learning"", ""algorithmic game theory""]",45206,88,320,20876,54,211,1994,"{""1994"":151,""1995"":182,""1996"":206,""1997"":193,""1998"":286,""1999"":227,""2000"":256,""2001"":362,""2002"":392,""2003"":563,""2004"":594,""2005"":679,""2006"":704,""2007"":814,""2008"":906,""2009"":927,""2010"":899,""2011"":865,""2012"":978,""2013"":1036,""2014"":1120,""2015"":1174,""2016"":1293,""2017"":1511,""2018"":1786,""2019"":2349,""2020"":2909,""2021"":3234,""2022"":3418,""2023"":3675,""2024"":3937,""2025"":3694,""2026"":2913}"
Andrew C. Myers,https://scholar.google.com/citations?user=ovlpa_IAAAAJ,2026-09-16,"Class of 1912 Professor of Engineering, Dept. of Computer Science, Cornell University","[""Programming Languages"", ""Security"", ""Systems""]",17937,62,107,4004,31,74,1996,"{""1996"":45,""1997"":66,""1998"":98,""1999"":113,""2000"":118,""2001"":128,""2002"":198,""2003"":327,""2004"":395,""2005"":559,""2006"":637,""2007"":795,""2008"":740,""2009"":751,""2010"":753,""2011"":838,""2012"":818,""2013"":724,""2014"":781,""2015"":844,""2016"":782,""2017"":883,""2018"":758,""2019"":823,""2020"":663,""2021"":797,""2022"":615,""2023"":702,""2024"":680,""2025"":663,""2026"":547}"
Carlos José Pereira de Lucena,https://scholar.google.com/citations?user=BCW5XGIAAAAJ,2026-09-16,"Professor de Ciência da Computação, PUC-Rio","[""Engenharia de Software"", ""Agentes de Software"", ""Sistemas Muti-Agentes""]",16626,60,339,3452,27,78,1993,"{""1993"":45,""1994"":54,""1995"":85,""1996"":56,""1997"":52,""1998"":93,""1999"":140,""2000"":119,""2001"":166,""2002"":260,""2003"":325,""2004"":474,""2005"":486,""2006"":980,""2007"":673,""2008"":827,""2009"":789,""2010"":793,""2011"":748,""2012"":627,""2013"":694,""2014"":592,""2015"":589,""2016"":600,""2017"":568,""2018"":604,""2019"":589,""2020"":553,""2021"":620,""2022"":635,""2023"":682,""2024"":592,""2025"":586,""2026"":332}"
Charu Aggarwal,https://scholar.google.com/citations?user=x_wsduUAAAAJ,2026-09-16,"Distinguished Research Staff Member, IBM T. J. Watson Research Center","[""Linear Algebra and Optimization"", ""Data Mining"", ""Probability and Statistics"", ""Outlier Analysis"", ""AI""]",102886,143,517,42259,80,322,2001,"{""2001"":473,""2002"":650,""2003"":897,""2004"":1038,""2005"":1183,""2006"":1435,""2007"":1421,""2008"":1710,""2009"":1778,""2010"":2171,""2011"":2270,""2012"":2595,""2013"":2935,""2014"":3571,""2015"":4195,""2016"":4950,""2017"":5361,""2018"":6566,""2019"":6592,""2020"":6940,""2021"":7502,""2022"":7359,""2023"":6978,""2024"":7186,""2025"":7917,""2026"":5286}"
Christine L. Borgman,https://scholar.google.com/citations?user=e1y6CcQAAAAJ,2026-09-16,"Distinguished Professor of Information Studies, UCLA","[""information"", ""computing"", ""digital libraries"", ""scientific data""]",24470,60,171,6631,31,73,1987,"{""1987"":63,""1988"":79,""1989"":132,""1990"":127,""1991"":128,""1992"":119,""1993"":138,""1994"":148,""1995"":162,""1996"":206,""1997"":196,""1998"":223,""1999"":218,""2000"":243,""2001"":262,""2002"":307,""2003"":367,""2004"":425,""2005"":494,""2006"":450,""2007"":512,""2008"":577,""2009"":580,""2010"":742,""2011"":654,""2012"":767,""2013"":795,""2014"":984,""2015"":1035,""2016"":1192,""2017"":1114,""2018"":1062,""2019"":1186,""2020"":1251,""2021"":1098,""2022"":1200,""2023"":1079,""2024"":1073,""2025"":1252,""2026"":924}"
Christopher D Manning,https://scholar.google.com/citations?user=1zmDOdwAAAAJ,2026-09-16,"Professor of Computer Science and Linguistics, Stanford University","[""Natural Language Processing"", ""Computational Linguistics"", ""Deep Learning""]",341284,178,478,182310,122,355,2004,"{""2004"":1187,""2005"":1591,""2006"":1745,""2007"":2118,""2008"":2740,""2009"":3355,""2010"":4500,""2011"":4891,""2012"":5972,""2013"":6946,""2014"":8687,""2015"":10951,""2016"":13553,""2017"":15785,""2018"":19947,""2019"":23768,""2020"":25633,""2021"":26940,""2022"":26288,""2023"":27309,""2024"":31153,""2025"":37690,""2026"":32541}"
Dana Nau,https://scholar.google.com/citations?user=fez4ulcAAAAJ,2026-09-16,University of Maryland,"[""Artificial Intelligence"", ""Automated Planning"", ""Heuristic Search"", ""Evolutionary Game Theory"", ""Game Tree Search""]",27297,68,221,5506,28,70,1987,"{""1987"":137,""1988"":170,""1989"":271,""1990"":176,""1991"":171,""1992"":203,""1993"":221,""1994"":295,""1995"":363,""1996"":315,""1997"":334,""1998"":394,""1999"":354,""2000"":376,""2001"":385,""2002"":408,""2003"":465,""2004"":581,""2005"":758,""2006"":899,""2007"":1019,""2008"":1036,""2009"":1121,""2010"":990,""2011"":1039,""2012"":1032,""2013"":984,""2014"":940,""2015"":935,""2016"":1032,""2017"":924,""2018"":936,""2019"":812,""2020"":909,""2021"":958,""2022"":966,""2023"":892,""2024"":957,""2025"":1008,""2026"":706}"
David Forsyth,https://scholar.google.com/citations?user=5H0arvkAAAAJ,2026-09-16,"Professor of Computer Science, University of Illinois, Urbana Champaign","[""Computer Vision"", ""Computer Graphics"", ""Machine Learning""]",47125,90,244,12180,44,118,1993,"{""1993"":180,""1994"":163,""1995"":202,""1996"":230,""1997"":203,""1998"":299,""1999"":261,""2000"":279,""2001"":365,""2002"":341,""2003"":714,""2004"":991,""2005"":1302,""2006"":1494,""2007"":1676,""2008"":1817,""2009"":1849,""2010"":2006,""2011"":1990,""2012"":2113,""2013"":2100,""2014"":2146,""2015"":2022,""2016"":2022,""2017"":1888,""2018"":1775,""2019"":1780,""2020"":1953,""2021"":2031,""2022"":1925,""2023"":1881,""2024"":1957,""2025"":2269,""2026"":2105}"
David Garlan,https://scholar.google.com/citations?user=saLJmksAAAAJ,2026-09-16,"Professor of Computer Science, Carnegie Mellon University","[""software architecture"", ""self-adaptive systems"", ""end-user architecting""]",45486,85,281,5554,37,117,1994,"{""1994"":173,""1995"":392,""1996"":526,""1997"":701,""1998"":859,""1999"":1128,""2000"":1236,""2001"":1165,""2002"":1600,""2003"":1613,""2004"":2125,""2005"":2220,""2006"":2449,""2007"":2308,""2008"":2156,""2009"":2039,""2010"":1978,""2011"":1626,""2012"":1633,""2013"":1609,""2014"":1567,""2015"":1391,""2016"":1492,""2017"":1205,""2018"":1248,""2019"":1135,""2020"":1093,""2021"":1053,""2022"":1072,""2023"":950,""2024"":963,""2025"":865,""2026"":641}"
David P. Williamson,https://scholar.google.com/citations?user=pOd2M64AAAAJ,2026-09-16,"Professor of Operations Research, Cornell University","[""Algorithms"", ""Mathematical Programming"", ""Combinatorial Optimization"", ""Approximation Algorithms""]",18708,48,85,5124,27,50,1994,"{""1994"":91,""1995"":146,""1996"":150,""1997"":224,""1998"":297,""1999"":235,""2000"":304,""2001"":378,""2002"":385,""2003"":347,""2004"":434,""2005"":539,""2006"":499,""2007"":546,""2008"":541,""2009"":577,""2010"":614,""2011"":633,""2012"":665,""2013"":666,""2014"":724,""2015"":643,""2016"":690,""2017"":667,""2018"":838,""2019"":634,""2020"":770,""2021"":796,""2022"":852,""2023"":819,""2024"":892,""2025"":985,""2026"":777}"
David Zuckerman,https://scholar.google.com/citations?user=MCe-I6wAAAAJ,2026-09-16,"Regents Chair in Computer Science, University of Texas at Austin","[""Pseudorandomness"", ""Randomness"", ""Theory of Computation"", ""Complexity Theory""]",9895,44,66,2346,22,51,1993,"{""1993"":50,""1994"":72,""1995"":72,""1996"":122,""1997"":80,""1998"":139,""1999"":152,""2000"":138,""2001"":184,""2002"":180,""2003"":156,""2004"":191,""2005"":223,""2006"":368,""2007"":295,""2008"":277,""2009"":326,""2010"":370,""2011"":404,""2012"":365,""2013"":374,""2014"":395,""2015"":367,""2016"":437,""2017"":381,""2018"":399,""2019"":378,""2020"":494,""2021"":393,""2022"":412,""2023"":391,""2024"":450,""2025"":394,""2026"":306}"
Dennis Shasha,https://scholar.google.com/citations?user=UH3qseUAAAAJ,2026-09-16,"Professor of Computer Science, New York University/ Associate Director, NYU WIRELESS","[""data science"", ""puzzles"", ""genomics"", ""wireless""]",32579,84,236,5754,35,100,1991,"{""1991"":123,""1992"":109,""1993"":195,""1994"":197,""1995"":253,""1996"":226,""1997"":291,""1998"":303,""1999"":336,""2000"":375,""2001"":491,""2002"":707,""2003"":878,""2004"":1122,""2005"":1330,""2006"":1370,""2007"":1306,""2008"":1312,""2009"":1312,""2010"":1375,""2011"":1402,""2012"":1336,""2013"":1363,""2014"":1369,""2015"":1308,""2016"":1185,""2017"":1212,""2018"":1098,""2019"":1147,""2020"":1097,""2021"":1150,""2022"":1026,""2023"":974,""2024"":940,""2025"":968,""2026"":692}"
Dina Katabi,https://scholar.google.com/citations?user=nst5fHgAAAAJ,2026-09-16,"Thuan and Nicole Pham Professor, MIT","[""Machine learning for health"", ""wireless sensing"", ""computer networks""]",46381,102,196,17953,72,154,2003,"{""2003"":136,""2004"":218,""2005"":340,""2006"":481,""2007"":621,""2008"":971,""2009"":1359,""2010"":1630,""2011"":1771,""2012"":1837,""2013"":1919,""2014"":2101,""2015"":2089,""2016"":2162,""2017"":2337,""2018"":2444,""2019"":2660,""2020"":2938,""2021"":2876,""2022"":2968,""2023"":2849,""2024"":3337,""2025"":3511,""2026"":2392}"
Doug Lea,https://scholar.google.com/citations?user=7yk1kw4AAAAJ,2026-09-16,"Professor of Computer Science, SUNY Oswego","[""Concurrent programming"", ""system software""]",6524,28,48,664,10,10,1991,"{""1991"":17,""1992"":18,""1993"":50,""1994"":62,""1995"":71,""1996"":53,""1997"":139,""1998"":155,""1999"":191,""2000"":184,""2001"":173,""2002"":221,""2003"":218,""2004"":236,""2005"":254,""2006"":248,""2007"":240,""2008"":269,""2009"":289,""2010"":354,""2011"":345,""2012"":268,""2013"":264,""2014"":270,""2015"":232,""2016"":249,""2017"":157,""2018"":163,""2019"":174,""2020"":125,""2021"":111,""2022"":123,""2023"":127,""2024"":122,""2025"":94,""2026"":87}"
Ellen Zegura,https://scholar.google.com/citations?user=Z6EHuGcAAAAJ,2026-09-16,"Professor of Computer Science, Georgia Tech","[""Computer Networks"", ""Mobile and Wireless Networks"", ""Internet Topology"", ""Humanitarian Computing""]",36665,61,161,6350,26,57,1998,"{""1998"":197,""1999"":314,""2000"":448,""2001"":550,""2002"":721,""2003"":865,""2004"":916,""2005"":1023,""2006"":1087,""2007"":1132,""2008"":1087,""2009"":1177,""2010"":1243,""2011"":1212,""2012"":1299,""2013"":1694,""2014"":1942,""2015"":2220,""2016"":2432,""2017"":2273,""2018"":2215,""2019"":1997,""2020"":1599,""2021"":1528,""2022"":1226,""2023"":1031,""2024"":1000,""2025"":968,""2026"":595}"
Greg Morrisett,https://scholar.google.com/citations?user=Dswus94AAAAJ,2026-09-16,"Dean and Professor, Cornell University","[""programming languages"", ""security"", ""semantics"", ""type systems"", ""type theory""]",12513,51,91,1972,24,47,1996,"{""1996"":71,""1997"":94,""1998"":192,""1999"":184,""2000"":302,""2001"":270,""2002"":454,""2003"":483,""2004"":512,""2005"":506,""2006"":541,""2007"":512,""2008"":596,""2009"":525,""2010"":518,""2011"":493,""2012"":452,""2013"":469,""2014"":484,""2015"":473,""2016"":459,""2017"":465,""2018"":448,""2019"":462,""2020"":368,""2021"":383,""2022"":317,""2023"":387,""2024"":338,""2025"":326,""2026"":221}"
Henry Kautz,https://scholar.google.com/citations?user=WxQyOYQAAAAJ,2026-09-16,University of Viriginia,"[""artificial intelligence""]",38282,84,184,5144,36,89,1990,"{""1990"":124,""1991"":242,""1992"":173,""1993"":259,""1994"":326,""1995"":362,""1996"":445,""1997"":457,""1998"":511,""1999"":728,""2000"":846,""2001"":832,""2002"":789,""2003"":1015,""2004"":1039,""2005"":1323,""2006"":1283,""2007"":1576,""2008"":1673,""2009"":1625,""2010"":1699,""2011"":1675,""2012"":1785,""2013"":1752,""2014"":1717,""2015"":1577,""2016"":1511,""2017"":1376,""2018"":1285,""2019"":1151,""2020"":1195,""2021"":1013,""2022"":896,""2023"":917,""2024"":822,""2025"":822,""2026"":670}"
Ingemar J. Cox,https://scholar.google.com/citations?user=b88nUpYAAAAJ,2026-09-16,"Department of Computer Science, University College London / University of Copenhagen","[""digital epidemiology"", ""information retrieval"", ""digital watermarking"", ""computer vision"", ""multimedia""]",49310,89,212,6718,35,92,1993,"{""1993"":142,""1994"":168,""1995"":229,""1996"":202,""1997"":328,""1998"":531,""1999"":794,""2000"":795,""2001"":1106,""2002"":1416,""2003"":1760,""2004"":2127,""2005"":2488,""2006"":2360,""2007"":2138,""2008"":2319,""2009"":2312,""2010"":2399,""2011"":2223,""2012"":2296,""2013"":2247,""2014"":2043,""2015"":1725,""2016"":1590,""2017"":1552,""2018"":1463,""2019"":1268,""2020"":1342,""2021"":1397,""2022"":1350,""2023"":1094,""2024"":1058,""2025"":1064,""2026"":748}"
James H. Anderson,https://scholar.google.com/citations?user=mIZu9oQAAAAJ,2026-09-16,"Kenan Professor of Computer Science, The University of North Carolina at Chapel Hill","[""Real-Time Systems"", ""Distributed Computing"", ""Parallel Computing.""]",17372,70,252,4302,30,112,1991,"{""1991"":59,""1992"":55,""1993"":65,""1994"":99,""1995"":87,""1996"":92,""1997"":134,""1998"":105,""1999"":90,""2000"":128,""2001"":140,""2002"":152,""2003"":218,""2004"":301,""2005"":267,""2006"":407,""2007"":322,""2008"":427,""2009"":558,""2010"":626,""2011"":862,""2012"":732,""2013"":869,""2014"":1040,""2015"":734,""2016"":836,""2017"":728,""2018"":847,""2019"":735,""2020"":833,""2021"":959,""2022"":777,""2023"":661,""2024"":667,""2025"":801,""2026"":434}"
John Mellor-Crummey,https://scholar.google.com/citations?user=wX0XpxMAAAAJ,2026-09-16,"Professor of Computer Science, Rice University","[""High Performance Computing"", ""Parallel Computing"", ""Tools"", ""Performance Analysis"", ""Synchronization""]",14284,55,125,2495,24,49,1988,"{""1988"":48,""1989"":52,""1990"":67,""1991"":123,""1992"":145,""1993"":222,""1994"":241,""1995"":237,""1996"":250,""1997"":203,""1998"":250,""1999"":163,""2000"":175,""2001"":215,""2002"":220,""2003"":283,""2004"":289,""2005"":387,""2006"":382,""2007"":522,""2008"":413,""2009"":443,""2010"":547,""2011"":570,""2012"":617,""2013"":531,""2014"":603,""2015"":591,""2016"":616,""2017"":602,""2018"":549,""2019"":556,""2020"":455,""2021"":502,""2022"":440,""2023"":449,""2024"":388,""2025"":443,""2026"":270}"
Jon Kleinberg,https://scholar.google.com/citations?user=VX7d5EQAAAAJ,2026-09-16,"Professor of Computer Science, Cornell University","[""algorithms"", ""information networks"", ""social networks"", ""societal aspects of algorithms""]",144823,132,327,48385,79,248,2000,"{""2000"":507,""2001"":821,""2002"":1243,""2003"":1494,""2004"":1895,""2005"":2070,""2006"":2419,""2007"":2723,""2008"":2935,""2009"":3526,""2010"":4302,""2011"":5113,""2012"":6063,""2013"":6567,""2014"":7175,""2015"":7261,""2016"":7459,""2017"":7380,""2018"":7412,""2019"":7532,""2020"":7795,""2021"":8087,""2022"":7987,""2023"":7991,""2024"":8014,""2025"":8871,""2026"":7405}"
Krishnendu Chakrabarty,https://scholar.google.com/citations?user=R_VPUyEAAAAJ,2026-09-16,"Fulton Professor of Microelectronics, School of Electrical and Computer and Energy Engineering","[""Electronic design automation"", ""Testing and Design-for-Testability"", ""Microfluidics"", ""Computer Engineering"", ""Sensor Networks""]",41571,95,712,10746,43,323,2001,"{""2001"":183,""2002"":561,""2003"":644,""2004"":863,""2005"":1266,""2006"":1297,""2007"":1457,""2008"":1658,""2009"":1536,""2010"":1772,""2011"":1866,""2012"":1700,""2013"":1793,""2014"":2095,""2015"":2199,""2016"":1927,""2017"":1745,""2018"":1954,""2019"":1851,""2020"":1918,""2021"":1968,""2022"":1861,""2023"":1675,""2024"":1956,""2025"":1918,""2026"":1347}"
Kyuseok Shim,https://scholar.google.com/citations?user=3Y254i4AAAAJ,2026-09-16,"Professor of Electrical and Computer Engineering Department, Seoul National University, Korea","[""Data Mining"", ""Database Management Systems"", ""MapReduce Algorithms for Big Data Analysis""]",24590,52,103,4202,26,49,1996,"{""1996"":73,""1997"":116,""1998"":156,""1999"":298,""2000"":339,""2001"":568,""2002"":708,""2003"":845,""2004"":894,""2005"":1070,""2006"":1079,""2007"":1054,""2008"":1034,""2009"":1111,""2010"":1030,""2011"":1010,""2012"":982,""2013"":945,""2014"":967,""2015"":1020,""2016"":1006,""2017"":952,""2018"":895,""2019"":890,""2020"":861,""2021"":781,""2022"":789,""2023"":806,""2024"":708,""2025"":691,""2026"":422}"
Limsoon Wong 黄任祥,https://scholar.google.com/citations?user=Inqu8SkAAAAJ,2026-09-16,"KITHCT Professor of Computer Science & Professor of Pathology, National University of Singapore","[""Databases"", ""Data Mining"", ""Bioinformatics"", ""Computational Biology""]",19921,69,234,4190,29,102,1994,"{""1994"":112,""1995"":157,""1996"":114,""1997"":198,""1998"":191,""1999"":190,""2000"":185,""2001"":208,""2002"":239,""2003"":513,""2004"":624,""2005"":695,""2006"":702,""2007"":691,""2008"":638,""2009"":803,""2010"":737,""2011"":761,""2012"":808,""2013"":880,""2014"":889,""2015"":924,""2016"":882,""2017"":894,""2018"":788,""2019"":840,""2020"":786,""2021"":790,""2022"":790,""2023"":698,""2024"":698,""2025"":720,""2026"":493}"
Madhav Marathe,https://scholar.google.com/citations?user=diIore8AAAAJ,2026-09-16,"Distinguished Professor, Biocomplexity-Institute, Dept. Computer Science, University of Virginia","[""Network Science"", ""Computational Epidemiology"", ""Multi-agent systems"", ""Scalable computing"", ""AI""]",24176,75,306,8562,45,177,1997,"{""1997"":79,""1998"":102,""1999"":78,""2000"":100,""2001"":111,""2002"":155,""2003"":216,""2004"":321,""2005"":511,""2006"":556,""2007"":634,""2008"":585,""2009"":722,""2010"":703,""2011"":831,""2012"":822,""2013"":955,""2014"":1042,""2015"":1152,""2016"":1167,""2017"":1009,""2018"":973,""2019"":1046,""2020"":1307,""2021"":1505,""2022"":1426,""2023"":1354,""2024"":1438,""2025"":1656,""2026"":1164}"
Mark Ackerman,https://scholar.google.com/citations?user=qBTbnEQAAAAJ,2026-09-16,"University of Michigan, Ann Arbor","[""human-computer interaction"", ""social computing"", ""cscw""]",22067,65,152,4608,36,88,1995,"{""1995"":58,""1996"":85,""1997"":114,""1998"":178,""1999"":261,""2000"":349,""2001"":334,""2002"":408,""2003"":554,""2004"":523,""2005"":580,""2006"":565,""2007"":674,""2008"":729,""2009"":835,""2010"":866,""2011"":975,""2012"":1108,""2013"":1065,""2014"":1050,""2015"":1046,""2016"":983,""2017"":928,""2018"":988,""2019"":809,""2020"":703,""2021"":767,""2022"":777,""2023"":774,""2024"":790,""2025"":837,""2026"":658}"
Marti A Hearst,https://scholar.google.com/citations?user=664NOb0AAAAJ,2026-09-16,"Professor, University of California, Berkeley","[""Information Visualization"", ""Human-Computer Interaction"", ""Information Retrieval"", ""Natural Language""]",49800,83,199,14623,46,106,1995,"{""1995"":124,""1996"":173,""1997"":258,""1998"":328,""1999"":451,""2000"":508,""2001"":562,""2002"":785,""2003"":887,""2004"":1234,""2005"":1278,""2006"":1512,""2007"":1739,""2008"":1921,""2009"":1936,""2010"":2068,""2011"":1933,""2012"":1921,""2013"":1865,""2014"":1796,""2015"":1731,""2016"":1872,""2017"":1624,""2018"":1966,""2019"":1909,""2020"":1803,""2021"":2014,""2022"":1998,""2023"":2553,""2024"":2813,""2025"":3182,""2026"":2042}"
Matthias Jarke,https://scholar.google.com/citations?user=JbioEFgAAAAJ,2026-09-16,"Professor of Information Systems, RWTH Aachen University","[""databases"", ""information systems"", ""requirements engineering"", ""conceptual modeling"", ""data warehouse""]",27004,82,320,5200,33,93,1987,"{""1987"":189,""1988"":230,""1989"":304,""1990"":346,""1991"":326,""1992"":401,""1993"":400,""1994"":417,""1995"":395,""1996"":410,""1997"":450,""1998"":437,""1999"":518,""2000"":637,""2001"":582,""2002"":642,""2003"":671,""2004"":632,""2005"":693,""2006"":765,""2007"":844,""2008"":754,""2009"":980,""2010"":923,""2011"":898,""2012"":962,""2013"":957,""2014"":922,""2015"":881,""2016"":824,""2017"":669,""2018"":644,""2019"":611,""2020"":651,""2021"":736,""2022"":712,""2023"":926,""2024"":981,""2025"":1055,""2026"":768}"
Mihir Bellare,https://scholar.google.com/citations?user=td_5W1cAAAAJ,2026-09-16,"Professor, Dept. of Computer Science and Engineering, University of California San Diego (UCSD)","[""Cryptography"", ""theory""]",78164,125,265,18396,69,192,1995,"{""1995"":212,""1996"":354,""1997"":499,""1998"":646,""1999"":752,""2000"":915,""2001"":1124,""2002"":1272,""2003"":1559,""2004"":1896,""2005"":2263,""2006"":2631,""2007"":2589,""2008"":2819,""2009"":2818,""2010"":3125,""2011"":2694,""2012"":3022,""2013"":2869,""2014"":3388,""2015"":3539,""2016"":3578,""2017"":3541,""2018"":3499,""2019"":3537,""2020"":3457,""2021"":3337,""2022"":3331,""2023"":2944,""2024"":3109,""2025"":3459,""2026"":2216}"
Milind Tambe,https://scholar.google.com/citations?user=YOVZiJkAAAAJ,2026-09-16,"Professor; Director ""AI for Social Good"" @Google Research","[""Multiagent Systems"", ""Artificial Intelligence"", ""AI for Social Good"", ""AI for Public Health"", ""AI for""]",45428,104,499,15485,59,271,1994,"{""1994"":116,""1995"":134,""1996"":166,""1997"":175,""1998"":331,""1999"":316,""2000"":380,""2001"":399,""2002"":533,""2003"":690,""2004"":867,""2005"":1016,""2006"":1138,""2007"":1148,""2008"":977,""2009"":1124,""2010"":1092,""2011"":1236,""2012"":1465,""2013"":1427,""2014"":1527,""2015"":1858,""2016"":1952,""2017"":1975,""2018"":2122,""2019"":2250,""2020"":2421,""2021"":2806,""2022"":2638,""2023"":2743,""2024"":2555,""2025"":2605,""2026"":2093}"
Moti Yung,https://scholar.google.com/citations?user=ScL8iFQAAAAJ,2026-09-16,Distinguished Research Scientist Google; Adjunct Research Prof. Columbia U.,"[""information security"", ""cryptography"", ""privacy"", ""computer security"", ""distributed algorithms""]",53832,127,452,11795,55,229,1992,"{""1992"":135,""1993"":156,""1994"":287,""1995"":277,""1996"":344,""1997"":537,""1998"":629,""1999"":897,""2000"":731,""2001"":938,""2002"":1107,""2003"":1275,""2004"":1428,""2005"":1661,""2006"":1805,""2007"":1935,""2008"":1844,""2009"":1994,""2010"":2129,""2011"":1954,""2012"":2047,""2013"":1911,""2014"":2117,""2015"":2132,""2016"":2096,""2017"":2045,""2018"":2088,""2019"":2329,""2020"":2272,""2021"":2288,""2022"":2186,""2023"":1952,""2024"":1893,""2025"":2190,""2026"":1276}"
Padhraic Smyth,https://scholar.google.com/citations?user=OsoQ-dcAAAAJ,2026-09-16,"Distinguished Professor, Computer Science, University of California Irvine","[""machine learning"", ""artificial intelligence"", ""pattern recognition"", ""statistics""]",72035,97,258,15240,55,162,1996,"{""1996"":282,""1997"":556,""1998"":704,""1999"":958,""2000"":994,""2001"":1035,""2002"":1434,""2003"":1659,""2004"":1745,""2005"":2007,""2006"":2091,""2007"":2219,""2008"":2345,""2009"":2547,""2010"":2511,""2011"":2654,""2012"":3029,""2013"":3126,""2014"":3288,""2015"":3453,""2016"":3380,""2017"":3239,""2018"":3519,""2019"":3342,""2020"":3012,""2021"":2894,""2022"":2778,""2023"":2644,""2024"":2455,""2025"":2581,""2026"":1878}"
P. R. Kumar,https://scholar.google.com/citations?user=qGUpTVwAAAAJ,2026-09-16,Texas A&M University,"[""Learning Theory"", ""Wireless"", ""Network Information Theory"", ""Stochastic Control"", ""Cyberphysical Systems""]",45105,82,272,6356,35,118,1989,"{""1989"":146,""1990"":149,""1991"":176,""1992"":194,""1993"":185,""1994"":282,""1995"":357,""1996"":368,""1997"":405,""1998"":328,""1999"":328,""2000"":327,""2001"":436,""2002"":580,""2003"":871,""2004"":1378,""2005"":1891,""2006"":2162,""2007"":2469,""2008"":2614,""2009"":2493,""2010"":2461,""2011"":2181,""2012"":2285,""2013"":2029,""2014"":1881,""2015"":1608,""2016"":1592,""2017"":1553,""2018"":1470,""2019"":1292,""2020"":1240,""2021"":1276,""2022"":1169,""2023"":1135,""2024"":1084,""2025"":1050,""2026"":637}"
Peter J Haas,https://scholar.google.com/citations?user=PeCI8KcAAAAJ,2026-09-16,"College of Information and Computer Sciences, University of Massachusetts Amherst","[""Comper Science"", ""Operations Research""]",15432,54,162,3778,28,82,1996,"{""1996"":67,""1997"":92,""1998"":123,""1999"":227,""2000"":171,""2001"":219,""2002"":238,""2003"":252,""2004"":330,""2005"":343,""2006"":411,""2007"":452,""2008"":440,""2009"":553,""2010"":472,""2011"":567,""2012"":515,""2013"":596,""2014"":697,""2015"":709,""2016"":715,""2017"":717,""2018"":765,""2019"":770,""2020"":793,""2021"":809,""2022"":768,""2023"":629,""2024"":588,""2025"":598,""2026"":383}"
Rama Chellappa,https://scholar.google.com/citations?user=L60tuywAAAAJ,2026-09-16,"Bloomberg Distinguished Professor, Johns Hopkins University","[""Image Analysis"", ""artificial intelligence"", ""biometrics"", ""Computer Vision"", ""Biomedical Data Science""]",113435,155,813,36168,83,390,1990,"{""1990"":307,""1991"":309,""1992"":468,""1993"":519,""1994"":589,""1995"":629,""1996"":728,""1997"":836,""1998"":909,""1999"":949,""2000"":946,""2001"":968,""2002"":1023,""2003"":1297,""2004"":1630,""2005"":2227,""2006"":2354,""2007"":2652,""2008"":2706,""2009"":3116,""2010"":3328,""2011"":3180,""2012"":3655,""2013"":4112,""2014"":4278,""2015"":4281,""2016"":4554,""2017"":4696,""2018"":5465,""2019"":6402,""2020"":6246,""2021"":7035,""2022"":6338,""2023"":6331,""2024"":6083,""2025"":6190,""2026"":4160}"
Rina Dechter,https://scholar.google.com/citations?user=PI_3bqEAAAAJ,2026-09-16,"University of California, Irvine","[""Heuristic Search"", ""Probabilistic Graphical models"", ""Constraint processing"", ""Artificial Intelligence""]",24690,65,181,3319,23,53,1988,"{""1988"":61,""1989"":76,""1990"":105,""1991"":166,""1992"":232,""1993"":230,""1994"":395,""1995"":370,""1996"":465,""1997"":450,""1998"":397,""1999"":455,""2000"":522,""2001"":484,""2002"":520,""2003"":752,""2004"":722,""2005"":879,""2006"":963,""2007"":1063,""2008"":1020,""2009"":994,""2010"":971,""2011"":957,""2012"":1028,""2013"":992,""2014"":911,""2015"":771,""2016"":816,""2017"":776,""2018"":875,""2019"":674,""2020"":772,""2021"":683,""2022"":629,""2023"":616,""2024"":530,""2025"":512,""2026"":346}"
Sampath Kannan,https://scholar.google.com/citations?user=WhvtccoAAAAJ,2026-09-16,"Professor, Computer and Information Science, University of Pennsylvania","[""Theoretical Computer Science""]",14104,54,117,3335,29,58,1994,"{""1994"":81,""1995"":97,""1996"":93,""1997"":154,""1998"":156,""1999"":166,""2000"":128,""2001"":162,""2002"":195,""2003"":277,""2004"":300,""2005"":359,""2006"":326,""2007"":414,""2008"":421,""2009"":433,""2010"":466,""2011"":449,""2012"":537,""2013"":612,""2014"":649,""2015"":626,""2016"":636,""2017"":672,""2018"":687,""2019"":647,""2020"":672,""2021"":705,""2022"":658,""2023"":532,""2024"":558,""2025"":550,""2026"":332}"
Satish B Rao,https://scholar.google.com/citations?user=62Uqu6wAAAAJ,2026-09-17,Unknown affiliation,[],19626,65,119,3706,32,58,1991,"{""1991"":72,""1992"":89,""1993"":141,""1994"":147,""1995"":195,""1996"":235,""1997"":316,""1998"":358,""1999"":340,""2000"":363,""2001"":332,""2002"":333,""2003"":511,""2004"":569,""2005"":650,""2006"":651,""2007"":687,""2008"":670,""2009"":687,""2010"":774,""2011"":777,""2012"":709,""2013"":813,""2014"":737,""2015"":643,""2016"":668,""2017"":697,""2018"":852,""2019"":772,""2020"":732,""2021"":721,""2022"":722,""2023"":603,""2024"":615,""2025"":585,""2026"":460}"
Stefano Ceri,https://scholar.google.com/citations?user=aiulJmIAAAAJ,2026-09-16,"Professor, Politecnico di Milano","[""data management"", ""web management"", ""search computing"", ""genomic computing""]",37073,87,322,6538,36,119,1987,"{""1987"":161,""1988"":194,""1989"":196,""1990"":335,""1991"":290,""1992"":444,""1993"":535,""1994"":517,""1995"":599,""1996"":660,""1997"":810,""1998"":720,""1999"":837,""2000"":878,""2001"":953,""2002"":1033,""2003"":1219,""2004"":1145,""2005"":1234,""2006"":1216,""2007"":1520,""2008"":1198,""2009"":1368,""2010"":1280,""2011"":1262,""2012"":1171,""2013"":1147,""2014"":1030,""2015"":1019,""2016"":1024,""2017"":1007,""2018"":888,""2019"":819,""2020"":780,""2021"":1125,""2022"":1385,""2023"":1263,""2024"":1113,""2025"":993,""2026"":637}"
Timos Sellis,https://scholar.google.com/citations?user=G1Iux80AAAAJ,2026-09-16,Athena Research Center,"[""Data Management"", ""Data Science"", ""Databases"", ""Database systems"", ""Spatial Databases""]",21038,66,224,3758,31,80,1988,"{""1988"":76,""1989"":111,""1990"":114,""1991"":143,""1992"":163,""1993"":224,""1994"":246,""1995"":252,""1996"":276,""1997"":288,""1998"":371,""1999"":417,""2000"":551,""2001"":507,""2002"":460,""2003"":549,""2004"":564,""2005"":652,""2006"":588,""2007"":657,""2008"":694,""2009"":759,""2010"":678,""2011"":772,""2012"":865,""2013"":815,""2014"":831,""2015"":758,""2016"":708,""2017"":646,""2018"":694,""2019"":701,""2020"":766,""2021"":789,""2022"":738,""2023"":684,""2024"":625,""2025"":603,""2026"":316}"
Timothy Roscoe,https://scholar.google.com/citations?user=QfVWndgAAAAJ,2026-09-16,"Professor of Computer Science, ETH Zurich","[""operating systems"", ""networks"", ""distributed systems""]",16087,50,101,2703,24,46,1998,"{""1998"":43,""1999"":80,""2000"":59,""2001"":64,""2002"":75,""2003"":194,""2004"":417,""2005"":575,""2006"":689,""2007"":843,""2008"":833,""2009"":943,""2010"":1023,""2011"":953,""2012"":932,""2013"":843,""2014"":748,""2015"":750,""2016"":691,""2017"":615,""2018"":559,""2019"":631,""2020"":526,""2021"":511,""2022"":479,""2023"":481,""2024"":469,""2025"":485,""2026"":278}"
Val Tannen,https://scholar.google.com/citations?user=3Jus1k0AAAAJ,2026-09-16,University of Pennsylvania,[],10566,47,95,2123,22,44,1989,"{""1989"":32,""1990"":68,""1991"":95,""1992"":65,""1993"":135,""1994"":197,""1995"":178,""1996"":165,""1997"":137,""1998"":129,""1999"":154,""2000"":132,""2001"":143,""2002"":135,""2003"":201,""2004"":253,""2005"":306,""2006"":272,""2007"":322,""2008"":327,""2009"":370,""2010"":373,""2011"":387,""2012"":430,""2013"":499,""2014"":486,""2015"":376,""2016"":396,""2017"":421,""2018"":355,""2019"":400,""2020"":353,""2021"":407,""2022"":372,""2023"":326,""2024"":323,""2025"":360,""2026"":332}"
Wen Gao,https://scholar.google.com/citations?user=u9aw5o8AAAAJ,2026-09-16,"Peking University, Pengcheng Laboratory","[""multimedia"", ""video coding"", ""video processing"", ""computer vision""]",80038,131,969,35126,76,401,2002,"{""2002"":343,""2003"":368,""2004"":513,""2005"":802,""2006"":1049,""2007"":1399,""2008"":1672,""2009"":2020,""2010"":2279,""2011"":2405,""2012"":2737,""2013"":3024,""2014"":3351,""2015"":3498,""2016"":3570,""2017"":3167,""2018"":3540,""2019"":3969,""2020"":4295,""2021"":4854,""2022"":5401,""2023"":5543,""2024"":6267,""2025"":7492,""2026"":5534}"
Yoelle Maarek,https://scholar.google.com/citations?user=foccT34AAAAJ,2026-09-16,"Chief Researcher AI/IR, TII",[],8485,45,114,2122,20,46,1990,"{""1990"":23,""1991"":22,""1992"":28,""1993"":59,""1994"":66,""1995"":60,""1996"":48,""1997"":69,""1998"":69,""1999"":113,""2000"":126,""2001"":92,""2002"":157,""2003"":190,""2004"":226,""2005"":239,""2006"":242,""2007"":279,""2008"":265,""2009"":268,""2010"":268,""2011"":276,""2012"":279,""2013"":345,""2014"":331,""2015"":336,""2016"":359,""2017"":363,""2018"":355,""2019"":328,""2020"":357,""2021"":314,""2022"":353,""2023"":239,""2024"":352,""2025"":483,""2026"":377}"
Yuanyuan Zhou,https://scholar.google.com/citations?user=jJ_9TvEAAAAJ,2026-09-17,"Professor of Computer Science, University of California, San Diego","[""Operating Systems"", ""System Reliability"", ""Security""]",20833,71,115,4971,38,68,2003,"{""2003"":73,""2004"":140,""2005"":218,""2006"":362,""2007"":539,""2008"":688,""2009"":849,""2010"":1025,""2011"":1078,""2012"":1214,""2013"":1254,""2014"":1195,""2015"":1212,""2016"":1143,""2017"":1069,""2018"":1187,""2019"":1080,""2020"":1096,""2021"":1112,""2022"":853,""2023"":952,""2024"":786,""2025"":745,""2026"":523}"
Zhengyou Zhang,https://scholar.google.com/citations?user=1I-DKy8AAAAJ,2026-09-16,Tencent AI Lab & Tencent Robotics X,"[""Computer Vision"", ""Multimedia"", ""Speech"", ""Robotics"", ""AI""]",83960,111,353,24488,54,187,1996,"{""1996"":221,""1997"":328,""1998"":457,""1999"":478,""2000"":629,""2001"":713,""2002"":899,""2003"":1148,""2004"":1375,""2005"":1516,""2006"":1895,""2007"":1939,""2008"":2039,""2009"":2115,""2010"":2454,""2011"":2541,""2012"":3059,""2013"":3320,""2014"":3783,""2015"":4196,""2016"":4582,""2017"":4559,""2018"":4591,""2019"":4542,""2020"":4678,""2021"":4545,""2022"":4685,""2023"":4187,""2024"":4221,""2025"":4265,""2026"":2573}"
Ahmed Elmagarmid,https://scholar.google.com/citations?user=Cb9BDJkAAAAJ,2026-09-16,"Executive Director, Qatar Computing Research Institute","[""Database Systems""]",58811,82,228,35603,43,95,1991,"{""1991"":198,""1992"":216,""1993"":341,""1994"":241,""1995"":254,""1996"":312,""1997"":348,""1998"":310,""1999"":330,""2000"":369,""2001"":387,""2002"":487,""2003"":560,""2004"":754,""2005"":912,""2006"":880,""2007"":1040,""2008"":908,""2009"":1004,""2010"":1013,""2011"":1071,""2012"":1070,""2013"":1075,""2014"":1020,""2015"":908,""2016"":955,""2017"":889,""2018"":1149,""2019"":1366,""2020"":2009,""2021"":3182,""2022"":4379,""2023"":5193,""2024"":6597,""2025"":8587,""2026"":7659}"
Andrew Kahng,https://scholar.google.com/citations?user=zQ9GU2EAAAAJ,2026-09-17,"Professor of CSE and ECE, UC San Diego","[""VLSI design and EDA"", ""AI / machine learning"", ""optimization"", ""open-source"", ""technology roadmapping""]",37717,92,471,8426,40,177,1993,"{""1993"":145,""1994"":184,""1995"":321,""1996"":447,""1997"":408,""1998"":359,""1999"":494,""2000"":569,""2001"":620,""2002"":731,""2003"":1006,""2004"":1087,""2005"":1261,""2006"":1447,""2007"":1525,""2008"":1560,""2009"":1142,""2010"":1362,""2011"":1408,""2012"":1536,""2013"":1508,""2014"":1618,""2015"":1454,""2016"":1378,""2017"":1254,""2018"":1448,""2019"":1190,""2020"":1254,""2021"":1279,""2022"":1406,""2023"":1413,""2024"":1461,""2025"":1582,""2026"":1280}"
Andrew M Pitts FRS FACM,https://scholar.google.com/citations?user=J1wRn3oAAAAJ,2026-09-16,"Emeritus Professor of Theoretical Computer Science, University of Cambridge","[""type theory"", ""category theory"", ""nominal techniques"", ""programming language semantics"", ""logic in computer""]",8798,42,68,1895,21,37,1989,"{""1989"":39,""1990"":33,""1991"":47,""1992"":66,""1993"":82,""1994"":106,""1995"":105,""1996"":106,""1997"":129,""1998"":131,""1999"":137,""2000"":158,""2001"":130,""2002"":165,""2003"":221,""2004"":284,""2005"":390,""2006"":325,""2007"":356,""2008"":349,""2009"":312,""2010"":340,""2011"":275,""2012"":285,""2013"":257,""2014"":243,""2015"":258,""2016"":288,""2017"":267,""2018"":311,""2019"":312,""2020"":248,""2021"":337,""2022"":268,""2023"":332,""2024"":294,""2025"":332,""2026"":332}"
Anna R. Karlin,https://scholar.google.com/citations?user=9ZGqm5QAAAAJ,2026-09-16,"Bill & Melinda Gates Chair and Professor of Computer Science and Engineering, University of","[""Algorithms"", ""Algorithmic Game Theory""]",17301,55,91,2530,27,55,1989,"{""1989"":48,""1990"":73,""1991"":70,""1992"":102,""1993"":126,""1994"":142,""1995"":171,""1996"":235,""1997"":309,""1998"":316,""1999"":324,""2000"":389,""2001"":442,""2002"":522,""2003"":629,""2004"":688,""2005"":798,""2006"":691,""2007"":746,""2008"":717,""2009"":629,""2010"":668,""2011"":691,""2012"":559,""2013"":625,""2014"":572,""2015"":552,""2016"":571,""2017"":548,""2018"":588,""2019"":448,""2020"":469,""2021"":422,""2022"":418,""2023"":441,""2024"":442,""2025"":442,""2026"":362}"
Bart Selman,https://scholar.google.com/citations?user=pJ28HA0AAAAJ,2026-09-16,"Professor of Computer Science, Cornell University","[""Artificial Intelligence""]",36763,79,178,6818,36,82,1991,"{""1991"":174,""1992"":91,""1993"":193,""1994"":265,""1995"":320,""1996"":539,""1997"":531,""1998"":570,""1999"":854,""2000"":1022,""2001"":1107,""2002"":1002,""2003"":1203,""2004"":1203,""2005"":1338,""2006"":1243,""2007"":1503,""2008"":1558,""2009"":1336,""2010"":1261,""2011"":1176,""2012"":1329,""2013"":1359,""2014"":1291,""2015"":1183,""2016"":1233,""2017"":1109,""2018"":1042,""2019"":1052,""2020"":1212,""2021"":1271,""2022"":1157,""2023"":1193,""2024"":1146,""2025"":1272,""2026"":779}"
Benjamin C. Pierce,https://scholar.google.com/citations?user=2kkddh0AAAAJ,2026-09-16,"Professor of Computer and Information Science, University of Pennsylvania","[""Programming languages"", ""type systems"", ""security and privacy"", ""functional programming"", ""formal specification and verification""]",26778,73,182,6103,38,98,1992,"{""1992"":66,""1993"":116,""1994"":171,""1995"":162,""1996"":216,""1997"":256,""1998"":321,""1999"":439,""2000"":375,""2001"":429,""2002"":566,""2003"":596,""2004"":747,""2005"":929,""2006"":979,""2007"":1025,""2008"":963,""2009"":1062,""2010"":993,""2011"":922,""2012"":930,""2013"":879,""2014"":949,""2015"":947,""2016"":993,""2017"":944,""2018"":964,""2019"":1154,""2020"":918,""2021"":1089,""2022"":1001,""2023"":993,""2024"":981,""2025"":1090,""2026"":945}"
Clifford Stein,https://scholar.google.com/citations?user=r49_E2cAAAAJ,2026-09-16,"Professor of IEOR and CS, Columbia University","[""Algorithms"", ""Optimization"", ""Operations Research"", ""Scheduling""]",90265,59,163,17971,30,71,1993,"{""1993"":384,""1994"":516,""1995"":677,""1996"":818,""1997"":891,""1998"":1064,""1999"":1228,""2000"":1277,""2001"":1383,""2002"":1646,""2003"":2042,""2004"":2390,""2005"":2624,""2006"":2980,""2007"":3374,""2008"":3612,""2009"":3736,""2010"":3758,""2011"":3765,""2012"":3660,""2013"":3916,""2014"":3874,""2015"":3588,""2016"":3524,""2017"":3451,""2018"":3501,""2019"":3314,""2020"":3361,""2021"":3078,""2022"":3000,""2023"":2894,""2024"":3134,""2025"":3441,""2026"":2412}"
Craig Boutilier,https://scholar.google.com/citations?user=cXkm3rsAAAAJ,2026-09-16,"Principal Scientist, Google","[""Artificial Intelligence"", ""Recommender Systems"", ""Computational Economics"", ""Decision Theory"", ""User Models""]",32010,84,238,9396,47,144,1994,"{""1994"":110,""1995"":101,""1996"":189,""1997"":214,""1998"":223,""1999"":275,""2000"":390,""2001"":443,""2002"":531,""2003"":696,""2004"":799,""2005"":935,""2006"":1017,""2007"":1202,""2008"":1210,""2009"":1000,""2010"":1143,""2011"":1248,""2012"":1214,""2013"":1189,""2014"":1086,""2015"":1171,""2016"":1123,""2017"":1047,""2018"":1019,""2019"":1086,""2020"":1293,""2021"":1309,""2022"":1320,""2023"":1493,""2024"":1771,""2025"":1894,""2026"":1590}"
David Grove,https://scholar.google.com/citations?user=iU8ijrYAAAAJ,2026-09-16,IBM Research,"[""Programming Languages""]",8938,42,88,1063,16,27,1995,"{""1995"":44,""1996"":81,""1997"":90,""1998"":104,""1999"":133,""2000"":200,""2001"":264,""2002"":337,""2003"":319,""2004"":382,""2005"":430,""2006"":391,""2007"":410,""2008"":342,""2009"":367,""2010"":374,""2011"":327,""2012"":385,""2013"":468,""2014"":375,""2015"":394,""2016"":393,""2017"":307,""2018"":291,""2019"":293,""2020"":239,""2021"":253,""2022"":212,""2023"":175,""2024"":165,""2025"":155,""2026"":103}"
Garth Alan Gibson,https://scholar.google.com/citations?user=WYctQAQAAAAJ,2026-09-16,"CTO & CAIO, Vdura Inc., Consulting Professor of Computer Science, Carnegie Mellon","[""Systems and Machine Learning""]",30517,80,160,4769,37,65,1989,"{""1989"":116,""1990"":125,""1991"":128,""1992"":159,""1993"":365,""1994"":404,""1995"":385,""1996"":510,""1997"":512,""1998"":564,""1999"":589,""2000"":657,""2001"":516,""2002"":716,""2003"":718,""2004"":644,""2005"":743,""2006"":657,""2007"":838,""2008"":937,""2009"":1029,""2010"":1131,""2011"":1304,""2012"":1263,""2013"":1300,""2014"":1224,""2015"":1322,""2016"":1332,""2017"":1275,""2018"":1231,""2019"":1251,""2020"":1210,""2021"":1106,""2022"":946,""2023"":847,""2024"":743,""2025"":697,""2026"":430}"
Gregor Kiczales,https://scholar.google.com/citations?user=Odh4GSYAAAAJ,2026-09-16,"Professor of Computer Science, University of British Columbia","[""Programming Languages"", ""Modularity"", ""Software Engineering""]",28094,43,82,980,10,11,1989,"{""1989"":80,""1990"":92,""1991"":103,""1992"":112,""1993"":166,""1994"":206,""1995"":228,""1996"":296,""1997"":317,""1998"":418,""1999"":495,""2000"":653,""2001"":749,""2002"":1130,""2003"":1391,""2004"":1876,""2005"":2122,""2006"":2038,""2007"":1949,""2008"":1904,""2009"":1642,""2010"":1431,""2011"":1308,""2012"":1096,""2013"":982,""2014"":778,""2015"":737,""2016"":615,""2017"":519,""2018"":459,""2019"":342,""2020"":222,""2021"":188,""2022"":191,""2023"":200,""2024"":150,""2025"":152,""2026"":99}"
Gustavo Alonso,https://scholar.google.com/citations?user=fkNjVcIAAAAJ,2026-09-16,"Professor of Computer Science, ETH Zürich, Switzerland","[""Data Management"", ""Distributed Systems"", ""Databases"", ""FPGAs""]",33824,93,304,7848,48,146,1996,"{""1996"":128,""1997"":193,""1998"":226,""1999"":426,""2000"":409,""2001"":347,""2002"":501,""2003"":636,""2004"":851,""2005"":1205,""2006"":1389,""2007"":1513,""2008"":1528,""2009"":1561,""2010"":1527,""2011"":1473,""2012"":1534,""2013"":1381,""2014"":1356,""2015"":1286,""2016"":1225,""2017"":1137,""2018"":1107,""2019"":1241,""2020"":1283,""2021"":1279,""2022"":1181,""2023"":1425,""2024"":1455,""2025"":1461,""2026"":1036}"
Hans-J. Boehm,https://scholar.google.com/citations?user=gqkpV2kAAAAJ,2026-09-16,Google,"[""Programming Languages""]",6772,37,64,1113,16,22,1988,"{""1988"":29,""1989"":33,""1990"":47,""1991"":50,""1992"":87,""1993"":82,""1994"":75,""1995"":70,""1996"":64,""1997"":99,""1998"":121,""1999"":66,""2000"":127,""2001"":92,""2002"":127,""2003"":108,""2004"":144,""2005"":137,""2006"":177,""2007"":203,""2008"":160,""2009"":193,""2010"":225,""2011"":279,""2012"":268,""2013"":262,""2014"":244,""2015"":286,""2016"":323,""2017"":383,""2018"":358,""2019"":292,""2020"":294,""2021"":273,""2022"":226,""2023"":174,""2024"":178,""2025"":162,""2026"":100}"
Ion Stoica,https://scholar.google.com/citations?user=vN-is70AAAAJ,2026-09-16,"Professor of Computer Science, UC Berkeley","[""Cloud Computing"", ""Networking"", ""Distributed Systems"", ""Big Data""]",232887,187,585,104906,120,446,2002,"{""2002"":1051,""2003"":1975,""2004"":2953,""2005"":3679,""2006"":3943,""2007"":4180,""2008"":4347,""2009"":4684,""2010"":5165,""2011"":5796,""2012"":6728,""2013"":8014,""2014"":8979,""2015"":10457,""2016"":11298,""2017"":10655,""2018"":10863,""2019"":10457,""2020"":9571,""2021"":9679,""2022"":9401,""2023"":10055,""2024"":16300,""2025"":26276,""2026"":33007}"
Joseph O'Rourke,https://scholar.google.com/citations?user=AdrTURsAAAAJ,2026-09-16,"Professor of Computer Science, and of Mathematics, Smith College","[""geometry"", ""discrete geometry"", ""computational geometry"", ""metric geometry""]",20157,52,144,3334,21,41,1987,"{""1987"":126,""1988"":177,""1989"":179,""1990"":178,""1991"":224,""1992"":200,""1993"":165,""1994"":165,""1995"":207,""1996"":194,""1997"":281,""1998"":347,""1999"":324,""2000"":452,""2001"":414,""2002"":391,""2003"":544,""2004"":606,""2005"":643,""2006"":670,""2007"":721,""2008"":719,""2009"":755,""2010"":703,""2011"":723,""2012"":592,""2013"":670,""2014"":643,""2015"":644,""2016"":641,""2017"":650,""2018"":570,""2019"":598,""2020"":622,""2021"":574,""2022"":583,""2023"":516,""2024"":615,""2025"":652,""2026"":392}"
Joseph Sifakis,https://scholar.google.com/citations?user=8jCwk4EAAAAJ,2026-09-17,"Reseracher at Verimag laboratory, Grenoble","[""software engineering"", ""formal methods"", ""web services"", ""middleware"", ""networks""]",24034,69,162,2908,25,57,1987,"{""1987"":85,""1988"":78,""1989"":92,""1990"":94,""1991"":147,""1992"":194,""1993"":260,""1994"":318,""1995"":400,""1996"":442,""1997"":497,""1998"":499,""1999"":558,""2000"":559,""2001"":570,""2002"":588,""2003"":674,""2004"":616,""2005"":780,""2006"":742,""2007"":912,""2008"":942,""2009"":929,""2010"":996,""2011"":1105,""2012"":948,""2013"":1106,""2014"":934,""2015"":958,""2016"":852,""2017"":708,""2018"":745,""2019"":653,""2020"":557,""2021"":547,""2022"":545,""2023"":584,""2024"":460,""2025"":447,""2026"":323}"
Karem A Sakallah,https://scholar.google.com/citations?user=M441iZ8AAAAJ,2026-09-16,University of Michigan,"[""Formal Verification"", ""Automated Reasoning""]",13497,54,137,2555,22,39,1991,"{""1991"":35,""1992"":48,""1993"":77,""1994"":59,""1995"":87,""1996"":85,""1997"":117,""1998"":98,""1999"":142,""2000"":185,""2001"":269,""2002"":350,""2003"":402,""2004"":480,""2005"":498,""2006"":599,""2007"":582,""2008"":590,""2009"":705,""2010"":576,""2011"":487,""2012"":489,""2013"":550,""2014"":489,""2015"":490,""2016"":446,""2017"":411,""2018"":455,""2019"":426,""2020"":451,""2021"":484,""2022"":382,""2023"":448,""2024"":433,""2025"":449,""2026"":358}"
Katherine Yelick,https://scholar.google.com/citations?user=93yNuV0AAAAJ,2026-09-16,"Vice Chancellor for Research and EECS Professor, UC Berkeley and Sr. Faculty Scientist, LBNL","[""Parallel Computing"", ""Programming Languages"", ""Compilers"", ""High Performance Computing""]",27880,70,212,5467,35,91,1994,"{""1994"":95,""1995"":159,""1996"":188,""1997"":236,""1998"":307,""1999"":292,""2000"":249,""2001"":211,""2002"":253,""2003"":317,""2004"":374,""2005"":409,""2006"":450,""2007"":760,""2008"":903,""2009"":1214,""2010"":1474,""2011"":1564,""2012"":1660,""2013"":1480,""2014"":1653,""2015"":1553,""2016"":1511,""2017"":1280,""2018"":1293,""2019"":1092,""2020"":966,""2021"":960,""2022"":1027,""2023"":907,""2024"":926,""2025"":956,""2026"":684}"
Keith Ross,https://scholar.google.com/citations?user=RhUcYmQAAAAJ,2026-09-16,"Professor of Computer Science, NYU Abu Dhabi","[""Deep Reinforcement Learning"", ""Networking"", ""Privacy""]",34030,83,227,6164,32,77,1993,"{""1993"":101,""1994"":135,""1995"":151,""1996"":162,""1997"":219,""1998"":310,""1999"":264,""2000"":342,""2001"":403,""2002"":567,""2003"":657,""2004"":890,""2005"":965,""2006"":1067,""2007"":1259,""2008"":1558,""2009"":1748,""2010"":1879,""2011"":1994,""2012"":1908,""2013"":1644,""2014"":1498,""2015"":1379,""2016"":1316,""2017"":1236,""2018"":1097,""2019"":1050,""2020"":950,""2021"":877,""2022"":930,""2023"":998,""2024"":1138,""2025"":1224,""2026"":993}"
Keshav Pingali,https://scholar.google.com/citations?user=02UU6wgAAAAJ,2026-09-16,"Professor of Computer Science, The University of Texas at Austin","[""Programming languages"", ""parallel computing"", ""big-data computing""]",15386,67,173,3792,30,80,1988,"{""1988"":43,""1989"":46,""1990"":95,""1991"":149,""1992"":142,""1993"":147,""1994"":239,""1995"":206,""1996"":158,""1997"":170,""1998"":148,""1999"":161,""2000"":186,""2001"":170,""2002"":156,""2003"":233,""2004"":250,""2005"":292,""2006"":293,""2007"":356,""2008"":313,""2009"":365,""2010"":438,""2011"":507,""2012"":511,""2013"":525,""2014"":606,""2015"":723,""2016"":713,""2017"":773,""2018"":688,""2019"":738,""2020"":799,""2021"":845,""2022"":702,""2023"":618,""2024"":629,""2025"":635,""2026"":361}"
Klara Nahrstedt,https://scholar.google.com/citations?user=TW0t25AAAAAJ,2026-09-16,"Computer Science, University of Illinois, Urbana-Champaign","[""Quality of Service"", ""multimedia systems"", ""distributed systems"", ""networks"", ""teleimmersion""]",37453,95,421,5081,37,112,1996,"{""1996"":138,""1997"":248,""1998"":259,""1999"":434,""2000"":582,""2001"":661,""2002"":851,""2003"":1299,""2004"":1667,""2005"":2005,""2006"":1963,""2007"":2016,""2008"":2031,""2009"":1847,""2010"":1900,""2011"":1728,""2012"":1610,""2013"":1591,""2014"":1452,""2015"":1351,""2016"":1394,""2017"":1235,""2018"":1257,""2019"":1129,""2020"":1060,""2021"":959,""2022"":941,""2023"":845,""2024"":858,""2025"":845,""2026"":628}"
Larry Davis,https://scholar.google.com/citations?user=lc0ARagAAAAJ,2026-09-16,"Professor of Computer Science, University of Maryland","[""Computer Vision""]",103335,148,601,33327,81,256,1987,"{""1987"":334,""1988"":420,""1989"":397,""1990"":465,""1991"":377,""1992"":446,""1993"":380,""1994"":385,""1995"":379,""1996"":416,""1997"":477,""1998"":533,""1999"":557,""2000"":751,""2001"":909,""2002"":1073,""2003"":1225,""2004"":1532,""2005"":2032,""2006"":2300,""2007"":2663,""2008"":2926,""2009"":2995,""2010"":3317,""2011"":3255,""2012"":3722,""2013"":3829,""2014"":4089,""2015"":3819,""2016"":3935,""2017"":3676,""2018"":3867,""2019"":4669,""2020"":5354,""2021"":6339,""2022"":6524,""2023"":6260,""2024"":5837,""2025"":5299,""2026"":3061}"
Lars Arge,https://scholar.google.com/citations?user=MgdxxbAAAAAJ,2026-09-16,"Professor of Computer Science and MADALGO center director, Aarhus University","[""Algorithms and data structures""]",10285,53,90,2794,16,31,1996,"{""1996"":43,""1997"":67,""1998"":106,""1999"":130,""2000"":135,""2001"":233,""2002"":275,""2003"":328,""2004"":300,""2005"":292,""2006"":311,""2007"":297,""2008"":323,""2009"":353,""2010"":305,""2011"":305,""2012"":382,""2013"":329,""2014"":423,""2015"":333,""2016"":303,""2017"":351,""2018"":414,""2019"":424,""2020"":438,""2021"":538,""2022"":509,""2023"":450,""2024"":490,""2025"":480,""2026"":327}"
Leonid Libkin,https://scholar.google.com/citations?user=4q-MIB0AAAAJ,2026-09-16,"Professor of Computer Science, University of Edinburgh","[""Databases"", ""database theory"", ""graph databases"", ""logic in computer science""]",15122,64,161,4340,27,66,1993,"{""1993"":53,""1994"":86,""1995"":147,""1996"":91,""1997"":204,""1998"":208,""1999"":226,""2000"":258,""2001"":245,""2002"":220,""2003"":329,""2004"":369,""2005"":414,""2006"":361,""2007"":543,""2008"":477,""2009"":554,""2010"":495,""2011"":458,""2012"":510,""2013"":521,""2014"":486,""2015"":486,""2016"":535,""2017"":455,""2018"":532,""2019"":595,""2020"":571,""2021"":590,""2022"":653,""2023"":716,""2024"":801,""2025"":885,""2026"":690}"
Leslie Valiant,https://scholar.google.com/citations?user=H509xdsAAAAJ,2026-09-17,Unknown affiliation,[],45288,61,98,9262,36,64,1987,"{""1987"":333,""1988"":443,""1989"":591,""1990"":682,""1991"":694,""1992"":843,""1993"":885,""1994"":1023,""1995"":943,""1996"":1019,""1997"":905,""1998"":916,""1999"":815,""2000"":747,""2001"":762,""2002"":685,""2003"":861,""2004"":815,""2005"":966,""2006"":924,""2007"":1149,""2008"":1033,""2009"":1138,""2010"":1079,""2011"":1080,""2012"":1251,""2013"":1387,""2014"":1387,""2015"":1362,""2016"":1526,""2017"":1443,""2018"":1444,""2019"":1566,""2020"":1573,""2021"":1507,""2022"":1490,""2023"":1481,""2024"":1521,""2025"":1610,""2026"":1369}"
Lixin Gao,https://scholar.google.com/citations?user=bOKmjf8AAAAJ,2026-09-16,"Distinguished Professor, Univ. of Massachusetts","[""Internet Routing"", ""Multimedia Communication"", ""Cloud Computing""]",23141,70,348,6056,35,170,2001,"{""2001"":182,""2002"":250,""2003"":350,""2004"":544,""2005"":650,""2006"":745,""2007"":784,""2008"":712,""2009"":925,""2010"":923,""2011"":1019,""2012"":1087,""2013"":1148,""2014"":1108,""2015"":1093,""2016"":1160,""2017"":1038,""2018"":1027,""2019"":947,""2020"":1052,""2021"":1031,""2022"":1063,""2023"":1044,""2024"":1110,""2025"":1159,""2026"":644}"
Manish Gupta,https://scholar.google.com/citations?user=fHISoWoAAAAJ,2026-09-17,Google DeepMind,"[""High performance computing"", ""compilers"", ""mobile computing"", ""data analytics""]",8683,50,96,761,13,21,1992,"{""1992"":27,""1993"":90,""1994"":97,""1995"":104,""1996"":173,""1997"":164,""1998"":94,""1999"":127,""2000"":194,""2001"":244,""2002"":285,""2003"":335,""2004"":359,""2005"":469,""2006"":485,""2007"":467,""2008"":421,""2009"":381,""2010"":420,""2011"":390,""2012"":416,""2013"":349,""2014"":307,""2015"":291,""2016"":249,""2017"":215,""2018"":229,""2019"":208,""2020"":182,""2021"":172,""2022"":166,""2023"":125,""2024"":118,""2025"":109,""2026"":70}"
Markus Gross,https://scholar.google.com/citations?user=uxk0GmUAAAAJ,2026-09-16,"ETH Zurich, Disney Research Zurich","[""Computer Graphics"", ""Modeling"", ""Physics-based Animation"", ""Video Processing""]",60388,120,496,20867,62,291,1999,"{""1999"":164,""2000"":200,""2001"":267,""2002"":449,""2003"":685,""2004"":996,""2005"":1336,""2006"":1574,""2007"":1736,""2008"":1736,""2009"":1737,""2010"":1798,""2011"":2005,""2012"":2136,""2013"":2264,""2014"":2284,""2015"":2587,""2016"":2485,""2017"":2788,""2018"":2957,""2019"":2933,""2020"":3357,""2021"":3310,""2022"":3426,""2023"":3298,""2024"":3846,""2025"":4150,""2026"":2827}"
Patrick Valduriez,https://scholar.google.com/citations?user=Vj0m2A0AAAAJ,2026-09-16,Inria,[],21489,61,230,3150,25,65,1988,"{""1988"":119,""1989"":123,""1990"":214,""1991"":262,""1992"":323,""1993"":478,""1994"":341,""1995"":402,""1996"":444,""1997"":413,""1998"":413,""1999"":459,""2000"":421,""2001"":369,""2002"":434,""2003"":475,""2004"":577,""2005"":551,""2006"":531,""2007"":694,""2008"":700,""2009"":851,""2010"":745,""2011"":825,""2012"":773,""2013"":709,""2014"":803,""2015"":767,""2016"":695,""2017"":684,""2018"":776,""2019"":711,""2020"":681,""2021"":660,""2022"":563,""2023"":562,""2024"":479,""2025"":543,""2026"":338}"
Pierre Baldi,https://scholar.google.com/citations?user=RhFhIIgAAAAJ,2026-09-16,"Professor, University of California, Irvine","[""Artificial Intelligence"", ""Deep Learning"", ""Bioinformatics"", ""Physics"", ""Mathematics""]",89099,144,508,39979,94,388,1997,"{""1997"":239,""1998"":237,""1999"":217,""2000"":286,""2001"":385,""2002"":583,""2003"":793,""2004"":933,""2005"":1350,""2006"":1522,""2007"":1751,""2008"":1867,""2009"":2135,""2010"":2351,""2011"":2243,""2012"":2526,""2013"":2440,""2014"":2720,""2015"":2716,""2016"":3051,""2017"":3310,""2018"":3849,""2019"":4273,""2020"":5339,""2021"":6351,""2022"":6967,""2023"":6887,""2024"":7072,""2025"":7321,""2026"":5338}"
rachid guerraoui,https://scholar.google.com/citations?user=_TR-7CEAAAAJ,2026-09-16,"Professor of Computer and Communication Systems, EPFL","[""Algorithms"", ""Distributed Computing"", ""Concurrency"", ""Programming Languages""]",39638,85,397,13766,44,159,1997,"{""1997"":135,""1998"":219,""1999"":272,""2000"":348,""2001"":377,""2002"":514,""2003"":651,""2004"":776,""2005"":938,""2006"":1210,""2007"":1266,""2008"":1312,""2009"":1445,""2010"":1614,""2011"":1559,""2012"":1494,""2013"":1447,""2014"":1407,""2015"":1485,""2016"":1255,""2017"":1273,""2018"":1371,""2019"":1376,""2020"":1448,""2021"":1609,""2022"":1845,""2023"":2112,""2024"":2617,""2025"":3120,""2026"":2447}"
Raj Reddy,https://scholar.google.com/citations?user=mYu2uuIAAAAJ,2026-09-17,"University Professor of Computer Science and Robotics, Carnegie Mellon University","[""Artificial Intelligence"", ""Robotics"", ""Computer Science""]",12253,35,67,1237,11,14,1987,"{""1987"":159,""1988"":212,""1989"":183,""1990"":239,""1991"":201,""1992"":221,""1993"":158,""1994"":148,""1995"":129,""1996"":143,""1997"":151,""1998"":171,""1999"":146,""2000"":125,""2001"":109,""2002"":176,""2003"":327,""2004"":333,""2005"":354,""2006"":434,""2007"":444,""2008"":435,""2009"":425,""2010"":427,""2011"":421,""2012"":433,""2013"":432,""2014"":468,""2015"":403,""2016"":409,""2017"":349,""2018"":319,""2019"":317,""2020"":288,""2021"":260,""2022"":226,""2023"":245,""2024"":215,""2025"":176,""2026"":115}"
Rajeev Rastogi,https://scholar.google.com/citations?user=3ggE9SkAAAAJ,2026-09-16,Amazon,"[""Machine Learning"", ""Data Mining""]",30635,74,198,4658,26,60,1995,"{""1995"":77,""1996"":127,""1997"":203,""1998"":197,""1999"":253,""2000"":323,""2001"":513,""2002"":748,""2003"":993,""2004"":1197,""2005"":1434,""2006"":1503,""2007"":1435,""2008"":1359,""2009"":1467,""2010"":1357,""2011"":1426,""2012"":1367,""2013"":1244,""2014"":1237,""2015"":1243,""2016"":1241,""2017"":1099,""2018"":1102,""2019"":1071,""2020"":1076,""2021"":989,""2022"":993,""2023"":845,""2024"":758,""2025"":690,""2026"":383}"
Ramin Zabih,https://scholar.google.com/citations?user=8Lp0W54AAAAJ,2026-09-16,"Professor of Computer Science, Cornell University","[""Computer Vision""]",35641,41,78,4477,24,42,1997,"{""1997"":92,""1998"":142,""1999"":246,""2000"":249,""2001"":391,""2002"":478,""2003"":597,""2004"":738,""2005"":1044,""2006"":1094,""2007"":1435,""2008"":1584,""2009"":1816,""2010"":1932,""2011"":2141,""2012"":2231,""2013"":2167,""2014"":2258,""2015"":2171,""2016"":2089,""2017"":1809,""2018"":1484,""2019"":1204,""2020"":1144,""2021"":996,""2022"":891,""2023"":762,""2024"":744,""2025"":665,""2026"":418}"
Rick (Roderic G. G.) Cattell,https://scholar.google.com/citations?user=Kc64bEcAAAAJ,2026-09-16,Cattell.Net,"[""Neuromorphics"", ""scalable database systems"", ""NoSQL"", ""AI"", ""compilers""]",6553,26,39,217,9,8,1987,"{""1987"":60,""1988"":39,""1989"":45,""1990"":52,""1991"":44,""1992"":73,""1993"":159,""1994"":146,""1995"":302,""1996"":325,""1997"":427,""1998"":429,""1999"":392,""2000"":382,""2001"":320,""2002"":289,""2003"":273,""2004"":221,""2005"":223,""2006"":192,""2007"":195,""2008"":122,""2009"":143,""2010"":150,""2011"":107,""2012"":122,""2013"":96,""2014"":72,""2015"":81,""2016"":68,""2017"":45,""2018"":60,""2019"":40,""2020"":52,""2021"":45,""2022"":71,""2023"":35,""2024"":34,""2025"":17,""2026"":15}"
Rob Schreiber,https://scholar.google.com/citations?user=APiItS4AAAAJ,2026-09-16,Cerebras Systems,"[""scientific computing""]",20305,60,141,3153,23,56,1987,"{""1987"":53,""1988"":93,""1989"":100,""1990"":134,""1991"":138,""1992"":147,""1993"":291,""1994"":352,""1995"":455,""1996"":494,""1997"":522,""1998"":398,""1999"":371,""2000"":323,""2001"":314,""2002"":261,""2003"":303,""2004"":373,""2005"":364,""2006"":402,""2007"":486,""2008"":389,""2009"":558,""2010"":576,""2011"":698,""2012"":833,""2013"":780,""2014"":915,""2015"":982,""2016"":1032,""2017"":925,""2018"":906,""2019"":848,""2020"":833,""2021"":704,""2022"":604,""2023"":505,""2024"":494,""2025"":504,""2026"":342}"
Roberto Tamassia,https://scholar.google.com/citations?user=eEYPTKUAAAAJ,2026-09-16,"Plastech Professor of Computer Science, Brown University","[""algorithhms"", ""computer security"", ""applied cryptography"", ""graph drawing"", ""information visualization""]",29183,77,242,5155,35,88,1989,"{""1989"":128,""1990"":146,""1991"":196,""1992"":306,""1993"":286,""1994"":403,""1995"":396,""1996"":558,""1997"":538,""1998"":563,""1999"":513,""2000"":648,""2001"":525,""2002"":640,""2003"":820,""2004"":773,""2005"":750,""2006"":804,""2007"":856,""2008"":808,""2009"":873,""2010"":824,""2011"":852,""2012"":1054,""2013"":1110,""2014"":1225,""2015"":1172,""2016"":1232,""2017"":1164,""2018"":1167,""2019"":1083,""2020"":944,""2021"":910,""2022"":887,""2023"":967,""2024"":902,""2025"":864,""2026"":624}"
Ron Shamir,https://scholar.google.com/citations?user=ri4rEPMAAAAJ,2026-09-16,"Professor of Computer Science and Bioinformatics, Tel Aviv University","[""Bioinformatics"", ""computational biology"", ""algorithms"", ""digital medicine""]",34857,87,254,8528,42,135,1998,"{""1998"":87,""1999"":111,""2000"":138,""2001"":216,""2002"":356,""2003"":399,""2004"":595,""2005"":865,""2006"":1067,""2007"":1249,""2008"":1302,""2009"":1400,""2010"":1589,""2011"":1634,""2012"":1637,""2013"":1703,""2014"":1660,""2015"":1746,""2016"":1644,""2017"":1573,""2018"":1544,""2019"":1502,""2020"":1473,""2021"":1662,""2022"":1585,""2023"":1403,""2024"":1388,""2025"":1456,""2026"":1032}"
Saul Greenberg,https://scholar.google.com/citations?user=TthhUuoAAAAJ,2026-09-16,"Emeritus Professor, Computer Science, University of Calgary","[""Human Computer Interaction"", ""Ubiquitous Computing"", ""Computer Supported Cooperative Work""]",36188,102,269,6422,38,119,1993,"{""1993"":170,""1994"":154,""1995"":186,""1996"":349,""1997"":364,""1998"":501,""1999"":672,""2000"":593,""2001"":692,""2002"":763,""2003"":1040,""2004"":1157,""2005"":1179,""2006"":1413,""2007"":1466,""2008"":1383,""2009"":1581,""2010"":1468,""2011"":1437,""2012"":1471,""2013"":1527,""2014"":1570,""2015"":1375,""2016"":1359,""2017"":1345,""2018"":1299,""2019"":1200,""2020"":1093,""2021"":1273,""2022"":1167,""2023"":1161,""2024"":1067,""2025"":1001,""2026"":753}"
Simson Garfinkel,https://scholar.google.com/citations?user=87fGQ0AAAAAJ,2026-09-16,"BasisTech, LLC","[""AI and Data Science Ethics"", ""Applied Privacy"", ""Digital Forensics""]",19245,60,140,4536,33,69,1995,"{""1995"":55,""1996"":74,""1997"":99,""1998"":174,""1999"":179,""2000"":187,""2001"":229,""2002"":270,""2003"":290,""2004"":327,""2005"":363,""2006"":533,""2007"":633,""2008"":631,""2009"":722,""2010"":736,""2011"":871,""2012"":921,""2013"":985,""2014"":904,""2015"":855,""2016"":814,""2017"":786,""2018"":873,""2019"":903,""2020"":807,""2021"":786,""2022"":810,""2023"":761,""2024"":805,""2025"":802,""2026"":569}"
Srinivasan Keshav,https://scholar.google.com/citations?user=-EMkK7QAAAAJ,2026-09-16,"Professor of Computer Science, University of Cambridge","[""Computer networking"", ""Energy systems""]",22653,69,193,4126,33,82,1991,"{""1991"":96,""1992"":98,""1993"":148,""1994"":212,""1995"":286,""1996"":398,""1997"":477,""1998"":547,""1999"":682,""2000"":671,""2001"":683,""2002"":784,""2003"":824,""2004"":782,""2005"":729,""2006"":682,""2007"":780,""2008"":716,""2009"":736,""2010"":682,""2011"":712,""2012"":672,""2013"":734,""2014"":712,""2015"":788,""2016"":790,""2017"":679,""2018"":659,""2019"":685,""2020"":703,""2021"":746,""2022"":672,""2023"":638,""2024"":676,""2025"":727,""2026"":658}"
Tova Milo,https://scholar.google.com/citations?user=X1-ovCkAAAAJ,2026-09-16,"Professor of Computer Science, Tel Aviv University","[""Databases"", ""Web-based data management"", ""XML"", ""Data-centric Bussiness Processes"", ""Crowd-based Data Sourcing""]",13803,63,161,2140,23,51,1993,"{""1993"":42,""1994"":53,""1995"":109,""1996"":100,""1997"":193,""1998"":297,""1999"":317,""2000"":392,""2001"":347,""2002"":409,""2003"":502,""2004"":547,""2005"":615,""2006"":593,""2007"":623,""2008"":524,""2009"":562,""2010"":536,""2011"":522,""2012"":465,""2013"":446,""2014"":479,""2015"":450,""2016"":484,""2017"":481,""2018"":418,""2019"":412,""2020"":442,""2021"":397,""2022"":386,""2023"":396,""2024"":417,""2025"":333,""2026"":208}"
Tracy Camp,https://scholar.google.com/citations?user=8TyIlFgAAAAJ,2026-09-16,"Department Head and Professor of Computer Science, Colorado School of Mines","[""Wireless Networking"", ""Credibility of Simulations""]",15688,36,73,1843,18,28,2000,"{""2000"":45,""2001"":45,""2002"":126,""2003"":315,""2004"":530,""2005"":754,""2006"":885,""2007"":935,""2008"":979,""2009"":1021,""2010"":1012,""2011"":951,""2012"":877,""2013"":822,""2014"":813,""2015"":675,""2016"":638,""2017"":537,""2018"":590,""2019"":520,""2020"":486,""2021"":419,""2022"":343,""2023"":325,""2024"":300,""2025"":282,""2026"":174}"
Walter F. Tichy,https://scholar.google.com/citations?user=23RPQBQAAAAJ,2026-09-16,"Professor em. Karlsruhe Institute of Technology, professor Kutaisi International Univ., Georgia","[""Software engineering"", ""parallelism"", ""empirical software engineering"", ""configuration management"", ""AI and""]",10669,45,123,1319,17,25,1987,"{""1987"":111,""1988"":127,""1989"":127,""1990"":114,""1991"":131,""1992"":143,""1993"":221,""1994"":196,""1995"":200,""1996"":226,""1997"":234,""1998"":210,""1999"":232,""2000"":178,""2001"":198,""2002"":247,""2003"":279,""2004"":324,""2005"":359,""2006"":330,""2007"":441,""2008"":352,""2009"":373,""2010"":412,""2011"":374,""2012"":376,""2013"":314,""2014"":350,""2015"":365,""2016"":277,""2017"":294,""2018"":274,""2019"":265,""2020"":232,""2021"":202,""2022"":231,""2023"":213,""2024"":209,""2025"":278,""2026"":186}"
Wenfei Fan,https://scholar.google.com/citations?user=u0S6ofAAAAAJ,2026-09-16,"Professor of Web Data Management, University of Edinburgh","[""databases""]",16762,67,176,4537,38,86,2000,"{""2000"":63,""2001"":110,""2002"":153,""2003"":305,""2004"":292,""2005"":378,""2006"":369,""2007"":528,""2008"":467,""2009"":610,""2010"":544,""2011"":557,""2012"":624,""2013"":775,""2014"":846,""2015"":772,""2016"":981,""2017"":917,""2018"":944,""2019"":781,""2020"":976,""2021"":773,""2022"":791,""2023"":834,""2024"":915,""2025"":791,""2026"":428}"
Xiaodong Zhang,https://scholar.google.com/citations?user=qFiMLsIAAAAJ,2026-09-16,The Ohio State University,"[""Memory Systems"", ""Storage Systems"", ""Computer Systems""]",16950,66,175,3162,28,52,1995,"{""1995"":61,""1996"":55,""1997"":69,""1998"":88,""1999"":69,""2000"":72,""2001"":71,""2002"":104,""2003"":168,""2004"":252,""2005"":319,""2006"":443,""2007"":570,""2008"":689,""2009"":701,""2010"":853,""2011"":889,""2012"":959,""2013"":934,""2014"":1056,""2015"":1079,""2016"":1026,""2017"":801,""2018"":803,""2019"":744,""2020"":652,""2021"":640,""2022"":565,""2023"":512,""2024"":513,""2025"":540,""2026"":391}"
Yoav Shoham,https://scholar.google.com/citations?user=fV5P_6MAAAAJ,2026-09-16,Professor (emeritus),"[""Artificial Intelligence""]",48243,87,220,14495,48,105,1989,"{""1989"":147,""1990"":190,""1991"":254,""1992"":274,""1993"":420,""1994"":477,""1995"":522,""1996"":584,""1997"":614,""1998"":684,""1999"":669,""2000"":793,""2001"":906,""2002"":850,""2003"":930,""2004"":1009,""2005"":1229,""2006"":1202,""2007"":1405,""2008"":1400,""2009"":1578,""2010"":1671,""2011"":1550,""2012"":1687,""2013"":1695,""2014"":1643,""2015"":1415,""2016"":1451,""2017"":1366,""2018"":1380,""2019"":1394,""2020"":1369,""2021"":1509,""2022"":1596,""2023"":1890,""2024"":2765,""2025"":3623,""2026"":2995}"
Amin Vahdat,https://scholar.google.com/citations?user=r3aWCRUAAAAJ,2026-09-16,Google,"[""Systems"", ""Networking"", ""Computer Networks"", ""Distributed Systems"", ""Operating Systems""]",78170,105,229,21484,59,127,1997,"{""1997"":252,""1998"":286,""1999"":367,""2000"":340,""2001"":424,""2002"":534,""2003"":742,""2004"":1000,""2005"":1101,""2006"":1289,""2007"":1489,""2008"":1611,""2009"":1902,""2010"":2369,""2011"":2576,""2012"":3010,""2013"":3614,""2014"":4243,""2015"":4745,""2016"":5096,""2017"":4927,""2018"":4904,""2019"":4699,""2020"":4098,""2021"":4085,""2022"":3608,""2023"":3460,""2024"":3719,""2025"":3859,""2026"":2740}"
Baining Guo,https://scholar.google.com/citations?user=h4kYmRYAAAAJ,2026-09-16,"Distinguished Scientist, Microsoft Research","[""Computer Graphics"", ""Virtual Reality"", ""Geometric Modeling"", ""Graphics""]",90405,90,241,74653,49,147,2004,"{""2004"":236,""2005"":410,""2006"":540,""2007"":725,""2008"":764,""2009"":856,""2010"":916,""2011"":1010,""2012"":969,""2013"":1094,""2014"":1080,""2015"":1120,""2016"":1123,""2017"":1016,""2018"":1035,""2019"":1018,""2020"":1009,""2021"":1811,""2022"":6020,""2023"":11852,""2024"":17220,""2025"":21807,""2026"":15725}"
Beng Chin OOI,https://scholar.google.com/citations?user=9560QjYAAAAJ,2026-09-16,Zhejiang University,"[""Databases"", ""distributed systems"", ""data analytics"", ""machine learning"", ""healthcare""]",35756,99,348,12345,52,186,1995,"{""1995"":103,""1996"":99,""1997"":123,""1998"":125,""1999"":157,""2000"":192,""2001"":211,""2002"":278,""2003"":389,""2004"":467,""2005"":598,""2006"":839,""2007"":881,""2008"":972,""2009"":1126,""2010"":1166,""2011"":1233,""2012"":1359,""2013"":1322,""2014"":1371,""2015"":1602,""2016"":1625,""2017"":1582,""2018"":1543,""2019"":1677,""2020"":1780,""2021"":1824,""2022"":1877,""2023"":2136,""2024"":2296,""2025"":2477,""2026"":1724}"
Christian S. Jensen,https://scholar.google.com/citations?user=wo20cPYAAAAJ,2026-09-16,"Aalborg University, Department of Computer Science","[""Data management"", ""analytics"", ""indexing"", ""query processing"", ""spatial data""]",46409,109,489,14429,62,283,1994,"{""1994"":132,""1995"":237,""1996"":191,""1997"":292,""1998"":368,""1999"":416,""2000"":503,""2001"":600,""2002"":724,""2003"":832,""2004"":990,""2005"":1174,""2006"":1355,""2007"":1064,""2008"":1345,""2009"":1456,""2010"":1279,""2011"":1382,""2012"":1591,""2013"":1778,""2014"":1816,""2015"":2164,""2016"":1973,""2017"":1847,""2018"":1873,""2019"":1881,""2020"":2041,""2021"":1771,""2022"":1741,""2023"":1967,""2024"":2478,""2025"":3385,""2026"":3063}"
Dahlia malkhi,https://scholar.google.com/citations?user=A_VZ7N0AAAAJ,2026-09-16,"University of California, Santa Barbara","[""reliable and secure distributed systems"", ""blockchains""]",22433,74,190,8032,40,99,1993,"{""1993"":57,""1994"":81,""1995"":125,""1996"":183,""1997"":272,""1998"":340,""1999"":327,""2000"":371,""2001"":345,""2002"":352,""2003"":506,""2004"":622,""2005"":714,""2006"":689,""2007"":708,""2008"":629,""2009"":604,""2010"":624,""2011"":567,""2012"":534,""2013"":633,""2014"":565,""2015"":589,""2016"":563,""2017"":573,""2018"":614,""2019"":838,""2020"":1049,""2021"":1143,""2022"":1404,""2023"":1334,""2024"":1511,""2025"":1605,""2026"":1031}"
Dan Roth,https://scholar.google.com/citations?user=E-bpPWgAAAAJ,2026-09-16,"Professor of Computer Science, University of Pennsylvania","[""Natural Language Processing"", ""Machine Learning"", ""Knowledge Representation and Reasoning"", ""Artificial Intelligence""]",60252,118,516,31822,81,353,1999,"{""1999"":159,""2000"":210,""2001"":228,""2002"":305,""2003"":345,""2004"":458,""2005"":751,""2006"":743,""2007"":881,""2008"":952,""2009"":1034,""2010"":1179,""2011"":1275,""2012"":1578,""2013"":1638,""2014"":1818,""2015"":1951,""2016"":2171,""2017"":2129,""2018"":2520,""2019"":2702,""2020"":2678,""2021"":3195,""2022"":3826,""2023"":4884,""2024"":6318,""2025"":7463,""2026"":6067}"
Dan Suciu,https://scholar.google.com/citations?user=SIxd6jgAAAAJ,2026-09-16,University of Washington,"[""Databases"", ""data management""]",40441,96,283,7975,46,151,1997,"{""1997"":169,""1998"":372,""1999"":623,""2000"":908,""2001"":1267,""2002"":1544,""2003"":1539,""2004"":1715,""2005"":1583,""2006"":1552,""2007"":1757,""2008"":1678,""2009"":1824,""2010"":1669,""2011"":1538,""2012"":1433,""2013"":1353,""2014"":1426,""2015"":1345,""2016"":1291,""2017"":1213,""2018"":1276,""2019"":1288,""2020"":1270,""2021"":1245,""2022"":1379,""2023"":1319,""2024"":1371,""2025"":1565,""2026"":1090}"
David Eppstein,https://scholar.google.com/citations?user=QSY7ufMAAAAJ,2026-09-16,"Distinguished Professor of Computer Science, University of California, Irvine","[""algorithms"", ""data structures"", ""graph theory"", ""geometry"", ""graph drawing""]",26015,80,276,5758,36,137,1991,"{""1991"":79,""1992"":129,""1993"":151,""1994"":191,""1995"":209,""1996"":283,""1997"":262,""1998"":282,""1999"":263,""2000"":345,""2001"":382,""2002"":474,""2003"":543,""2004"":693,""2005"":850,""2006"":763,""2007"":882,""2008"":901,""2009"":933,""2010"":919,""2011"":847,""2012"":918,""2013"":1054,""2014"":970,""2015"":1008,""2016"":1031,""2017"":1084,""2018"":1118,""2019"":1048,""2020"":1059,""2021"":997,""2022"":982,""2023"":988,""2024"":1011,""2025"":1050,""2026"":723}"
David Heckerman,https://scholar.google.com/citations?user=VTGXKrYAAAAJ,2026-09-16,Microsoft Research,"[""Machine Learning"", ""Computational Biology"", ""Genomics"", ""Expert Systems"", ""HIV""]",92558,130,384,17958,56,200,1995,"{""1995"":239,""1996"":330,""1997"":480,""1998"":472,""1999"":703,""2000"":840,""2001"":1119,""2002"":1348,""2003"":1808,""2004"":1936,""2005"":2265,""2006"":2630,""2007"":2864,""2008"":3055,""2009"":3381,""2010"":3827,""2011"":3988,""2012"":4819,""2013"":4966,""2014"":5059,""2015"":4791,""2016"":4368,""2017"":4298,""2018"":4147,""2019"":4204,""2020"":4114,""2021"":3892,""2022"":3744,""2023"":3172,""2024"":2833,""2025"":2629,""2026"":1684}"
David Wetherall,https://scholar.google.com/citations?user=HeEBacsAAAAJ,2026-09-16,"Professor of Computer Science & Engineering, University of Washington","[""networking"", ""mobile computing"", ""wireless"", ""distributed systems""]",68867,86,161,11145,39,88,1987,"{""1987"":193,""1988"":216,""1989"":246,""1990"":318,""1991"":330,""1992"":327,""1993"":344,""1994"":383,""1995"":311,""1996"":410,""1997"":561,""1998"":787,""1999"":1020,""2000"":1192,""2001"":1448,""2002"":1838,""2003"":1998,""2004"":2223,""2005"":2373,""2006"":2311,""2007"":2385,""2008"":2331,""2009"":2580,""2010"":2492,""2011"":2487,""2012"":2667,""2013"":2619,""2014"":2772,""2015"":2841,""2016"":2939,""2017"":2797,""2018"":2801,""2019"":2704,""2020"":2422,""2021"":2118,""2022"":1936,""2023"":1750,""2024"":1888,""2025"":2040,""2026"":1408}"
Dean Tullsen,https://scholar.google.com/citations?user=h8wSTmMAAAAJ,2026-09-17,"Department of Computer Science and Engineering, UC San Diego","[""computer architecture"", ""security""]",23571,66,142,4629,33,74,1996,"{""1996"":61,""1997"":95,""1998"":189,""1999"":238,""2000"":296,""2001"":365,""2002"":460,""2003"":526,""2004"":749,""2005"":792,""2006"":908,""2007"":884,""2008"":869,""2009"":887,""2010"":946,""2011"":937,""2012"":1106,""2013"":1033,""2014"":1089,""2015"":1194,""2016"":1223,""2017"":1005,""2018"":969,""2019"":957,""2020"":890,""2021"":808,""2022"":733,""2023"":735,""2024"":812,""2025"":934,""2026"":603}"
Diane Souvaine,https://scholar.google.com/citations?user=QTRDjTUAAAAJ,2026-09-16,"Professor of Computer Science & Vice Provost for Research, Tufts University","[""Computational Geometry"", ""Design and Analysis of Algorithms""]",2441,28,48,382,12,14,1987,"{""1987"":8,""1988"":19,""1989"":7,""1990"":21,""1991"":33,""1992"":40,""1993"":23,""1994"":24,""1995"":47,""1996"":37,""1997"":44,""1998"":33,""1999"":40,""2000"":35,""2001"":40,""2002"":36,""2003"":28,""2004"":55,""2005"":45,""2006"":73,""2007"":86,""2008"":84,""2009"":95,""2010"":96,""2011"":93,""2012"":122,""2013"":94,""2014"":94,""2015"":123,""2016"":91,""2017"":87,""2018"":75,""2019"":76,""2020"":90,""2021"":80,""2022"":67,""2023"":70,""2024"":63,""2025"":51,""2026"":51}"
Divesh Srivastava,https://scholar.google.com/citations?user=kGKlHp0AAAAJ,2026-09-16,AT&T Labs-Research,"[""Data management""]",39549,100,394,8728,45,179,1993,"{""1993"":127,""1994"":124,""1995"":215,""1996"":211,""1997"":303,""1998"":320,""1999"":394,""2000"":400,""2001"":464,""2002"":636,""2003"":802,""2004"":974,""2005"":1347,""2006"":1395,""2007"":1472,""2008"":1367,""2009"":1532,""2010"":1576,""2011"":1562,""2012"":1635,""2013"":1661,""2014"":1548,""2015"":1621,""2016"":1669,""2017"":1744,""2018"":1759,""2019"":1659,""2020"":1746,""2021"":1616,""2022"":1465,""2023"":1525,""2024"":1595,""2025"":1486,""2026"":1032}"
Divyakant Agrawal,https://scholar.google.com/citations?user=XcaEg-cAAAAJ,2026-09-16,"Distinguished Professor of Computer Science, UCSB","[""Big Data & Cloud Computing"", ""Databases"", ""Distributed Systems"", ""Data Security & Privacy""]",30873,86,349,5724,36,109,1992,"{""1992"":98,""1993"":105,""1994"":179,""1995"":189,""1996"":231,""1997"":328,""1998"":325,""1999"":422,""2000"":494,""2001"":476,""2002"":621,""2003"":704,""2004"":783,""2005"":955,""2006"":1035,""2007"":1149,""2008"":1126,""2009"":1144,""2010"":1101,""2011"":1185,""2012"":1291,""2013"":1416,""2014"":1589,""2015"":1537,""2016"":1422,""2017"":1305,""2018"":1203,""2019"":1086,""2020"":1079,""2021"":1061,""2022"":977,""2023"":1128,""2024"":998,""2025"":985,""2026"":573}"
Geoffrey Fox,https://scholar.google.com/citations?user=dJ-fD-sAAAAJ,2026-09-16,"Professor of Computer Science, University of Virginia, Biocomplexity Institute","[""Cyberinfrastructure"", ""Distributed Systems"", ""Clouds"", ""Parallel Computing"", ""Particle Physics""]",47744,91,648,6707,36,159,1987,"{""1987"":180,""1988"":309,""1989"":417,""1990"":476,""1991"":667,""1992"":845,""1993"":956,""1994"":1126,""1995"":997,""1996"":896,""1997"":895,""1998"":946,""1999"":781,""2000"":868,""2001"":717,""2002"":882,""2003"":1220,""2004"":1254,""2005"":1582,""2006"":1338,""2007"":1556,""2008"":1405,""2009"":1477,""2010"":1313,""2011"":1372,""2012"":1599,""2013"":1593,""2014"":1463,""2015"":1524,""2016"":1457,""2017"":1274,""2018"":1409,""2019"":1349,""2020"":1264,""2021"":1268,""2022"":1124,""2023"":1186,""2024"":1096,""2025"":1219,""2026"":805}"
George Furnas,https://scholar.google.com/citations?user=9tzvo38AAAAJ,2026-09-16,"Professor of Information, Professor of Computer Science, Professor of Psychology, University of Michigan","[""Human Computer Interaction"", ""Visualization"", ""Information Retrieval"", ""Latent Semantic Analysis""]",37997,40,57,5289,16,25,1989,"{""1989"":100,""1990"":116,""1991"":172,""1992"":184,""1993"":233,""1994"":230,""1995"":339,""1996"":339,""1997"":400,""1998"":557,""1999"":548,""2000"":696,""2001"":724,""2002"":889,""2003"":1059,""2004"":1192,""2005"":1315,""2006"":1403,""2007"":1472,""2008"":1501,""2009"":1623,""2010"":1523,""2011"":1483,""2012"":1570,""2013"":1602,""2014"":1659,""2015"":1510,""2016"":1645,""2017"":1622,""2018"":1470,""2019"":1400,""2020"":1305,""2021"":1164,""2022"":1043,""2023"":924,""2024"":823,""2025"":762,""2026"":573}"
Gerard Holzmann,https://scholar.google.com/citations?user=thNT9QYAAAAJ,2026-09-16,Nimble Research,"[""Software verification"", ""logic model checking""]",25015,54,117,2632,20,38,1992,"{""1992"":98,""1993"":148,""1994"":125,""1995"":224,""1996"":300,""1997"":344,""1998"":468,""1999"":518,""2000"":659,""2001"":745,""2002"":904,""2003"":955,""2004"":1045,""2005"":1200,""2006"":1070,""2007"":1247,""2008"":1257,""2009"":1157,""2010"":982,""2011"":1020,""2012"":942,""2013"":930,""2014"":884,""2015"":883,""2016"":838,""2017"":744,""2018"":705,""2019"":699,""2020"":571,""2021"":441,""2022"":501,""2023"":501,""2024"":478,""2025"":447,""2026"":264}"
Guy Blelloch,https://scholar.google.com/citations?user=Z6nLCukAAAAJ,2026-09-16,"Professor of Computer Science, Carnegie Mellon University","[""Algorithms"", ""Programming Languages"", ""Parallelism""]",21708,72,184,6769,40,119,1989,"{""1989"":55,""1990"":100,""1991"":117,""1992"":219,""1993"":266,""1994"":295,""1995"":292,""1996"":338,""1997"":247,""1998"":291,""1999"":283,""2000"":193,""2001"":170,""2002"":152,""2003"":166,""2004"":232,""2005"":232,""2006"":327,""2007"":472,""2008"":404,""2009"":457,""2010"":581,""2011"":672,""2012"":658,""2013"":735,""2014"":805,""2015"":845,""2016"":922,""2017"":895,""2018"":945,""2019"":1071,""2020"":1125,""2021"":1150,""2022"":1062,""2023"":1140,""2024"":1113,""2025"":1355,""2026"":947}"
Howard Karloff,https://scholar.google.com/citations?user=i5PazXwAAAAJ,2026-09-16,Goldman Sachs,"[""algorithms"", ""machine learning"", ""optimization""]",8886,44,74,2114,20,38,1990,"{""1990"":49,""1991"":75,""1992"":59,""1993"":88,""1994"":126,""1995"":77,""1996"":99,""1997"":143,""1998"":117,""1999"":94,""2000"":136,""2001"":117,""2002"":121,""2003"":140,""2004"":197,""2005"":203,""2006"":202,""2007"":169,""2008"":222,""2009"":237,""2010"":290,""2011"":313,""2012"":345,""2013"":399,""2014"":353,""2015"":357,""2016"":368,""2017"":398,""2018"":370,""2019"":353,""2020"":375,""2021"":325,""2022"":379,""2023"":332,""2024"":378,""2025"":385,""2026"":315}"
Hugues Hoppe,https://scholar.google.com/citations?user=RXrifC8AAAAJ,2026-09-16,Computer science researcher,"[""Computer Graphics"", ""Geometry Processing"", ""Geometric Modeling"", ""Computer Vision""]",51019,76,116,10692,36,82,1995,"{""1995"":128,""1996"":217,""1997"":448,""1998"":658,""1999"":731,""2000"":1025,""2001"":1130,""2002"":1408,""2003"":1726,""2004"":1967,""2005"":1996,""2006"":2150,""2007"":2066,""2008"":2059,""2009"":2067,""2010"":2021,""2011"":1976,""2012"":1992,""2013"":1805,""2014"":1903,""2015"":1791,""2016"":1776,""2017"":1675,""2018"":1630,""2019"":1607,""2020"":1684,""2021"":1648,""2022"":1769,""2023"":1801,""2024"":1934,""2025"":2029,""2026"":1418}"
Janos Pach,https://scholar.google.com/citations?user=uOC_Z8QAAAAJ,2026-09-16,Ecole Polytechnique Federale de Lausanne and Renyi Institute Budapest,"[""Discrete Geometry"", ""Computational Geometry"", ""Combinatorics"", ""Graph Drawing""]",18227,69,245,4376,33,120,1989,"{""1989"":53,""1990"":55,""1991"":81,""1992"":69,""1993"":132,""1994"":156,""1995"":152,""1996"":114,""1997"":220,""1998"":211,""1999"":239,""2000"":241,""2001"":220,""2002"":292,""2003"":307,""2004"":485,""2005"":538,""2006"":394,""2007"":469,""2008"":532,""2009"":638,""2010"":606,""2011"":616,""2012"":733,""2013"":753,""2014"":744,""2015"":747,""2016"":662,""2017"":792,""2018"":730,""2019"":679,""2020"":734,""2021"":639,""2022"":575,""2023"":659,""2024"":811,""2025"":944,""2026"":743}"
Joseph S. B. Mitchell,https://scholar.google.com/citations?user=KICA5DoAAAAJ,2026-09-16,"Distinguished Professor, Applied Mathematics and Computer Science, Stony Brook University","[""algorithms"", ""computational geometry"", ""networks"", ""optimization""]",24886,77,246,4702,28,97,1987,"{""1987"":80,""1988"":81,""1989"":47,""1990"":72,""1991"":115,""1992"":101,""1993"":132,""1994"":127,""1995"":206,""1996"":200,""1997"":281,""1998"":307,""1999"":342,""2000"":440,""2001"":480,""2002"":496,""2003"":592,""2004"":715,""2005"":829,""2006"":902,""2007"":991,""2008"":1024,""2009"":1108,""2010"":1066,""2011"":1021,""2012"":916,""2013"":930,""2014"":952,""2015"":935,""2016"":877,""2017"":818,""2018"":871,""2019"":810,""2020"":849,""2021"":828,""2022"":818,""2023"":790,""2024"":824,""2025"":886,""2026"":554}"
Keith Marzullo,https://scholar.google.com/citations?user=hWzTk6MAAAAJ,2026-09-16,"Dean, College of Information and Computer Science, UMass Amherst","[""Distributed systems and algorithms"", ""cybersecurity"", ""privacy""]",9331,48,105,897,14,22,1989,"{""1989"":24,""1990"":45,""1991"":76,""1992"":80,""1993"":163,""1994"":193,""1995"":214,""1996"":192,""1997"":200,""1998"":255,""1999"":222,""2000"":219,""2001"":267,""2002"":286,""2003"":366,""2004"":343,""2005"":435,""2006"":398,""2007"":393,""2008"":392,""2009"":367,""2010"":376,""2011"":326,""2012"":312,""2013"":301,""2014"":277,""2015"":250,""2016"":245,""2017"":246,""2018"":247,""2019"":252,""2020"":227,""2021"":208,""2022"":155,""2023"":130,""2024"":169,""2025"":123,""2026"":112}"
Linda Petzold,https://scholar.google.com/citations?user=6IxWYR0AAAAJ,2026-09-16,"Professor, University of California Santa Barbara","[""Computational science and engineering"", ""Quantitative biology""]",43071,90,296,11711,46,177,1988,"{""1988"":117,""1989"":198,""1990"":227,""1991"":175,""1992"":218,""1993"":189,""1994"":321,""1995"":385,""1996"":401,""1997"":405,""1998"":448,""1999"":456,""2000"":547,""2001"":621,""2002"":694,""2003"":722,""2004"":799,""2005"":1052,""2006"":1169,""2007"":1293,""2008"":1385,""2009"":1441,""2010"":1391,""2011"":1446,""2012"":1603,""2013"":1567,""2014"":1662,""2015"":1627,""2016"":1641,""2017"":1539,""2018"":1534,""2019"":1541,""2020"":1523,""2021"":1684,""2022"":1616,""2023"":1733,""2024"":2203,""2025"":2551,""2026"":1907}"
Margo Seltzer,https://scholar.google.com/citations?user=XeyiyUYAAAAJ,2026-09-16,University of British Columbia,"[""Systems of all sorts""]",22034,77,190,6321,36,90,1993,"{""1993"":64,""1994"":79,""1995"":129,""1996"":156,""1997"":249,""1998"":268,""1999"":392,""2000"":296,""2001"":371,""2002"":452,""2003"":506,""2004"":488,""2005"":520,""2006"":552,""2007"":642,""2008"":726,""2009"":859,""2010"":821,""2011"":870,""2012"":771,""2013"":778,""2014"":719,""2015"":789,""2016"":802,""2017"":718,""2018"":756,""2019"":832,""2020"":765,""2021"":908,""2022"":936,""2023"":1008,""2024"":1091,""2025"":1333,""2026"":1043}"
Martha E. Pollack,https://scholar.google.com/citations?user=5oU0wxcAAAAJ,2026-09-16,"President Emerita, Cornell University","[""Artificial Intelligence""]",16418,54,103,1707,18,29,1988,"{""1988"":53,""1989"":66,""1990"":95,""1991"":122,""1992"":181,""1993"":283,""1994"":272,""1995"":331,""1996"":337,""1997"":263,""1998"":306,""1999"":338,""2000"":359,""2001"":378,""2002"":449,""2003"":522,""2004"":564,""2005"":662,""2006"":725,""2007"":717,""2008"":634,""2009"":684,""2010"":691,""2011"":619,""2012"":711,""2013"":606,""2014"":597,""2015"":577,""2016"":528,""2017"":467,""2018"":439,""2019"":382,""2020"":353,""2021"":337,""2022"":363,""2023"":311,""2024"":245,""2025"":293,""2026"":158}"
Ming Lin,https://scholar.google.com/citations?user=ugFNit4AAAAJ,2026-09-16,Distinguished University Professor of University of Maryland at College Park & Amazon,"[""Computer Animation"", ""Computer Graphics"", ""Geometric Modeling"", ""Robotics"", ""Virtual Reality""]",46449,106,333,12723,50,183,1996,"{""1996"":129,""1997"":230,""1998"":268,""1999"":276,""2000"":474,""2001"":552,""2002"":715,""2003"":900,""2004"":1313,""2005"":1451,""2006"":1502,""2007"":1570,""2008"":1519,""2009"":1507,""2010"":1565,""2011"":1540,""2012"":1609,""2013"":1901,""2014"":1919,""2015"":1872,""2016"":1954,""2017"":1820,""2018"":2036,""2019"":2022,""2020"":2080,""2021"":2127,""2022"":2152,""2023"":2030,""2024"":2247,""2025"":2545,""2026"":1613}"
Nelson Max,https://scholar.google.com/citations?user=di1ip9IAAAAJ,2026-09-16,"University of California, Davis","[""computer graphics and animation"", ""scientific visualization""]",9557,45,97,1510,11,16,1987,"{""1987"":46,""1988"":46,""1989"":43,""1990"":57,""1991"":60,""1992"":89,""1993"":121,""1994"":126,""1995"":189,""1996"":146,""1997"":207,""1998"":163,""1999"":169,""2000"":212,""2001"":314,""2002"":282,""2003"":365,""2004"":418,""2005"":425,""2006"":342,""2007"":312,""2008"":326,""2009"":285,""2010"":287,""2011"":313,""2012"":308,""2013"":266,""2014"":277,""2015"":255,""2016"":278,""2017"":232,""2018"":236,""2019"":171,""2020"":212,""2021"":178,""2022"":255,""2023"":307,""2024"":349,""2025"":252,""2026"":169}"
Peter Key,https://scholar.google.com/citations?user=muWfggEAAAAJ,2026-09-16,Consultant researcher,"[""Stochastic Networks"", ""Network Economics"", ""Game Theory"", ""Routing"", ""Pricing""]",6587,43,104,776,16,29,1991,"{""1991"":47,""1992"":9,""1993"":19,""1994"":25,""1995"":45,""1996"":49,""1997"":65,""1998"":69,""1999"":77,""2000"":115,""2001"":134,""2002"":163,""2003"":166,""2004"":157,""2005"":167,""2006"":209,""2007"":219,""2008"":220,""2009"":249,""2010"":300,""2011"":289,""2012"":307,""2013"":318,""2014"":375,""2015"":406,""2016"":389,""2017"":326,""2018"":304,""2019"":281,""2020"":218,""2021"":194,""2022"":181,""2023"":131,""2024"":114,""2025"":99,""2026"":56}"
Ramesh Govindan,https://scholar.google.com/citations?user=ZTkRs84AAAAJ,2026-09-16,"Professor of Computer Science, University of Southern California","[""Computer Networks""]",63781,106,276,7280,45,133,2000,"{""2000"":204,""2001"":397,""2002"":902,""2003"":1661,""2004"":2341,""2005"":3482,""2006"":3874,""2007"":4174,""2008"":3883,""2009"":3817,""2010"":3768,""2011"":3291,""2012"":3281,""2013"":3087,""2014"":2900,""2015"":2849,""2016"":2675,""2017"":2341,""2018"":2330,""2019"":1905,""2020"":1689,""2021"":1611,""2022"":1306,""2023"":1194,""2024"":1259,""2025"":1134,""2026"":774}"
Robert E. Kraut,https://scholar.google.com/citations?user=HKGYvu4AAAAJ,2026-09-16,"Herbert Simon University Professor Emeritus, Carnegie Mellon University,","[""Social computing"", ""Computational social science"", ""Online communities"", ""Human-Computer Interaction""]",75033,128,306,17325,63,208,1991,"{""1991"":254,""1992"":308,""1993"":413,""1994"":453,""1995"":412,""1996"":441,""1997"":448,""1998"":480,""1999"":661,""2000"":806,""2001"":936,""2002"":1193,""2003"":1237,""2004"":1538,""2005"":1566,""2006"":1804,""2007"":2150,""2008"":2275,""2009"":2372,""2010"":2478,""2011"":2834,""2012"":2975,""2013"":3229,""2014"":3341,""2015"":3543,""2016"":3364,""2017"":3401,""2018"":3457,""2019"":3384,""2020"":3224,""2021"":3246,""2022"":3082,""2023"":2691,""2024"":2738,""2025"":3087,""2026"":2459}"
Ron Baecker,https://scholar.google.com/citations?user=-X6Rj5EAAAAJ,2026-09-16,"Professor of Computer Science, University of Toronto","[""Human-computer interaction"", ""technology for seniors""]",15430,58,140,2791,24,52,1989,"{""1989"":52,""1990"":86,""1991"":104,""1992"":113,""1993"":185,""1994"":229,""1995"":211,""1996"":259,""1997"":320,""1998"":289,""1999"":335,""2000"":312,""2001"":257,""2002"":374,""2003"":390,""2004"":423,""2005"":425,""2006"":418,""2007"":468,""2008"":515,""2009"":545,""2010"":545,""2011"":490,""2012"":554,""2013"":479,""2014"":457,""2015"":502,""2016"":491,""2017"":479,""2018"":497,""2019"":506,""2020"":514,""2021"":538,""2022"":557,""2023"":481,""2024"":498,""2025"":435,""2026"":280}"
Satoshi Matsuoka,https://scholar.google.com/citations?user=UcWOl8YAAAAJ,2026-09-16,RIKEN Center for Computational Science (R-CCS),"[""HPC"", ""Big Data"", ""AI for Science"", ""Green Computing"", ""Post-Moore Computing""]",19148,68,250,4617,33,101,1992,"{""1992"":54,""1993"":96,""1994"":114,""1995"":163,""1996"":191,""1997"":252,""1998"":255,""1999"":260,""2000"":278,""2001"":320,""2002"":315,""2003"":425,""2004"":482,""2005"":481,""2006"":568,""2007"":580,""2008"":502,""2009"":568,""2010"":639,""2011"":624,""2012"":727,""2013"":760,""2014"":824,""2015"":776,""2016"":778,""2017"":705,""2018"":783,""2019"":852,""2020"":861,""2021"":906,""2022"":862,""2023"":800,""2024"":805,""2025"":766,""2026"":475}"
Scott Kirkpatrick,https://scholar.google.com/citations?user=qlKWTsUAAAAJ,2026-09-16,"Professor, School of Engineering and Computer Science, Hebrew University","[""condensed matter physics"", ""computer science"", ""optimization"", ""networks""]",105398,66,125,19440,27,50,1987,"{""1987"":897,""1988"":913,""1989"":1013,""1990"":1118,""1991"":1263,""1992"":1294,""1993"":1389,""1994"":1433,""1995"":1429,""1996"":1497,""1997"":1520,""1998"":1512,""1999"":1517,""2000"":1575,""2001"":1847,""2002"":1848,""2003"":2021,""2004"":2170,""2005"":2582,""2006"":2612,""2007"":2893,""2008"":3143,""2009"":3175,""2010"":3250,""2011"":3281,""2012"":3690,""2013"":3577,""2014"":3517,""2015"":3380,""2016"":3474,""2017"":3209,""2018"":3341,""2019"":3223,""2020"":3242,""2021"":3347,""2022"":3340,""2023"":3096,""2024"":3262,""2025"":3632,""2026"":2762}"
Serge Abiteboul,https://scholar.google.com/citations?user=lk_jn24AAAAJ,2026-09-16,INRIA Saclay,"[""data bases""]",38347,87,204,3455,23,48,1987,"{""1987"":94,""1988"":115,""1989"":174,""1990"":378,""1991"":400,""1992"":523,""1993"":551,""1994"":535,""1995"":723,""1996"":571,""1997"":970,""1998"":1079,""1999"":1260,""2000"":1457,""2001"":1620,""2002"":1768,""2003"":1713,""2004"":1592,""2005"":1687,""2006"":1480,""2007"":1679,""2008"":1247,""2009"":1494,""2010"":1320,""2011"":1212,""2012"":1259,""2013"":1188,""2014"":1045,""2015"":899,""2016"":944,""2017"":830,""2018"":770,""2019"":814,""2020"":685,""2021"":659,""2022"":643,""2023"":613,""2024"":591,""2025"":528,""2026"":421}"
Shubu Mukherjee,https://scholar.google.com/citations?user=tRaNOv4AAAAJ,2026-09-16,"Vice President, Architecture, SiFive, Inc.","[""Computer architecture""]",10013,42,100,1563,18,39,1996,"{""1996"":34,""1997"":37,""1998"":96,""1999"":52,""2000"":72,""2001"":84,""2002"":118,""2003"":119,""2004"":177,""2005"":306,""2006"":356,""2007"":441,""2008"":561,""2009"":456,""2010"":547,""2011"":556,""2012"":476,""2013"":462,""2014"":510,""2015"":584,""2016"":526,""2017"":457,""2018"":410,""2019"":432,""2020"":378,""2021"":385,""2022"":350,""2023"":206,""2024"":272,""2025"":219,""2026"":131}"
Steve Keckler,https://scholar.google.com/citations?user=PpjjRvoAAAAJ,2026-09-16,"Vice President of Architecture Research, NVIDIA","[""computer architecture""]",31592,82,199,11909,48,132,2000,"{""2000"":93,""2001"":150,""2002"":236,""2003"":363,""2004"":545,""2005"":578,""2006"":692,""2007"":696,""2008"":820,""2009"":963,""2010"":965,""2011"":1055,""2012"":1047,""2013"":1161,""2014"":1132,""2015"":1214,""2016"":1271,""2017"":1268,""2018"":1487,""2019"":1508,""2020"":1782,""2021"":1891,""2022"":2167,""2023"":2121,""2024"":2178,""2025"":2135,""2026"":1405}"
Susan Landau,https://scholar.google.com/citations?user=6emSUYoAAAAJ,2026-09-16,Tufts University,"[""encryption policy"", ""surveillance"", ""privacy"", ""cybersecurity policy""]",5019,35,76,1337,18,35,1989,"{""1989"":13,""1990"":24,""1991"":23,""1992"":38,""1993"":22,""1994"":41,""1995"":28,""1996"":42,""1997"":37,""1998"":36,""1999"":52,""2000"":66,""2001"":68,""2002"":71,""2003"":75,""2004"":64,""2005"":63,""2006"":95,""2007"":83,""2008"":115,""2009"":125,""2010"":121,""2011"":131,""2012"":135,""2013"":183,""2014"":189,""2015"":252,""2016"":251,""2017"":271,""2018"":261,""2019"":255,""2020"":248,""2021"":259,""2022"":244,""2023"":238,""2024"":230,""2025"":204,""2026"":159}"
Thomas Ball,https://scholar.google.com/citations?user=d2f0VUQAAAAJ,2026-09-16,Univ. Washington & Lancaster Univ.,"[""Program analysis"", ""verification"", ""testing"", ""CS education""]",26904,71,143,4412,36,72,1994,"{""1994"":100,""1995"":91,""1996"":102,""1997"":152,""1998"":190,""1999"":244,""2000"":231,""2001"":380,""2002"":558,""2003"":618,""2004"":873,""2005"":1110,""2006"":1019,""2007"":1180,""2008"":1165,""2009"":1222,""2010"":1270,""2011"":1237,""2012"":1254,""2013"":1325,""2014"":1301,""2015"":1238,""2016"":1206,""2017"":1047,""2018"":1052,""2019"":955,""2020"":947,""2021"":894,""2022"":780,""2023"":733,""2024"":743,""2025"":731,""2026"":529}"
Z. Meral Ozsoyoglu,https://scholar.google.com/citations?user=QRrrUU0AAAAJ,2026-09-16,"Professor of Computer Science, Case Western Reserve University","[""database systems"", ""query processing"", ""index structures""]",4790,30,69,350,8,7,1987,"{""1987"":63,""1988"":50,""1989"":80,""1990"":110,""1991"":77,""1992"":116,""1993"":96,""1994"":88,""1995"":106,""1996"":74,""1997"":79,""1998"":108,""1999"":115,""2000"":106,""2001"":128,""2002"":156,""2003"":155,""2004"":233,""2005"":187,""2006"":200,""2007"":163,""2008"":197,""2009"":201,""2010"":204,""2011"":173,""2012"":162,""2013"":137,""2014"":129,""2015"":99,""2016"":99,""2017"":89,""2018"":78,""2019"":81,""2020"":73,""2021"":85,""2022"":74,""2023"":50,""2024"":49,""2025"":57,""2026"":35}"
Amr El Abbadi,https://scholar.google.com/citations?user=tNmIw4MAAAAJ,2026-09-16,"Professor of Computer Science, UC Santa Barbara","[""Databases"", ""Distributed systems"", ""social NW"", ""cloud computing""]",25905,80,301,5134,35,104,1990,"{""1990"":93,""1991"":102,""1992"":131,""1993"":133,""1994"":211,""1995"":219,""1996"":245,""1997"":341,""1998"":330,""1999"":422,""2000"":473,""2001"":425,""2002"":549,""2003"":614,""2004"":652,""2005"":770,""2006"":779,""2007"":850,""2008"":800,""2009"":857,""2010"":803,""2011"":890,""2012"":1003,""2013"":1137,""2014"":1271,""2015"":1228,""2016"":1118,""2017"":1026,""2018"":1003,""2019"":886,""2020"":904,""2021"":923,""2022"":881,""2023"":982,""2024"":902,""2025"":931,""2026"":513}"
Andreas Zeller,https://scholar.google.com/citations?user=-Qytr_YAAAAJ,2026-09-16,"Faculty, CISPA Helmholtz Center for Information Security • Professor, Saarland University","[""Software Engineering"", ""Program Analysis"", ""Software Testing"", ""Automated Debugging"", ""Software Security""]",27930,73,192,9012,45,131,2002,"{""2002"":88,""2003"":112,""2004"":168,""2005"":344,""2006"":426,""2007"":498,""2008"":578,""2009"":730,""2010"":959,""2011"":1058,""2012"":1095,""2013"":1403,""2014"":1418,""2015"":1497,""2016"":1567,""2017"":1541,""2018"":1660,""2019"":1642,""2020"":1609,""2021"":1640,""2022"":1530,""2023"":1512,""2024"":1498,""2025"":1542,""2026"":1284}"
Anne Condon,https://scholar.google.com/citations?user=SO_j4zwAAAAJ,2026-09-16,"Professor of Computer Science, University of British Columbia","[""Algorithms Complexity Theory"", ""DNA Computing"", ""Molecular Programming"", ""Formal Verification""]",11808,51,112,2824,26,52,1994,"{""1994"":54,""1995"":94,""1996"":66,""1997"":75,""1998"":97,""1999"":100,""2000"":165,""2001"":142,""2002"":210,""2003"":269,""2004"":271,""2005"":349,""2006"":359,""2007"":373,""2008"":447,""2009"":462,""2010"":445,""2011"":453,""2012"":552,""2013"":482,""2014"":453,""2015"":440,""2016"":433,""2017"":372,""2018"":489,""2019"":535,""2020"":502,""2021"":486,""2022"":504,""2023"":548,""2024"":455,""2025"":465,""2026"":366}"
Christos Faloutsos,https://scholar.google.com/citations?user=nd8lQQIAAAAJ,2026-09-16,CMU,"[""Data Mining"", ""Graph Mining"", ""Databases""]",125903,159,648,30484,80,365,1993,"{""1993"":327,""1994"":349,""1995"":521,""1996"":678,""1997"":929,""1998"":1171,""1999"":1348,""2000"":1476,""2001"":1837,""2002"":1921,""2003"":2221,""2004"":2446,""2005"":2747,""2006"":3009,""2007"":3105,""2008"":3369,""2009"":3763,""2010"":3975,""2011"":4517,""2012"":5080,""2013"":5007,""2014"":5575,""2015"":6053,""2016"":6239,""2017"":6422,""2018"":6353,""2019"":6462,""2020"":6196,""2021"":6040,""2022"":5478,""2023"":5173,""2024"":5004,""2025"":5274,""2026"":3508}"
Daniel Spielman,https://scholar.google.com/citations?user=L82mYv8AAAAJ,2026-09-16,"Professor of Computer Science, Yale University","[""Theoretical Computer Science""]",25442,62,93,7953,41,63,1997,"{""1997"":77,""1998"":85,""1999"":103,""2000"":128,""2001"":217,""2002"":264,""2003"":368,""2004"":528,""2005"":595,""2006"":656,""2007"":664,""2008"":634,""2009"":779,""2010"":816,""2011"":834,""2012"":887,""2013"":924,""2014"":1111,""2015"":1124,""2016"":1240,""2017"":1228,""2018"":1219,""2019"":1223,""2020"":1219,""2021"":1184,""2022"":1187,""2023"":1360,""2024"":1358,""2025"":1574,""2026"":1290}"
David Ungar,https://scholar.google.com/citations?user=wmKyC-EAAAAJ,2026-09-16,Apple,"[""Programming Languages and Implementation""]",10327,44,75,877,14,17,1987,"{""1987"":42,""1988"":92,""1989"":128,""1990"":136,""1991"":226,""1992"":241,""1993"":267,""1994"":276,""1995"":366,""1996"":391,""1997"":259,""1998"":284,""1999"":319,""2000"":309,""2001"":285,""2002"":302,""2003"":278,""2004"":373,""2005"":341,""2006"":379,""2007"":393,""2008"":313,""2009"":308,""2010"":296,""2011"":338,""2012"":304,""2013"":300,""2014"":295,""2015"":280,""2016"":246,""2017"":266,""2018"":238,""2019"":189,""2020"":167,""2021"":190,""2022"":180,""2023"":136,""2024"":132,""2025"":143,""2026"":96}"
David S. Rosenblum,https://scholar.google.com/citations?user=FyUQvCoAAAAJ,2026-09-16,"Vice President for Research, Constructor University","[""Machine Learning"", ""Mobile Computing"", ""Software Testing"", ""Distributed Systems""]",17511,60,135,3335,27,50,1995,"{""1995"":53,""1996"":51,""1997"":93,""1998"":139,""1999"":234,""2000"":286,""2001"":420,""2002"":572,""2003"":629,""2004"":697,""2005"":726,""2006"":728,""2007"":693,""2008"":702,""2009"":636,""2010"":692,""2011"":613,""2012"":620,""2013"":652,""2014"":577,""2015"":497,""2016"":526,""2017"":465,""2018"":883,""2019"":999,""2020"":577,""2021"":582,""2022"":536,""2023"":561,""2024"":566,""2025"":684,""2026"":403}"
Dieter Rombach,https://scholar.google.com/citations?user=T_618nIAAAAJ,2026-09-16,"Professor of Computer Science, University of Kaiserslautern","[""Software Engineering"", ""Processes"", ""Measurement""]",14632,42,109,2534,16,30,1989,"{""1989"":91,""1990"":90,""1991"":106,""1992"":116,""1993"":193,""1994"":179,""1995"":217,""1996"":282,""1997"":272,""1998"":245,""1999"":316,""2000"":294,""2001"":336,""2002"":344,""2003"":362,""2004"":317,""2005"":411,""2006"":395,""2007"":502,""2008"":494,""2009"":512,""2010"":520,""2011"":473,""2012"":627,""2013"":605,""2014"":581,""2015"":510,""2016"":517,""2017"":506,""2018"":484,""2019"":481,""2020"":411,""2021"":441,""2022"":475,""2023"":442,""2024"":454,""2025"":427,""2026"":295}"
Doug Burger,https://scholar.google.com/citations?user=5JtQbw0AAAAJ,2026-09-16,"Corporate VP, Managing Director, Microsoft Research Core","[""AI architecture and large-scale AI systems""]",48924,86,289,16364,47,160,1997,"{""1997"":137,""1998"":182,""1999"":248,""2000"":385,""2001"":536,""2002"":675,""2003"":880,""2004"":1092,""2005"":1206,""2006"":1306,""2007"":1210,""2008"":1257,""2009"":1283,""2010"":1238,""2011"":1271,""2012"":1309,""2013"":1557,""2014"":1749,""2015"":2080,""2016"":2128,""2017"":2204,""2018"":2476,""2019"":2805,""2020"":2736,""2021"":2815,""2022"":2473,""2023"":1823,""2024"":2208,""2025"":3180,""2026"":3834}"
Fernando Pereira,https://scholar.google.com/citations?user=qWDmIgIAAAAJ,2026-09-16,"VP, Google","[""Machine Learning"", ""Computational Linguistics"", ""Speech Recognition"", ""Artificial Intelligence"", ""Bioinformatics""]",91487,92,206,34019,39,90,1987,"{""1987"":247,""1988"":295,""1989"":258,""1990"":370,""1991"":342,""1992"":294,""1993"":344,""1994"":424,""1995"":407,""1996"":360,""1997"":453,""1998"":450,""1999"":498,""2000"":551,""2001"":583,""2002"":695,""2003"":842,""2004"":849,""2005"":1311,""2006"":1461,""2007"":1962,""2008"":2139,""2009"":2610,""2010"":2984,""2011"":2858,""2012"":3233,""2013"":3427,""2014"":3426,""2015"":3378,""2016"":3300,""2017"":3272,""2018"":3623,""2019"":4019,""2020"":4382,""2021"":4542,""2022"":4659,""2023"":4293,""2024"":5018,""2025"":7075,""2026"":8411}"
Frank Tompa,https://scholar.google.com/citations?user=sOl6-dEAAAAJ,2026-09-16,"Distinguished Professor Emeritus, University of Waterloo","[""Text Databases"", ""Search Engines"", ""Document Engineering""]",4257,30,66,495,12,12,1987,"{""1987"":35,""1988"":57,""1989"":75,""1990"":72,""1991"":102,""1992"":96,""1993"":113,""1994"":100,""1995"":156,""1996"":118,""1997"":171,""1998"":153,""1999"":119,""2000"":93,""2001"":90,""2002"":111,""2003"":98,""2004"":120,""2005"":115,""2006"":92,""2007"":96,""2008"":102,""2009"":107,""2010"":120,""2011"":111,""2012"":108,""2013"":106,""2014"":123,""2015"":91,""2016"":99,""2017"":104,""2018"":83,""2019"":96,""2020"":90,""2021"":113,""2022"":87,""2023"":94,""2024"":67,""2025"":67,""2026"":67}"
James Goodman,https://scholar.google.com/citations?user=Qef1aiAAAAAJ,2026-09-16,"Professor Emeritus of Computer Science, University of Wisconsin-Madison","[""computer architecture"", ""transactional memory""]",8639,41,76,515,11,19,1987,"{""1987"":80,""1988"":138,""1989"":130,""1990"":189,""1991"":180,""1992"":204,""1993"":248,""1994"":221,""1995"":259,""1996"":260,""1997"":274,""1998"":272,""1999"":226,""2000"":235,""2001"":204,""2002"":209,""2003"":213,""2004"":228,""2005"":294,""2006"":259,""2007"":325,""2008"":296,""2009"":272,""2010"":322,""2011"":288,""2012"":199,""2013"":200,""2014"":244,""2015"":223,""2016"":303,""2017"":208,""2018"":244,""2019"":198,""2020"":161,""2021"":140,""2022"":124,""2023"":89,""2024"":55,""2025"":75,""2026"":32}"
Jean-Pierre Hubaux,https://scholar.google.com/citations?user=W7YBLlEAAAAJ,2026-09-16,"Professor, EPFL","[""Privacy"", ""Security"", ""Networking""]",51309,104,309,10649,50,160,2001,"{""2001"":153,""2002"":299,""2003"":642,""2004"":985,""2005"":1425,""2006"":1681,""2007"":1950,""2008"":2339,""2009"":2405,""2010"":2858,""2011"":2753,""2012"":2772,""2013"":2706,""2014"":2751,""2015"":2453,""2016"":2477,""2017"":2450,""2018"":2434,""2019"":2152,""2020"":2121,""2021"":1984,""2022"":2107,""2023"":1685,""2024"":1746,""2025"":1907,""2026"":1201}"
Jennifer Chayes,https://scholar.google.com/citations?user=YAHWbtkAAAAJ,2026-09-16,"Professor, UC Berkeley",[],24083,77,189,11226,42,122,1987,"{""1987"":110,""1988"":80,""1989"":83,""1990"":103,""1991"":99,""1992"":89,""1993"":135,""1994"":104,""1995"":116,""1996"":107,""1997"":109,""1998"":122,""1999"":138,""2000"":153,""2001"":150,""2002"":153,""2003"":164,""2004"":177,""2005"":215,""2006"":313,""2007"":313,""2008"":427,""2009"":441,""2010"":511,""2011"":485,""2012"":614,""2013"":664,""2014"":677,""2015"":667,""2016"":788,""2017"":889,""2018"":1047,""2019"":997,""2020"":1149,""2021"":1227,""2022"":1418,""2023"":1518,""2024"":2025,""2025"":2671,""2026"":2306}"
John Launchbury,https://scholar.google.com/citations?user=00kXvqYAAAAJ,2026-09-16,"Chief Scientist, Galois",[],5423,33,51,522,11,12,1990,"{""1990"":15,""1991"":34,""1992"":39,""1993"":83,""1994"":128,""1995"":174,""1996"":188,""1997"":141,""1998"":204,""1999"":201,""2000"":250,""2001"":209,""2002"":242,""2003"":205,""2004"":242,""2005"":189,""2006"":174,""2007"":237,""2008"":172,""2009"":180,""2010"":140,""2011"":140,""2012"":144,""2013"":135,""2014"":128,""2015"":165,""2016"":113,""2017"":156,""2018"":132,""2019"":127,""2020"":106,""2021"":97,""2022"":88,""2023"":86,""2024"":87,""2025"":89,""2026"":75}"
Josep Torrellas,https://scholar.google.com/citations?user=zdnAkgsAAAAJ,2026-09-16,"Professor of Computer Science, University of Illinois Urbana-Champaign","[""Computer architecture"", ""parallel computing"", ""shared-memory architectures""]",19919,74,251,5681,38,108,1995,"{""1995"":74,""1996"":102,""1997"":135,""1998"":172,""1999"":191,""2000"":233,""2001"":245,""2002"":318,""2003"":340,""2004"":387,""2005"":542,""2006"":525,""2007"":532,""2008"":621,""2009"":796,""2010"":857,""2011"":869,""2012"":860,""2013"":816,""2014"":751,""2015"":820,""2016"":757,""2017"":749,""2018"":657,""2019"":795,""2020"":740,""2021"":844,""2022"":845,""2023"":910,""2024"":914,""2025"":1186,""2026"":978}"
Kathleen Fisher,https://scholar.google.com/citations?user=8mi-oYYAAAAJ,2026-09-16,"Adjunct Professor of Computer Science, Tufts University","[""Programming Languages""]",4246,33,59,990,17,23,1994,"{""1994"":17,""1995"":20,""1996"":47,""1997"":46,""1998"":51,""1999"":107,""2000"":85,""2001"":70,""2002"":107,""2003"":80,""2004"":100,""2005"":124,""2006"":123,""2007"":124,""2008"":140,""2009"":118,""2010"":120,""2011"":135,""2012"":130,""2013"":109,""2014"":139,""2015"":177,""2016"":175,""2017"":185,""2018"":178,""2019"":223,""2020"":251,""2021"":200,""2022"":196,""2023"":168,""2024"":144,""2025"":165,""2026"":117}"
Lorenzo Alvisi,https://scholar.google.com/citations?user=TIGS4c8AAAAJ,2026-09-16,"Tisch University Professor of Computer Science, Cornell University","[""Distributed Computing""]",16852,59,98,3955,28,47,1998,"{""1998"":69,""1999"":72,""2000"":90,""2001"":187,""2002"":230,""2003"":287,""2004"":473,""2005"":523,""2006"":565,""2007"":599,""2008"":683,""2009"":685,""2010"":751,""2011"":750,""2012"":689,""2013"":721,""2014"":782,""2015"":686,""2016"":671,""2017"":653,""2018"":693,""2019"":820,""2020"":703,""2021"":752,""2022"":647,""2023"":697,""2024"":715,""2025"":696,""2026"":444}"
Lydia E. Kavraki,https://scholar.google.com/citations?user=Q6pxNZYAAAAJ,2026-09-16,Rice University,"[""Robotics"", ""AI"", ""Bioinformatics"", ""Algorithms""]",45357,89,273,15108,48,171,1997,"{""1997"":128,""1998"":192,""1999"":235,""2000"":295,""2001"":448,""2002"":468,""2003"":529,""2004"":858,""2005"":1012,""2006"":1093,""2007"":1312,""2008"":1386,""2009"":1360,""2010"":1478,""2011"":1608,""2012"":1616,""2013"":1788,""2014"":1744,""2015"":1741,""2016"":1918,""2017"":1793,""2018"":2043,""2019"":2004,""2020"":2317,""2021"":2447,""2022"":2503,""2023"":2493,""2024"":2562,""2025"":2962,""2026"":2136}"
Mark Crovella,https://scholar.google.com/citations?user=vrHhOlUAAAAJ,2026-09-16,"Professor of Computer Science and Computing & Data Sciences, Boston University","[""Networking"", ""Systems"", ""Data Mining"", ""Statistics"", ""Performance Evaluation""]",33880,73,139,3738,29,70,1996,"{""1996"":134,""1997"":277,""1998"":383,""1999"":667,""2000"":870,""2001"":1142,""2002"":1402,""2003"":1418,""2004"":1570,""2005"":1580,""2006"":1636,""2007"":1683,""2008"":1530,""2009"":1597,""2010"":1586,""2011"":1351,""2012"":1384,""2013"":1309,""2014"":1395,""2015"":1231,""2016"":1095,""2017"":1072,""2018"":1109,""2019"":1150,""2020"":910,""2021"":802,""2022"":750,""2023"":591,""2024"":640,""2025"":540,""2026"":414}"
M Dahlin,https://scholar.google.com/citations?user=hdXvVdgAAAAJ,2026-09-16,Professor of Computer Science University of Texas,"[""operating systems"", ""distributed systems""]",17118,59,99,2748,23,35,1995,"{""1995"":71,""1996"":173,""1997"":275,""1998"":279,""1999"":382,""2000"":347,""2001"":424,""2002"":505,""2003"":526,""2004"":625,""2005"":559,""2006"":558,""2007"":655,""2008"":700,""2009"":718,""2010"":694,""2011"":707,""2012"":658,""2013"":718,""2014"":700,""2015"":591,""2016"":651,""2017"":608,""2018"":604,""2019"":731,""2020"":595,""2021"":622,""2022"":495,""2023"":499,""2024"":459,""2025"":429,""2026"":244}"
Michael I. Jordan,https://scholar.google.com/citations?user=yxUduqMAAAAJ,2026-09-16,"Professor of Electrical Engineering and Computer Sciences and Professor of Statistics, UC Berkeley","[""machine learning"", ""computer science"", ""statistics"", ""artificial intelligence"", ""optimization""]",380404,224,861,181688,148,652,1997,"{""1997"":1241,""1998"":1269,""1999"":1271,""2000"":1261,""2001"":1495,""2002"":1622,""2003"":2285,""2004"":2882,""2005"":3644,""2006"":4251,""2007"":5008,""2008"":5779,""2009"":6918,""2010"":7852,""2011"":8680,""2012"":10062,""2013"":10722,""2014"":11658,""2015"":12583,""2016"":14136,""2017"":14914,""2018"":17483,""2019"":20370,""2020"":23568,""2021"":26745,""2022"":28060,""2023"":30076,""2024"":32427,""2025"":35720,""2026"":28577}"
Pavel Pevzner,https://scholar.google.com/citations?user=rfS5yTMAAAAJ,2026-09-17,University of California at San Diego,"[""bioinformatics"", ""computational molecular biology"", ""algorithms""]",111054,117,282,56249,62,179,2001,"{""2001"":319,""2002"":546,""2003"":682,""2004"":1063,""2005"":1743,""2006"":1982,""2007"":2045,""2008"":2212,""2009"":2044,""2010"":2098,""2011"":2176,""2012"":2153,""2013"":2364,""2014"":2466,""2015"":2682,""2016"":3431,""2017"":4201,""2018"":4924,""2019"":6004,""2020"":7521,""2021"":8896,""2022"":9382,""2023"":9507,""2024"":9822,""2025"":10628,""2026"":7948}"
Peter M. Chen,https://scholar.google.com/citations?user=dVZNQqUAAAAJ,2026-09-16,University of Michigan,"[""operating systems"", ""virtual machines"", ""file systems"", ""fault tolerance"", ""security""]",16863,56,81,2602,28,44,1990,"{""1990"":50,""1991"":59,""1992"":64,""1993"":140,""1994"":146,""1995"":179,""1996"":216,""1997"":200,""1998"":190,""1999"":250,""2000"":249,""2001"":166,""2002"":212,""2003"":284,""2004"":300,""2005"":412,""2006"":507,""2007"":586,""2008"":650,""2009"":664,""2010"":753,""2011"":738,""2012"":763,""2013"":832,""2014"":708,""2015"":716,""2016"":693,""2017"":773,""2018"":785,""2019"":779,""2020"":781,""2021"":676,""2022"":533,""2023"":417,""2024"":394,""2025"":373,""2026"":209}"
Philip Klein,https://scholar.google.com/citations?user=gVUD47sAAAAJ,2026-09-16,"Professor of Computer Science, Brown University","[""Algorithms"", ""graphs"", ""approximation algorithms"", ""combinatorial optimization""]",11816,55,100,2242,27,57,1989,"{""1989"":29,""1990"":35,""1991"":39,""1992"":45,""1993"":104,""1994"":94,""1995"":103,""1996"":108,""1997"":157,""1998"":175,""1999"":130,""2000"":142,""2001"":163,""2002"":165,""2003"":274,""2004"":307,""2005"":368,""2006"":388,""2007"":418,""2008"":477,""2009"":466,""2010"":557,""2011"":514,""2012"":419,""2013"":520,""2014"":451,""2015"":385,""2016"":438,""2017"":401,""2018"":554,""2019"":413,""2020"":467,""2021"":378,""2022"":469,""2023"":365,""2024"":312,""2025"":400,""2026"":318}"
Raymond Mooney,https://scholar.google.com/citations?user=p9RsPG4AAAAJ,2026-09-16,"Professor of Computer Science, University of Texas at Austin","[""Artificial Intelligence"", ""Machine Learning"", ""Data Mining"", ""Natural Language Processing"", ""Computational Linguistics""]",51406,102,277,12342,60,145,1989,"{""1989"":209,""1990"":216,""1991"":246,""1992"":255,""1993"":329,""1994"":355,""1995"":360,""1996"":345,""1997"":273,""1998"":328,""1999"":355,""2000"":321,""2001"":310,""2002"":394,""2003"":532,""2004"":678,""2005"":1071,""2006"":1161,""2007"":1363,""2008"":1560,""2009"":1577,""2010"":1790,""2011"":1895,""2012"":2149,""2013"":2018,""2014"":2255,""2015"":2319,""2016"":2473,""2017"":2764,""2018"":2747,""2019"":2807,""2020"":2669,""2021"":2680,""2022"":2575,""2023"":2283,""2024"":1965,""2025"":1797,""2026"":1039}"
Richard F. Lyon,https://scholar.google.com/citations?user=sJJamz4AAAAJ,2026-09-16,"Research Scientist, Google Inc.","[""Machine Hearing"", ""Signal Processing"", ""Sensors"", ""Hearing Accessibility"", ""Photography""]",11491,54,136,2637,24,48,1987,"{""1987"":61,""1988"":96,""1989"":83,""1990"":87,""1991"":115,""1992"":129,""1993"":130,""1994"":109,""1995"":95,""1996"":184,""1997"":142,""1998"":168,""1999"":154,""2000"":142,""2001"":180,""2002"":139,""2003"":194,""2004"":232,""2005"":336,""2006"":307,""2007"":279,""2008"":264,""2009"":308,""2010"":356,""2011"":336,""2012"":412,""2013"":369,""2014"":411,""2015"":439,""2016"":393,""2017"":477,""2018"":446,""2019"":430,""2020"":500,""2021"":549,""2022"":575,""2023"":425,""2024"":388,""2025"":447,""2026"":252}"
S Muthukrishnan,https://scholar.google.com/citations?user=MvyO9jAAAAAJ,2026-09-16,Rutgers Univ,[],32541,87,261,8052,40,113,1999,"{""1999"":120,""2000"":172,""2001"":214,""2002"":357,""2003"":538,""2004"":805,""2005"":996,""2006"":1163,""2007"":1297,""2008"":1286,""2009"":1402,""2010"":1312,""2011"":1276,""2012"":1334,""2013"":1493,""2014"":1464,""2015"":1387,""2016"":1404,""2017"":1388,""2018"":1456,""2019"":1452,""2020"":1497,""2021"":1623,""2022"":1518,""2023"":1440,""2024"":1335,""2025"":1306,""2026"":830}"
Sara Kiesler,https://scholar.google.com/citations?user=8Qu_gAMAAAAJ,2026-09-16,"Emeritus Hillman Professor of Computer Science and Human Computer Interaction, Carnegie Mellon","[""human-computer interaction"", ""collaboration"", ""human-robot interaction"", ""social computing"", ""online communities""]",86784,111,230,15967,60,136,1988,"{""1988"":228,""1989"":203,""1990"":297,""1991"":362,""1992"":404,""1993"":403,""1994"":634,""1995"":703,""1996"":835,""1997"":793,""1998"":1006,""1999"":1168,""2000"":1506,""2001"":1680,""2002"":2029,""2003"":2080,""2004"":2143,""2005"":2242,""2006"":2338,""2007"":2710,""2008"":2965,""2009"":2928,""2010"":3040,""2011"":3343,""2012"":3338,""2013"":3738,""2014"":3562,""2015"":3689,""2016"":3577,""2017"":3406,""2018"":3347,""2019"":3275,""2020"":3292,""2021"":3246,""2022"":3092,""2023"":2818,""2024"":2616,""2025"":2543,""2026"":1652}"
Sarita Adve,https://scholar.google.com/citations?user=5m-oAesAAAAJ,2026-09-16,"Professor of Computer Science, University of Illinois at Urbana-Champaign","[""Computer architecture"", ""parallel computing"", ""computer systems"", ""reliability"", ""energy""]",18900,69,137,3217,31,73,1992,"{""1992"":71,""1993"":126,""1994"":88,""1995"":109,""1996"":125,""1997"":174,""1998"":258,""1999"":256,""2000"":291,""2001"":212,""2002"":337,""2003"":344,""2004"":494,""2005"":501,""2006"":470,""2007"":583,""2008"":644,""2009"":696,""2010"":962,""2011"":955,""2012"":958,""2013"":935,""2014"":921,""2015"":959,""2016"":846,""2017"":909,""2018"":726,""2019"":715,""2020"":673,""2021"":596,""2022"":561,""2023"":538,""2024"":558,""2025"":534,""2026"":427}"
Shumin Zhai,https://scholar.google.com/citations?user=jJLvY8AAAAAJ,2026-09-16,Google,"[""Mobile User Interfaces"", ""Human-Computer Interaction"", ""Human Performance Models"", ""Text Input"", ""Input Devices and Methods""]",24654,88,212,6439,43,133,1996,"{""1996"":76,""1997"":86,""1998"":117,""1999"":157,""2000"":135,""2001"":121,""2002"":298,""2003"":314,""2004"":507,""2005"":523,""2006"":587,""2007"":765,""2008"":760,""2009"":748,""2010"":908,""2011"":846,""2012"":928,""2013"":1059,""2014"":1199,""2015"":1185,""2016"":1063,""2017"":1290,""2018"":1370,""2019"":1495,""2020"":1289,""2021"":1312,""2022"":1301,""2023"":1017,""2024"":1179,""2025"":1112,""2026"":515}"
Stefan Savage,https://scholar.google.com/citations?user=_JhgbioAAAAJ,2026-09-16,"Professor of Computer Science and Engineering, UC San Diego","[""Security"", ""Computer Security"", ""Networking"", ""Computer Networks"", ""Operating Systems""]",55352,92,186,12682,53,129,1996,"{""1996"":187,""1997"":209,""1998"":252,""1999"":222,""2000"":282,""2001"":396,""2002"":619,""2003"":941,""2004"":1369,""2005"":1633,""2006"":1767,""2007"":1839,""2008"":1804,""2009"":1841,""2010"":2028,""2011"":2245,""2012"":2179,""2013"":2387,""2014"":2577,""2015"":2805,""2016"":2825,""2017"":2907,""2018"":2932,""2019"":2794,""2020"":2710,""2021"":2471,""2022"":2231,""2023"":2174,""2024"":2044,""2025"":2162,""2026"":1585}"
Subhash Suri,https://scholar.google.com/citations?user=VgrH9A8AAAAJ,2026-09-16,"Professor of Computer Science, University of California, Santa Barbara","[""Algorithms"", ""Networking"", ""Artificial Intelligence"", ""Databases"", ""Game Theory""]",21661,76,214,2668,24,70,1990,"{""1990"":73,""1991"":121,""1992"":120,""1993"":102,""1994"":131,""1995"":185,""1996"":136,""1997"":173,""1998"":177,""1999"":226,""2000"":313,""2001"":319,""2002"":447,""2003"":593,""2004"":816,""2005"":967,""2006"":1041,""2007"":1036,""2008"":1039,""2009"":1137,""2010"":1082,""2011"":1043,""2012"":913,""2013"":970,""2014"":970,""2015"":815,""2016"":772,""2017"":719,""2018"":678,""2019"":709,""2020"":674,""2021"":555,""2022"":554,""2023"":480,""2024"":408,""2025"":402,""2026"":264}"
Wendy Hall,https://scholar.google.com/citations?user=9NaDv3oAAAAJ,2026-09-16,"University of Southampton, UK","[""Web Science and Technologies"", ""Semantic Web"", ""Digital Libraries"", ""Hypermedia"", ""Multimedia""]",20568,62,259,3574,28,60,1992,"{""1992"":59,""1993"":101,""1994"":114,""1995"":225,""1996"":248,""1997"":372,""1998"":328,""1999"":432,""2000"":479,""2001"":486,""2002"":565,""2003"":630,""2004"":666,""2005"":548,""2006"":564,""2007"":666,""2008"":726,""2009"":878,""2010"":781,""2011"":716,""2012"":776,""2013"":735,""2014"":781,""2015"":689,""2016"":768,""2017"":674,""2018"":659,""2019"":809,""2020"":783,""2021"":717,""2022"":690,""2023"":651,""2024"":619,""2025"":600,""2026"":292}"
Alok Choudhary,https://scholar.google.com/citations?user=6nvFl5sAAAAJ,2026-09-16,Professor Northwestern University,"[""Data Science"", ""AI/ML"", ""Supercomputing"", ""business intelligence"", ""marketing""]",40451,89,457,16654,51,161,1993,"{""1993"":118,""1994"":278,""1995"":414,""1996"":449,""1997"":388,""1998"":423,""1999"":385,""2000"":379,""2001"":434,""2002"":359,""2003"":492,""2004"":467,""2005"":489,""2006"":543,""2007"":608,""2008"":561,""2009"":717,""2010"":787,""2011"":904,""2012"":996,""2013"":1152,""2014"":1291,""2015"":1369,""2016"":1451,""2017"":1471,""2018"":1748,""2019"":2075,""2020"":2473,""2021"":2604,""2022"":2857,""2023"":2853,""2024"":2888,""2025"":3063,""2026"":2377}"
Andrew V. Goldberg,https://scholar.google.com/citations?user=U5iFVowAAAAJ,2026-09-16,"Endowed Chair Professor, ISE, Lehigh University","[""Algorithms"", ""Algoritm Engineering"", ""Mechanism Design"", ""Combinatorial Optimization""]",27821,74,154,6029,37,88,1988,"{""1988"":94,""1989"":103,""1990"":127,""1991"":148,""1992"":184,""1993"":172,""1994"":142,""1995"":205,""1996"":137,""1997"":243,""1998"":282,""1999"":233,""2000"":272,""2001"":334,""2002"":339,""2003"":443,""2004"":471,""2005"":701,""2006"":645,""2007"":738,""2008"":856,""2009"":832,""2010"":979,""2011"":1053,""2012"":1108,""2013"":1276,""2014"":1209,""2015"":1333,""2016"":1415,""2017"":1207,""2018"":1330,""2019"":1315,""2020"":1254,""2021"":1186,""2022"":1186,""2023"":998,""2024"":1034,""2025"":1030,""2026"":591}"
Arie Kaufman,https://scholar.google.com/citations?user=fDdcWBEAAAAJ,2026-09-16,"Distinguished Professor and Chair of Computer Science, Stony Brook University","[""visualization"", ""computer graphics"", ""virtual reality"", ""geometric modeling"", ""medical imaging""]",27572,90,329,4158,33,98,1989,"{""1989"":69,""1990"":96,""1991"":166,""1992"":164,""1993"":195,""1994"":288,""1995"":365,""1996"":427,""1997"":470,""1998"":498,""1999"":644,""2000"":761,""2001"":837,""2002"":898,""2003"":869,""2004"":986,""2005"":1195,""2006"":1093,""2007"":1203,""2008"":1194,""2009"":1067,""2010"":944,""2011"":1079,""2012"":929,""2013"":1060,""2014"":854,""2015"":803,""2016"":736,""2017"":700,""2018"":716,""2019"":724,""2020"":745,""2021"":779,""2022"":783,""2023"":660,""2024"":713,""2025"":748,""2026"":473}"
Baba C Vemuri,https://scholar.google.com/citations?user=1fEZ_osAAAAJ,2026-09-16,"Distinguished Professor, Dept. of CISE, University of Florida","[""First interest"", ""Second interest"", ""...Statistics on Manifolds"", ""Computer Vision and Medical Image Computing""]",19820,60,186,3262,24,66,1992,"{""1992"":71,""1993"":75,""1994"":93,""1995"":73,""1996"":89,""1997"":84,""1998"":118,""1999"":133,""2000"":152,""2001"":269,""2002"":390,""2003"":355,""2004"":455,""2005"":586,""2006"":690,""2007"":793,""2008"":817,""2009"":971,""2010"":819,""2011"":942,""2012"":1023,""2013"":1001,""2014"":834,""2015"":926,""2016"":941,""2017"":806,""2018"":767,""2019"":729,""2020"":731,""2021"":685,""2022"":560,""2023"":556,""2024"":544,""2025"":524,""2026"":391}"
Bruce Davie,https://scholar.google.com/citations?user=NzwUAfIAAAAJ,2026-09-16,"Founder, Systems Approach, LLC","[""Networking""]",16762,48,96,2751,25,43,1993,"{""1993"":87,""1994"":79,""1995"":88,""1996"":96,""1997"":137,""1998"":209,""1999"":221,""2000"":398,""2001"":566,""2002"":703,""2003"":887,""2004"":910,""2005"":822,""2006"":748,""2007"":721,""2008"":626,""2009"":620,""2010"":538,""2011"":531,""2012"":550,""2013"":498,""2014"":477,""2015"":486,""2016"":488,""2017"":479,""2018"":584,""2019"":588,""2020"":465,""2021"":583,""2022"":773,""2023"":341,""2024"":474,""2025"":386,""2026"":194}"
Bruce Donald,https://scholar.google.com/citations?user=TkayRqQAAAAJ,2026-09-16,"Professor of Computer Science, Mathematics, Chemistry, and Biochemistry, Duke University","[""Protein Design"", ""Geometric Computing"", ""Computational Structural Biology"", ""Computational Biology"", ""MEMS/Nanoscience and Robotics""]",15753,66,155,3010,24,59,1988,"{""1988"":68,""1989"":100,""1990"":99,""1991"":132,""1992"":129,""1993"":175,""1994"":148,""1995"":240,""1996"":175,""1997"":243,""1998"":197,""1999"":221,""2000"":281,""2001"":315,""2002"":251,""2003"":266,""2004"":363,""2005"":429,""2006"":456,""2007"":455,""2008"":491,""2009"":537,""2010"":529,""2011"":538,""2012"":560,""2013"":665,""2014"":573,""2015"":719,""2016"":755,""2017"":627,""2018"":586,""2019"":585,""2020"":560,""2021"":569,""2022"":564,""2023"":511,""2024"":522,""2025"":514,""2026"":328}"
Chandrajit Bajaj,https://scholar.google.com/citations?user=gyL3CZ0AAAAJ,2026-09-16,"Computational Applied Mathematics Chair, Professor of Computer Science,","[""Comp. Math."", ""Data Sciences"", ""Image Processing"", ""Geometric Modeling"", ""Structural Bioinformatics and Visualization""]",26218,77,313,4157,30,92,1988,"{""1988"":146,""1989"":108,""1990"":138,""1991"":150,""1992"":250,""1993"":203,""1994"":244,""1995"":236,""1996"":222,""1997"":352,""1998"":366,""1999"":420,""2000"":510,""2001"":575,""2002"":667,""2003"":812,""2004"":874,""2005"":994,""2006"":1006,""2007"":1043,""2008"":1134,""2009"":1090,""2010"":1043,""2011"":972,""2012"":1046,""2013"":1008,""2014"":982,""2015"":934,""2016"":852,""2017"":734,""2018"":852,""2019"":758,""2020"":702,""2021"":683,""2022"":771,""2023"":738,""2024"":727,""2025"":743,""2026"":494}"
David F. Bacon,https://scholar.google.com/citations?user=guNVlmIAAAAJ,2026-09-16,Google,"[""Databases"", ""Programming Languages"", ""Cloud Data Storage""]",8502,44,89,1014,14,25,1991,"{""1991"":47,""1992"":57,""1993"":69,""1994"":88,""1995"":103,""1996"":101,""1997"":137,""1998"":142,""1999"":128,""2000"":141,""2001"":168,""2002"":204,""2003"":260,""2004"":290,""2005"":294,""2006"":339,""2007"":384,""2008"":345,""2009"":376,""2010"":426,""2011"":334,""2012"":385,""2013"":399,""2014"":385,""2015"":360,""2016"":341,""2017"":317,""2018"":270,""2019"":274,""2020"":189,""2021"":200,""2022"":194,""2023"":176,""2024"":196,""2025"":155,""2026"":92}"
David Karger,https://scholar.google.com/citations?user=2vQRGrYAAAAJ,2026-09-16,"Professor of Computer Science, MIT","[""Information Management"", ""HCI"", ""Semantic Web"", ""PIM"", ""Algorithms""]",76682,102,256,10640,46,136,1997,"{""1997"":260,""1998"":329,""1999"":348,""2000"":350,""2001"":493,""2002"":1190,""2003"":2107,""2004"":2968,""2005"":3711,""2006"":3908,""2007"":4095,""2008"":4258,""2009"":4391,""2010"":4233,""2011"":4028,""2012"":3935,""2013"":3947,""2014"":3644,""2015"":3381,""2016"":3080,""2017"":2812,""2018"":2591,""2019"":2269,""2020"":2186,""2021"":2024,""2022"":1883,""2023"":1800,""2024"":1710,""2025"":1864,""2026"":1352}"
Dinesh Manocha,https://scholar.google.com/citations?user=Nqawxa0AAAAJ,2026-09-17,University of Maryland,"[""Robotics"", ""Computer Graphics"", ""Virtual Reality"", ""Audio Processing"", ""Motion Planning""]",81753,152,751,35235,80,549,1997,"{""1997"":436,""1998"":491,""1999"":589,""2000"":737,""2001"":814,""2002"":1008,""2003"":1194,""2004"":1587,""2005"":1741,""2006"":1843,""2007"":1964,""2008"":2027,""2009"":2070,""2010"":2227,""2011"":2218,""2012"":2344,""2013"":2594,""2014"":2661,""2015"":2511,""2016"":2641,""2017"":2326,""2018"":2731,""2019"":2742,""2020"":3466,""2021"":3985,""2022"":4598,""2023"":5143,""2024"":6271,""2025"":8286,""2026"":6890}"
Erich Kaltofen,https://scholar.google.com/citations?user=irht4jgAAAAJ,2026-09-16,NCSU,"[""Symbolic Computation""]",8907,52,124,1468,19,42,1987,"{""1987"":59,""1988"":51,""1989"":59,""1990"":96,""1991"":102,""1992"":94,""1993"":89,""1994"":117,""1995"":100,""1996"":117,""1997"":127,""1998"":136,""1999"":172,""2000"":194,""2001"":174,""2002"":240,""2003"":239,""2004"":292,""2005"":221,""2006"":259,""2007"":387,""2008"":254,""2009"":291,""2010"":351,""2011"":335,""2012"":287,""2013"":391,""2014"":300,""2015"":272,""2016"":251,""2017"":296,""2018"":294,""2019"":244,""2020"":221,""2021"":296,""2022"":242,""2023"":223,""2024"":233,""2025"":261,""2026"":213}"
Hagit Attiya,https://scholar.google.com/citations?user=eoMK92MAAAAJ,2026-09-16,"Department of Computer Science, Technion","[""Distributed Computing"", ""Distributed Algorithms""]",11299,49,114,2176,22,49,1989,"{""1989"":33,""1990"":55,""1991"":61,""1992"":128,""1993"":138,""1994"":178,""1995"":142,""1996"":151,""1997"":132,""1998"":168,""1999"":134,""2000"":164,""2001"":127,""2002"":118,""2003"":295,""2004"":238,""2005"":237,""2006"":327,""2007"":310,""2008"":354,""2009"":339,""2010"":392,""2011"":431,""2012"":429,""2013"":458,""2014"":486,""2015"":506,""2016"":478,""2017"":411,""2018"":483,""2019"":450,""2020"":369,""2021"":349,""2022"":395,""2023"":394,""2024"":393,""2025"":381,""2026"":259}"
Hans-Peter Kriegel,https://scholar.google.com/citations?user=DBf9LC4AAAAJ,2026-09-16,"Professor für Informatik, Ludwig-Maximilians-University Munich","[""Database Systems"", ""Data Mining""]",133075,106,321,53596,48,124,1997,"{""1997"":412,""1998"":620,""1999"":945,""2000"":1074,""2001"":1387,""2002"":1532,""2003"":1717,""2004"":1936,""2005"":2221,""2006"":2550,""2007"":2454,""2008"":2575,""2009"":2956,""2010"":3005,""2011"":3084,""2012"":3626,""2013"":4137,""2014"":4346,""2015"":4898,""2016"":5295,""2017"":5361,""2018"":6328,""2019"":7038,""2020"":7561,""2021"":8809,""2022"":8795,""2023"":9094,""2024"":9567,""2025"":10427,""2026"":6904}"
Ian T. Foster,https://scholar.google.com/citations?user=VGoSakQAAAAJ,2026-09-16,University of Chicago and Argonne National Laboratory,"[""Computer science"", ""computational science"", ""distributed computing"", ""data science""]",151922,147,785,26059,67,357,1996,"{""1996"":390,""1997"":553,""1998"":688,""1999"":917,""2000"":1300,""2001"":1872,""2002"":3230,""2003"":5986,""2004"":7980,""2005"":10064,""2006"":10249,""2007"":9681,""2008"":8669,""2009"":8089,""2010"":7336,""2011"":6573,""2012"":5843,""2013"":5212,""2014"":4512,""2015"":4138,""2016"":3861,""2017"":3530,""2018"":3621,""2019"":3724,""2020"":3593,""2021"":3956,""2022"":4175,""2023"":4016,""2024"":4483,""2025"":5270,""2026"":4085}"
John Riedl,https://scholar.google.com/citations?user=iFWaKtMAAAAJ,2026-09-16,"Professor of Computer Science, University of Minnesota","[""Intelligent User Interfaces"", ""Social Web"", ""Recommender Systems""]",85901,79,158,17574,42,83,1999,"{""1999"":235,""2000"":435,""2001"":762,""2002"":885,""2003"":1243,""2004"":1712,""2005"":1918,""2006"":2220,""2007"":2494,""2008"":3048,""2009"":3339,""2010"":3869,""2011"":3806,""2012"":4419,""2013"":4566,""2014"":4663,""2015"":4761,""2016"":4708,""2017"":4425,""2018"":4495,""2019"":4461,""2020"":4035,""2021"":3754,""2022"":3391,""2023"":3001,""2024"":2973,""2025"":2703,""2026"":1752}"
Jose Blakeley,https://scholar.google.com/citations?user=VV3ByXUAAAAJ,2026-09-16,Microsoft Corporation,"[""Database Systems"", ""Distributed Database Systems"", ""Data Warehousing"", ""Massively Parallel Processing"", ""Database Appliance""]",5056,34,61,479,10,12,1987,"{""1987"":14,""1988"":29,""1989"":35,""1990"":29,""1991"":55,""1992"":55,""1993"":86,""1994"":87,""1995"":142,""1996"":162,""1997"":178,""1998"":143,""1999"":151,""2000"":128,""2001"":93,""2002"":102,""2003"":80,""2004"":119,""2005"":98,""2006"":121,""2007"":155,""2008"":146,""2009"":198,""2010"":212,""2011"":171,""2012"":184,""2013"":221,""2014"":215,""2015"":196,""2016"":188,""2017"":210,""2018"":172,""2019"":162,""2020"":142,""2021"":134,""2022"":111,""2023"":62,""2024"":70,""2025"":61,""2026"":41}"
Joseph Hellerstein,https://scholar.google.com/citations?user=uFJi3IUAAAAJ,2026-09-16,"Jim Gray Professor of the Graduate School, UC Berkeley","[""Databases"", ""Distributed Systems"", ""Programming Languages""]",56153,109,257,11299,56,145,1998,"{""1998"":241,""1999"":420,""2000"":417,""2001"":517,""2002"":726,""2003"":1150,""2004"":1658,""2005"":2006,""2006"":2375,""2007"":2512,""2008"":2475,""2009"":2684,""2010"":2352,""2011"":2241,""2012"":2313,""2013"":2490,""2014"":2631,""2015"":2666,""2016"":2546,""2017"":2393,""2018"":2352,""2019"":2251,""2020"":2193,""2021"":2210,""2022"":2062,""2023"":1968,""2024"":1876,""2025"":1881,""2026"":1298}"
Kyu-Young Whang,https://scholar.google.com/citations?user=LZSo1YEAAAAJ,2026-09-16,"Distinguished Professor Emeritus of Computer Science, KAIST","[""Database"", ""Search Engines""]",6359,33,75,1120,10,12,1987,"{""1987"":30,""1988"":22,""1989"":30,""1990"":26,""1991"":19,""1992"":31,""1993"":56,""1994"":37,""1995"":35,""1996"":42,""1997"":52,""1998"":44,""1999"":48,""2000"":69,""2001"":82,""2002"":81,""2003"":67,""2004"":123,""2005"":136,""2006"":178,""2007"":179,""2008"":215,""2009"":251,""2010"":246,""2011"":293,""2012"":309,""2013"":311,""2014"":311,""2015"":372,""2016"":309,""2017"":287,""2018"":296,""2019"":279,""2020"":247,""2021"":266,""2022"":221,""2023"":212,""2024"":189,""2025"":148,""2026"":84}"
Margaret Martonosi,https://scholar.google.com/citations?user=tgYsFS0AAAAJ,2026-09-16,"Professor of Computer Science, Princeton University","[""Computer Architecture"", ""Mobile Computing"", ""Quantum Computing""]",40455,94,249,10220,51,139,1998,"{""1998"":119,""1999"":166,""2000"":250,""2001"":329,""2002"":477,""2003"":664,""2004"":824,""2005"":1003,""2006"":1214,""2007"":1394,""2008"":1464,""2009"":1481,""2010"":1872,""2011"":1875,""2012"":2091,""2013"":2068,""2014"":1966,""2015"":2053,""2016"":1828,""2017"":1673,""2018"":1645,""2019"":1626,""2020"":1559,""2021"":1650,""2022"":1589,""2023"":1623,""2024"":1807,""2025"":1966,""2026"":1572}"
martin rinard,https://scholar.google.com/citations?user=hxlxVEUAAAAJ,2026-09-16,MIT,"[""programming languages"", ""software engineering""]",25250,79,222,5839,37,118,1993,"{""1993"":79,""1994"":127,""1995"":128,""1996"":147,""1997"":150,""1998"":167,""1999"":170,""2000"":214,""2001"":226,""2002"":310,""2003"":484,""2004"":595,""2005"":673,""2006"":690,""2007"":854,""2008"":737,""2009"":803,""2010"":840,""2011"":907,""2012"":870,""2013"":889,""2014"":952,""2015"":1262,""2016"":1337,""2017"":1347,""2018"":1447,""2019"":1401,""2020"":1181,""2021"":1193,""2022"":1044,""2023"":993,""2024"":986,""2025"":967,""2026"":653}"
martin vetterli,https://scholar.google.com/citations?user=YQcU3NYAAAAJ,2026-09-16,"Professor of computer and communication science, Ecole Polytechnique Federale Lausanne","[""signal processing"", ""communications"", ""information theory""]",85252,121,483,11119,41,164,1990,"{""1990"":272,""1991"":335,""1992"":547,""1993"":876,""1994"":995,""1995"":1117,""1996"":1324,""1997"":1514,""1998"":1835,""1999"":1537,""2000"":1703,""2001"":1575,""2002"":1734,""2003"":2104,""2004"":2333,""2005"":2862,""2006"":3048,""2007"":3321,""2008"":3398,""2009"":3810,""2010"":3759,""2011"":3508,""2012"":3873,""2013"":3884,""2014"":3519,""2015"":3559,""2016"":3448,""2017"":3066,""2018"":3020,""2019"":2490,""2020"":2265,""2021"":2106,""2022"":1937,""2023"":1888,""2024"":1857,""2025"":1835,""2026"":1494}"
Maurizio Lenzerini,https://scholar.google.com/citations?user=EYxaICEAAAAJ,2026-09-16,"Professor of Computer Science, Sapienza University of Rome","[""Data Management"", ""Artificial Intelligence"", ""Knowledge Representation"", ""Description Logics"", ""Ontology languages""]",33089,87,212,3864,26,71,1991,"{""1991"":123,""1992"":154,""1993"":212,""1994"":266,""1995"":289,""1996"":332,""1997"":266,""1998"":456,""1999"":530,""2000"":651,""2001"":816,""2002"":843,""2003"":855,""2004"":1051,""2005"":1337,""2006"":1341,""2007"":1653,""2008"":1682,""2009"":1702,""2010"":1592,""2011"":1369,""2012"":1447,""2013"":1456,""2014"":1367,""2015"":1271,""2016"":1277,""2017"":1092,""2018"":966,""2019"":1053,""2020"":879,""2021"":748,""2022"":675,""2023"":674,""2024"":686,""2025"":671,""2026"":405}"
Michael T. Goodrich,https://scholar.google.com/citations?user=sSS9gSoAAAAJ,2026-09-16,"Professor of Computer Science, University of California, Irvine","[""Algorithms"", ""Data Structures"", ""Computer Security"", ""Computational Geometry"", ""Graph Drawing""]",19381,77,229,3649,27,90,1988,"{""1988"":75,""1989"":104,""1990"":114,""1991"":90,""1992"":167,""1993"":141,""1994"":187,""1995"":198,""1996"":232,""1997"":234,""1998"":265,""1999"":248,""2000"":326,""2001"":286,""2002"":318,""2003"":413,""2004"":478,""2005"":496,""2006"":486,""2007"":590,""2008"":582,""2009"":632,""2010"":602,""2011"":691,""2012"":758,""2013"":845,""2014"":926,""2015"":829,""2016"":840,""2017"":832,""2018"":943,""2019"":753,""2020"":658,""2021"":689,""2022"":644,""2023"":680,""2024"":532,""2025"":638,""2026"":463}"
Paulo Esteves-Verissimo,https://scholar.google.com/citations?user=aMHx8aUAAAAJ,2026-09-16,"Former Professor of Computer Science and RC3 Center Director, CEMSE -- KAUST","[""Dependability"", ""Cyber Resilience"", ""Real-Time Systems"", ""Software Defined Networking"", ""Distributed Systems""]",19674,59,157,6304,26,63,1992,"{""1992"":85,""1993"":118,""1994"":62,""1995"":111,""1996"":104,""1997"":129,""1998"":148,""1999"":176,""2000"":161,""2001"":238,""2002"":326,""2003"":341,""2004"":330,""2005"":347,""2006"":314,""2007"":491,""2008"":373,""2009"":472,""2010"":385,""2011"":387,""2012"":320,""2013"":351,""2014"":430,""2015"":637,""2016"":975,""2017"":1204,""2018"":1315,""2019"":1423,""2020"":1200,""2021"":1288,""2022"":1238,""2023"":1021,""2024"":1021,""2025"":1029,""2026"":705}"
Rajiv Gupta,https://scholar.google.com/citations?user=6P4bGWAAAAAJ,2026-09-16,"Distinguished Professor & Amrik Singh Poonian Chair, University of California, Riverside","[""Compilers"", ""Software Engineering"", ""Computer Architecture"", ""Parallel Computing"", ""Graph Analytics""]",16697,68,236,2970,27,75,1990,"{""1990"":46,""1991"":49,""1992"":97,""1993"":113,""1994"":181,""1995"":186,""1996"":191,""1997"":232,""1998"":278,""1999"":295,""2000"":282,""2001"":319,""2002"":372,""2003"":395,""2004"":577,""2005"":569,""2006"":710,""2007"":592,""2008"":551,""2009"":595,""2010"":574,""2011"":638,""2012"":653,""2013"":655,""2014"":746,""2015"":590,""2016"":643,""2017"":610,""2018"":605,""2019"":571,""2020"":592,""2021"":613,""2022"":458,""2023"":547,""2024"":488,""2025"":569,""2026"":295}"
Ricardo Baeza-Yates,https://scholar.google.com/citations?user=v9xULZwAAAAJ,2026-09-16,"KTH - Univ. Pompeu Fabra - Univ. de Chile; Sweden, Spain & Chile","[""Responsible AI"", ""Information retrieval"", ""Web search"", ""Web mining"", ""algorithms and data structures""]",60291,95,381,9957,39,144,1992,"{""1992"":174,""1993"":146,""1994"":184,""1995"":209,""1996"":334,""1997"":382,""1998"":489,""1999"":474,""2000"":715,""2001"":905,""2002"":1299,""2003"":1638,""2004"":1959,""2005"":2207,""2006"":2446,""2007"":2571,""2008"":2826,""2009"":2776,""2010"":2922,""2011"":2750,""2012"":2783,""2013"":2905,""2014"":2677,""2015"":2588,""2016"":2392,""2017"":2195,""2018"":2090,""2019"":1997,""2020"":1866,""2021"":1758,""2022"":1771,""2023"":1545,""2024"":1796,""2025"":1831,""2026"":1237}"
Renee Miller,https://scholar.google.com/citations?user=NjeM1LsAAAAJ,2026-09-16,University of Waterloo,"[""Data Management"", ""Database Systems"", ""Computer Science""]",16661,63,137,4460,30,74,1998,"{""1998"":42,""1999"":55,""2000"":100,""2001"":149,""2002"":183,""2003"":342,""2004"":468,""2005"":612,""2006"":598,""2007"":639,""2008"":707,""2009"":796,""2010"":774,""2011"":775,""2012"":684,""2013"":700,""2014"":675,""2015"":606,""2016"":580,""2017"":579,""2018"":631,""2019"":564,""2020"":632,""2021"":644,""2022"":627,""2023"":704,""2024"":880,""2025"":952,""2026"":647}"
Robbert van Renesse,https://scholar.google.com/citations?user=uJbM58UAAAAJ,2026-09-16,"Professor of Computer Science, Cornell University","[""distributed systems"", ""fault tolerance""]",26305,73,189,4418,28,60,1988,"{""1988"":86,""1989"":139,""1990"":155,""1991"":157,""1992"":243,""1993"":272,""1994"":231,""1995"":339,""1996"":472,""1997"":576,""1998"":689,""1999"":588,""2000"":663,""2001"":638,""2002"":672,""2003"":774,""2004"":900,""2005"":960,""2006"":972,""2007"":923,""2008"":816,""2009"":824,""2010"":857,""2011"":731,""2012"":763,""2013"":728,""2014"":675,""2015"":714,""2016"":711,""2017"":810,""2018"":1037,""2019"":1160,""2020"":1113,""2021"":1011,""2022"":923,""2023"":759,""2024"":640,""2025"":706,""2026"":379}"
R K Shyamasundar,https://scholar.google.com/citations?user=gNhIpRwAAAAJ,2026-09-16,Indian institute of Technology Bombay,"[""Concurrency Parallel programming Reactive Programming Logic programming Network Security Information Security""]",177,3,2,48,2,2,2010,"{""2010"":1,""2011"":0,""2012"":2,""2013"":1,""2014"":0,""2015"":0,""2016"":10,""2017"":25,""2018"":27,""2019"":33,""2020"":27,""2021"":12,""2022"":11,""2023"":9,""2024"":4,""2025"":8,""2026"":4}"
Shang-Hua Teng,https://scholar.google.com/citations?user=JknkZcQAAAAJ,2026-09-17,"University Professor of Computer Science and Math, USC","[""algorithms"", ""complexity theory"", ""game theory"", ""network science"", ""optimization""]",22065,67,173,5186,31,76,1993,"{""1993"":134,""1994"":139,""1995"":184,""1996"":219,""1997"":240,""1998"":232,""1999"":214,""2000"":211,""2001"":189,""2002"":240,""2003"":253,""2004"":342,""2005"":404,""2006"":478,""2007"":628,""2008"":668,""2009"":771,""2010"":845,""2011"":938,""2012"":899,""2013"":984,""2014"":1075,""2015"":1038,""2016"":1065,""2017"":998,""2018"":996,""2019"":944,""2020"":988,""2021"":919,""2022"":864,""2023"":918,""2024"":884,""2025"":935,""2026"":666}"
Thomas Erickson,https://scholar.google.com/citations?user=e5yN9ewAAAAJ,2026-09-16,retired@Minneapolis,"[""Human Computer Interaction"", ""Computer Supported Cooperative Work"", ""Interaction Design""]",15015,54,132,3140,25,60,1994,"{""1994"":39,""1995"":65,""1996"":85,""1997"":91,""1998"":118,""1999"":164,""2000"":231,""2001"":260,""2002"":433,""2003"":442,""2004"":513,""2005"":608,""2006"":551,""2007"":586,""2008"":594,""2009"":646,""2010"":551,""2011"":521,""2012"":557,""2013"":571,""2014"":587,""2015"":521,""2016"":526,""2017"":524,""2018"":476,""2019"":522,""2020"":604,""2021"":626,""2022"":686,""2023"":528,""2024"":513,""2025"":484,""2026"":303}"
Thomas Dean,https://scholar.google.com/citations?user=zJd3D4YAAAAJ,2026-09-16,Brown University,"[""Artificial Intelligence""]",15986,45,95,2069,19,25,1987,"{""1987"":51,""1988"":87,""1989"":111,""1990"":255,""1991"":236,""1992"":289,""1993"":305,""1994"":536,""1995"":378,""1996"":412,""1997"":441,""1998"":447,""1999"":438,""2000"":436,""2001"":456,""2002"":441,""2003"":493,""2004"":506,""2005"":517,""2006"":500,""2007"":593,""2008"":527,""2009"":510,""2010"":437,""2011"":372,""2012"":482,""2013"":511,""2014"":456,""2015"":423,""2016"":409,""2017"":381,""2018"":347,""2019"":374,""2020"":435,""2021"":401,""2022"":344,""2023"":328,""2024"":373,""2025"":359,""2026"":254}"
Urs Hölzle,https://scholar.google.com/citations?user=3ox8XlUAAAAJ,2026-09-16,Google Inc,[],22486,48,82,5188,19,25,1994,"{""1994"":63,""1995"":107,""1996"":164,""1997"":147,""1998"":171,""1999"":269,""2000"":308,""2001"":338,""2002"":321,""2003"":295,""2004"":351,""2005"":356,""2006"":387,""2007"":395,""2008"":382,""2009"":455,""2010"":593,""2011"":690,""2012"":974,""2013"":1108,""2014"":1255,""2015"":1398,""2016"":1425,""2017"":1373,""2018"":1289,""2019"":1081,""2020"":996,""2021"":893,""2022"":825,""2023"":774,""2024"":831,""2025"":974,""2026"":883}"
Venu Govindaraju,https://scholar.google.com/citations?user=ruIgbscAAAAJ,2026-09-16,"SUNY Distinguished Professor, State University of New York, Buffalo","[""Machine Learning"", ""Pattern Recognition"", ""Biometrics"", ""Language Technologies""]",18478,70,294,3733,30,106,1994,"{""1994"":58,""1995"":97,""1996"":97,""1997"":128,""1998"":90,""1999"":158,""2000"":165,""2001"":213,""2002"":226,""2003"":225,""2004"":287,""2005"":367,""2006"":402,""2007"":526,""2008"":662,""2009"":700,""2010"":732,""2011"":952,""2012"":1026,""2013"":954,""2014"":1060,""2015"":1001,""2016"":901,""2017"":906,""2018"":939,""2019"":784,""2020"":753,""2021"":734,""2022"":728,""2023"":657,""2024"":640,""2025"":597,""2026"":375}"
Yorick Wilks,https://scholar.google.com/citations?user=NsHFYDcAAAAJ,2026-09-16,"Senior Research Scientist, IHMC, Florida","[""Artificial Intelligence"", ""Natural Language Processing"", ""Computational Linguistics""]",28360,81,287,3835,25,69,1987,"{""1987"":191,""1988"":218,""1989"":218,""1990"":188,""1991"":250,""1992"":311,""1993"":287,""1994"":291,""1995"":280,""1996"":334,""1997"":395,""1998"":477,""1999"":536,""2000"":541,""2001"":566,""2002"":679,""2003"":781,""2004"":902,""2005"":923,""2006"":964,""2007"":1106,""2008"":1096,""2009"":969,""2010"":994,""2011"":961,""2012"":1011,""2013"":1000,""2014"":948,""2015"":876,""2016"":845,""2017"":762,""2018"":759,""2019"":830,""2020"":800,""2021"":842,""2022"":757,""2023"":762,""2024"":619,""2025"":549,""2026"":277}"
Yossi Matias,https://scholar.google.com/citations?user=IwSe1-MAAAAJ,2026-09-16,Google,[],52098,76,248,36714,55,165,1998,"{""1998"":219,""1999"":257,""2000"":217,""2001"":289,""2002"":387,""2003"":488,""2004"":534,""2005"":602,""2006"":643,""2007"":713,""2008"":630,""2009"":719,""2010"":667,""2011"":686,""2012"":714,""2013"":720,""2014"":800,""2015"":774,""2016"":856,""2017"":745,""2018"":853,""2019"":900,""2020"":994,""2021"":912,""2022"":1036,""2023"":1786,""2024"":5043,""2025"":11029,""2026"":16584}"
Alex Aiken,https://scholar.google.com/citations?user=3vKjkoQAAAAJ,2026-09-16,"Professor of Computer Science, Stanford University","[""programming languages"", ""compilers"", ""verification"", ""parallelism""]",31763,93,219,9305,44,137,1991,"{""1991"":80,""1992"":117,""1993"":169,""1994"":197,""1995"":226,""1996"":245,""1997"":236,""1998"":302,""1999"":222,""2000"":272,""2001"":364,""2002"":387,""2003"":387,""2004"":589,""2005"":677,""2006"":758,""2007"":968,""2008"":1012,""2009"":995,""2010"":1120,""2011"":1086,""2012"":1161,""2013"":1249,""2014"":1278,""2015"":1286,""2016"":1281,""2017"":1296,""2018"":1266,""2019"":1410,""2020"":1354,""2021"":1556,""2022"":1418,""2023"":1537,""2024"":1577,""2025"":1851,""2026"":1358}"
Bertrand Meyer,https://scholar.google.com/citations?user=W8nOgCwAAAAJ,2026-09-16,"Professor of Software Engineering, Constructor Institute of Technology","[""Software engineering"", ""object-oriented programming"", ""software verification"", ""Eiffel"", ""concurrent programming""]",33906,63,219,3805,28,63,1988,"{""1988"":94,""1989"":225,""1990"":413,""1991"":517,""1992"":695,""1993"":756,""1994"":728,""1995"":756,""1996"":746,""1997"":693,""1998"":721,""1999"":761,""2000"":756,""2001"":815,""2002"":959,""2003"":1095,""2004"":1052,""2005"":1064,""2006"":1091,""2007"":1217,""2008"":1198,""2009"":1162,""2010"":1246,""2011"":1146,""2012"":1272,""2013"":1195,""2014"":1175,""2015"":1108,""2016"":1004,""2017"":906,""2018"":921,""2019"":903,""2020"":729,""2021"":714,""2022"":706,""2023"":620,""2024"":639,""2025"":606,""2026"":519}"
Brian Randell,https://scholar.google.com/citations?user=5sqk-sYAAAAJ,2026-09-16,"Emeritus Professor of Computing Science, Newcastle University","[""Dependability"", ""History of Digital Computers""]",26693,51,139,3598,17,31,1987,"{""1987"":185,""1988"":239,""1989"":198,""1990"":238,""1991"":183,""1992"":222,""1993"":236,""1994"":241,""1995"":248,""1996"":200,""1997"":286,""1998"":297,""1999"":320,""2000"":386,""2001"":382,""2002"":396,""2003"":469,""2004"":565,""2005"":726,""2006"":875,""2007"":1076,""2008"":1007,""2009"":1059,""2010"":1054,""2011"":1118,""2012"":954,""2013"":1184,""2014"":1027,""2015"":985,""2016"":916,""2017"":823,""2018"":873,""2019"":845,""2020"":766,""2021"":699,""2022"":668,""2023"":586,""2024"":631,""2025"":558,""2026"":453}"
Douglas Terry,https://scholar.google.com/citations?user=4ZYEiVEAAAAJ,2026-09-16,Former Distinguished Scientist at Amazon Web Services,"[""distributed systems"", ""databases"", ""mobile computing"", ""IoT"", ""cloud""]",22750,50,92,3732,21,36,1992,"{""1992"":78,""1993"":72,""1994"":96,""1995"":105,""1996"":154,""1997"":175,""1998"":245,""1999"":347,""2000"":377,""2001"":436,""2002"":607,""2003"":626,""2004"":822,""2005"":740,""2006"":843,""2007"":764,""2008"":929,""2009"":939,""2010"":1003,""2011"":1044,""2012"":1011,""2013"":966,""2014"":1003,""2015"":933,""2016"":902,""2017"":896,""2018"":808,""2019"":808,""2020"":817,""2021"":775,""2022"":799,""2023"":591,""2024"":594,""2025"":595,""2026"":373}"
Gregory D. Abowd,https://scholar.google.com/citations?user=gb8sbdcAAAAJ,2026-09-16,"Professor, Dept of Electrical and Computer Engineering, Northeastern University","[""Human-Computer Interaction"", ""Mobile and Ubiquitous Computing""]",67669,102,355,11141,48,185,1995,"{""1995"":191,""1996"":235,""1997"":251,""1998"":411,""1999"":552,""2000"":722,""2001"":1037,""2002"":1412,""2003"":1806,""2004"":2455,""2005"":2865,""2006"":3088,""2007"":3124,""2008"":3024,""2009"":3214,""2010"":3221,""2011"":3043,""2012"":3127,""2013"":2847,""2014"":2779,""2015"":2841,""2016"":2750,""2017"":2741,""2018"":2549,""2019"":2545,""2020"":2302,""2021"":2197,""2022"":2128,""2023"":1903,""2024"":1857,""2025"":1901,""2026"":1152}"
hamid pirahesh,https://scholar.google.com/citations?user=QQVlcOUAAAAJ,2026-09-16,IBM,"[""Information Management"", ""cloud computing"", ""cognitive computing""]",14996,47,78,1597,18,26,1988,"{""1988"":48,""1989"":82,""1990"":110,""1991"":171,""1992"":213,""1993"":263,""1994"":263,""1995"":242,""1996"":280,""1997"":310,""1998"":326,""1999"":416,""2000"":355,""2001"":406,""2002"":504,""2003"":527,""2004"":543,""2005"":580,""2006"":645,""2007"":692,""2008"":590,""2009"":684,""2010"":606,""2011"":478,""2012"":467,""2013"":497,""2014"":506,""2015"":365,""2016"":359,""2017"":420,""2018"":445,""2019"":365,""2020"":309,""2021"":311,""2022"":302,""2023"":298,""2024"":252,""2025"":243,""2026"":191}"
Hari Balakrishnan,https://scholar.google.com/citations?user=Qf4bw4UAAAAJ,2026-09-16,MIT,"[""Networked computer systems"", ""wireless networks"", ""network architecture"", ""mobile computing""]",153433,130,274,23082,55,171,1999,"{""1999"":402,""2000"":616,""2001"":1094,""2002"":2213,""2003"":3403,""2004"":5027,""2005"":6227,""2006"":6677,""2007"":7364,""2008"":7396,""2009"":7771,""2010"":7943,""2011"":7475,""2012"":7868,""2013"":7990,""2014"":7977,""2015"":7827,""2016"":7739,""2017"":7027,""2018"":6689,""2019"":5933,""2020"":5302,""2021"":4908,""2022"":4578,""2023"":4025,""2024"":3704,""2025"":3499,""2026"":2362}"
Ian Munro,https://scholar.google.com/citations?user=O55rM6QAAAAJ,2026-09-16,"University Professor, University of Waterloo","[""Algorithms"", ""Data Structures"", ""Analysis of Algorithms""]",12208,55,158,2090,24,52,1987,"{""1987"":69,""1988"":82,""1989"":87,""1990"":87,""1991"":111,""1992"":115,""1993"":72,""1994"":88,""1995"":83,""1996"":123,""1997"":101,""1998"":83,""1999"":97,""2000"":69,""2001"":130,""2002"":139,""2003"":197,""2004"":273,""2005"":340,""2006"":349,""2007"":426,""2008"":469,""2009"":498,""2010"":457,""2011"":419,""2012"":408,""2013"":524,""2014"":538,""2015"":456,""2016"":530,""2017"":501,""2018"":511,""2019"":416,""2020"":418,""2021"":363,""2022"":327,""2023"":366,""2024"":375,""2025"":415,""2026"":244}"
J.J. Garcia-Luna-Aceves,https://scholar.google.com/citations?user=wLtmXGQAAAAJ,2026-09-16,"Professor & CERC, University of Toronto; Distinguished Professor Emeritus, UC Santa Cruz","[""routing"", ""Internet"", ""wireless networks"", ""computer networks"", ""network security""]",40116,103,409,2846,21,59,1996,"{""1996"":136,""1997"":266,""1998"":418,""1999"":649,""2000"":742,""2001"":731,""2002"":1048,""2003"":1251,""2004"":1630,""2005"":1830,""2006"":2122,""2007"":1986,""2008"":1988,""2009"":2163,""2010"":2078,""2011"":1987,""2012"":1892,""2013"":1949,""2014"":1634,""2015"":1488,""2016"":1806,""2017"":1595,""2018"":2115,""2019"":1414,""2020"":1098,""2021"":719,""2022"":729,""2023"":398,""2024"":492,""2025"":366,""2026"":141}"
Jingsheng Jason Cong,https://scholar.google.com/citations?user=UVGe0gQAAAAJ,2026-09-16,"Volgenau Chair for Engineering Excellence, Computer Science and Electrical Engineering, University","[""customized computing"", ""FPGA"", ""electronic design automation"", ""quantum computing""]",44848,107,508,15508,60,241,1993,"{""1993"":191,""1994"":213,""1995"":309,""1996"":450,""1997"":376,""1998"":411,""1999"":409,""2000"":537,""2001"":581,""2002"":542,""2003"":739,""2004"":868,""2005"":1086,""2006"":1342,""2007"":1128,""2008"":1186,""2009"":1175,""2010"":997,""2011"":1045,""2012"":1231,""2013"":1299,""2014"":1377,""2015"":1492,""2016"":1566,""2017"":1745,""2018"":2080,""2019"":2039,""2020"":2278,""2021"":2571,""2022"":2553,""2023"":2679,""2024"":2721,""2025"":2829,""2026"":2137}"
Jennifer Rexford,https://scholar.google.com/citations?user=07ds-DAAAAAJ,2026-09-16,"Professor of Computer Science, Princeton University","[""Networking"", ""Computer Networks"", ""Internet Routing"", ""Network Management""]",74463,122,365,18166,60,203,1999,"{""1999"":202,""2000"":269,""2001"":487,""2002"":674,""2003"":750,""2004"":1088,""2005"":1207,""2006"":1109,""2007"":1325,""2008"":1293,""2009"":1860,""2010"":2068,""2011"":2349,""2012"":2750,""2013"":3637,""2014"":4323,""2015"":4943,""2016"":5739,""2017"":5152,""2018"":5062,""2019"":4667,""2020"":4176,""2021"":4052,""2022"":3594,""2023"":3165,""2024"":3077,""2025"":2672,""2026"":1601}"
Jitendra MALIK,https://scholar.google.com/citations?user=aOklxsQAAAAJ,2026-09-17,"Professor of EECS, UC Berkeley","[""computer vision"", ""machine learning"", ""robotics"", ""artificial intelligence"", ""computer graphics""]",368493,192,447,166807,136,345,1998,"{""1998"":1259,""1999"":1650,""2000"":1923,""2001"":2404,""2002"":2733,""2003"":3459,""2004"":4131,""2005"":5070,""2006"":5743,""2007"":6406,""2008"":7082,""2009"":7605,""2010"":8579,""2011"":9027,""2012"":9820,""2013"":10138,""2014"":10721,""2015"":11870,""2016"":13848,""2017"":14692,""2018"":16523,""2019"":18981,""2020"":20157,""2021"":22810,""2022"":23354,""2023"":25891,""2024"":30501,""2025"":36221,""2026"":27833}"
John C Mitchell,https://scholar.google.com/citations?user=1_kJPIEAAAAJ,2026-09-16,"Professor of Computer Science, Stanford University","[""Computer security"", ""programming languages"", ""mathematical logic"", ""education""]",37113,98,229,6800,36,107,1988,"{""1988"":106,""1989"":154,""1990"":219,""1991"":263,""1992"":294,""1993"":363,""1994"":437,""1995"":388,""1996"":459,""1997"":440,""1998"":444,""1999"":591,""2000"":539,""2001"":515,""2002"":632,""2003"":847,""2004"":883,""2005"":1126,""2006"":1287,""2007"":1430,""2008"":1402,""2009"":1356,""2010"":1351,""2011"":1316,""2012"":1479,""2013"":1370,""2014"":1592,""2015"":1480,""2016"":1480,""2017"":1406,""2018"":1396,""2019"":1284,""2020"":1195,""2021"":1082,""2022"":1002,""2023"":968,""2024"":1223,""2025"":1431,""2026"":1085}"
Jonathan Rose,https://scholar.google.com/citations?user=Icox8ecAAAAJ,2026-09-16,"Professor of Electrical and Computer Engineering, University of Toronto","[""Recent: Natural Language Processing and Software in the service of Mental Health"", ""Previous:FPGAs"", ""Architecture"", ""CAD""]",23176,67,153,3635,29,65,1991,"{""1991"":64,""1992"":110,""1993"":196,""1994"":270,""1995"":238,""1996"":272,""1997"":273,""1998"":352,""1999"":431,""2000"":411,""2001"":412,""2002"":423,""2003"":629,""2004"":655,""2005"":801,""2006"":764,""2007"":898,""2008"":973,""2009"":1012,""2010"":1027,""2011"":977,""2012"":1008,""2013"":929,""2014"":1048,""2015"":979,""2016"":908,""2017"":937,""2018"":876,""2019"":707,""2020"":636,""2021"":618,""2022"":525,""2023"":669,""2024"":682,""2025"":646,""2026"":491}"
Joseph A. Konstan,https://scholar.google.com/citations?user=PH4mytYAAAAJ,2026-09-16,University of Minnesota,"[""Human-Computer Interaction"", ""Recommender Systems"", ""Social Computing"", ""Human-Centered AI""]",90068,90,185,25604,51,121,2000,"{""2000"":274,""2001"":565,""2002"":730,""2003"":1007,""2004"":1494,""2005"":1627,""2006"":1918,""2007"":2199,""2008"":2719,""2009"":2953,""2010"":3426,""2011"":3492,""2012"":4049,""2013"":4164,""2014"":4262,""2015"":4436,""2016"":4513,""2017"":4564,""2018"":4930,""2019"":5027,""2020"":4744,""2021"":4696,""2022"":4492,""2023"":4209,""2024"":4531,""2025"":4486,""2026"":3174}"
Judith Olson,https://scholar.google.com/citations?user=xfwOz_kAAAAJ,2026-09-16,"Professor of Informatics, University of California Irvine","[""Human Computer Interaction"", ""Computer Supported Cooperative Work""]",17419,58,94,3331,27,50,1990,"{""1990"":56,""1991"":100,""1992"":115,""1993"":179,""1994"":156,""1995"":177,""1996"":184,""1997"":173,""1998"":209,""1999"":187,""2000"":265,""2001"":247,""2002"":320,""2003"":395,""2004"":446,""2005"":539,""2006"":629,""2007"":743,""2008"":733,""2009"":705,""2010"":753,""2011"":698,""2012"":748,""2013"":697,""2014"":615,""2015"":639,""2016"":610,""2017"":565,""2018"":563,""2019"":566,""2020"":610,""2021"":649,""2022"":641,""2023"":576,""2024"":573,""2025"":523,""2026"":368}"
Kathryn S McKinley,https://scholar.google.com/citations?user=Rt1a5-6vh4UC,2026-09-16,Google,"[""Programming Language Implementation""]",19707,74,171,3795,35,85,1991,"{""1991"":56,""1992"":85,""1993"":106,""1994"":112,""1995"":111,""1996"":152,""1997"":154,""1998"":231,""1999"":221,""2000"":246,""2001"":247,""2002"":287,""2003"":364,""2004"":415,""2005"":507,""2006"":635,""2007"":642,""2008"":630,""2009"":688,""2010"":719,""2011"":819,""2012"":711,""2013"":879,""2014"":896,""2015"":1002,""2016"":1013,""2017"":916,""2018"":899,""2019"":1003,""2020"":882,""2021"":797,""2022"":693,""2023"":699,""2024"":640,""2025"":621,""2026"":345}"
Kenneth L. Clarkson,https://scholar.google.com/citations?user=F7ODi8QAAAAJ,2026-09-16,IBM Research,"[""Algorithms""]",12786,49,80,3350,31,53,1988,"{""1988"":64,""1989"":99,""1990"":104,""1991"":154,""1992"":198,""1993"":178,""1994"":187,""1995"":180,""1996"":163,""1997"":185,""1998"":182,""1999"":148,""2000"":192,""2001"":188,""2002"":153,""2003"":156,""2004"":214,""2005"":235,""2006"":223,""2007"":308,""2008"":302,""2009"":319,""2010"":358,""2011"":321,""2012"":370,""2013"":444,""2014"":508,""2015"":412,""2016"":465,""2017"":524,""2018"":517,""2019"":539,""2020"":612,""2021"":596,""2022"":573,""2023"":518,""2024"":609,""2025"":584,""2026"":466}"
Madhu Sudan,https://scholar.google.com/citations?user=D-RwB3YAAAAJ,2026-09-16,"Gordon McKay Professor of Computer Science, Harvard University",[],32554,71,177,7289,40,108,1994,"{""1994"":201,""1995"":284,""1996"":389,""1997"":469,""1998"":527,""1999"":498,""2000"":549,""2001"":644,""2002"":701,""2003"":766,""2004"":875,""2005"":1051,""2006"":1024,""2007"":1132,""2008"":1143,""2009"":1158,""2010"":1309,""2011"":1153,""2012"":1235,""2013"":1221,""2014"":1211,""2015"":1250,""2016"":1249,""2017"":1184,""2018"":1175,""2019"":1104,""2020"":1079,""2021"":1088,""2022"":1160,""2023"":1101,""2024"":1193,""2025"":1559,""2026"":1179}"
Mark S. Squillante,https://scholar.google.com/citations?user=ScmX2AcAAAAJ,2026-09-16,"Mathematical Sciences Department, IBM Research","[""Probability theory"", ""Stochastic optimization"", ""Stochastic optimal control"", ""Mathematical analysis"", ""Dynamical systems""]",7342,45,124,1397,18,34,1993,"{""1993"":39,""1994"":50,""1995"":98,""1996"":120,""1997"":121,""1998"":91,""1999"":101,""2000"":87,""2001"":141,""2002"":154,""2003"":174,""2004"":261,""2005"":231,""2006"":290,""2007"":282,""2008"":276,""2009"":288,""2010"":321,""2011"":271,""2012"":285,""2013"":339,""2014"":322,""2015"":292,""2016"":249,""2017"":230,""2018"":237,""2019"":230,""2020"":226,""2021"":232,""2022"":310,""2023"":214,""2024"":240,""2025"":238,""2026"":163}"
Martin Abadi,https://scholar.google.com/citations?user=vWTI60AAAAAJ,2026-09-16,"Research Scientist, Google, and Professor Emeritus, UC Santa Cruz","[""security"", ""programming languages and systems"", ""specification and verification""]",142869,107,325,68075,49,161,1993,"{""1993"":425,""1994"":521,""1995"":572,""1996"":742,""1997"":831,""1998"":1024,""1999"":1194,""2000"":1177,""2001"":1235,""2002"":1412,""2003"":1777,""2004"":1669,""2005"":2016,""2006"":2066,""2007"":2104,""2008"":1998,""2009"":1979,""2010"":1864,""2011"":1695,""2012"":1808,""2013"":1547,""2014"":1645,""2015"":1592,""2016"":2372,""2017"":4773,""2018"":8540,""2019"":11179,""2020"":12612,""2021"":13493,""2022"":12759,""2023"":12109,""2024"":11488,""2025"":11015,""2026"":7201}"
Michael Reiter,https://scholar.google.com/citations?user=GaRxukMAAAAJ,2026-09-16,"James B. Duke Distinguished Professor, Duke University","[""computer security"", ""distributed systems"", ""applied cryptography"", ""networking""]",47794,94,229,16353,48,128,1998,"{""1998"":209,""1999"":251,""2000"":333,""2001"":354,""2002"":470,""2003"":603,""2004"":730,""2005"":982,""2006"":1074,""2007"":1251,""2008"":1388,""2009"":1433,""2010"":1568,""2011"":1522,""2012"":1615,""2013"":1655,""2014"":1826,""2015"":1837,""2016"":1871,""2017"":2102,""2018"":2236,""2019"":2541,""2020"":2820,""2021"":2909,""2022"":2895,""2023"":2793,""2024"":2849,""2025"":2896,""2026"":2009}"
Michel Goemans,https://scholar.google.com/citations?user=nf_EnbAAAAAJ,2026-09-16,"RSA Professor of Mathematics, MIT",[],31442,49,89,6354,31,56,1991,"{""1991"":97,""1992"":143,""1993"":190,""1994"":280,""1995"":356,""1996"":374,""1997"":504,""1998"":636,""1999"":523,""2000"":563,""2001"":694,""2002"":769,""2003"":783,""2004"":844,""2005"":1028,""2006"":988,""2007"":1092,""2008"":1123,""2009"":1125,""2010"":1119,""2011"":1154,""2012"":1165,""2013"":1191,""2014"":1196,""2015"":1177,""2016"":1155,""2017"":1061,""2018"":1131,""2019"":1007,""2020"":1081,""2021"":1059,""2022"":1043,""2023"":994,""2024"":1054,""2025"":1177,""2026"":1027}"
Patrick Hanrahan,https://scholar.google.com/citations?user=RzEnQmgAAAAJ,2026-09-17,Stanford University,"[""computer graphics"", ""visualization"", ""parallel computing""]",66382,100,213,18279,46,130,1991,"{""1991"":186,""1992"":223,""1993"":305,""1994"":353,""1995"":515,""1996"":493,""1997"":597,""1998"":727,""1999"":696,""2000"":789,""2001"":955,""2002"":1253,""2003"":1387,""2004"":1638,""2005"":1882,""2006"":1806,""2007"":2126,""2008"":2151,""2009"":2349,""2010"":2324,""2011"":2166,""2012"":2213,""2013"":2168,""2014"":2204,""2015"":2194,""2016"":2410,""2017"":2337,""2018"":2654,""2019"":2828,""2020"":2881,""2021"":2988,""2022"":3051,""2023"":3140,""2024"":3476,""2025"":3333,""2026"":2143}"
Per Stenström,https://scholar.google.com/citations?user=wsMoM6cAAAAJ,2026-09-16,Chalmers University of Technology,"[""Computer architecture""]",11414,50,137,1777,18,41,1991,"{""1991"":29,""1992"":68,""1993"":101,""1994"":141,""1995"":212,""1996"":210,""1997"":259,""1998"":217,""1999"":201,""2000"":229,""2001"":153,""2002"":193,""2003"":193,""2004"":194,""2005"":203,""2006"":228,""2007"":275,""2008"":327,""2009"":472,""2010"":494,""2011"":588,""2012"":504,""2013"":516,""2014"":550,""2015"":535,""2016"":521,""2017"":484,""2018"":507,""2019"":430,""2020"":389,""2021"":347,""2022"":361,""2023"":275,""2024"":259,""2025"":312,""2026"":219}"
Richard Szeliski,https://scholar.google.com/citations?user=3_u1jHQAAAAJ,2026-09-16,"Google DeepMind + CSE, The University of Washington","[""Computer Vision"", ""Computer Graphics""]",118317,133,346,27522,58,198,1993,"{""1993"":292,""1994"":408,""1995"":406,""1996"":496,""1997"":636,""1998"":913,""1999"":1049,""2000"":1188,""2001"":1405,""2002"":1474,""2003"":1748,""2004"":2111,""2005"":2174,""2006"":2621,""2007"":2856,""2008"":3022,""2009"":3459,""2010"":4527,""2011"":5073,""2012"":5681,""2013"":6029,""2014"":6304,""2015"":6438,""2016"":6280,""2017"":5923,""2018"":5511,""2019"":5263,""2020"":5195,""2021"":5206,""2022"":4779,""2023"":4426,""2024"":4852,""2025"":4928,""2026"":3203}"
Rob A. Rutenbar,https://scholar.google.com/citations?user=avq8-1QAAAAJ,2026-09-16,"Professor of Computer Science and Electrical and Computer Engineering, University of Pittsburgh","[""VLSI"", ""Analog"", ""EDA"", ""Hardware"", ""AI""]",14723,62,156,2429,21,46,1988,"{""1988"":68,""1989"":101,""1990"":143,""1991"":129,""1992"":113,""1993"":143,""1994"":166,""1995"":217,""1996"":229,""1997"":161,""1998"":146,""1999"":248,""2000"":318,""2001"":280,""2002"":361,""2003"":406,""2004"":458,""2005"":483,""2006"":532,""2007"":479,""2008"":611,""2009"":601,""2010"":610,""2011"":563,""2012"":553,""2013"":596,""2014"":521,""2015"":521,""2016"":559,""2017"":492,""2018"":443,""2019"":425,""2020"":382,""2021"":414,""2022"":449,""2023"":421,""2024"":450,""2025"":435,""2026"":257}"
Sanjeev Arora,https://scholar.google.com/citations?user=RUP4S68AAAAJ,2026-09-16,"Professor of Computer Science, Princeton University","[""AI"", ""theory of deep learning"", ""theoretical computer science""]",49624,90,169,25282,69,139,1994,"{""1994"":137,""1995"":161,""1996"":226,""1997"":259,""1998"":349,""1999"":318,""2000"":327,""2001"":333,""2002"":371,""2003"":434,""2004"":406,""2005"":574,""2006"":603,""2007"":654,""2008"":641,""2009"":763,""2010"":817,""2011"":888,""2012"":1049,""2013"":1124,""2014"":1335,""2015"":1242,""2016"":1451,""2017"":1549,""2018"":2025,""2019"":2475,""2020"":3001,""2021"":3237,""2022"":3663,""2023"":3938,""2024"":4429,""2025"":5302,""2026"":4694}"
Stephen Cook,https://scholar.google.com/citations?user=VGxPtzIAAAAJ,2026-09-17,"Department of Computer Science, University of Toronto","[""Computational Complexity"", ""Proof Complexity""]",28365,56,99,6026,29,55,1987,"{""1987"":255,""1988"":341,""1989"":376,""1990"":414,""1991"":381,""1992"":436,""1993"":356,""1994"":407,""1995"":401,""1996"":414,""1997"":356,""1998"":376,""1999"":389,""2000"":377,""2001"":464,""2002"":406,""2003"":454,""2004"":546,""2005"":635,""2006"":647,""2007"":742,""2008"":695,""2009"":798,""2010"":807,""2011"":743,""2012"":844,""2013"":962,""2014"":811,""2015"":773,""2016"":916,""2017"":818,""2018"":839,""2019"":898,""2020"":807,""2021"":865,""2022"":933,""2023"":970,""2024"":927,""2025"":1157,""2026"":960}"
Tuomas Sandholm,https://scholar.google.com/citations?user=0DpK1EMAAAAJ,2026-09-16,"Angel Jordan University Professor of Computer Science, Carnegie Mellon University","[""Artificial intelligence"", ""auctions"", ""market design"", ""game theory"", ""mechanism design""]",39121,101,364,12428,53,227,1996,"{""1996"":103,""1997"":135,""1998"":261,""1999"":410,""2000"":548,""2001"":657,""2002"":887,""2003"":999,""2004"":1114,""2005"":1179,""2006"":1266,""2007"":1416,""2008"":1274,""2009"":1311,""2010"":1314,""2011"":1174,""2012"":1203,""2013"":1238,""2014"":1205,""2015"":1330,""2016"":1110,""2017"":1162,""2018"":1377,""2019"":1522,""2020"":1767,""2021"":1865,""2022"":2028,""2023"":1924,""2024"":2263,""2025"":2386,""2026"":1951}"
Vivek Sarkar,https://scholar.google.com/citations?user=XjeIqxYAAAAJ,2026-09-16,"School of Computer Science, Georgia Institute of Technology","[""Parallel computing"", ""Programming languages"", ""Compilers"", ""Program Analysis"", ""Runtime Systems""]",22970,73,246,4345,29,112,1990,"{""1990"":85,""1991"":121,""1992"":148,""1993"":162,""1994"":234,""1995"":194,""1996"":178,""1997"":167,""1998"":189,""1999"":262,""2000"":352,""2001"":380,""2002"":405,""2003"":452,""2004"":511,""2005"":515,""2006"":595,""2007"":639,""2008"":587,""2009"":752,""2010"":893,""2011"":1051,""2012"":1127,""2013"":1111,""2014"":1118,""2015"":1123,""2016"":1154,""2017"":1020,""2018"":1000,""2019"":943,""2020"":850,""2021"":924,""2022"":763,""2023"":730,""2024"":731,""2025"":786,""2026"":410}"
Bill Buxton,https://scholar.google.com/citations?user=yrWgTM8AAAAJ,2026-09-16,Microsoft Research,"[""HCI Design""]",9582,39,56,2141,18,28,1997,"{""1997"":25,""1998"":34,""1999"":33,""2000"":37,""2001"":53,""2002"":49,""2003"":73,""2004"":104,""2005"":90,""2006"":121,""2007"":160,""2008"":162,""2009"":431,""2010"":512,""2011"":543,""2012"":569,""2013"":575,""2014"":629,""2015"":504,""2016"":527,""2017"":519,""2018"":420,""2019"":451,""2020"":405,""2021"":398,""2022"":374,""2023"":330,""2024"":396,""2025"":353,""2026"":287}"
Xiaotie Deng,https://scholar.google.com/citations?user=OBUwP_oAAAAJ,2026-09-16,"Chair Professor of Computer Science, Peking University, Beijing, China","[""Algorithmic Game Theory"", ""Approximate Computing"", ""Parallel Computing"", ""Combinatorial Optimization""]",15588,58,191,4591,31,89,1994,"{""1994"":50,""1995"":44,""1996"":69,""1997"":90,""1998"":85,""1999"":83,""2000"":85,""2001"":116,""2002"":98,""2003"":158,""2004"":190,""2005"":252,""2006"":385,""2007"":444,""2008"":627,""2009"":673,""2010"":636,""2011"":646,""2012"":627,""2013"":602,""2014"":680,""2015"":635,""2016"":655,""2017"":664,""2018"":672,""2019"":677,""2020"":714,""2021"":707,""2022"":698,""2023"":658,""2024"":801,""2025"":959,""2026"":756}"
Anant Agarwal,https://scholar.google.com/citations?user=E6XXUFcAAAAJ,2026-09-16,"Founder and CEO of edX, Professor of Electrical Engineering and Computer Science at MIT","[""Online learning"", ""computer architecture"", ""computer systems"", ""parallel processing""]",27571,76,218,3556,30,80,1989,"{""1989"":125,""1990"":185,""1991"":285,""1992"":328,""1993"":575,""1994"":634,""1995"":731,""1996"":594,""1997"":606,""1998"":643,""1999"":591,""2000"":525,""2001"":502,""2002"":447,""2003"":498,""2004"":512,""2005"":531,""2006"":578,""2007"":726,""2008"":639,""2009"":854,""2010"":1231,""2011"":1161,""2012"":1270,""2013"":1184,""2014"":1242,""2015"":1221,""2016"":1264,""2017"":1083,""2018"":1028,""2019"":908,""2020"":744,""2021"":764,""2022"":840,""2023"":645,""2024"":604,""2025"":475,""2026"":228}"
Andrei Broder,https://scholar.google.com/citations?user=7b858c0AAAAJ,2026-09-16,"Distinguished Scientist, Google","[""Web ecosystems"", ""Computational advertising"", ""Web search"", ""User understanding"", ""Randomized algorithms""]",39949,70,176,7121,28,64,1996,"{""1996"":101,""1997"":114,""1998"":186,""1999"":235,""2000"":342,""2001"":478,""2002"":643,""2003"":781,""2004"":862,""2005"":1039,""2006"":1300,""2007"":1372,""2008"":1547,""2009"":1813,""2010"":2030,""2011"":2182,""2012"":2070,""2013"":2117,""2014"":2171,""2015"":2016,""2016"":1909,""2017"":1817,""2018"":1707,""2019"":1623,""2020"":1427,""2021"":1450,""2022"":1287,""2023"":1165,""2024"":1171,""2025"":1124,""2026"":924}"
Avrim Blum,https://scholar.google.com/citations?user=Jlv4MR4AAAAJ,2026-09-16,"Professor and Chief Academic Officer, Toyota Technological Institute at Chicago","[""Theoretical Computer Science"", ""Machine Learning"", ""Approximation Algorithms"", ""Algorithmic Game Theory"", ""Privacy""]",46088,85,188,12563,48,133,1993,"{""1993"":116,""1994"":205,""1995"":186,""1996"":225,""1997"":243,""1998"":320,""1999"":312,""2000"":402,""2001"":427,""2002"":509,""2003"":716,""2004"":861,""2005"":1093,""2006"":1219,""2007"":1386,""2008"":1608,""2009"":1639,""2010"":1650,""2011"":1675,""2012"":1755,""2013"":1822,""2014"":1887,""2015"":1886,""2016"":1984,""2017"":1957,""2018"":2185,""2019"":2255,""2020"":2258,""2021"":2371,""2022"":2185,""2023"":2255,""2024"":2196,""2025"":2033,""2026"":1519}"
Bud Mishra,https://scholar.google.com/citations?user=kXVBr20AAAAJ,2026-09-16,Professor of Computer Science and Mathematics,"[""Computer Science"", ""Mathematics"", ""Biology"", ""Finance"", ""Nano-Technology""]",18528,56,179,5242,25,58,1990,"{""1990"":47,""1991"":61,""1992"":82,""1993"":97,""1994"":123,""1995"":182,""1996"":121,""1997"":152,""1998"":127,""1999"":197,""2000"":221,""2001"":208,""2002"":236,""2003"":285,""2004"":377,""2005"":365,""2006"":492,""2007"":451,""2008"":407,""2009"":475,""2010"":410,""2011"":507,""2012"":689,""2013"":711,""2014"":730,""2015"":734,""2016"":761,""2017"":849,""2018"":929,""2019"":956,""2020"":945,""2021"":989,""2022"":1022,""2023"":837,""2024"":827,""2025"":893,""2026"":673}"
Daniel Huttenlocher,https://scholar.google.com/citations?user=q16KVs0AAAAJ,2026-09-16,Massachusetts Institute of Technology,"[""Computer Vision"", ""AI"", ""Social Networks""]",53080,73,136,10709,31,61,1992,"{""1992"":262,""1993"":300,""1994"":397,""1995"":418,""1996"":405,""1997"":477,""1998"":562,""1999"":542,""2000"":501,""2001"":549,""2002"":593,""2003"":643,""2004"":667,""2005"":852,""2006"":1024,""2007"":1229,""2008"":1416,""2009"":1676,""2010"":2084,""2011"":2353,""2012"":2630,""2013"":2917,""2014"":3058,""2015"":3182,""2016"":2996,""2017"":2774,""2018"":2496,""2019"":2328,""2020"":2026,""2021"":1954,""2022"":1900,""2023"":1793,""2024"":1776,""2025"":1911,""2026"":1350}"
Danny Dolev,https://scholar.google.com/citations?user=RAt7zSUAAAAJ,2026-09-16,"Professor of Computer Science, The Hebrew University","[""Distributed Computing"", ""Fault Tolerance"", ""Networking"", ""Security""]",32903,74,202,7557,29,60,1987,"{""1987"":192,""1988"":211,""1989"":287,""1990"":289,""1991"":251,""1992"":317,""1993"":380,""1994"":388,""1995"":421,""1996"":471,""1997"":477,""1998"":509,""1999"":564,""2000"":669,""2001"":635,""2002"":702,""2003"":854,""2004"":795,""2005"":974,""2006"":993,""2007"":983,""2008"":1068,""2009"":1047,""2010"":1084,""2011"":998,""2012"":1004,""2013"":929,""2014"":962,""2015"":885,""2016"":898,""2017"":804,""2018"":958,""2019"":1071,""2020"":1141,""2021"":1169,""2022"":1320,""2023"":1263,""2024"":1298,""2025"":1485,""2026"":1022}"
David Padua,https://scholar.google.com/citations?user=QaLf6bEAAAAJ,2026-09-16,"Professor Emeritus, University of Illinois at Urbana-Champaign","[""Compilers"", ""Parallel Computing""]",17267,65,173,1712,20,46,1987,"{""1987"":158,""1988"":234,""1989"":224,""1990"":303,""1991"":333,""1992"":373,""1993"":317,""1994"":395,""1995"":419,""1996"":447,""1997"":338,""1998"":426,""1999"":336,""2000"":399,""2001"":354,""2002"":314,""2003"":358,""2004"":415,""2005"":474,""2006"":457,""2007"":607,""2008"":484,""2009"":605,""2010"":558,""2011"":618,""2012"":649,""2013"":599,""2014"":635,""2015"":628,""2016"":544,""2017"":560,""2018"":557,""2019"":474,""2020"":411,""2021"":383,""2022"":359,""2023"":268,""2024"":282,""2025"":249,""2026"":171}"
Demetri Terzopoulos,https://scholar.google.com/citations?user=pKuBFaQAAAAJ,2026-09-16,"Distinguished Professor & Chancellor's Professor of Computer Science, UCLA","[""Computer Graphics"", ""Computer Vision"", ""Medical Image Analysis"", ""Computer-Aided Design"", ""Artificial Intelligence""]",81046,90,252,15111,43,114,1988,"{""1988"":263,""1989"":288,""1990"":482,""1991"":606,""1992"":696,""1993"":755,""1994"":1141,""1995"":1233,""1996"":1396,""1997"":1493,""1998"":1778,""1999"":1633,""2000"":2058,""2001"":2172,""2002"":2075,""2003"":2500,""2004"":2614,""2005"":3168,""2006"":3048,""2007"":3256,""2008"":3242,""2009"":3067,""2010"":3040,""2011"":2920,""2012"":2698,""2013"":2924,""2014"":2403,""2015"":2244,""2016"":2153,""2017"":1914,""2018"":1836,""2019"":1647,""2020"":1678,""2021"":2041,""2022"":2457,""2023"":2548,""2024"":2841,""2025"":3205,""2026"":1971}"
Edward W. Felten,https://scholar.google.com/citations?user=watx0IAAAAAJ,2026-09-16,"Robert E. Kahn Professor of Computer Science and Public Affairs, Princeton University","[""Computer Security"", ""Privacy"", ""Tech policy""]",31430,72,146,11529,38,67,1994,"{""1994"":101,""1995"":156,""1996"":352,""1997"":453,""1998"":565,""1999"":464,""2000"":457,""2001"":437,""2002"":475,""2003"":504,""2004"":522,""2005"":561,""2006"":521,""2007"":663,""2008"":642,""2009"":634,""2010"":653,""2011"":646,""2012"":690,""2013"":723,""2014"":818,""2015"":874,""2016"":1040,""2017"":1216,""2018"":1622,""2019"":1845,""2020"":1556,""2021"":1665,""2022"":1545,""2023"":1736,""2024"":2174,""2025"":2442,""2026"":1927}"
J. Eliot B. Moss,https://scholar.google.com/citations?user=yYtaDFUAAAAJ,2026-09-16,"Professor Emeritus of Information and Computer Sciences, University of Massachusetts Amherst","[""Programming languages"", ""transactions"", ""machine learning"", ""verification""]",14946,54,90,1698,16,24,1987,"{""1987"":88,""1988"":100,""1989"":107,""1990"":107,""1991"":113,""1992"":150,""1993"":177,""1994"":218,""1995"":241,""1996"":204,""1997"":241,""1998"":211,""1999"":257,""2000"":233,""2001"":182,""2002"":284,""2003"":234,""2004"":255,""2005"":331,""2006"":528,""2007"":601,""2008"":671,""2009"":717,""2010"":711,""2011"":742,""2012"":670,""2013"":657,""2014"":611,""2015"":667,""2016"":604,""2017"":528,""2018"":484,""2019"":455,""2020"":367,""2021"":324,""2022"":297,""2023"":306,""2024"":305,""2025"":285,""2026"":173}"
Eric Brewer,https://scholar.google.com/citations?user=BbzYzsgAAAAJ,2026-09-16,Google and UC Berkeley,"[""Internet and distributed systems"", ""developing regions""]",37833,80,169,6249,31,60,1995,"{""1995"":97,""1996"":170,""1997"":282,""1998"":422,""1999"":531,""2000"":570,""2001"":713,""2002"":870,""2003"":856,""2004"":1148,""2005"":1422,""2006"":1492,""2007"":1709,""2008"":1620,""2009"":1699,""2010"":1934,""2011"":1645,""2012"":1740,""2013"":1702,""2014"":1677,""2015"":1602,""2016"":1513,""2017"":1382,""2018"":1434,""2019"":1318,""2020"":1256,""2021"":1202,""2022"":1040,""2023"":982,""2024"":872,""2025"":1084,""2026"":1069}"
Gary M. Olson,https://scholar.google.com/citations?user=4XyoYbAAAAAJ,2026-09-16,"Dept. of Informatics, University of California, Irvine","[""Human Computer Interaction"", ""Computer Supported Cooperative Work""]",16963,61,119,2784,26,50,1988,"{""1988"":65,""1989"":77,""1990"":93,""1991"":111,""1992"":120,""1993"":200,""1994"":171,""1995"":236,""1996"":243,""1997"":191,""1998"":219,""1999"":209,""2000"":278,""2001"":272,""2002"":332,""2003"":447,""2004"":449,""2005"":536,""2006"":610,""2007"":663,""2008"":646,""2009"":640,""2010"":724,""2011"":637,""2012"":698,""2013"":716,""2014"":614,""2015"":582,""2016"":577,""2017"":538,""2018"":506,""2019"":499,""2020"":514,""2021"":554,""2022"":515,""2023"":488,""2024"":467,""2025"":448,""2026"":310}"
Georg Gottlob,https://scholar.google.com/citations?user=i72_SkUAAAAJ,2026-09-16,"Professor of Informatics, University of Calabria","[""Algorithms in Artificial Intelligence and Information Systems"", ""Databases"", ""Database Theory""]",31552,88,272,5996,38,111,1990,"{""1990"":116,""1991"":114,""1992"":162,""1993"":225,""1994"":276,""1995"":257,""1996"":291,""1997"":385,""1998"":303,""1999"":342,""2000"":331,""2001"":402,""2002"":424,""2003"":651,""2004"":758,""2005"":917,""2006"":1091,""2007"":1165,""2008"":1186,""2009"":1282,""2010"":1370,""2011"":1435,""2012"":1476,""2013"":1408,""2014"":1406,""2015"":1181,""2016"":1296,""2017"":1184,""2018"":1209,""2019"":1037,""2020"":1074,""2021"":936,""2022"":1164,""2023"":1040,""2024"":940,""2025"":1182,""2026"":729}"
HongJiang Zhang,https://scholar.google.com/citations?user=u6wmNbQAAAAJ,2026-09-16,Sourcecode Capital,"[""Multimedia Computing"", ""Pattern Recognition"", ""Computer Vision"", ""Image Processing"", ""Video Processing ..""]",76014,139,483,6949,39,132,1995,"{""1995"":209,""1996"":288,""1997"":453,""1998"":514,""1999"":589,""2000"":620,""2001"":794,""2002"":1196,""2003"":1834,""2004"":2344,""2005"":2869,""2006"":2860,""2007"":3273,""2008"":3857,""2009"":4330,""2010"":4749,""2011"":4460,""2012"":4637,""2013"":4724,""2014"":4644,""2015"":4035,""2016"":3797,""2017"":3230,""2018"":2967,""2019"":2653,""2020"":2252,""2021"":2016,""2022"":1608,""2023"":1248,""2024"":986,""2025"":787,""2026"":304}"
Lance Fortnow,https://scholar.google.com/citations?user=Yf5wVssAAAAJ,2026-09-16,Illinois Institute of Technology,"[""Computational Complexity""]",12984,51,115,2952,25,49,1990,"{""1990"":63,""1991"":119,""1992"":116,""1993"":146,""1994"":208,""1995"":194,""1996"":168,""1997"":195,""1998"":231,""1999"":229,""2000"":171,""2001"":208,""2002"":209,""2003"":310,""2004"":314,""2005"":336,""2006"":334,""2007"":377,""2008"":365,""2009"":382,""2010"":474,""2011"":447,""2012"":440,""2013"":456,""2014"":448,""2015"":416,""2016"":455,""2017"":432,""2018"":462,""2019"":501,""2020"":516,""2021"":422,""2022"":455,""2023"":477,""2024"":509,""2025"":615,""2026"":474}"
Larry Constantine,https://scholar.google.com/citations?user=sDomS30AAAAJ,2026-09-16,"Professor (ret.), University of Madeira","[""social psychology"", ""systems theory"", ""software engineering"", ""interaction design""]",15813,38,80,2435,16,21,1987,"{""1987"":133,""1988"":155,""1989"":142,""1990"":164,""1991"":188,""1992"":194,""1993"":226,""1994"":208,""1995"":203,""1996"":256,""1997"":221,""1998"":190,""1999"":232,""2000"":264,""2001"":305,""2002"":364,""2003"":467,""2004"":383,""2005"":431,""2006"":417,""2007"":535,""2008"":454,""2009"":498,""2010"":449,""2011"":501,""2012"":482,""2013"":558,""2014"":536,""2015"":456,""2016"":484,""2017"":477,""2018"":521,""2019"":480,""2020"":499,""2021"":456,""2022"":509,""2023"":427,""2024"":399,""2025"":390,""2026"":254}"
Marc Levoy,https://scholar.google.com/citations?user=gbVh3PEAAAAJ,2026-09-16,"Professor of Computer Science, Emeritus, Stanford University","[""Computer graphics"", ""computational photography""]",65278,80,142,14320,48,89,1990,"{""1990"":170,""1991"":222,""1992"":254,""1993"":231,""1994"":270,""1995"":357,""1996"":422,""1997"":597,""1998"":662,""1999"":734,""2000"":930,""2001"":1149,""2002"":1427,""2003"":1799,""2004"":1976,""2005"":2196,""2006"":2166,""2007"":2304,""2008"":2079,""2009"":2080,""2010"":1968,""2011"":2066,""2012"":2228,""2013"":2356,""2014"":2579,""2015"":2668,""2016"":2820,""2017"":2738,""2018"":2767,""2019"":2864,""2020"":2886,""2021"":2690,""2022"":2841,""2023"":2373,""2024"":2473,""2025"":2348,""2026"":1467}"
Martin Odersky,https://scholar.google.com/citations?user=LbRD9tEAAAAJ,2026-09-16,EPFL,"[""Programming Languages and Methods""]",15773,63,155,2395,26,69,1993,"{""1993"":50,""1994"":86,""1995"":104,""1996"":124,""1997"":166,""1998"":220,""1999"":198,""2000"":228,""2001"":230,""2002"":255,""2003"":267,""2004"":346,""2005"":333,""2006"":402,""2007"":436,""2008"":470,""2009"":430,""2010"":568,""2011"":633,""2012"":756,""2013"":783,""2014"":965,""2015"":895,""2016"":943,""2017"":960,""2018"":778,""2019"":883,""2020"":596,""2021"":457,""2022"":436,""2023"":452,""2024"":388,""2025"":334,""2026"":328}"
Michael F Cohen,https://scholar.google.com/citations?user=YAtwLpwAAAAJ,2026-09-16,Facebook,"[""Computer Graphics"", ""Computer Vision"", ""Image Based Rendering""]",65607,108,517,18727,54,192,1987,"{""1987"":179,""1988"":231,""1989"":245,""1990"":337,""1991"":367,""1992"":399,""1993"":499,""1994"":495,""1995"":615,""1996"":492,""1997"":645,""1998"":759,""1999"":762,""2000"":761,""2001"":808,""2002"":1051,""2003"":1151,""2004"":1278,""2005"":1279,""2006"":1554,""2007"":1687,""2008"":1585,""2009"":1831,""2010"":1859,""2011"":1966,""2012"":2234,""2013"":2376,""2014"":2412,""2015"":2460,""2016"":2505,""2017"":2452,""2018"":2316,""2019"":2558,""2020"":2876,""2021"":2761,""2022"":2689,""2023"":2278,""2024"":2244,""2025"":3424,""2026"":5230}"
Mitchell Wand,https://scholar.google.com/citations?user=Y0E0lsgAAAAJ,2026-09-16,"Professor of Computer Science, Northeastern University","[""programming languages"", ""semantics"", ""types""]",8189,44,91,612,13,19,1987,"{""1987"":80,""1988"":106,""1989"":123,""1990"":141,""1991"":220,""1992"":204,""1993"":197,""1994"":231,""1995"":199,""1996"":209,""1997"":198,""1998"":190,""1999"":233,""2000"":205,""2001"":206,""2002"":241,""2003"":274,""2004"":297,""2005"":364,""2006"":314,""2007"":340,""2008"":314,""2009"":301,""2010"":218,""2011"":203,""2012"":214,""2013"":175,""2014"":145,""2015"":153,""2016"":116,""2017"":140,""2018"":135,""2019"":125,""2020"":127,""2021"":126,""2022"":100,""2023"":114,""2024"":97,""2025"":94,""2026"":81}"
Monica S. Lam,https://scholar.google.com/citations?user=4hS0jZ8AAAAJ,2026-09-16,"Professor of Computer Science, Stanford University","[""Compilers"", ""natural language processing"", ""machine learning"", ""architecture"", ""computer-human interaction""]",49558,91,198,7843,35,97,1987,"{""1987"":127,""1988"":210,""1989"":212,""1990"":309,""1991"":364,""1992"":464,""1993"":669,""1994"":849,""1995"":927,""1996"":1000,""1997"":1061,""1998"":1093,""1999"":907,""2000"":930,""2001"":817,""2002"":761,""2003"":852,""2004"":952,""2005"":1149,""2006"":1147,""2007"":1382,""2008"":1253,""2009"":1278,""2010"":1415,""2011"":1559,""2012"":1720,""2013"":2132,""2014"":2269,""2015"":2405,""2016"":2532,""2017"":2291,""2018"":2183,""2019"":1981,""2020"":1713,""2021"":1524,""2022"":1368,""2023"":1116,""2024"":1201,""2025"":1402,""2026"":1220}"
Philip Wadler,https://scholar.google.com/citations?user=Iz-3VFQAAAAJ,2026-09-16,University of Edinburgh and IOHK/IOG,"[""Programming Languages"", ""Type Systems"", ""Functional Programming"", ""Formal Methods""]",29860,79,155,4520,34,77,1989,"{""1989"":97,""1990"":156,""1991"":255,""1992"":325,""1993"":511,""1994"":630,""1995"":714,""1996"":678,""1997"":603,""1998"":776,""1999"":745,""2000"":753,""2001"":814,""2002"":815,""2003"":833,""2004"":1002,""2005"":978,""2006"":944,""2007"":1187,""2008"":1096,""2009"":1096,""2010"":976,""2011"":896,""2012"":813,""2013"":830,""2014"":862,""2015"":802,""2016"":865,""2017"":865,""2018"":896,""2019"":1009,""2020"":806,""2021"":856,""2022"":806,""2023"":790,""2024"":765,""2025"":729,""2026"":574}"
Rajeev Alur,https://scholar.google.com/citations?user=ZvLa1RIAAAAJ,2026-09-16,"Zisman Family Professor of Computer and Information Science, University of Pennsylvania","[""Formal methods"", ""Trustworthy AI"", ""Cyber-physical systems"", ""Programming languages"", ""Logic in Computer Science""]",58390,101,259,11008,48,149,1993,"{""1993"":207,""1994"":396,""1995"":466,""1996"":591,""1997"":714,""1998"":828,""1999"":1057,""2000"":1107,""2001"":1237,""2002"":1371,""2003"":1722,""2004"":1769,""2005"":2081,""2006"":2041,""2007"":2187,""2008"":2244,""2009"":2226,""2010"":2202,""2011"":2214,""2012"":2095,""2013"":2306,""2014"":2160,""2015"":2320,""2016"":2177,""2017"":2227,""2018"":2166,""2019"":2156,""2020"":1943,""2021"":1943,""2022"":1925,""2023"":1930,""2024"":1926,""2025"":1878,""2026"":1397}"
Richard Hull,https://scholar.google.com/citations?user=Yd6uJAgAAAAJ,2026-09-16,"Principal Scientist, IC-FOODS","[""computer science"", ""databases"", ""web services"", ""business process management"", ""business artifacts""]",24729,57,158,3909,24,40,1987,"{""1987"":87,""1988"":104,""1989"":212,""1990"":297,""1991"":333,""1992"":415,""1993"":418,""1994"":352,""1995"":461,""1996"":396,""1997"":488,""1998"":484,""1999"":484,""2000"":488,""2001"":455,""2002"":468,""2003"":484,""2004"":570,""2005"":693,""2006"":714,""2007"":884,""2008"":777,""2009"":918,""2010"":817,""2011"":844,""2012"":996,""2013"":898,""2014"":836,""2015"":848,""2016"":868,""2017"":739,""2018"":799,""2019"":908,""2020"":779,""2021"":759,""2022"":791,""2023"":721,""2024"":649,""2025"":597,""2026"":392}"
rod downey,https://scholar.google.com/citations?user=9xo0qlMAAAAJ,2026-09-16,"Victoria University, Wellington","[""Logic"", ""Computability"", ""Complexity"", ""Algebra""]",19876,52,192,4226,21,59,1993,"{""1993"":96,""1994"":101,""1995"":112,""1996"":128,""1997"":142,""1998"":237,""1999"":191,""2000"":195,""2001"":211,""2002"":313,""2003"":429,""2004"":453,""2005"":439,""2006"":648,""2007"":648,""2008"":692,""2009"":733,""2010"":771,""2011"":808,""2012"":911,""2013"":942,""2014"":823,""2015"":866,""2016"":894,""2017"":799,""2018"":891,""2019"":788,""2020"":827,""2021"":743,""2022"":738,""2023"":609,""2024"":732,""2025"":789,""2026"":609}"
Tao Jiang,https://scholar.google.com/citations?user=XUhsCZwAAAAJ,2026-09-16,UC Riverside,"[""algorithms"", ""computational biology"", ""bioinformatics"", ""computational complexity"", ""formal languages""]",17772,72,185,4129,31,75,1993,"{""1993"":54,""1994"":71,""1995"":112,""1996"":95,""1997"":113,""1998"":138,""1999"":138,""2000"":187,""2001"":131,""2002"":257,""2003"":367,""2004"":504,""2005"":662,""2006"":665,""2007"":734,""2008"":759,""2009"":635,""2010"":748,""2011"":739,""2012"":697,""2013"":732,""2014"":777,""2015"":668,""2016"":740,""2017"":640,""2018"":662,""2019"":669,""2020"":671,""2021"":843,""2022"":779,""2023"":695,""2024"":718,""2025"":651,""2026"":442}"
Viktor K. Prasanna,https://scholar.google.com/citations?user=4FQXSP8AAAAJ,2026-09-16,University of Southern California,"[""parallel computation"", ""high performance computing"", ""reconfigurable computing"", ""data science"", ""energy efficient computing""]",32059,84,556,9967,44,194,1991,"{""1991"":83,""1992"":124,""1993"":203,""1994"":257,""1995"":298,""1996"":250,""1997"":297,""1998"":244,""1999"":316,""2000"":313,""2001"":232,""2002"":338,""2003"":333,""2004"":599,""2005"":807,""2006"":894,""2007"":991,""2008"":1026,""2009"":1003,""2010"":1086,""2011"":1066,""2012"":1072,""2013"":1171,""2014"":1169,""2015"":1256,""2016"":1216,""2017"":1135,""2018"":1259,""2019"":1254,""2020"":1300,""2021"":1398,""2022"":1661,""2023"":1675,""2024"":1913,""2025"":1914,""2026"":1396}"
Alexander L Wolf,https://scholar.google.com/citations?user=21FXjJgAAAAJ,2026-09-16,"Dean of Engineering, University of California, Santa Cruz","[""Software Engineering"", ""Distributed Systems"", ""Networking""]",22379,57,138,2459,16,22,1989,"{""1989"":70,""1990"":99,""1991"":94,""1992"":94,""1993"":121,""1994"":115,""1995"":147,""1996"":200,""1997"":234,""1998"":378,""1999"":406,""2000"":439,""2001"":639,""2002"":758,""2003"":806,""2004"":1060,""2005"":1102,""2006"":1158,""2007"":1109,""2008"":1028,""2009"":1031,""2010"":917,""2011"":906,""2012"":849,""2013"":889,""2014"":722,""2015"":636,""2016"":710,""2017"":681,""2018"":781,""2019"":675,""2020"":563,""2021"":487,""2022"":458,""2023"":399,""2024"":423,""2025"":405,""2026"":287}"
Alon Halevy,https://scholar.google.com/citations?user=F_MI0pcAAAAJ,2026-09-16,Google,"[""Database systems"", ""Web data management"", ""Artificial Intelligence""]",60535,111,273,9393,43,136,1996,"{""1996"":185,""1997"":354,""1998"":614,""1999"":922,""2000"":1157,""2001"":1379,""2002"":1652,""2003"":1886,""2004"":2224,""2005"":2552,""2006"":2688,""2007"":2819,""2008"":2911,""2009"":3083,""2010"":2922,""2011"":2693,""2012"":2701,""2013"":2708,""2014"":2570,""2015"":2401,""2016"":2385,""2017"":1853,""2018"":1747,""2019"":1839,""2020"":1753,""2021"":1504,""2022"":1535,""2023"":1567,""2024"":1698,""2025"":1815,""2026"":1255}"
Arvind,https://scholar.google.com/citations?user=_BqpjCgAAAAJ,2026-09-16,MIT,"[""Computer Architecture""]",8940,47,114,1941,14,22,1987,"{""1987"":70,""1988"":107,""1989"":104,""1990"":184,""1991"":227,""1992"":206,""1993"":218,""1994"":281,""1995"":272,""1996"":210,""1997"":218,""1998"":256,""1999"":182,""2000"":200,""2001"":131,""2002"":128,""2003"":142,""2004"":158,""2005"":147,""2006"":148,""2007"":223,""2008"":211,""2009"":157,""2010"":228,""2011"":229,""2012"":219,""2013"":205,""2014"":222,""2015"":200,""2016"":179,""2017"":192,""2018"":191,""2019"":267,""2020"":349,""2021"":423,""2022"":343,""2023"":374,""2024"":310,""2025"":279,""2026"":211}"
Charles E. Leiserson,https://scholar.google.com/citations?user=gWBoNCsAAAAJ,2026-09-16,MIT,"[""algorithms"", ""computer science and engineering"", ""graph drawing"", ""parallel computing"", ""performance engineering""]",113413,71,185,24086,36,79,1988,"{""1988"":365,""1989"":366,""1990"":340,""1991"":417,""1992"":546,""1993"":804,""1994"":976,""1995"":1067,""1996"":1213,""1997"":1239,""1998"":1431,""1999"":1528,""2000"":1529,""2001"":1577,""2002"":1864,""2003"":2242,""2004"":2542,""2005"":2907,""2006"":3306,""2007"":3797,""2008"":3988,""2009"":4207,""2010"":4483,""2011"":4473,""2012"":4467,""2013"":4699,""2014"":4759,""2015"":4349,""2016"":4288,""2017"":4143,""2018"":4127,""2019"":3945,""2020"":3919,""2021"":3879,""2022"":3847,""2023"":3842,""2024"":4203,""2025"":4736,""2026"":3568}"
Dianne P O'Leary,https://scholar.google.com/citations?user=5mXaSbgAAAAJ,2026-09-16,"Professor of Computer Science, University of Maryland","[""computational linear algebra and optimization"", ""scientific computing""]",20383,58,152,4785,27,55,1987,"{""1987"":90,""1988"":96,""1989"":124,""1990"":105,""1991"":109,""1992"":134,""1993"":104,""1994"":164,""1995"":142,""1996"":147,""1997"":153,""1998"":172,""1999"":159,""2000"":217,""2001"":211,""2002"":239,""2003"":280,""2004"":331,""2005"":397,""2006"":467,""2007"":491,""2008"":583,""2009"":662,""2010"":722,""2011"":754,""2012"":760,""2013"":917,""2014"":891,""2015"":877,""2016"":909,""2017"":904,""2018"":907,""2019"":886,""2020"":880,""2021"":881,""2022"":867,""2023"":768,""2024"":789,""2025"":825,""2026"":655}"
Eric Allender,https://scholar.google.com/citations?user=dQwv9e4AAAAJ,2026-09-16,Rutgers University,"[""Computational Complexity Theory""]",5769,44,82,1226,18,42,1988,"{""1988"":42,""1989"":43,""1990"":70,""1991"":71,""1992"":80,""1993"":96,""1994"":86,""1995"":91,""1996"":95,""1997"":108,""1998"":106,""1999"":71,""2000"":80,""2001"":120,""2002"":84,""2003"":125,""2004"":143,""2005"":114,""2006"":141,""2007"":186,""2008"":153,""2009"":182,""2010"":196,""2011"":138,""2012"":222,""2013"":164,""2014"":228,""2015"":146,""2016"":175,""2017"":189,""2018"":181,""2019"":206,""2020"":218,""2021"":198,""2022"":195,""2023"":258,""2024"":200,""2025"":204,""2026"":166}"
Heung-Yeung Shum,https://scholar.google.com/citations?user=9akH-n8AAAAJ,2026-09-16,Microsoft,"[""Computer Vision"", ""Computer Graphics""]",65491,120,381,19366,51,180,2000,"{""2000"":228,""2001"":385,""2002"":484,""2003"":797,""2004"":1127,""2005"":1565,""2006"":2082,""2007"":2400,""2008"":2434,""2009"":2674,""2010"":2882,""2011"":2846,""2012"":2910,""2013"":3024,""2014"":3043,""2015"":2947,""2016"":3021,""2017"":2764,""2018"":2579,""2019"":2520,""2020"":2351,""2021"":2230,""2022"":2261,""2023"":2355,""2024"":3291,""2025"":4845,""2026"":4334}"
jstrother moore,https://scholar.google.com/citations?user=91fyr68AAAAJ,2026-09-16,"Computer Science Dept, University of Texas at Austin","[""Formal Methods"", ""Theorem Proving"", ""Artificial Intelligence""]",16941,52,115,1780,21,33,1987,"{""1987"":119,""1988"":153,""1989"":203,""1990"":247,""1991"":221,""1992"":373,""1993"":306,""1994"":390,""1995"":305,""1996"":389,""1997"":353,""1998"":327,""1999"":370,""2000"":365,""2001"":385,""2002"":307,""2003"":502,""2004"":530,""2005"":638,""2006"":603,""2007"":629,""2008"":616,""2009"":652,""2010"":640,""2011"":461,""2012"":453,""2013"":567,""2014"":462,""2015"":423,""2016"":408,""2017"":394,""2018"":371,""2019"":348,""2020"":379,""2021"":339,""2022"":356,""2023"":278,""2024"":322,""2025"":310,""2026"":174}"
James R Larus,https://scholar.google.com/citations?user=xWZTGPUAAAAJ,2026-09-16,"Professor Emeritus, EPFL","[""Programming Languages"", ""Compilers"", ""Software Engineering"", ""Computer Architecture"", ""Computer Systems""]",27317,74,185,4739,34,83,1988,"{""1988"":84,""1989"":96,""1990"":70,""1991"":91,""1992"":120,""1993"":215,""1994"":398,""1995"":443,""1996"":519,""1997"":533,""1998"":600,""1999"":514,""2000"":388,""2001"":489,""2002"":515,""2003"":523,""2004"":560,""2005"":695,""2006"":668,""2007"":868,""2008"":740,""2009"":894,""2010"":948,""2011"":980,""2012"":922,""2013"":1053,""2014"":1025,""2015"":1088,""2016"":1197,""2017"":1171,""2018"":1207,""2019"":1225,""2020"":1195,""2021"":1192,""2022"":1030,""2023"":766,""2024"":693,""2025"":648,""2026"":407}"
John Laird,https://scholar.google.com/citations?user=ea6cjVUAAAAJ,2026-09-16,"Emeritus Professor of Computer Science and Engineering, University of Michigan","[""Artificial Intelligence""]",23493,62,185,4481,26,62,1987,"{""1987"":184,""1988"":170,""1989"":209,""1990"":321,""1991"":395,""1992"":679,""1993"":399,""1994"":408,""1995"":435,""1996"":340,""1997"":324,""1998"":359,""1999"":339,""2000"":287,""2001"":328,""2002"":368,""2003"":448,""2004"":572,""2005"":679,""2006"":703,""2007"":654,""2008"":737,""2009"":750,""2010"":672,""2011"":776,""2012"":910,""2013"":773,""2014"":836,""2015"":689,""2016"":717,""2017"":715,""2018"":781,""2019"":717,""2020"":691,""2021"":655,""2022"":718,""2023"":755,""2024"":687,""2025"":1057,""2026"":602}"
John Guttag,https://scholar.google.com/citations?user=TvyZkdwAAAAJ,2026-09-16,Unknown affiliation,[],38796,77,203,18069,47,118,1987,"{""1987"":252,""1988"":237,""1989"":289,""1990"":317,""1991"":341,""1992"":328,""1993"":325,""1994"":338,""1995"":371,""1996"":353,""1997"":338,""1998"":332,""1999"":478,""2000"":438,""2001"":429,""2002"":504,""2003"":425,""2004"":422,""2005"":474,""2006"":413,""2007"":425,""2008"":357,""2009"":423,""2010"":501,""2011"":515,""2012"":615,""2013"":640,""2014"":740,""2015"":771,""2016"":972,""2017"":1020,""2018"":1116,""2019"":1375,""2020"":1919,""2021"":2424,""2022"":2936,""2023"":2965,""2024"":3294,""2025"":3689,""2026"":2703}"
Kenneth D. Forbus,https://scholar.google.com/citations?user=IdRYT-8AAAAJ,2026-09-16,"Professor of Computer Science, Northwestern University","[""Artificial Intelligence""]",26171,70,254,4014,27,83,1987,"{""1987"":176,""1988"":264,""1989"":358,""1990"":439,""1991"":509,""1992"":570,""1993"":466,""1994"":558,""1995"":472,""1996"":442,""1997"":480,""1998"":466,""1999"":382,""2000"":416,""2001"":604,""2002"":450,""2003"":582,""2004"":633,""2005"":767,""2006"":739,""2007"":787,""2008"":810,""2009"":1020,""2010"":667,""2011"":866,""2012"":815,""2013"":834,""2014"":726,""2015"":682,""2016"":780,""2017"":924,""2018"":835,""2019"":919,""2020"":881,""2021"":702,""2022"":806,""2023"":796,""2024"":664,""2025"":642,""2026"":404}"
Laura Haas,https://scholar.google.com/citations?user=e9qUUSgAAAAJ,2026-09-16,University of Massachusetts Amherst,"[""Databases"", ""information integration"", ""data science""]",14430,50,85,1384,17,34,1987,"{""1987"":88,""1988"":86,""1989"":111,""1990"":146,""1991"":172,""1992"":139,""1993"":162,""1994"":147,""1995"":137,""1996"":145,""1997"":181,""1998"":240,""1999"":288,""2000"":263,""2001"":337,""2002"":410,""2003"":448,""2004"":468,""2005"":540,""2006"":507,""2007"":541,""2008"":493,""2009"":565,""2010"":567,""2011"":587,""2012"":495,""2013"":526,""2014"":617,""2015"":517,""2016"":506,""2017"":500,""2018"":648,""2019"":611,""2020"":401,""2021"":332,""2022"":311,""2023"":257,""2024"":213,""2025"":188,""2026"":83}"
C Lee Giles,https://scholar.google.com/citations?user=sAkg9T8AAAAJ,2026-09-16,Pennsylvania State University,"[""Information extraction"", ""search engines"", ""information retrieval"", ""deep learning"", ""digital libraries""]",66364,122,496,17068,58,270,1992,"{""1992"":205,""1993"":221,""1994"":338,""1995"":281,""1996"":265,""1997"":355,""1998"":497,""1999"":634,""2000"":1036,""2001"":1217,""2002"":1301,""2003"":1486,""2004"":1693,""2005"":1646,""2006"":1846,""2007"":1849,""2008"":1916,""2009"":2085,""2010"":1971,""2011"":2058,""2012"":2270,""2013"":2499,""2014"":2381,""2015"":2451,""2016"":2615,""2017"":2789,""2018"":3107,""2019"":3269,""2020"":3507,""2021"":3838,""2022"":3387,""2023"":3092,""2024"":2824,""2025"":2491,""2026"":1419}"
Lixia Zhang,https://scholar.google.com/citations?user=CZyWk8kAAAAJ,2026-09-16,"Professor of Computer Science, UCLA","[""Internet architecture"", ""network protocol design"", ""system security.""]",80028,113,370,9111,43,165,1992,"{""1992"":206,""1993"":297,""1994"":421,""1995"":598,""1996"":786,""1997"":1156,""1998"":1577,""1999"":1782,""2000"":2077,""2001"":2276,""2002"":2369,""2003"":2873,""2004"":3134,""2005"":3426,""2006"":3625,""2007"":3624,""2008"":3330,""2009"":3330,""2010"":3134,""2011"":2969,""2012"":2732,""2013"":2915,""2014"":2780,""2015"":2824,""2016"":3310,""2017"":3005,""2018"":3324,""2019"":2931,""2020"":2469,""2021"":2170,""2022"":1939,""2023"":1618,""2024"":1458,""2025"":1221,""2026"":700}"
M. Tamer Özsu,https://scholar.google.com/citations?user=dwxm_CoAAAAJ,2026-09-16,"University Professor, University of Waterloo","[""Database systems"", ""Distributed systems""]",25744,69,217,6058,35,79,1991,"{""1991"":82,""1992"":107,""1993"":224,""1994"":193,""1995"":259,""1996"":297,""1997"":373,""1998"":326,""1999"":323,""2000"":400,""2001"":301,""2002"":402,""2003"":470,""2004"":649,""2005"":664,""2006"":787,""2007"":807,""2008"":747,""2009"":887,""2010"":843,""2011"":851,""2012"":928,""2013"":813,""2014"":992,""2015"":1161,""2016"":1096,""2017"":1072,""2018"":1058,""2019"":1050,""2020"":1057,""2021"":1075,""2022"":1113,""2023"":1101,""2024"":1069,""2025"":1071,""2026"":620}"
Marianne Winslett,https://scholar.google.com/citations?user=v5LmxOQAAAAJ,2026-09-16,"Department of Computer Science, University of Illinois at Urbana-Champaign",[],12864,58,164,2396,24,44,1990,"{""1990"":33,""1991"":52,""1992"":64,""1993"":82,""1994"":127,""1995"":126,""1996"":179,""1997"":211,""1998"":145,""1999"":164,""2000"":131,""2001"":144,""2002"":191,""2003"":309,""2004"":299,""2005"":391,""2006"":508,""2007"":581,""2008"":545,""2009"":551,""2010"":602,""2011"":462,""2012"":470,""2013"":470,""2014"":463,""2015"":484,""2016"":488,""2017"":469,""2018"":519,""2019"":514,""2020"":483,""2021"":458,""2022"":439,""2023"":435,""2024"":458,""2025"":364,""2026"":238}"
Matthias Felleisen,https://scholar.google.com/citations?user=KP-Vo44AAAAJ,2026-09-16,none,"[""Programming Languages and Software Engineering""]",19137,67,144,3442,28,66,1988,"{""1988"":49,""1989"":56,""1990"":83,""1991"":122,""1992"":124,""1993"":215,""1994"":225,""1995"":266,""1996"":240,""1997"":262,""1998"":311,""1999"":300,""2000"":336,""2001"":341,""2002"":473,""2003"":464,""2004"":538,""2005"":626,""2006"":686,""2007"":694,""2008"":655,""2009"":739,""2010"":691,""2011"":555,""2012"":679,""2013"":664,""2014"":645,""2015"":725,""2016"":697,""2017"":755,""2018"":690,""2019"":812,""2020"":560,""2021"":542,""2022"":512,""2023"":644,""2024"":680,""2025"":668,""2026"":396}"
Michael L. Scott,https://scholar.google.com/citations?user=PzaBy-UAAAAJ,2026-09-16,"Arthur Gould Yates Professor Emeritus, Computer Science, Univ. of Rochester","[""Concurrency and Synchronization"", ""Parallel Computing"", ""Operating Systems"", ""Programming Languages""]",18799,65,158,2908,23,47,1988,"{""1988"":51,""1989"":63,""1990"":59,""1991"":132,""1992"":159,""1993"":240,""1994"":214,""1995"":235,""1996"":241,""1997"":206,""1998"":247,""1999"":226,""2000"":200,""2001"":196,""2002"":247,""2003"":300,""2004"":427,""2005"":435,""2006"":503,""2007"":647,""2008"":777,""2009"":797,""2010"":919,""2011"":964,""2012"":824,""2013"":853,""2014"":803,""2015"":961,""2016"":822,""2017"":717,""2018"":685,""2019"":657,""2020"":640,""2021"":627,""2022"":554,""2023"":535,""2024"":459,""2025"":426,""2026"":307}"
Mikhail Atallah,https://scholar.google.com/citations?user=uc8_eH0AAAAJ,2026-09-16,Distinguished Professor of Computer Science,"[""Information security"", ""algorithms""]",20677,72,208,3161,30,67,1987,"{""1987"":80,""1988"":160,""1989"":183,""1990"":212,""1991"":155,""1992"":232,""1993"":226,""1994"":235,""1995"":187,""1996"":172,""1997"":174,""1998"":180,""1999"":148,""2000"":152,""2001"":168,""2002"":177,""2003"":257,""2004"":399,""2005"":500,""2006"":569,""2007"":676,""2008"":640,""2009"":898,""2010"":881,""2011"":887,""2012"":942,""2013"":1068,""2014"":1064,""2015"":1054,""2016"":1012,""2017"":889,""2018"":905,""2019"":797,""2020"":763,""2021"":649,""2022"":546,""2023"":542,""2024"":580,""2025"":548,""2026"":295}"
Ming Li,https://scholar.google.com/citations?user=j1xcTB4AAAAJ,2026-09-16,"University Professor, University of Waterloo","[""Bioinformatics"", ""machine learning"", ""Kolmogorov complexity"", ""few shot learning"", ""information distance""]",45377,74,225,9481,35,86,1989,"{""1989"":122,""1990"":165,""1991"":139,""1992"":214,""1993"":240,""1994"":323,""1995"":365,""1996"":338,""1997"":355,""1998"":406,""1999"":381,""2000"":430,""2001"":503,""2002"":624,""2003"":1285,""2004"":1586,""2005"":1781,""2006"":1846,""2007"":2056,""2008"":2002,""2009"":1824,""2010"":1978,""2011"":1920,""2012"":1796,""2013"":1716,""2014"":1640,""2015"":1553,""2016"":1480,""2017"":1388,""2018"":1459,""2019"":1450,""2020"":1608,""2021"":1649,""2022"":1582,""2023"":1564,""2024"":1561,""2025"":1780,""2026"":1344}"
Ming-Syan Chen,https://scholar.google.com/citations?user=KTmCrFkAAAAJ,2026-09-16,"National Taiwan University, Taiwan","[""data mining"", ""database"", ""multimedia""]",28156,74,367,3804,28,103,1990,"{""1990"":98,""1991"":107,""1992"":170,""1993"":165,""1994"":181,""1995"":198,""1996"":256,""1997"":329,""1998"":406,""1999"":435,""2000"":566,""2001"":730,""2002"":814,""2003"":917,""2004"":1011,""2005"":1111,""2006"":1030,""2007"":1083,""2008"":1099,""2009"":1068,""2010"":1040,""2011"":1135,""2012"":1150,""2013"":1185,""2014"":1249,""2015"":1216,""2016"":1074,""2017"":1060,""2018"":1017,""2019"":923,""2020"":842,""2021"":772,""2022"":807,""2023"":670,""2024"":656,""2025"":565,""2026"":333}"
Nick McKeown,https://scholar.google.com/citations?user=SqMUez0AAAAJ,2026-09-16,Stanford University,"[""computer networks"", ""computer systems"", ""ML systems"", ""ML interconnects"", ""AI for Law""]",73296,103,227,17574,50,127,1998,"{""1998"":194,""1999"":307,""2000"":420,""2001"":562,""2002"":773,""2003"":1111,""2004"":987,""2005"":1112,""2006"":1208,""2007"":1277,""2008"":1319,""2009"":1439,""2010"":1630,""2011"":1709,""2012"":2352,""2013"":3353,""2014"":4307,""2015"":5205,""2016"":5676,""2017"":5329,""2018"":5219,""2019"":4954,""2020"":4161,""2021"":3930,""2022"":3596,""2023"":3030,""2024"":2816,""2025"":2603,""2026"":1597}"
Norman P. Jouppi,https://scholar.google.com/citations?user=GObyQBIAAAAJ,2026-09-16,Google,"[""Computer architecture""]",49660,100,253,15453,45,127,1988,"{""1988"":151,""1989"":146,""1990"":124,""1991"":212,""1992"":178,""1993"":222,""1994"":243,""1995"":317,""1996"":314,""1997"":328,""1998"":371,""1999"":384,""2000"":452,""2001"":516,""2002"":546,""2003"":726,""2004"":852,""2005"":902,""2006"":910,""2007"":962,""2008"":931,""2009"":1078,""2010"":1270,""2011"":1400,""2012"":1557,""2013"":1772,""2014"":2062,""2015"":2300,""2016"":2225,""2017"":2205,""2018"":2430,""2019"":2692,""2020"":2595,""2021"":2758,""2022"":2844,""2023"":2493,""2024"":2538,""2025"":2949,""2026"":1864}"
Kunle Olukotun,https://scholar.google.com/citations?user=IzXDyR8AAAAJ,2026-09-16,"Cadence Design Systems Professor of Computer Science, Stanford University","[""computer architecture"", ""parallel computing"", ""programming languages""]",27051,83,182,6078,41,97,1996,"{""1996"":76,""1997"":145,""1998"":169,""1999"":224,""2000"":259,""2001"":234,""2002"":252,""2003"":268,""2004"":315,""2005"":576,""2006"":750,""2007"":943,""2008"":1056,""2009"":1276,""2010"":1194,""2011"":1370,""2012"":1366,""2013"":1234,""2014"":1348,""2015"":1248,""2016"":1314,""2017"":1275,""2018"":1191,""2019"":1230,""2020"":1121,""2021"":1131,""2022"":1087,""2023"":1013,""2024"":863,""2025"":970,""2026"":1003}"
Phillip Gibbons,https://scholar.google.com/citations?user=F9kqUXkAAAAJ,2026-09-16,Carnegie Mellon University,"[""parallel computing"", ""databases/big data/cloud computing"", ""distributed/sensor systems"", ""computer architecture""]",49739,88,218,24083,45,129,1993,"{""1993"":159,""1994"":187,""1995"":181,""1996"":242,""1997"":220,""1998"":319,""1999"":303,""2000"":279,""2001"":302,""2002"":420,""2003"":538,""2004"":632,""2005"":783,""2006"":890,""2007"":1036,""2008"":1129,""2009"":1197,""2010"":1286,""2011"":1276,""2012"":1208,""2013"":1255,""2014"":1271,""2015"":1341,""2016"":1540,""2017"":1391,""2018"":1614,""2019"":1670,""2020"":2202,""2021"":2779,""2022"":3454,""2023"":3744,""2024"":4153,""2025"":5291,""2026"":4658}"
Roch Guerin,https://scholar.google.com/citations?user=54w2_AcAAAAJ,2026-09-16,"Professor or Computer Science & Engineering, Washington University in St. Louis","[""networking"", ""protocols"", ""network economics"", ""computer science""]",36508,65,164,1702,19,32,1992,"{""1992"":94,""1993"":167,""1994"":267,""1995"":336,""1996"":384,""1997"":496,""1998"":758,""1999"":880,""2000"":1029,""2001"":1113,""2002"":1781,""2003"":2078,""2004"":2285,""2005"":2566,""2006"":2641,""2007"":2449,""2008"":2085,""2009"":1878,""2010"":1695,""2011"":1524,""2012"":1294,""2013"":1091,""2014"":936,""2015"":836,""2016"":652,""2017"":592,""2018"":513,""2019"":465,""2020"":375,""2021"":413,""2022"":402,""2023"":242,""2024"":279,""2025"":249,""2026"":116}"
Stanley Zdonik,https://scholar.google.com/citations?user=k3YaoIEAAAAJ,2026-09-16,Brown University,[],34246,84,172,4234,29,66,1988,"{""1988"":119,""1989"":178,""1990"":345,""1991"":536,""1992"":592,""1993"":666,""1994"":534,""1995"":565,""1996"":529,""1997"":493,""1998"":529,""1999"":531,""2000"":560,""2001"":518,""2002"":563,""2003"":682,""2004"":884,""2005"":1002,""2006"":1119,""2007"":1172,""2008"":1102,""2009"":1318,""2010"":1227,""2011"":1320,""2012"":1286,""2013"":1356,""2014"":1346,""2015"":1409,""2016"":1502,""2017"":1407,""2018"":1736,""2019"":1163,""2020"":1029,""2021"":918,""2022"":821,""2023"":677,""2024"":691,""2025"":668,""2026"":456}"
Susan Dumais,https://scholar.google.com/citations?user=x8dED5cAAAAJ,2026-09-16,"Technical Fellow, Microsoft Research","[""Information Retrieval"", ""Human-Computer Interaction""]",102105,123,299,21121,49,174,1994,"{""1994"":274,""1995"":319,""1996"":287,""1997"":467,""1998"":595,""1999"":623,""2000"":881,""2001"":1120,""2002"":1438,""2003"":1879,""2004"":2265,""2005"":2694,""2006"":2948,""2007"":3282,""2008"":3635,""2009"":3928,""2010"":3978,""2011"":4097,""2012"":4480,""2013"":4908,""2014"":5245,""2015"":5038,""2016"":5120,""2017"":4659,""2018"":4721,""2019"":4692,""2020"":4255,""2021"":4066,""2022"":3756,""2023"":3716,""2024"":3696,""2025"":3706,""2026"":2181}"
Thomas Henzinger,https://scholar.google.com/citations?user=jpgplxUAAAAJ,2026-09-16,IST Austria,"[""Theory of Software Systems""]",69775,124,384,12990,54,229,1993,"{""1993"":173,""1994"":326,""1995"":416,""1996"":508,""1997"":696,""1998"":805,""1999"":1040,""2000"":1121,""2001"":1263,""2002"":1349,""2003"":1810,""2004"":1951,""2005"":2423,""2006"":2453,""2007"":2705,""2008"":2864,""2009"":2904,""2010"":2988,""2011"":3033,""2012"":3096,""2013"":3042,""2014"":3004,""2015"":3058,""2016"":2786,""2017"":2648,""2018"":2569,""2019"":2482,""2020"":2113,""2021"":2139,""2022"":2327,""2023"":2348,""2024"":2246,""2025"":2209,""2026"":1710}"
Vern Paxson,https://scholar.google.com/citations?user=HvwPRJ0AAAAJ,2026-09-16,"Professor, EECS, University of California, Berkeley","[""Networking"", ""Security"", ""Measurement""]",79924,118,268,13713,59,156,1997,"{""1997"":335,""1998"":550,""1999"":861,""2000"":1203,""2001"":1580,""2002"":2210,""2003"":2859,""2004"":3169,""2005"":3616,""2006"":3743,""2007"":3795,""2008"":3532,""2009"":3324,""2010"":3299,""2011"":3209,""2012"":3250,""2013"":3237,""2014"":3225,""2015"":3002,""2016"":3112,""2017"":3044,""2018"":2966,""2019"":2838,""2020"":2540,""2021"":2588,""2022"":2118,""2023"":2064,""2024"":2173,""2025"":2632,""2026"":2137}"
William Gropp,https://scholar.google.com/citations?user=vB96fX8AAAAJ,2026-09-16,"Professor of Computer Science, University of Illinois","[""High performance computing"", ""HPC"", ""Parallel computing"", ""Scientific Computing""]",61174,90,360,13010,45,131,1994,"{""1994"":237,""1995"":263,""1996"":419,""1997"":526,""1998"":877,""1999"":994,""2000"":1066,""2001"":1135,""2002"":1189,""2003"":1425,""2004"":1598,""2005"":1736,""2006"":1905,""2007"":1979,""2008"":1831,""2009"":2079,""2010"":2002,""2011"":2197,""2012"":2275,""2013"":2407,""2014"":2518,""2015"":2651,""2016"":2619,""2017"":2500,""2018"":2728,""2019"":2637,""2020"":2333,""2021"":2471,""2022"":2332,""2023"":2203,""2024"":2032,""2025"":2281,""2026"":1682}"
Brad A. Myers,https://scholar.google.com/citations?user=E1cp_aYAAAAJ,2026-09-16,"Charles M. Geschke Director and Professor of Human-Computer Interaction, Carnegie Mellon University","[""Interaction Design"", ""Human-Computer Interaction"", ""HCI"", ""User Interfaces"", ""Software Engineering""]",43278,104,356,11124,51,164,1988,"{""1988"":112,""1989"":198,""1990"":292,""1991"":407,""1992"":406,""1993"":430,""1994"":448,""1995"":543,""1996"":508,""1997"":424,""1998"":462,""1999"":494,""2000"":513,""2001"":653,""2002"":712,""2003"":771,""2004"":1071,""2005"":1052,""2006"":1160,""2007"":1208,""2008"":1247,""2009"":1367,""2010"":1454,""2011"":1382,""2012"":1337,""2013"":1582,""2014"":1712,""2015"":1698,""2016"":1478,""2017"":1545,""2018"":1492,""2019"":1574,""2020"":1562,""2021"":1535,""2022"":1604,""2023"":1795,""2024"":2001,""2025"":2315,""2026"":1861}"
Christophe Diot,https://scholar.google.com/citations?user=wtMGHCQAAAAJ,2026-09-16,Data Nomad,"[""Network Telemetry""]",34534,84,199,3171,28,64,1997,"{""1997"":108,""1998"":164,""1999"":169,""2000"":255,""2001"":296,""2002"":434,""2003"":790,""2004"":1119,""2005"":1253,""2006"":1470,""2007"":1897,""2008"":1847,""2009"":1984,""2010"":2260,""2011"":2150,""2012"":2190,""2013"":2110,""2014"":2053,""2015"":1881,""2016"":1555,""2017"":1297,""2018"":1312,""2019"":1045,""2020"":892,""2021"":715,""2022"":725,""2023"":484,""2024"":480,""2025"":454,""2026"":313}"
Daniel Weld,https://scholar.google.com/citations?user=IUZgJogAAAAJ,2026-09-16,Allen Institute for AI & University of Washington,"[""Artificial Intelligence"", ""Human AI Interaction"", ""Crowdsourcing"", ""Information Extraction"", ""Planning""]",69198,107,271,30291,58,163,1992,"{""1992"":193,""1993"":224,""1994"":380,""1995"":388,""1996"":564,""1997"":580,""1998"":739,""1999"":793,""2000"":902,""2001"":920,""2002"":1022,""2003"":1261,""2004"":1328,""2005"":1462,""2006"":1322,""2007"":1380,""2008"":1379,""2009"":1609,""2010"":1649,""2011"":1734,""2012"":1864,""2013"":1817,""2014"":1817,""2015"":1781,""2016"":1997,""2017"":1872,""2018"":1932,""2019"":1981,""2020"":2831,""2021"":3599,""2022"":4018,""2023"":4526,""2024"":4979,""2025"":6420,""2026"":6712}"
David A. Wood,https://scholar.google.com/citations?user=UCiXhq4AAAAJ,2026-09-16,"University of Wisconsin, Madison","[""Computer architecture""]",29118,72,149,6051,29,64,1987,"{""1987"":94,""1988"":121,""1989"":144,""1990"":133,""1991"":119,""1992"":128,""1993"":161,""1994"":248,""1995"":381,""1996"":394,""1997"":454,""1998"":485,""1999"":358,""2000"":308,""2001"":270,""2002"":288,""2003"":368,""2004"":387,""2005"":467,""2006"":546,""2007"":749,""2008"":877,""2009"":963,""2010"":1051,""2011"":1087,""2012"":1052,""2013"":1215,""2014"":1245,""2015"":1483,""2016"":1518,""2017"":1548,""2018"":1449,""2019"":1316,""2020"":1208,""2021"":1134,""2022"":1090,""2023"":1061,""2024"":974,""2025"":1084,""2026"":707}"
David L. Dill,https://scholar.google.com/citations?user=uy8T6BYAAAAJ,2026-09-16,"Professor, Emeritus, of Computer Science, Stanford University","[""formal verification"", ""voting technology"", ""computational biology""]",51589,86,212,9884,36,81,1991,"{""1991"":193,""1992"":314,""1993"":492,""1994"":671,""1995"":840,""1996"":953,""1997"":1028,""1998"":1172,""1999"":1367,""2000"":1307,""2001"":1310,""2002"":1377,""2003"":1586,""2004"":1759,""2005"":1748,""2006"":1711,""2007"":1898,""2008"":1843,""2009"":1859,""2010"":1716,""2011"":1610,""2012"":1568,""2013"":1641,""2014"":1601,""2015"":1453,""2016"":1437,""2017"":1296,""2018"":1563,""2019"":1655,""2020"":1775,""2021"":1714,""2022"":1819,""2023"":1823,""2024"":1680,""2025"":1597,""2026"":1251}"
David Nicol,https://scholar.google.com/citations?user=HIJ4KNgAAAAJ,2026-09-16,"William and Mary, Dartmouth, University of Illinois","[""parallel processing"", ""simulation"", ""modeling"", ""security""]",24349,62,232,4104,24,62,1988,"{""1988"":73,""1989"":98,""1990"":145,""1991"":162,""1992"":187,""1993"":253,""1994"":318,""1995"":336,""1996"":338,""1997"":310,""1998"":338,""1999"":337,""2000"":333,""2001"":438,""2002"":442,""2003"":512,""2004"":632,""2005"":732,""2006"":751,""2007"":722,""2008"":817,""2009"":883,""2010"":903,""2011"":928,""2012"":998,""2013"":1070,""2014"":1048,""2015"":1049,""2016"":987,""2017"":957,""2018"":833,""2019"":874,""2020"":830,""2021"":809,""2022"":777,""2023"":665,""2024"":684,""2025"":696,""2026"":472}"
Dines Bjorner,https://scholar.google.com/citations?user=Ln22tW4AAAAJ,2026-09-16,"Professor Emeritus, DTU Informatics, Denmark","[""Programming Methodology"", ""Formal Methods""]",5811,36,116,687,12,15,1987,"{""1987"":114,""1988"":103,""1989"":110,""1990"":110,""1991"":136,""1992"":109,""1993"":121,""1994"":75,""1995"":61,""1996"":71,""1997"":58,""1998"":67,""1999"":50,""2000"":105,""2001"":64,""2002"":76,""2003"":117,""2004"":85,""2005"":104,""2006"":205,""2007"":142,""2008"":300,""2009"":245,""2010"":273,""2011"":182,""2012"":167,""2013"":179,""2014"":136,""2015"":162,""2016"":141,""2017"":168,""2018"":372,""2019"":159,""2020"":128,""2021"":182,""2022"":65,""2023"":121,""2024"":97,""2025"":104,""2026"":117}"
Eli Upfal,https://scholar.google.com/citations?user=O_7MVDIAAAAJ,2026-09-16,"Computer Science Professor, Brown University","[""Design and Analysis of Algorithms"", ""Randomized Algorithms"", ""Probabilistic Analysis"", ""Machine Learning"", ""Computational Statistics""]",23434,64,153,6350,35,81,1987,"{""1987"":69,""1988"":100,""1989"":144,""1990"":136,""1991"":142,""1992"":149,""1993"":169,""1994"":211,""1995"":183,""1996"":250,""1997"":232,""1998"":243,""1999"":210,""2000"":217,""2001"":240,""2002"":331,""2003"":373,""2004"":421,""2005"":485,""2006"":527,""2007"":544,""2008"":571,""2009"":575,""2010"":660,""2011"":667,""2012"":764,""2013"":823,""2014"":856,""2015"":912,""2016"":975,""2017"":1017,""2018"":1145,""2019"":1123,""2020"":1170,""2021"":1153,""2022"":1114,""2023"":1045,""2024"":1084,""2025"":1079,""2026"":875}"
Gerhard Weikum,https://scholar.google.com/citations?user=vNAD0mAAAAAJ,2026-09-16,"Professor of Computer Science, Max Planck Institute for Informatics, Saarland Informatics Campus","[""Databases"", ""Data Mining"", ""Information Retrieval"", ""Web Data Management"", ""Knowledge Bases""]",52409,109,477,15542,55,197,1992,"{""1992"":134,""1993"":201,""1994"":193,""1995"":191,""1996"":216,""1997"":280,""1998"":268,""1999"":389,""2000"":337,""2001"":351,""2002"":473,""2003"":495,""2004"":572,""2005"":817,""2006"":955,""2007"":1188,""2008"":1216,""2009"":1578,""2010"":1772,""2011"":1974,""2012"":2332,""2013"":2386,""2014"":2465,""2015"":2358,""2016"":2565,""2017"":2439,""2018"":2546,""2019"":2559,""2020"":2651,""2021"":3066,""2022"":2868,""2023"":2860,""2024"":2831,""2025"":2445,""2026"":1460}"
Hui Zhang,https://scholar.google.com/citations?user=UMll0FcAAAAJ,2026-09-16,"Carnegie Mellon University, Conviva","[""computer networks"", ""streaming"", ""multicast"", ""big data""]",40280,91,189,4332,35,78,1994,"{""1994"":206,""1995"":295,""1996"":426,""1997"":624,""1998"":762,""1999"":933,""2000"":987,""2001"":1196,""2002"":1378,""2003"":1701,""2004"":1873,""2005"":2087,""2006"":1986,""2007"":2166,""2008"":2015,""2009"":1979,""2010"":1843,""2011"":1547,""2012"":1423,""2013"":1268,""2014"":1236,""2015"":1245,""2016"":1352,""2017"":1315,""2018"":1261,""2019"":1083,""2020"":1003,""2021"":890,""2022"":794,""2023"":727,""2024"":743,""2025"":724,""2026"":454}"
Jennifer Widom,https://scholar.google.com/citations?user=zdKmnYwAAAAJ,2026-09-16,"Professor of Computer Science, Stanford University","[""Database and Information Management""]",63936,104,215,5534,32,80,1993,"{""1993"":171,""1994"":287,""1995"":436,""1996"":596,""1997"":975,""1998"":1132,""1999"":1504,""2000"":1649,""2001"":1919,""2002"":2297,""2003"":2466,""2004"":2559,""2005"":2882,""2006"":3128,""2007"":3216,""2008"":2926,""2009"":3285,""2010"":3092,""2011"":2740,""2012"":2646,""2013"":2618,""2014"":2369,""2015"":2384,""2016"":2378,""2017"":2107,""2018"":2006,""2019"":1684,""2020"":1474,""2021"":1280,""2022"":1059,""2023"":987,""2024"":850,""2025"":819,""2026"":539}"
Keith Cooper,https://scholar.google.com/citations?user=ubiUvvgAAAAJ,2026-09-16,"Professor of Computer Science, Rice University","[""Programming languages"", ""compilers"", ""optimization"", ""static analysis""]",9935,45,74,1263,16,25,1987,"{""1987"":42,""1988"":64,""1989"":76,""1990"":119,""1991"":146,""1992"":211,""1993"":159,""1994"":154,""1995"":228,""1996"":175,""1997"":148,""1998"":218,""1999"":169,""2000"":183,""2001"":172,""2002"":272,""2003"":314,""2004"":466,""2005"":443,""2006"":472,""2007"":502,""2008"":418,""2009"":384,""2010"":388,""2011"":300,""2012"":361,""2013"":272,""2014"":289,""2015"":236,""2016"":222,""2017"":214,""2018"":253,""2019"":187,""2020"":222,""2021"":215,""2022"":217,""2023"":217,""2024"":193,""2025"":245,""2026"":176}"
Krishna Palem,https://scholar.google.com/citations?user=TW6dnZUAAAAJ,2026-09-16,Ken and Audrey Kennedy Professor,"[""Embedded Computing"", ""Algorithms"", ""Probability and Statistics"", ""Electronic Circuit Design"", ""Low Power Computing""]",5094,40,80,669,14,18,1990,"{""1990"":16,""1991"":26,""1992"":58,""1993"":36,""1994"":67,""1995"":74,""1996"":71,""1997"":66,""1998"":63,""1999"":84,""2000"":115,""2001"":105,""2002"":88,""2003"":98,""2004"":108,""2005"":107,""2006"":146,""2007"":149,""2008"":198,""2009"":157,""2010"":181,""2011"":218,""2012"":180,""2013"":239,""2014"":273,""2015"":295,""2016"":261,""2017"":227,""2018"":262,""2019"":183,""2020"":181,""2021"":197,""2022"":150,""2023"":116,""2024"":87,""2025"":64,""2026"":55}"
Lui Sha,https://scholar.google.com/citations?user=SlXqNooAAAAJ,2026-09-16,"Professor of Computer Sceince, University of Illinois","[""real time and embedded systems""]",34375,74,237,5666,35,89,1989,"{""1989"":126,""1990"":209,""1991"":310,""1992"":388,""1993"":413,""1994"":493,""1995"":654,""1996"":507,""1997"":510,""1998"":466,""1999"":543,""2000"":471,""2001"":466,""2002"":488,""2003"":638,""2004"":877,""2005"":1055,""2006"":1104,""2007"":1211,""2008"":1278,""2009"":1209,""2010"":1247,""2011"":1286,""2012"":1264,""2013"":1353,""2014"":1394,""2015"":1348,""2016"":1411,""2017"":1473,""2018"":1379,""2019"":1399,""2020"":1232,""2021"":1138,""2022"":1029,""2023"":968,""2024"":901,""2025"":899,""2026"":730}"
Maurice Herlihy,https://scholar.google.com/citations?user=Ezrt3pkAAAAJ,2026-09-16,"An Wang Professor of Computer Science, Brown University","[""distributed computing"", ""blockchain""]",37620,78,240,7786,36,103,1987,"{""1987"":94,""1988"":112,""1989"":153,""1990"":229,""1991"":201,""1992"":305,""1993"":363,""1994"":425,""1995"":410,""1996"":399,""1997"":313,""1998"":348,""1999"":270,""2000"":319,""2001"":282,""2002"":330,""2003"":436,""2004"":481,""2005"":691,""2006"":894,""2007"":1091,""2008"":1345,""2009"":1507,""2010"":1795,""2011"":1811,""2012"":1554,""2013"":1584,""2014"":1663,""2015"":1826,""2016"":1685,""2017"":1545,""2018"":1683,""2019"":1611,""2020"":1447,""2021"":1440,""2022"":1449,""2023"":1335,""2024"":1334,""2025"":1307,""2026"":920}"
Michael Franklin,https://scholar.google.com/citations?user=p0sQC6sAAAAJ,2026-09-16,University of Chicago,"[""Data Management"", ""Database Systems"", ""Computer Systems"", ""Distributed Systems""]",79626,114,242,19229,55,137,1996,"{""1996"":289,""1997"":400,""1998"":461,""1999"":531,""2000"":582,""2001"":658,""2002"":962,""2003"":1428,""2004"":1920,""2005"":2224,""2006"":2485,""2007"":2407,""2008"":2475,""2009"":2421,""2010"":2234,""2011"":2029,""2012"":2242,""2013"":2259,""2014"":2803,""2015"":3645,""2016"":4818,""2017"":5036,""2018"":5328,""2019"":4903,""2020"":4373,""2021"":3918,""2022"":3301,""2023"":3127,""2024"":3111,""2025"":3347,""2026"":2414}"
Michael Wellman,https://scholar.google.com/citations?user=UruIct4AAAAJ,2026-09-16,"Professor of Computer Science & Engineering, University of Michigan","[""Artificial Intelligence"", ""Computational Finance"", ""Computational Game Theory""]",27574,78,226,7848,30,87,1990,"{""1990"":70,""1991"":67,""1992"":121,""1993"":154,""1994"":269,""1995"":225,""1996"":297,""1997"":303,""1998"":508,""1999"":633,""2000"":598,""2001"":741,""2002"":738,""2003"":815,""2004"":851,""2005"":963,""2006"":897,""2007"":1022,""2008"":957,""2009"":953,""2010"":794,""2011"":696,""2012"":747,""2013"":693,""2014"":611,""2015"":536,""2016"":523,""2017"":539,""2018"":688,""2019"":909,""2020"":1114,""2021"":1152,""2022"":1080,""2023"":1210,""2024"":1292,""2025"":1682,""2026"":1419}"
Mikkel Thorup,https://scholar.google.com/citations?user=UPBuOPIAAAAJ,2026-09-16,University of Copenhagen,"[""Algorithms and data structures""]",21510,72,185,4867,37,109,1996,"{""1996"":53,""1997"":111,""1998"":92,""1999"":95,""2000"":182,""2001"":192,""2002"":313,""2003"":414,""2004"":609,""2005"":835,""2006"":810,""2007"":1015,""2008"":991,""2009"":872,""2010"":932,""2011"":895,""2012"":897,""2013"":902,""2014"":818,""2015"":838,""2016"":845,""2017"":874,""2018"":911,""2019"":847,""2020"":866,""2021"":849,""2022"":843,""2023"":785,""2024"":761,""2025"":869,""2026"":755}"
Ophir Frieder,https://scholar.google.com/citations?user=uUXCSMkAAAAJ,2026-09-16,Georgetown University,[],21085,67,273,4868,34,99,1991,"{""1991"":55,""1992"":79,""1993"":98,""1994"":81,""1995"":73,""1996"":84,""1997"":83,""1998"":75,""1999"":91,""2000"":148,""2001"":145,""2002"":280,""2003"":466,""2004"":552,""2005"":850,""2006"":809,""2007"":886,""2008"":1042,""2009"":1040,""2010"":966,""2011"":921,""2012"":889,""2013"":860,""2014"":844,""2015"":765,""2016"":798,""2017"":757,""2018"":700,""2019"":638,""2020"":787,""2021"":923,""2022"":973,""2023"":935,""2024"":907,""2025"":776,""2026"":351}"
Phokion Kolaitis,https://scholar.google.com/citations?user=cqnovfEAAAAJ,2026-09-16,"Distinguished Professor Emeritus, University of California Santa Cuz","[""Database systems"", ""logic in computer science""]",11838,54,117,2187,23,56,1990,"{""1990"":52,""1991"":40,""1992"":86,""1993"":84,""1994"":113,""1995"":178,""1996"":119,""1997"":149,""1998"":116,""1999"":110,""2000"":88,""2001"":110,""2002"":131,""2003"":141,""2004"":254,""2005"":266,""2006"":296,""2007"":382,""2008"":439,""2009"":540,""2010"":583,""2011"":597,""2012"":563,""2013"":626,""2014"":555,""2015"":497,""2016"":482,""2017"":514,""2018"":448,""2019"":464,""2020"":409,""2021"":379,""2022"":396,""2023"":420,""2024"":368,""2025"":380,""2026"":243}"
Robert Harper,https://scholar.google.com/citations?user=sCPRIK0AAAAJ,2026-09-16,"Professor of Computer Science, Carnegie Mellon University","[""programming languages""]",21459,59,147,2872,26,61,1988,"{""1988"":101,""1989"":158,""1990"":204,""1991"":297,""1992"":444,""1993"":483,""1994"":599,""1995"":511,""1996"":662,""1997"":599,""1998"":684,""1999"":645,""2000"":604,""2001"":610,""2002"":711,""2003"":634,""2004"":748,""2005"":797,""2006"":737,""2007"":858,""2008"":727,""2009"":717,""2010"":608,""2011"":492,""2012"":550,""2013"":507,""2014"":470,""2015"":450,""2016"":453,""2017"":478,""2018"":464,""2019"":549,""2020"":473,""2021"":528,""2022"":432,""2023"":433,""2024"":461,""2025"":608,""2026"":409}"
Roy Want,https://scholar.google.com/citations?user=z_p2Kr8AAAAJ,2026-09-16,"Principal Scientist, Google","[""Mobile and Ubiquitous Computing""]",43278,83,191,4446,28,76,1997,"{""1997"":112,""1998"":191,""1999"":302,""2000"":351,""2001"":510,""2002"":901,""2003"":1118,""2004"":1483,""2005"":1763,""2006"":2058,""2007"":2200,""2008"":2184,""2009"":2351,""2010"":2636,""2011"":2373,""2012"":2328,""2013"":2284,""2014"":2266,""2015"":2233,""2016"":2000,""2017"":1975,""2018"":1631,""2019"":1580,""2020"":1241,""2021"":1147,""2022"":992,""2023"":711,""2024"":678,""2025"":636,""2026"":281}"
Surajit Chaudhuri,https://scholar.google.com/citations?user=ermwnH0AAAAJ,2026-09-16,Microsoft Research,"[""Database Systems"", ""Data Analytics""]",47999,107,358,10276,50,198,1997,"{""1997"":227,""1998"":347,""1999"":517,""2000"":572,""2001"":734,""2002"":899,""2003"":1003,""2004"":1109,""2005"":1322,""2006"":1440,""2007"":1777,""2008"":1703,""2009"":2082,""2010"":2217,""2011"":2111,""2012"":2126,""2013"":2036,""2014"":2185,""2015"":2127,""2016"":2164,""2017"":2090,""2018"":1976,""2019"":2061,""2020"":2011,""2021"":1869,""2022"":1802,""2023"":1571,""2024"":1723,""2025"":1883,""2026"":1421}"
T. V. Lakshman,https://scholar.google.com/citations?user=EzDbOKoAAAAJ,2026-09-16,"Bell Labs, Nokia","[""Networking"", ""Distributed Systems"", ""Machine Learning"", ""Cloud Computing""]",29452,84,225,4892,34,97,1995,"{""1995"":111,""1996"":200,""1997"":264,""1998"":410,""1999"":557,""2000"":647,""2001"":700,""2002"":865,""2003"":1020,""2004"":1161,""2005"":1118,""2006"":1173,""2007"":1022,""2008"":908,""2009"":972,""2010"":947,""2011"":899,""2012"":925,""2013"":1011,""2014"":1096,""2015"":1237,""2016"":1263,""2017"":1272,""2018"":1518,""2019"":1435,""2020"":1304,""2021"":1320,""2022"":1277,""2023"":649,""2024"":714,""2025"":615,""2026"":311}"
Thomas Anderson,https://scholar.google.com/citations?user=MYqlcPgAAAAJ,2026-09-16,"Warren Francis and Wilma Kolm Bradley Chair, CSE, University of Washington","[""Distributed Systems"", ""Networking"", ""Operating Systems""]",63417,101,198,10601,45,112,1992,"{""1992"":171,""1993"":314,""1994"":391,""1995"":484,""1996"":590,""1997"":782,""1998"":890,""1999"":1027,""2000"":1010,""2001"":1158,""2002"":1424,""2003"":1660,""2004"":1869,""2005"":1926,""2006"":1889,""2007"":2077,""2008"":1910,""2009"":2098,""2010"":2246,""2011"":2391,""2012"":2457,""2013"":2710,""2014"":2854,""2015"":3160,""2016"":3327,""2017"":2943,""2018"":2935,""2019"":2693,""2020"":2289,""2021"":2273,""2022"":2058,""2023"":1730,""2024"":1687,""2025"":1730,""2026"":1121}"
Thomas Reps,https://scholar.google.com/citations?user=pwhyTq0AAAAJ,2026-09-16,"J. Barkley Rosser Professor & Rajiv and Ritu Batra Chair Emeritus, CS Dept., Univ. of Wisconsin","[""Programming Languages"", ""Program Analysis"", ""Computer Security"", ""Program Verification"", ""Program Synthesis""]",30162,86,223,5196,39,108,1987,"{""1987"":175,""1988"":278,""1989"":274,""1990"":298,""1991"":325,""1992"":355,""1993"":322,""1994"":322,""1995"":320,""1996"":401,""1997"":342,""1998"":385,""1999"":408,""2000"":445,""2001"":541,""2002"":545,""2003"":666,""2004"":805,""2005"":1090,""2006"":1062,""2007"":1212,""2008"":1157,""2009"":1153,""2010"":1222,""2011"":1017,""2012"":1025,""2013"":1182,""2014"":1043,""2015"":1047,""2016"":941,""2017"":940,""2018"":886,""2019"":941,""2020"":851,""2021"":971,""2022"":788,""2023"":865,""2024"":955,""2025"":892,""2026"":719}"
Uri Weiser,https://scholar.google.com/citations?user=ctN8BtoAAAAJ,2026-09-16,"Professor, Technion","[""Computer Architecture""]",8751,34,60,3115,23,28,1997,"{""1997"":84,""1998"":123,""1999"":107,""2000"":143,""2001"":132,""2002"":122,""2003"":111,""2004"":116,""2005"":132,""2006"":119,""2007"":135,""2008"":153,""2009"":147,""2010"":158,""2011"":181,""2012"":171,""2013"":212,""2014"":290,""2015"":339,""2016"":434,""2017"":441,""2018"":412,""2019"":523,""2020"":540,""2021"":538,""2022"":645,""2023"":610,""2024"":501,""2025"":514,""2026"":306}"
Vijay Vazirani,https://scholar.google.com/citations?user=8eB7Q1kAAAAJ,2026-09-16,"Distinguished Professor, Dept. of Computer Science, University of California, Irvine.","[""Algorithms"", ""Complexity Theory"", ""Theory of Computing""]",33633,62,120,8915,34,78,1988,"{""1988"":86,""1989"":99,""1990"":108,""1991"":121,""1992"":123,""1993"":150,""1994"":167,""1995"":207,""1996"":167,""1997"":169,""1998"":206,""1999"":192,""2000"":220,""2001"":301,""2002"":298,""2003"":443,""2004"":595,""2005"":710,""2006"":806,""2007"":919,""2008"":984,""2009"":1160,""2010"":1308,""2011"":1355,""2012"":1415,""2013"":1402,""2014"":1459,""2015"":1364,""2016"":1439,""2017"":1375,""2018"":1607,""2019"":1522,""2020"":1482,""2021"":1557,""2022"":1563,""2023"":1405,""2024"":1550,""2025"":1570,""2026"":1265}"
Vipin Kumar,https://scholar.google.com/citations?user=BnxU9TEAAAAJ,2026-09-16,University of Minnesota,"[""Data mining"", ""parallel computing"", ""high performance computing"", ""Artificial Intelligence"", ""machine""]",164991,143,769,53842,84,346,1994,"{""1994"":583,""1995"":596,""1996"":554,""1997"":917,""1998"":883,""1999"":1087,""2000"":1150,""2001"":1208,""2002"":1429,""2003"":1795,""2004"":2178,""2005"":2622,""2006"":2940,""2007"":3283,""2008"":3575,""2009"":4309,""2010"":4678,""2011"":5249,""2012"":6006,""2013"":6476,""2014"":6967,""2015"":7222,""2016"":7769,""2017"":7968,""2018"":8304,""2019"":8667,""2020"":8951,""2021"":9232,""2022"":9286,""2023"":8996,""2024"":8983,""2025"":9820,""2026"":7497}"
Walter Willinger,https://scholar.google.com/citations?user=q33fP9sAAAAJ,2026-09-16,"NIKSUN, Inc., Northwestern University","[""Internet Measurement"", ""Internet Modeling"", ""Cyber Security""]",47592,82,177,5233,35,89,1994,"{""1994"":144,""1995"":406,""1996"":701,""1997"":930,""1998"":1096,""1999"":1266,""2000"":1460,""2001"":1544,""2002"":1906,""2003"":2118,""2004"":2298,""2005"":2278,""2006"":2360,""2007"":2394,""2008"":2127,""2009"":2034,""2010"":2004,""2011"":1754,""2012"":1835,""2013"":1811,""2014"":1576,""2015"":1385,""2016"":1410,""2017"":1270,""2018"":1127,""2019"":1125,""2020"":1069,""2021"":1139,""2022"":889,""2023"":846,""2024"":805,""2025"":916,""2026"":633}"
Allan Gottlieb,https://scholar.google.com/citations?user=0i78Y_EAAAAJ,2026-09-16,"Professor of Computer Science, NYU","[""Computer Science""]",5132,19,23,221,7,6,1987,"{""1987"":143,""1988"":172,""1989"":182,""1990"":205,""1991"":253,""1992"":231,""1993"":224,""1994"":218,""1995"":205,""1996"":195,""1997"":168,""1998"":154,""1999"":118,""2000"":106,""2001"":121,""2002"":109,""2003"":114,""2004"":115,""2005"":108,""2006"":92,""2007"":89,""2008"":107,""2009"":100,""2010"":91,""2011"":98,""2012"":106,""2013"":123,""2014"":103,""2015"":95,""2016"":61,""2017"":60,""2018"":68,""2019"":56,""2020"":44,""2021"":49,""2022"":48,""2023"":54,""2024"":20,""2025"":37,""2026"":13}"
Andrew A. Chien,https://scholar.google.com/citations?user=zkqz0_0AAAAJ,2026-09-16,"William Eckhardt Distinguished Service Professor of Computer Science, University of Chicago","[""computer architecture"", ""high-performance computing"", ""clouds"", ""sustainability"", ""data-intensive""]",17931,67,205,3182,29,50,1991,"{""1991"":71,""1992"":110,""1993"":208,""1994"":292,""1995"":342,""1996"":445,""1997"":538,""1998"":639,""1999"":576,""2000"":469,""2001"":441,""2002"":471,""2003"":448,""2004"":492,""2005"":605,""2006"":756,""2007"":761,""2008"":591,""2009"":590,""2010"":562,""2011"":450,""2012"":528,""2013"":458,""2014"":496,""2015"":554,""2016"":543,""2017"":502,""2018"":438,""2019"":527,""2020"":427,""2021"":428,""2022"":417,""2023"":457,""2024"":561,""2025"":755,""2026"":548}"
Bella Bose,https://scholar.google.com/citations?user=aFFq934AAAAJ,2026-09-16,Oregon State University,"[""Coding Theory"", ""Parallel Processing"", ""Computer Networks"", ""Falut-Tolerant Computing""]",5046,36,95,860,15,29,1988,"{""1988"":28,""1989"":52,""1990"":114,""1991"":83,""1992"":84,""1993"":60,""1994"":62,""1995"":50,""1996"":78,""1997"":64,""1998"":78,""1999"":67,""2000"":47,""2001"":47,""2002"":55,""2003"":90,""2004"":78,""2005"":112,""2006"":84,""2007"":103,""2008"":108,""2009"":178,""2010"":219,""2011"":222,""2012"":210,""2013"":300,""2014"":216,""2015"":210,""2016"":212,""2017"":235,""2018"":180,""2019"":176,""2020"":114,""2021"":133,""2022"":160,""2023"":164,""2024"":115,""2025"":140,""2026"":148}"
Benjamin W. Wah,https://scholar.google.com/citations?user=WL8igVEAAAAJ,2026-09-16,Chinese University of Hong Kong,"[""Artificial intelligence"", ""multimedia""]",15417,54,195,4778,17,30,1987,"{""1987"":168,""1988"":266,""1989"":250,""1990"":244,""1991"":199,""1992"":265,""1993"":230,""1994"":305,""1995"":210,""1996"":177,""1997"":192,""1998"":167,""1999"":192,""2000"":200,""2001"":244,""2002"":196,""2003"":256,""2004"":292,""2005"":366,""2006"":370,""2007"":419,""2008"":399,""2009"":413,""2010"":452,""2011"":413,""2012"":376,""2013"":316,""2014"":296,""2015"":291,""2016"":319,""2017"":368,""2018"":368,""2019"":374,""2020"":350,""2021"":429,""2022"":558,""2023"":626,""2024"":969,""2025"":1207,""2026"":988}"
Frans Kaashoek,https://scholar.google.com/citations?user=YCoLskoAAAAJ,2026-09-16,Massuchesetts Institute of Technology (MIT),"[""Computer Systems"", ""Operating systems"", ""Distributed Systems"", ""Security""]",65001,99,202,6118,41,95,1993,"{""1993"":199,""1994"":245,""1995"":369,""1996"":548,""1997"":654,""1998"":707,""1999"":637,""2000"":649,""2001"":792,""2002"":1495,""2003"":2366,""2004"":3163,""2005"":3762,""2006"":3764,""2007"":3911,""2008"":3850,""2009"":3986,""2010"":3758,""2011"":3304,""2012"":2994,""2013"":2781,""2014"":2447,""2015"":2296,""2016"":2262,""2017"":1978,""2018"":1792,""2019"":1540,""2020"":1391,""2021"":1259,""2022"":1100,""2023"":1140,""2024"":1015,""2025"":954,""2026"":648}"
Joel Emer,https://scholar.google.com/citations?user=mI3mfHcAAAAJ,2026-09-16,"Professor of the Practice, MIT - Sr. Distinguished Research Scientist, Nvidia","[""Computer Architecture""]",44094,78,184,24605,52,123,1997,"{""1997"":113,""1998"":155,""1999"":206,""2000"":185,""2001"":261,""2002"":271,""2003"":325,""2004"":405,""2005"":454,""2006"":492,""2007"":520,""2008"":592,""2009"":543,""2010"":653,""2011"":589,""2012"":672,""2013"":756,""2014"":825,""2015"":888,""2016"":926,""2017"":1130,""2018"":1776,""2019"":2677,""2020"":3437,""2021"":4025,""2022"":4194,""2023"":4367,""2024"":4357,""2025"":4510,""2026"":3147}"
Luca Cardelli,https://scholar.google.com/citations?user=npBTgSsAAAAJ,2026-09-16,University of Oxford,"[""Theory of programming languages"", ""Process algebra"", ""Systems Biology"", ""Molecular Programming""]",34643,84,215,3569,31,89,1987,"{""1987"":159,""1988"":271,""1989"":388,""1990"":520,""1991"":548,""1992"":584,""1993"":647,""1994"":657,""1995"":716,""1996"":794,""1997"":766,""1998"":925,""1999"":1057,""2000"":1001,""2001"":941,""2002"":1266,""2003"":1275,""2004"":1463,""2005"":1525,""2006"":1433,""2007"":1467,""2008"":1327,""2009"":1332,""2010"":1074,""2011"":878,""2012"":877,""2013"":827,""2014"":760,""2015"":776,""2016"":826,""2017"":761,""2018"":730,""2019"":731,""2020"":717,""2021"":673,""2022"":669,""2023"":682,""2024"":571,""2025"":547,""2026"":427}"
Mark D. Hill,https://scholar.google.com/citations?user=7lVfIWYAAAAJ,2026-09-16,University of Wisconsin-Madison Professor Emeritus,"[""Computer Architecture""]",38756,92,218,8393,41,93,1989,"{""1989"":114,""1990"":113,""1991"":155,""1992"":183,""1993"":338,""1994"":351,""1995"":473,""1996"":408,""1997"":420,""1998"":535,""1999"":407,""2000"":416,""2001"":360,""2002"":473,""2003"":557,""2004"":570,""2005"":625,""2006"":716,""2007"":882,""2008"":1055,""2009"":1270,""2010"":1423,""2011"":1542,""2012"":1504,""2013"":1758,""2014"":1724,""2015"":1943,""2016"":1820,""2017"":2061,""2018"":1891,""2019"":1831,""2020"":1743,""2021"":1494,""2022"":1423,""2023"":1472,""2024"":1422,""2025"":1505,""2026"":1072}"
Per-Ake Larson,https://scholar.google.com/citations?user=V0lHiEoAAAAJ,2026-09-16,University of Waterloo,"[""database system""]",15146,66,148,3549,32,70,1987,"{""1987"":64,""1988"":123,""1989"":107,""1990"":108,""1991"":101,""1992"":135,""1993"":178,""1994"":141,""1995"":177,""1996"":188,""1997"":235,""1998"":188,""1999"":182,""2000"":203,""2001"":170,""2002"":217,""2003"":229,""2004"":275,""2005"":294,""2006"":290,""2007"":286,""2008"":275,""2009"":309,""2010"":409,""2011"":378,""2012"":468,""2013"":529,""2014"":618,""2015"":708,""2016"":668,""2017"":630,""2018"":860,""2019"":744,""2020"":768,""2021"":790,""2022"":771,""2023"":582,""2024"":519,""2025"":503,""2026"":384}"
Simon Peyton Jones,https://scholar.google.com/citations?user=QsX7G-cAAAAJ,2026-09-16,Epic Games,"[""Programming languages"", ""Functional programming""]",37082,90,343,6520,42,149,1988,"{""1988"":101,""1989"":151,""1990"":204,""1991"":249,""1992"":282,""1993"":456,""1994"":495,""1995"":609,""1996"":590,""1997"":606,""1998"":764,""1999"":666,""2000"":684,""2001"":616,""2002"":657,""2003"":706,""2004"":861,""2005"":1017,""2006"":1142,""2007"":1478,""2008"":1390,""2009"":1574,""2010"":1434,""2011"":1440,""2012"":1402,""2013"":1494,""2014"":1441,""2015"":1431,""2016"":1163,""2017"":1200,""2018"":1225,""2019"":1228,""2020"":1147,""2021"":1210,""2022"":1099,""2023"":1027,""2024"":1177,""2025"":1128,""2026"":872}"
Yannis Ioannidis,https://scholar.google.com/citations?user=MIfpzUQAAAAJ,2026-09-16,University of Athens // Athena Research Center,"[""Data Management"", ""Data Science"", ""Data Infras"", ""Recommender Systems"", ""Human-Computer Interaction""]",22907,74,212,5926,34,102,1989,"{""1989"":79,""1990"":101,""1991"":82,""1992"":112,""1993"":179,""1994"":160,""1995"":209,""1996"":226,""1997"":262,""1998"":278,""1999"":372,""2000"":339,""2001"":419,""2002"":373,""2003"":440,""2004"":511,""2005"":590,""2006"":654,""2007"":710,""2008"":693,""2009"":905,""2010"":819,""2011"":812,""2012"":779,""2013"":770,""2014"":765,""2015"":726,""2016"":756,""2017"":761,""2018"":835,""2019"":897,""2020"":880,""2021"":955,""2022"":962,""2023"":943,""2024"":1019,""2025"":1168,""2026"":859}"
Anil K. Jain,https://scholar.google.com/citations?user=g-_ZXGsAAAAJ,2026-09-16,Michigan State University,"[""Biometrics"", ""Computer vision"", ""Pattern recognition"", ""Machine learning"", ""Image processing""]",290713,223,865,64834,106,498,1994,"{""1994"":771,""1995"":891,""1996"":1192,""1997"":1412,""1998"":1655,""1999"":2008,""2000"":2454,""2001"":2958,""2002"":3862,""2003"":4829,""2004"":6381,""2005"":7883,""2006"":8552,""2007"":9382,""2008"":10149,""2009"":11120,""2010"":11385,""2011"":11657,""2012"":13100,""2013"":12822,""2014"":14041,""2015"":13960,""2016"":13734,""2017"":13390,""2018"":13708,""2019"":13343,""2020"":12160,""2021"":12454,""2022"":11689,""2023"":11096,""2024"":10947,""2025"":11267,""2026"":7297}"
Bonnie Berger,https://scholar.google.com/citations?user=bYjKaowAAAAJ,2026-09-16,MIT,"[""Computational Biology"", ""Bioinformatics"", ""Algorithms""]",47364,102,270,26034,69,195,1997,"{""1997"":132,""1998"":155,""1999"":167,""2000"":246,""2001"":267,""2002"":343,""2003"":330,""2004"":394,""2005"":442,""2006"":493,""2007"":480,""2008"":521,""2009"":556,""2010"":659,""2011"":802,""2012"":993,""2013"":1087,""2014"":1153,""2015"":1414,""2016"":1527,""2017"":1659,""2018"":1745,""2019"":2051,""2020"":2863,""2021"":3861,""2022"":3980,""2023"":4055,""2024"":4618,""2025"":5277,""2026"":4206}"
Brent Hailpern,https://scholar.google.com/citations?user=0uJuWigAAAAJ,2026-09-16,"Part-Time Instructor, Northeastern University","[""Programming Languages"", ""Program Verification"", ""Object Oriented Systems""]",4243,28,45,506,9,8,1987,"{""1987"":51,""1988"":79,""1989"":74,""1990"":64,""1991"":91,""1992"":78,""1993"":65,""1994"":72,""1995"":60,""1996"":53,""1997"":35,""1998"":33,""1999"":37,""2000"":34,""2001"":49,""2002"":83,""2003"":83,""2004"":122,""2005"":88,""2006"":126,""2007"":169,""2008"":151,""2009"":182,""2010"":210,""2011"":179,""2012"":176,""2013"":156,""2014"":146,""2015"":134,""2016"":115,""2017"":107,""2018"":119,""2019"":116,""2020"":107,""2021"":118,""2022"":100,""2023"":81,""2024"":80,""2025"":87,""2026"":40}"
Craig Partridge,https://scholar.google.com/citations?user=f-E5nFEAAAAJ,2026-09-16,"Professor and Department Chair, Colorado State University",[],20834,54,117,1983,19,28,1992,"{""1992"":86,""1993"":138,""1994"":224,""1995"":296,""1996"":333,""1997"":409,""1998"":539,""1999"":657,""2000"":803,""2001"":903,""2002"":942,""2003"":1158,""2004"":1107,""2005"":1192,""2006"":1145,""2007"":1038,""2008"":811,""2009"":822,""2010"":731,""2011"":694,""2012"":601,""2013"":593,""2014"":571,""2015"":518,""2016"":441,""2017"":405,""2018"":396,""2019"":389,""2020"":372,""2021"":377,""2022"":354,""2023"":344,""2024"":341,""2025"":350,""2026"":216}"
Dan Reed,https://scholar.google.com/citations?user=YCw2r14AAAAJ,2026-09-16,Illinois/UNC/Microsoft/Iowa/Utah,"[""high-performance computing and science policy""]",14235,63,156,1579,17,32,1987,"{""1987"":44,""1988"":122,""1989"":158,""1990"":187,""1991"":222,""1992"":218,""1993"":206,""1994"":267,""1995"":320,""1996"":379,""1997"":286,""1998"":362,""1999"":324,""2000"":344,""2001"":406,""2002"":361,""2003"":454,""2004"":488,""2005"":503,""2006"":468,""2007"":565,""2008"":523,""2009"":476,""2010"":541,""2011"":445,""2012"":453,""2013"":413,""2014"":420,""2015"":432,""2016"":411,""2017"":386,""2018"":402,""2019"":398,""2020"":304,""2021"":299,""2022"":261,""2023"":273,""2024"":261,""2025"":277,""2026"":208}"
Dexter Kozen,https://scholar.google.com/citations?user=LV1qWjgAAAAJ,2026-09-16,"Professor of Computer Science, Cornell University","[""program logic and semantics"", ""algorithm design and analysis"", ""complexity theory"", ""automata theory""]",26558,63,152,5143,31,73,1987,"{""1987"":164,""1988"":184,""1989"":214,""1990"":261,""1991"":225,""1992"":251,""1993"":290,""1994"":405,""1995"":381,""1996"":436,""1997"":430,""1998"":432,""1999"":461,""2000"":471,""2001"":586,""2002"":563,""2003"":643,""2004"":645,""2005"":829,""2006"":862,""2007"":882,""2008"":932,""2009"":889,""2010"":809,""2011"":689,""2012"":804,""2013"":704,""2014"":759,""2015"":851,""2016"":838,""2017"":867,""2018"":771,""2019"":895,""2020"":713,""2021"":834,""2022"":828,""2023"":812,""2024"":940,""2025"":978,""2026"":750}"
Elisa Bertino,https://scholar.google.com/citations?user=EfuT9RoAAAAJ,2026-09-16,"Professor of Computer Science, Purdue University","[""Network and Computer Security"", ""Database Systems and Services"", ""Data Privacy""]",61594,119,816,15976,61,335,1992,"{""1992"":185,""1993"":267,""1994"":301,""1995"":342,""1996"":379,""1997"":456,""1998"":482,""1999"":441,""2000"":510,""2001"":504,""2002"":604,""2003"":764,""2004"":1031,""2005"":1310,""2006"":1520,""2007"":1741,""2008"":2160,""2009"":2223,""2010"":2371,""2011"":2380,""2012"":2401,""2013"":2427,""2014"":2641,""2015"":2598,""2016"":2781,""2017"":2731,""2018"":2820,""2019"":2947,""2020"":3137,""2021"":2871,""2022"":2851,""2023"":2726,""2024"":2914,""2025"":2769,""2026"":1828}"
Gene Myers,https://scholar.google.com/citations?user=jlas1aMAAAAJ,2026-09-16,Max-Planck Institute for Molecular Cell Biology & Genetics,"[""Bioimage Informatics"", ""Bioinformatics"", ""String Algorithms""]",317226,94,205,84550,65,138,1994,"{""1994"":1186,""1995"":1516,""1996"":2057,""1997"":2626,""1998"":3339,""1999"":3792,""2000"":4983,""2001"":6576,""2002"":7617,""2003"":8568,""2004"":8935,""2005"":9337,""2006"":9311,""2007"":9970,""2008"":10219,""2009"":10219,""2010"":10544,""2011"":10947,""2012"":11678,""2013"":11856,""2014"":11913,""2015"":11814,""2016"":11727,""2017"":11423,""2018"":11383,""2019"":12001,""2020"":12745,""2021"":13849,""2022"":13878,""2023"":14497,""2024"":14984,""2025"":15871,""2026"":11393}"
H. V. Jagadish,https://scholar.google.com/citations?user=SKVnHakAAAAJ,2026-09-16,University of Michigan,[],51172,107,367,10330,52,167,1991,"{""1991"":129,""1992"":187,""1993"":287,""1994"":380,""1995"":422,""1996"":539,""1997"":599,""1998"":579,""1999"":637,""2000"":750,""2001"":814,""2002"":1043,""2003"":1219,""2004"":1396,""2005"":1672,""2006"":1907,""2007"":1971,""2008"":1848,""2009"":2063,""2010"":2017,""2011"":1851,""2012"":1960,""2013"":1754,""2014"":1803,""2015"":1858,""2016"":1956,""2017"":1865,""2018"":2054,""2019"":2164,""2020"":2065,""2021"":1971,""2022"":1929,""2023"":1747,""2024"":1696,""2025"":1852,""2026"":1126}"
Jiawei Han,https://scholar.google.com/citations?user=Kv9AbjMAAAAJ,2026-09-16,"Abel Bliss Professor of Computer Science, University of Illinois","[""data mining"", ""database systems"", ""data warehousing"", ""information networks""]",286983,217,1191,84446,122,719,1999,"{""1999"":915,""2000"":1009,""2001"":1693,""2002"":2601,""2003"":3474,""2004"":4656,""2005"":6127,""2006"":6746,""2007"":7084,""2008"":8072,""2009"":9432,""2010"":9964,""2011"":10460,""2012"":11454,""2013"":12193,""2014"":13551,""2015"":13859,""2016"":14572,""2017"":14323,""2018"":15027,""2019"":14956,""2020"":14745,""2021"":14725,""2022"":14141,""2023"":13647,""2024"":14085,""2025"":15670,""2026"":12106}"
John M. Carroll,https://scholar.google.com/citations?user=7Mg8JZMAAAAJ,2026-09-16,"Distinguished Professor of Information Sciences and Technology, Pennsylvania State University","[""Human-Computer Interaction"", ""Computer-Supported Collaborative Work"", ""Community Informatics"", ""Design Research"", ""Learning Science""]",63697,117,627,14550,57,260,1987,"{""1987"":336,""1988"":347,""1989"":390,""1990"":497,""1991"":493,""1992"":696,""1993"":608,""1994"":564,""1995"":652,""1996"":617,""1997"":786,""1998"":818,""1999"":738,""2000"":929,""2001"":912,""2002"":1203,""2003"":1397,""2004"":1437,""2005"":1647,""2006"":1770,""2007"":1860,""2008"":1747,""2009"":2007,""2010"":1926,""2011"":1821,""2012"":1975,""2013"":2124,""2014"":2169,""2015"":2134,""2016"":2194,""2017"":2203,""2018"":2351,""2019"":2466,""2020"":2364,""2021"":2276,""2022"":2380,""2023"":2255,""2024"":2575,""2025"":2761,""2026"":2280}"
Kathleen McKeown,https://scholar.google.com/citations?user=ujDhg2sAAAAJ,2026-09-16,"Professor of Computer Science and Director, Data Science Institute, Columbia University","[""Artificial Intelligence"", ""Natural Language Processing"", ""Text Summarization""]",36772,92,305,12300,55,166,1987,"{""1987"":102,""1988"":113,""1989"":134,""1990"":172,""1991"":228,""1992"":209,""1993"":230,""1994"":233,""1995"":222,""1996"":251,""1997"":373,""1998"":348,""1999"":360,""2000"":377,""2001"":482,""2002"":557,""2003"":561,""2004"":680,""2005"":751,""2006"":821,""2007"":923,""2008"":998,""2009"":951,""2010"":1117,""2011"":1131,""2012"":1127,""2013"":1177,""2014"":1316,""2015"":1217,""2016"":1353,""2017"":1194,""2018"":1375,""2019"":1390,""2020"":1294,""2021"":1545,""2022"":1771,""2023"":1885,""2024"":2330,""2025"":2761,""2026"":1986}"
Mark Horowitz,https://scholar.google.com/citations?user=e7V7-gEAAAAJ,2026-09-16,Professor of Electrical Engineering and Computer Science,"[""VLSI"", ""Hardware"", ""Graphics and Imaging"", ""Applying Engineering to Biology""]",89813,139,480,20016,51,179,1990,"{""1990"":255,""1991"":339,""1992"":292,""1993"":520,""1994"":548,""1995"":703,""1996"":716,""1997"":727,""1998"":852,""1999"":1013,""2000"":1083,""2001"":1111,""2002"":1412,""2003"":1488,""2004"":1748,""2005"":2128,""2006"":2148,""2007"":2522,""2008"":2543,""2009"":2602,""2010"":2571,""2011"":2815,""2012"":3335,""2013"":3868,""2014"":4214,""2015"":4307,""2016"":4347,""2017"":4485,""2018"":4632,""2019"":4798,""2020"":4369,""2021"":4042,""2022"":4054,""2023"":3309,""2024"":3200,""2025"":3269,""2026"":2141}"
Mostafa Ammar,https://scholar.google.com/citations?user=OT79Y9UAAAAJ,2026-09-16,"Regents' Professor, School of Computer Science, Georgia Tech","[""Networking"", ""Networked Services"", ""Wireless and Mobile Networks"", ""Multicast"", ""Multimedia Communication""]",25127,79,232,2743,28,60,1993,"{""1993"":89,""1994"":120,""1995"":134,""1996"":175,""1997"":288,""1998"":370,""1999"":431,""2000"":506,""2001"":543,""2002"":609,""2003"":793,""2004"":761,""2005"":946,""2006"":1044,""2007"":1118,""2008"":1151,""2009"":1239,""2010"":1279,""2011"":1165,""2012"":1117,""2013"":1170,""2014"":1015,""2015"":978,""2016"":1086,""2017"":987,""2018"":958,""2019"":926,""2020"":751,""2021"":721,""2022"":586,""2023"":431,""2024"":442,""2025"":363,""2026"":198}"
Niraj Jha,https://scholar.google.com/citations?user=R-z1R84AAAAJ,2026-09-16,"Professor of Electrical and Computer Engineering, Princeton University","[""Machine learning"", ""Smart healthcare"", ""Computer-aided design"", ""Secure computing"", ""Embedded systems""]",34580,90,408,8619,44,133,1989,"{""1989"":99,""1990"":165,""1991"":176,""1992"":147,""1993"":264,""1994"":243,""1995"":268,""1996"":293,""1997"":280,""1998"":431,""1999"":417,""2000"":483,""2001"":450,""2002"":583,""2003"":723,""2004"":772,""2005"":865,""2006"":926,""2007"":1111,""2008"":1122,""2009"":1170,""2010"":1212,""2011"":1135,""2012"":1410,""2013"":1325,""2014"":1381,""2015"":1222,""2016"":1205,""2017"":1298,""2018"":1278,""2019"":1258,""2020"":1343,""2021"":1531,""2022"":1501,""2023"":1451,""2024"":1491,""2025"":1665,""2026"":975}"
Paul Hudak,https://scholar.google.com/citations?user=W6Mk2KwAAAAJ,2026-09-16,"Professor of Computer Science, Yale University","[""programming languages"", ""functional programming""]",17864,57,111,1671,19,30,1987,"{""1987"":103,""1988"":163,""1989"":199,""1990"":330,""1991"":338,""1992"":456,""1993"":510,""1994"":665,""1995"":637,""1996"":549,""1997"":492,""1998"":536,""1999"":460,""2000"":466,""2001"":453,""2002"":482,""2003"":403,""2004"":420,""2005"":382,""2006"":407,""2007"":585,""2008"":522,""2009"":572,""2010"":534,""2011"":587,""2012"":504,""2013"":509,""2014"":614,""2015"":591,""2016"":523,""2017"":472,""2018"":498,""2019"":424,""2020"":344,""2021"":309,""2022"":288,""2023"":327,""2024"":262,""2025"":291,""2026"":194}"
Peter E. Hart,https://scholar.google.com/citations?user=EmP8sFQAAAAJ,2026-09-16,Consultant,"[""information theory"", ""computer science"", ""robotics"", ""computer vision"", ""pattern classification""]",160680,73,179,35171,26,60,1987,"{""1987"":678,""1988"":832,""1989"":778,""1990"":947,""1991"":1020,""1992"":1072,""1993"":1101,""1994"":1271,""1995"":1209,""1996"":1268,""1997"":1319,""1998"":1454,""1999"":1497,""2000"":1652,""2001"":1876,""2002"":2142,""2003"":2776,""2004"":3556,""2005"":4128,""2006"":4866,""2007"":5135,""2008"":5545,""2009"":5822,""2010"":6068,""2011"":6300,""2012"":6542,""2013"":6759,""2014"":6565,""2015"":6221,""2016"":6032,""2017"":5788,""2018"":5702,""2019"":5750,""2020"":5702,""2021"":5670,""2022"":5485,""2023"":5496,""2024"":6103,""2025"":7201,""2026"":5215}"
Rakesh Agrawal,https://scholar.google.com/citations?user=4XSG7v4AAAAJ,2026-09-16,Data Insights Laboratories,"[""Data Mining"", ""Privacy"", ""Web Search"", ""Education""]",114233,106,266,13020,38,111,1994,"{""1994"":350,""1995"":387,""1996"":674,""1997"":810,""1998"":1300,""1999"":1663,""2000"":2124,""2001"":2506,""2002"":3288,""2003"":3635,""2004"":4195,""2005"":4750,""2006"":5008,""2007"":5153,""2008"":5381,""2009"":5475,""2010"":5627,""2011"":5257,""2012"":5450,""2013"":5290,""2014"":5423,""2015"":4833,""2016"":4511,""2017"":4130,""2018"":3974,""2019"":3757,""2020"":3237,""2021"":3070,""2022"":2830,""2023"":2317,""2024"":1977,""2025"":1777,""2026"":1049}"
Ramesh Jain,https://scholar.google.com/citations?user=wOYUPpwAAAAJ,2026-09-16,"Professor of Computer Science, University of California, Irvine","[""Multimedia"", ""Search"", ""Social computing"", ""Artifical Intelligence"", ""Computer Vision""]",71568,101,548,19598,44,163,1987,"{""1987"":200,""1988"":287,""1989"":265,""1990"":379,""1991"":326,""1992"":395,""1993"":349,""1994"":384,""1995"":486,""1996"":507,""1997"":653,""1998"":829,""1999"":877,""2000"":950,""2001"":1222,""2002"":1364,""2003"":1646,""2004"":1750,""2005"":1828,""2006"":1778,""2007"":1998,""2008"":2219,""2009"":2127,""2010"":2306,""2011"":2534,""2012"":2634,""2013"":2779,""2014"":2701,""2015"":2494,""2016"":2524,""2017"":2482,""2018"":2174,""2019"":2307,""2020"":2496,""2021"":2605,""2022"":2318,""2023"":2273,""2024"":3568,""2025"":4993,""2026"":3742}"
Scott Shenker,https://scholar.google.com/citations?user=hcSDlh4AAAAJ,2026-09-16,UC Berkeley and ICSI,[],186919,168,448,28832,70,232,1995,"{""1995"":681,""1996"":873,""1997"":1212,""1998"":1572,""1999"":1768,""2000"":2336,""2001"":2783,""2002"":3684,""2003"":5218,""2004"":6406,""2005"":7169,""2006"":7377,""2007"":7713,""2008"":7038,""2009"":6915,""2010"":6549,""2011"":6212,""2012"":6621,""2013"":7551,""2014"":8057,""2015"":9341,""2016"":10549,""2017"":9745,""2018"":9897,""2019"":8891,""2020"":7426,""2021"":6552,""2022"":5636,""2023"":4741,""2024"":4520,""2025"":4373,""2026"":3005}"
Stuart Russell,https://scholar.google.com/citations?user=2oy3OXYAAAAJ,2026-09-16,"Professor of Computer Science, University of California, Berkeley","[""Artificial Intelligence""]",164066,109,361,75901,80,244,1996,"{""1996"":434,""1997"":583,""1998"":771,""1999"":925,""2000"":1052,""2001"":1374,""2002"":1432,""2003"":1921,""2004"":2268,""2005"":2850,""2006"":2995,""2007"":3425,""2008"":3777,""2009"":3781,""2010"":4022,""2011"":4089,""2012"":4336,""2013"":4085,""2014"":4138,""2015"":4208,""2016"":4620,""2017"":4855,""2018"":6048,""2019"":7090,""2020"":8010,""2021"":8771,""2022"":8803,""2023"":10694,""2024"":13821,""2025"":18560,""2026"":15141}"
Thomas P. Moran,https://scholar.google.com/citations?user=f7fHl8sAAAAJ,2026-09-16,Retired,"[""Human-computer interaction""]",33905,72,152,3668,22,43,1987,"{""1987"":432,""1988"":380,""1989"":431,""1990"":517,""1991"":549,""1992"":514,""1993"":616,""1994"":568,""1995"":626,""1996"":548,""1997"":538,""1998"":695,""1999"":774,""2000"":773,""2001"":745,""2002"":837,""2003"":895,""2004"":955,""2005"":1018,""2006"":1187,""2007"":1155,""2008"":1121,""2009"":1158,""2010"":1187,""2011"":1178,""2012"":1116,""2013"":1324,""2014"":1215,""2015"":968,""2016"":948,""2017"":919,""2018"":882,""2019"":887,""2020"":814,""2021"":734,""2022"":710,""2023"":565,""2024"":580,""2025"":565,""2026"":514}"
Victor Bahl,https://scholar.google.com/citations?user=BBKfx4oAAAAJ,2026-09-16,"Technical Fellow & CTO Azure For Operators, Microsoft Corporation","[""Systems & infrastructure problems related to cloud services"", ""mobile computing"", ""wireless systems"", ""data center & enterprise networ""]",84829,115,762,22371,65,348,2001,"{""2001"":298,""2002"":541,""2003"":889,""2004"":1397,""2005"":1913,""2006"":2183,""2007"":2480,""2008"":2798,""2009"":2933,""2010"":3203,""2011"":3454,""2012"":3839,""2013"":4073,""2014"":4325,""2015"":4365,""2016"":4166,""2017"":4224,""2018"":4521,""2019"":4413,""2020"":4332,""2021"":4001,""2022"":4229,""2023"":3736,""2024"":4120,""2025"":3988,""2026"":2261}"
William H Sanders,https://scholar.google.com/citations?user=FClnlsgAAAAJ,2026-09-16,Carnegie Mellon University,"[""Computer Science and Engineering""]",13578,58,194,2548,28,55,1990,"{""1990"":35,""1991"":76,""1992"":65,""1993"":125,""1994"":87,""1995"":129,""1996"":135,""1997"":72,""1998"":103,""1999"":212,""2000"":158,""2001"":258,""2002"":285,""2003"":349,""2004"":409,""2005"":341,""2006"":390,""2007"":415,""2008"":438,""2009"":474,""2010"":409,""2011"":441,""2012"":456,""2013"":595,""2014"":577,""2015"":622,""2016"":623,""2017"":578,""2018"":633,""2019"":636,""2020"":635,""2021"":606,""2022"":535,""2023"":420,""2024"":408,""2025"":370,""2026"":209}"
Yi-Bing Lin,https://scholar.google.com/citations?user=DxFQ14MAAAAJ,2026-09-16,National Chiao Tung University,"[""mobile computing"", ""Internet of Things"", ""distributed systems"", ""performance evaluation""]",16808,63,314,3419,29,89,1991,"{""1991"":67,""1992"":42,""1993"":115,""1994"":138,""1995"":188,""1996"":274,""1997"":362,""1998"":368,""1999"":434,""2000"":477,""2001"":556,""2002"":611,""2003"":694,""2004"":711,""2005"":732,""2006"":636,""2007"":682,""2008"":552,""2009"":513,""2010"":545,""2011"":545,""2012"":565,""2013"":495,""2014"":474,""2015"":416,""2016"":362,""2017"":381,""2018"":320,""2019"":411,""2020"":447,""2021"":520,""2022"":618,""2023"":603,""2024"":566,""2025"":704,""2026"":397}"
Adolfo Guzman-Arenas,https://scholar.google.com/citations?user=Nw5lSdEAAAAJ,2026-09-16,"Computer Science Professor (emeritus), Instituto Politécnico Nacional","[""Artificial Intelligence"", ""Big Data"", ""knowledge representation"", ""ontologies""]",2666,23,39,224,8,4,1987,"{""1987"":44,""1988"":41,""1989"":37,""1990"":24,""1991"":30,""1992"":36,""1993"":19,""1994"":23,""1995"":33,""1996"":31,""1997"":29,""1998"":34,""1999"":71,""2000"":59,""2001"":52,""2002"":60,""2003"":61,""2004"":111,""2005"":83,""2006"":64,""2007"":69,""2008"":51,""2009"":66,""2010"":92,""2011"":79,""2012"":79,""2013"":68,""2014"":65,""2015"":67,""2016"":54,""2017"":52,""2018"":48,""2019"":48,""2020"":27,""2021"":49,""2022"":32,""2023"":37,""2024"":46,""2025"":33,""2026"":27}"
C. Mohan,https://scholar.google.com/citations?user=D5K6DDcAAAAJ,2026-09-16,"Visiting Professor, Tsinghua & HKBU; Retired IBM Fellow, IBM Research","[""blockchain"", ""databases"", ""big data"", ""AI"", ""distributed systems""]",17368,72,160,1762,19,39,1987,"{""1987"":91,""1988"":99,""1989"":110,""1990"":106,""1991"":178,""1992"":258,""1993"":288,""1994"":257,""1995"":286,""1996"":447,""1997"":516,""1998"":566,""1999"":646,""2000"":566,""2001"":456,""2002"":638,""2003"":674,""2004"":602,""2005"":644,""2006"":592,""2007"":600,""2008"":476,""2009"":515,""2010"":591,""2011"":533,""2012"":492,""2013"":496,""2014"":796,""2015"":439,""2016"":433,""2017"":383,""2018"":518,""2019"":420,""2020"":420,""2021"":350,""2022"":404,""2023"":302,""2024"":296,""2025"":249,""2026"":159}"
David CULLER,https://scholar.google.com/citations?user=urTiL7QAAAAJ,2026-09-16,"University of California, Berkeley","[""Systems"", ""Networks"", ""Embedded Computing"", ""Architecture"", ""Sustainability""]",129965,137,355,13812,51,166,1993,"{""1993"":367,""1994"":536,""1995"":672,""1996"":840,""1997"":971,""1998"":1220,""1999"":1225,""2000"":1237,""2001"":1128,""2002"":1376,""2003"":2168,""2004"":3224,""2005"":5072,""2006"":6135,""2007"":6837,""2008"":6865,""2009"":7158,""2010"":7833,""2011"":7124,""2012"":6997,""2013"":7344,""2014"":6738,""2015"":6282,""2016"":6209,""2017"":5388,""2018"":4934,""2019"":4372,""2020"":3641,""2021"":3161,""2022"":2756,""2023"":2371,""2024"":2166,""2025"":2041,""2026"":1305}"
David Salesin,https://scholar.google.com/citations?user=8E442bkAAAAJ,2026-09-16,Google,"[""Computer graphics""]",31068,78,130,3647,32,66,1994,"{""1994"":84,""1995"":156,""1996"":248,""1997"":385,""1998"":481,""1999"":617,""2000"":635,""2001"":811,""2002"":942,""2003"":984,""2004"":1201,""2005"":1389,""2006"":1447,""2007"":1525,""2008"":1411,""2009"":1510,""2010"":1527,""2011"":1406,""2012"":1354,""2013"":1389,""2014"":1295,""2015"":1222,""2016"":1142,""2017"":963,""2018"":881,""2019"":961,""2020"":758,""2021"":692,""2022"":716,""2023"":740,""2024"":641,""2025"":504,""2026"":276}"
Gary L. Miller,https://scholar.google.com/citations?user=umm-i20AAAAJ,2026-09-16,Carnegie Mellon University,[],16757,67,147,3280,27,57,1987,"{""1987"":137,""1988"":186,""1989"":179,""1990"":279,""1991"":245,""1992"":213,""1993"":315,""1994"":247,""1995"":260,""1996"":304,""1997"":288,""1998"":294,""1999"":247,""2000"":270,""2001"":208,""2002"":237,""2003"":238,""2004"":300,""2005"":327,""2006"":354,""2007"":415,""2008"":365,""2009"":477,""2010"":473,""2011"":537,""2012"":514,""2013"":592,""2014"":583,""2015"":581,""2016"":592,""2017"":631,""2018"":630,""2019"":644,""2020"":639,""2021"":621,""2022"":613,""2023"":568,""2024"":536,""2025"":586,""2026"":356}"
GEORGE VARGHESE,https://scholar.google.com/citations?user=SEnY0XQAAAAJ,2026-09-16,"Professor of Computer Science, UCLA","[""Networking""]",58449,95,206,13356,44,99,1997,"{""1997"":162,""1998"":275,""1999"":442,""2000"":458,""2001"":591,""2002"":811,""2003"":1117,""2004"":1311,""2005"":1542,""2006"":1798,""2007"":1501,""2008"":1595,""2009"":1661,""2010"":1839,""2011"":1785,""2012"":1994,""2013"":2348,""2014"":2777,""2015"":3094,""2016"":3384,""2017"":3452,""2018"":3491,""2019"":3367,""2020"":3227,""2021"":2815,""2022"":2675,""2023"":2241,""2024"":2130,""2025"":2133,""2026"":1360}"
Jeffrey Naughton,https://scholar.google.com/citations?user=H-VmFU4AAAAJ,2026-09-16,Celonis,"[""database management systems""]",29117,85,211,3951,33,88,1990,"{""1990"":136,""1991"":108,""1992"":163,""1993"":193,""1994"":246,""1995"":381,""1996"":341,""1997"":412,""1998"":466,""1999"":642,""2000"":599,""2001"":763,""2002"":957,""2003"":1191,""2004"":1327,""2005"":1401,""2006"":1354,""2007"":1373,""2008"":1121,""2009"":1204,""2010"":1180,""2011"":1000,""2012"":994,""2013"":983,""2014"":840,""2015"":821,""2016"":908,""2017"":898,""2018"":893,""2019"":860,""2020"":863,""2021"":862,""2022"":782,""2023"":692,""2024"":670,""2025"":568,""2026"":376}"
john wilkes,https://scholar.google.com/citations?user=YSxdVBEAAAAJ,2026-09-16,Google,"[""distributed systems"", ""self management"", ""cluster management"", ""warehouse scale computing"", ""glassblowing""]",23560,62,139,7287,23,50,1994,"{""1994"":108,""1995"":180,""1996"":292,""1997"":242,""1998"":286,""1999"":317,""2000"":331,""2001"":295,""2002"":373,""2003"":528,""2004"":467,""2005"":487,""2006"":474,""2007"":519,""2008"":559,""2009"":528,""2010"":600,""2011"":582,""2012"":610,""2013"":662,""2014"":756,""2015"":968,""2016"":1105,""2017"":1167,""2018"":1252,""2019"":1144,""2020"":1132,""2021"":1202,""2022"":1065,""2023"":1098,""2024"":1147,""2025"":1357,""2026"":1418}"
Jon Crowcroft,https://scholar.google.com/citations?user=qnMs-XYAAAAJ,2026-09-16,University of Cambridge,"[""Communications"", ""Systems""]",61684,106,462,11217,52,184,1995,"{""1995"":158,""1996"":214,""1997"":318,""1998"":601,""1999"":706,""2000"":851,""2001"":874,""2002"":1050,""2003"":1232,""2004"":1337,""2005"":1489,""2006"":1628,""2007"":1935,""2008"":2057,""2009"":2428,""2010"":2653,""2011"":2818,""2012"":3099,""2013"":3464,""2014"":3185,""2015"":3157,""2016"":3208,""2017"":2770,""2018"":2810,""2019"":2690,""2020"":2614,""2021"":2334,""2022"":2162,""2023"":1948,""2024"":1833,""2025"":1839,""2026"":1082}"
Joseph Halpern,https://scholar.google.com/citations?user=FsBCAfgAAAAJ,2026-09-16,"Professor of Computer Science, Cornell University","[""Artificial Intelligence"", ""decision theory"", ""game theory"", ""modal logic"", ""multi-agent systems""]",52908,102,290,11030,44,157,1987,"{""1987"":148,""1988"":258,""1989"":307,""1990"":368,""1991"":399,""1992"":397,""1993"":438,""1994"":700,""1995"":576,""1996"":647,""1997"":636,""1998"":648,""1999"":762,""2000"":779,""2001"":712,""2002"":863,""2003"":1198,""2004"":1300,""2005"":1501,""2006"":1691,""2007"":1956,""2008"":2108,""2009"":1966,""2010"":1910,""2011"":1933,""2012"":1843,""2013"":2046,""2014"":1959,""2015"":1779,""2016"":1724,""2017"":1699,""2018"":1642,""2019"":1661,""2020"":1588,""2021"":1891,""2022"":1624,""2023"":1976,""2024"":1877,""2025"":1987,""2026"":1658}"
Mahadev Satyanarayanan,https://scholar.google.com/citations?user=0y6JDD4AAAAJ,2026-09-16,"Jaime Carbonell University Professor of Computer Science, Carnegie Mellon University","[""edge computing"", ""mobile computing"", ""Internet of Things"", ""pervasive computing"", ""distributed systems""]",63835,90,221,14554,42,90,1991,"{""1991"":190,""1992"":209,""1993"":305,""1994"":427,""1995"":406,""1996"":525,""1997"":502,""1998"":647,""1999"":670,""2000"":609,""2001"":785,""2002"":1060,""2003"":1077,""2004"":1321,""2005"":1322,""2006"":1375,""2007"":1438,""2008"":1320,""2009"":1405,""2010"":1551,""2011"":1716,""2012"":2021,""2013"":2546,""2014"":2802,""2015"":3178,""2016"":3390,""2017"":3477,""2018"":3897,""2019"":3993,""2020"":3549,""2021"":3136,""2022"":2702,""2023"":2427,""2024"":2058,""2025"":2315,""2026"":1913}"
Mateo Valero,https://scholar.google.com/citations?user=MyT3cHQAAAAJ,2026-09-16,Professor at UPC and director of the Barcelona Supercomputing Center,"[""Computer Architecture"", ""Supercomputers""]",19042,70,331,3427,28,95,1989,"{""1989"":65,""1990"":52,""1991"":49,""1992"":70,""1993"":59,""1994"":72,""1995"":70,""1996"":70,""1997"":101,""1998"":165,""1999"":119,""2000"":151,""2001"":229,""2002"":253,""2003"":256,""2004"":439,""2005"":426,""2006"":466,""2007"":545,""2008"":560,""2009"":630,""2010"":725,""2011"":873,""2012"":920,""2013"":985,""2014"":1008,""2015"":1079,""2016"":1074,""2017"":1072,""2018"":943,""2019"":923,""2020"":776,""2021"":725,""2022"":701,""2023"":518,""2024"":541,""2025"":591,""2026"":351}"
Neil Immerman,https://scholar.google.com/citations?user=DbZWZr8AAAAJ,2026-09-16,"College of Computer and Information Sciences, UMass, Amherst","[""logic in computer science"", ""descriptive complexity""]",15804,48,89,3790,24,48,1987,"{""1987"":41,""1988"":93,""1989"":132,""1990"":214,""1991"":191,""1992"":243,""1993"":184,""1994"":288,""1995"":367,""1996"":257,""1997"":311,""1998"":275,""1999"":240,""2000"":208,""2001"":267,""2002"":189,""2003"":254,""2004"":301,""2005"":320,""2006"":323,""2007"":481,""2008"":361,""2009"":483,""2010"":457,""2011"":469,""2012"":553,""2013"":488,""2014"":494,""2015"":541,""2016"":463,""2017"":540,""2018"":495,""2019"":531,""2020"":510,""2021"":547,""2022"":592,""2023"":644,""2024"":729,""2025"":728,""2026"":549}"
Ozalp Babaoglu,https://scholar.google.com/citations?user=r3bG1AUAAAAJ,2026-09-16,"Professore Alma Mater, University of Bologna","[""Distributed computing"", ""fault tolerance"", ""self organization"", ""machine learning applied to High""]",7715,44,79,656,15,23,1988,"{""1988"":20,""1989"":31,""1990"":31,""1991"":39,""1992"":41,""1993"":55,""1994"":62,""1995"":110,""1996"":86,""1997"":123,""1998"":144,""1999"":154,""2000"":117,""2001"":137,""2002"":145,""2003"":227,""2004"":226,""2005"":283,""2006"":363,""2007"":425,""2008"":385,""2009"":412,""2010"":401,""2011"":406,""2012"":360,""2013"":408,""2014"":267,""2015"":277,""2016"":271,""2017"":276,""2018"":235,""2019"":184,""2020"":146,""2021"":159,""2022"":116,""2023"":102,""2024"":110,""2025"":91,""2026"":78}"
Pankaj K. Agarwal,https://scholar.google.com/citations?user=xe0eVksAAAAJ,2026-09-16,Duke University,"[""Algorithms"", ""Computational Geometry"", ""GIS"", ""Spatial Databases""]",29203,78,359,6070,34,139,1991,"{""1991"":105,""1992"":151,""1993"":142,""1994"":216,""1995"":224,""1996"":225,""1997"":338,""1998"":458,""1999"":517,""2000"":597,""2001"":584,""2002"":719,""2003"":796,""2004"":1083,""2005"":980,""2006"":915,""2007"":942,""2008"":983,""2009"":970,""2010"":972,""2011"":964,""2012"":925,""2013"":909,""2014"":1023,""2015"":965,""2016"":1006,""2017"":1169,""2018"":1212,""2019"":1122,""2020"":1158,""2021"":1049,""2022"":1057,""2023"":1013,""2024"":1034,""2025"":1114,""2026"":797}"
Susan J Eggers,https://scholar.google.com/citations?user=CWpgflIAAAAJ,2026-09-16,"Professor of Computer Science, University of Washington","[""Computer Architecture"", ""Compiler Optimization""]",14990,55,80,1030,15,24,1987,"{""1987"":65,""1988"":92,""1989"":127,""1990"":141,""1991"":169,""1992"":160,""1993"":211,""1994"":265,""1995"":303,""1996"":406,""1997"":450,""1998"":529,""1999"":548,""2000"":546,""2001"":524,""2002"":547,""2003"":635,""2004"":767,""2005"":728,""2006"":713,""2007"":714,""2008"":554,""2009"":564,""2010"":545,""2011"":404,""2012"":429,""2013"":390,""2014"":360,""2015"":321,""2016"":318,""2017"":256,""2018"":300,""2019"":284,""2020"":269,""2021"":210,""2022"":189,""2023"":175,""2024"":178,""2025"":184,""2026"":94}"
Thomas Dietterich,https://scholar.google.com/citations?user=09kJn28AAAAJ,2026-09-16,"Distinguished Professor (Emeritus), Computer Science, Oregon State University","[""Machine Learning"", ""Computational Sustainability"", ""Artificial Intelligence"", ""Reinforcement Learning""]",79310,95,244,33379,54,138,1990,"{""1990"":276,""1991"":244,""1992"":299,""1993"":289,""1994"":286,""1995"":237,""1996"":321,""1997"":422,""1998"":506,""1999"":516,""2000"":610,""2001"":693,""2002"":896,""2003"":1039,""2004"":1122,""2005"":1265,""2006"":1484,""2007"":1645,""2008"":1780,""2009"":1928,""2010"":1893,""2011"":1913,""2012"":2023,""2013"":2082,""2014"":2269,""2015"":2304,""2016"":2512,""2017"":2648,""2018"":3049,""2019"":3461,""2020"":4142,""2021"":4874,""2022"":5414,""2023"":5799,""2024"":5808,""2025"":6148,""2026"":5311}"
Wen-mei W. Hwu,https://scholar.google.com/citations?user=ohjQPx8AAAAJ,2026-09-16,"Senior Distinguished Research Scientist, NVIDIA; Professor and Sanders-AMD Chair of Electrical and","[""Computer Architecture"", ""Compiler"", ""Parallel Computing"", ""Cognitive Computing Systems""]",33290,89,308,8960,42,157,1991,"{""1991"":165,""1992"":186,""1993"":243,""1994"":261,""1995"":337,""1996"":296,""1997"":381,""1998"":474,""1999"":462,""2000"":510,""2001"":489,""2002"":485,""2003"":564,""2004"":566,""2005"":709,""2006"":608,""2007"":542,""2008"":628,""2009"":783,""2010"":994,""2011"":1558,""2012"":1551,""2013"":1593,""2014"":1598,""2015"":1461,""2016"":1374,""2017"":1271,""2018"":1175,""2019"":1159,""2020"":1318,""2021"":1545,""2022"":1663,""2023"":1581,""2024"":1447,""2025"":1660,""2026"":1054}"
Wendy A. Kellogg,https://scholar.google.com/citations?user=VKYDwfIAAAAJ,2026-09-16,IBM T.J. Watson Research Center,"[""Human Computer Interaction"", ""Computer Supported Cooperative Work"", ""Designing Interactive Systems""]",10864,43,83,1615,19,34,1989,"{""1989"":42,""1990"":50,""1991"":82,""1992"":78,""1993"":91,""1994"":92,""1995"":88,""1996"":89,""1997"":89,""1998"":78,""1999"":93,""2000"":123,""2001"":142,""2002"":267,""2003"":289,""2004"":355,""2005"":431,""2006"":386,""2007"":466,""2008"":470,""2009"":497,""2010"":474,""2011"":432,""2012"":486,""2013"":484,""2014"":457,""2015"":404,""2016"":427,""2017"":382,""2018"":379,""2019"":332,""2020"":383,""2021"":313,""2022"":339,""2023"":259,""2024"":273,""2025"":265,""2026"":166}"
William Dally,https://scholar.google.com/citations?user=YZHj-Y4AAAAJ,2026-09-16,"Chief Scientist, NVIDIA; Adjunct Professor of CS and EE, Stanford University;","[""Computer Architecture"", ""High-Performance Computing"", ""Parallel Programming"", ""Interconnection Networks"", ""Computer Science""]",114919,112,416,48068,62,173,1991,"{""1991"":387,""1992"":432,""1993"":663,""1994"":858,""1995"":747,""1996"":750,""1997"":754,""1998"":697,""1999"":600,""2000"":682,""2001"":688,""2002"":827,""2003"":1096,""2004"":1422,""2005"":1446,""2006"":1616,""2007"":2121,""2008"":2327,""2009"":2472,""2010"":2600,""2011"":3018,""2012"":3170,""2013"":2810,""2014"":2910,""2015"":2793,""2016"":2855,""2017"":3683,""2018"":5687,""2019"":6949,""2020"":8060,""2021"":8673,""2022"":9129,""2023"":8139,""2024"":8030,""2025"":8483,""2026"":5605}"
Barton Miller,https://scholar.google.com/citations?user=dywFuRMAAAAJ,2026-09-16,"Vilas Distinguished Achievement Professor, University of Wisconsin-Madison","[""Security"", ""binady code analysis"", ""high performance computing"", ""testing""]",16634,60,138,3187,25,43,1987,"{""1987"":60,""1988"":82,""1989"":85,""1990"":130,""1991"":172,""1992"":138,""1993"":191,""1994"":277,""1995"":279,""1996"":263,""1997"":210,""1998"":320,""1999"":206,""2000"":280,""2001"":294,""2002"":270,""2003"":414,""2004"":419,""2005"":511,""2006"":540,""2007"":642,""2008"":563,""2009"":572,""2010"":503,""2011"":557,""2012"":566,""2013"":628,""2014"":555,""2015"":542,""2016"":514,""2017"":591,""2018"":509,""2019"":597,""2020"":635,""2021"":583,""2022"":638,""2023"":525,""2024"":551,""2025"":537,""2026"":352}"
Christos H PAPADIMITRIOU,https://scholar.google.com/citations?user=rXYLXJMAAAAJ,2026-09-16,Columbia University,"[""Algorithms"", ""Complexity"", ""Game Theory"", ""Evolution"", ""Computational Neuroscience""]",104551,141,351,20150,60,214,1987,"{""1987"":413,""1988"":602,""1989"":622,""1990"":719,""1991"":776,""1992"":899,""1993"":929,""1994"":1100,""1995"":1361,""1996"":1315,""1997"":1391,""1998"":1419,""1999"":1516,""2000"":1589,""2001"":1639,""2002"":1783,""2003"":2246,""2004"":2747,""2005"":3347,""2006"":3430,""2007"":3798,""2008"":4037,""2009"":4012,""2010"":3790,""2011"":3730,""2012"":3653,""2013"":3635,""2014"":3808,""2015"":3590,""2016"":3705,""2017"":3373,""2018"":3425,""2019"":3413,""2020"":3345,""2021"":3342,""2022"":3324,""2023"":3360,""2024"":3593,""2025"":3725,""2026"":2801}"
David Shmoys,https://scholar.google.com/citations?user=rD8a4hQAAAAJ,2026-09-16,Professor of Operations Research & Information Engineering and of Computer Science,"[""Optimization"", ""Algorithms"", ""Data Science"", ""Approximation Algorithms"", ""Operations Research""]",31644,64,117,7463,36,87,1988,"{""1988"":88,""1989"":99,""1990"":151,""1991"":111,""1992"":177,""1993"":257,""1994"":283,""1995"":360,""1996"":390,""1997"":475,""1998"":539,""1999"":571,""2000"":581,""2001"":629,""2002"":582,""2003"":682,""2004"":780,""2005"":863,""2006"":936,""2007"":908,""2008"":1005,""2009"":896,""2010"":877,""2011"":995,""2012"":966,""2013"":1053,""2014"":1100,""2015"":1052,""2016"":1173,""2017"":1011,""2018"":1305,""2019"":1320,""2020"":1321,""2021"":1223,""2022"":1275,""2023"":1285,""2024"":1245,""2025"":1358,""2026"":1072}"
David Clark,https://scholar.google.com/citations?user=9s9o-JcAAAAJ,2026-09-16,"Senior Research Scientist, Computer Science and AI Lab, MIT","[""Computer networks"", ""Internet"", ""network performance"", ""policy""]",43415,70,165,5007,33,67,1988,"{""1988"":112,""1989"":197,""1990"":199,""1991"":240,""1992"":366,""1993"":487,""1994"":562,""1995"":605,""1996"":724,""1997"":823,""1998"":1130,""1999"":1119,""2000"":1337,""2001"":1592,""2002"":1684,""2003"":1951,""2004"":1911,""2005"":1917,""2006"":1726,""2007"":1732,""2008"":1553,""2009"":1537,""2010"":1455,""2011"":1403,""2012"":1354,""2013"":1299,""2014"":1104,""2015"":1179,""2016"":1208,""2017"":1090,""2018"":1052,""2019"":1029,""2020"":1008,""2021"":1043,""2022"":940,""2023"":818,""2024"":847,""2025"":820,""2026"":539}"
Don Norman,https://scholar.google.com/citations?user=h-2JebwAAAAJ,2026-09-16,"Honorary Prof. and Founding Director Emeritus, The Design Lab, University of California, San Diego","[""Complex sociotechnical systems"", ""Humanity-Centered System Design"", ""cognitive science"", ""HCI""]",174974,115,420,39775,66,168,1987,"{""1987"":1110,""1988"":1118,""1989"":1138,""1990"":1266,""1991"":1525,""1992"":1532,""1993"":1640,""1994"":1627,""1995"":1634,""1996"":1743,""1997"":1691,""1998"":1840,""1999"":2122,""2000"":2408,""2001"":2841,""2002"":2963,""2003"":3092,""2004"":3541,""2005"":3759,""2006"":4097,""2007"":4265,""2008"":4540,""2009"":4808,""2010"":4719,""2011"":4905,""2012"":5467,""2013"":6536,""2014"":6415,""2015"":5639,""2016"":5820,""2017"":6100,""2018"":6158,""2019"":6333,""2020"":5963,""2021"":6121,""2022"":6223,""2023"":6260,""2024"":6856,""2025"":8186,""2026"":6111}"
Erol Gelenbe,https://scholar.google.com/citations?user=TShlArwAAAAJ,2026-09-16,"Institute of Theoretical and Applied Informatics, Polish Acad. Science","[""Computer Science and Engineering""]",33624,100,474,7752,40,189,1987,"{""1987"":87,""1988"":164,""1989"":138,""1990"":150,""1991"":165,""1992"":220,""1993"":225,""1994"":242,""1995"":362,""1996"":229,""1997"":227,""1998"":385,""1999"":255,""2000"":351,""2001"":348,""2002"":317,""2003"":339,""2004"":613,""2005"":486,""2006"":771,""2007"":609,""2008"":623,""2009"":676,""2010"":1053,""2011"":1231,""2012"":1052,""2013"":1373,""2014"":1430,""2015"":1546,""2016"":1750,""2017"":1424,""2018"":2159,""2019"":1412,""2020"":1781,""2021"":1749,""2022"":1468,""2023"":1406,""2024"":1092,""2025"":1245,""2026"":779}"
Giovanni De Micheli,https://scholar.google.com/citations?user=7SUnVDsAAAAJ,2026-09-16,"EPFL, Stanford","[""Electrical engineering"", ""computer science""]",59892,112,647,11097,46,256,1990,"{""1990"":153,""1991"":253,""1992"":277,""1993"":362,""1994"":388,""1995"":460,""1996"":626,""1997"":682,""1998"":704,""1999"":731,""2000"":922,""2001"":956,""2002"":1045,""2003"":1364,""2004"":1550,""2005"":1939,""2006"":2046,""2007"":2367,""2008"":2406,""2009"":2510,""2010"":2569,""2011"":2522,""2012"":2494,""2013"":2574,""2014"":2320,""2015"":2330,""2016"":2208,""2017"":2252,""2018"":2416,""2019"":2128,""2020"":1914,""2021"":1959,""2022"":1952,""2023"":2003,""2024"":2030,""2025"":1896,""2026"":1243}"
HJ Schek,https://scholar.google.com/citations?user=RnabX4gAAAAJ,2026-09-16,"ETH Zürich and UMIT Innsbruck, Emeritus since 2005","[""Databases and Information Systems""]",13753,52,154,1208,9,8,1987,"{""1987"":189,""1988"":171,""1989"":257,""1990"":226,""1991"":271,""1992"":282,""1993"":297,""1994"":258,""1995"":281,""1996"":256,""1997"":281,""1998"":237,""1999"":341,""2000"":331,""2001"":380,""2002"":420,""2003"":364,""2004"":443,""2005"":631,""2006"":561,""2007"":619,""2008"":583,""2009"":470,""2010"":476,""2011"":485,""2012"":458,""2013"":443,""2014"":400,""2015"":276,""2016"":324,""2017"":300,""2018"":255,""2019"":239,""2020"":195,""2021"":246,""2022"":208,""2023"":190,""2024"":210,""2025"":217,""2026"":137}"
Jack Dongarra,https://scholar.google.com/citations?user=X4SbSTAAAAAJ,2026-09-17,University of Tennessee; Oak Ridge National Laboratory; University of Manchester,"[""scientific parallel computing""]",133840,143,1038,22998,66,360,1987,"{""1987"":514,""1988"":631,""1989"":748,""1990"":836,""1991"":865,""1992"":1046,""1993"":1274,""1994"":1858,""1995"":2106,""1996"":2748,""1997"":2941,""1998"":2699,""1999"":2501,""2000"":2638,""2001"":2542,""2002"":2710,""2003"":3084,""2004"":3370,""2005"":3810,""2006"":3967,""2007"":4222,""2008"":3927,""2009"":4246,""2010"":4341,""2011"":4500,""2012"":4959,""2013"":4868,""2014"":5000,""2015"":4940,""2016"":4914,""2017"":4597,""2018"":4638,""2019"":4489,""2020"":4419,""2021"":4309,""2022"":4180,""2023"":3807,""2024"":3781,""2025"":4214,""2026"":2690}"
Jacob Abraham,https://scholar.google.com/citations?user=rmkFbFsAAAAJ,2026-09-16,"Professor, University of Texas","[""manufacturing test"", ""formal verification"", ""fault tolerance"", ""security""]",20727,66,327,2425,19,47,1987,"{""1987"":245,""1988"":352,""1989"":324,""1990"":437,""1991"":438,""1992"":466,""1993"":583,""1994"":563,""1995"":561,""1996"":570,""1997"":446,""1998"":520,""1999"":503,""2000"":431,""2001"":451,""2002"":460,""2003"":488,""2004"":425,""2005"":495,""2006"":527,""2007"":539,""2008"":544,""2009"":471,""2010"":562,""2011"":619,""2012"":566,""2013"":611,""2014"":669,""2015"":640,""2016"":629,""2017"":625,""2018"":560,""2019"":572,""2020"":524,""2021"":507,""2022"":475,""2023"":446,""2024"":397,""2025"":343,""2026"":257}"
James Kurose,https://scholar.google.com/citations?user=219_uIcAAAAJ,2026-09-16,U. Massachusetts,"[""Computer networks""]",47997,99,311,4916,25,64,1991,"{""1991"":153,""1992"":177,""1993"":228,""1994"":311,""1995"":399,""1996"":449,""1997"":573,""1998"":757,""1999"":904,""2000"":1086,""2001"":1306,""2002"":1613,""2003"":1766,""2004"":1989,""2005"":2150,""2006"":2083,""2007"":2198,""2008"":2185,""2009"":2133,""2010"":2184,""2011"":2074,""2012"":2056,""2013"":1924,""2014"":1863,""2015"":1830,""2016"":1748,""2017"":1554,""2018"":1514,""2019"":1298,""2020"":1082,""2021"":944,""2022"":820,""2023"":788,""2024"":787,""2025"":910,""2026"":664}"
Janak H. Patel,https://scholar.google.com/citations?user=z-T4bO0AAAAJ,2026-09-16,"Electrical and Computer Engineering, University of Illinois at Urbana-Champaign","[""Computer Engineering"", ""Computer Architecture"", ""Interconnection Networks"", ""Electronic Design Automation""]",14875,60,169,913,14,20,1987,"{""1987"":123,""1988"":168,""1989"":202,""1990"":203,""1991"":276,""1992"":305,""1993"":429,""1994"":497,""1995"":525,""1996"":575,""1997"":573,""1998"":645,""1999"":539,""2000"":547,""2001"":478,""2002"":465,""2003"":529,""2004"":572,""2005"":570,""2006"":550,""2007"":511,""2008"":496,""2009"":457,""2010"":443,""2011"":411,""2012"":338,""2013"":302,""2014"":300,""2015"":270,""2016"":279,""2017"":223,""2018"":248,""2019"":152,""2020"":128,""2021"":177,""2022"":139,""2023"":152,""2024"":138,""2025"":161,""2026"":146}"
Jeff Mogul,https://scholar.google.com/citations?user=1pAVdtwAAAAJ,2026-09-16,Google,"[""operating systems"", ""networks"", ""computer architecture""]",32095,76,187,4085,33,72,1991,"{""1991"":91,""1992"":109,""1993"":138,""1994"":174,""1995"":197,""1996"":226,""1997"":361,""1998"":574,""1999"":793,""2000"":772,""2001"":958,""2002"":1167,""2003"":1030,""2004"":1222,""2005"":1123,""2006"":1074,""2007"":1073,""2008"":1068,""2009"":1075,""2010"":1076,""2011"":1098,""2012"":1198,""2013"":1416,""2014"":1485,""2015"":1448,""2016"":1468,""2017"":1374,""2018"":1217,""2019"":1197,""2020"":953,""2021"":945,""2022"":835,""2023"":690,""2024"":640,""2025"":606,""2026"":366}"
Jeff Kramer,https://scholar.google.com/citations?user=t-fuDjMAAAAJ,2026-09-16,"Professor of Computing, Imperial College","[""Software Engineering"", ""Requirements Engineering"", ""Adaptive Software Systems""]",27817,72,195,2579,22,43,1988,"{""1988"":75,""1989"":93,""1990"":134,""1991"":135,""1992"":175,""1993"":244,""1994"":359,""1995"":424,""1996"":532,""1997"":542,""1998"":617,""1999"":609,""2000"":616,""2001"":688,""2002"":709,""2003"":804,""2004"":943,""2005"":1061,""2006"":1175,""2007"":1276,""2008"":1316,""2009"":1330,""2010"":1237,""2011"":1188,""2012"":1218,""2013"":1257,""2014"":1073,""2015"":1001,""2016"":832,""2017"":776,""2018"":822,""2019"":666,""2020"":569,""2021"":525,""2022"":482,""2023"":406,""2024"":415,""2025"":408,""2026"":341}"
Jin-Yi Cai,https://scholar.google.com/citations?user=Yn-Lm_QAAAAJ,2026-09-16,University of Wisconsin - Madison,"[""complexity_theory""]",9461,49,151,2455,25,56,1987,"{""1987"":29,""1988"":37,""1989"":47,""1990"":83,""1991"":72,""1992"":97,""1993"":93,""1994"":92,""1995"":129,""1996"":134,""1997"":125,""1998"":168,""1999"":166,""2000"":133,""2001"":109,""2002"":115,""2003"":156,""2004"":204,""2005"":259,""2006"":248,""2007"":285,""2008"":233,""2009"":249,""2010"":274,""2011"":281,""2012"":324,""2013"":383,""2014"":318,""2015"":306,""2016"":380,""2017"":346,""2018"":289,""2019"":292,""2020"":435,""2021"":337,""2022"":355,""2023"":422,""2024"":459,""2025"":431,""2026"":450}"
Joan Feigenbaum,https://scholar.google.com/citations?user=IAeKTGsAAAAJ,2026-09-16,"Grace Murray Hopper Professor of Computer Science, Yale University","[""Security"", ""Privacy"", ""Complexity Theory"", ""Massive Data Sets"", ""Crytography""]",18288,56,127,2046,23,46,1990,"{""1990"":83,""1991"":79,""1992"":76,""1993"":76,""1994"":96,""1995"":88,""1996"":73,""1997"":133,""1998"":210,""1999"":242,""2000"":337,""2001"":412,""2002"":505,""2003"":720,""2004"":963,""2005"":1064,""2006"":1051,""2007"":1082,""2008"":1046,""2009"":976,""2010"":966,""2011"":709,""2012"":708,""2013"":613,""2014"":658,""2015"":574,""2016"":557,""2017"":474,""2018"":430,""2019"":374,""2020"":394,""2021"":411,""2022"":388,""2023"":340,""2024"":381,""2025"":314,""2026"":210}"
Johan de Kleer,https://scholar.google.com/citations?user=CwZjyjIAAAAJ,2026-09-16,c-infinity,"[""Artificial Intelligence""]",22729,51,126,1954,21,41,1987,"{""1987"":428,""1988"":666,""1989"":748,""1990"":852,""1991"":943,""1992"":1043,""1993"":942,""1994"":956,""1995"":719,""1996"":691,""1997"":604,""1998"":523,""1999"":571,""2000"":520,""2001"":530,""2002"":486,""2003"":461,""2004"":480,""2005"":518,""2006"":527,""2007"":608,""2008"":493,""2009"":612,""2010"":457,""2011"":505,""2012"":494,""2013"":555,""2014"":492,""2015"":327,""2016"":369,""2017"":277,""2018"":358,""2019"":365,""2020"":398,""2021"":392,""2022"":386,""2023"":377,""2024"":340,""2025"":260,""2026"":194}"
J Mark Pullen,https://scholar.google.com/citations?user=FvTjg7cAAAAJ,2026-09-16,"Professor of Computer Science, George Mason University","[""Multimedia Networking"", ""Networked Education and Training""]",2456,27,64,187,6,1,1995,"{""1995"":7,""1996"":21,""1997"":9,""1998"":19,""1999"":46,""2000"":33,""2001"":32,""2002"":33,""2003"":57,""2004"":101,""2005"":159,""2006"":151,""2007"":199,""2008"":168,""2009"":136,""2010"":165,""2011"":145,""2012"":125,""2013"":151,""2014"":117,""2015"":96,""2016"":78,""2017"":55,""2018"":51,""2019"":61,""2020"":16,""2021"":74,""2022"":45,""2023"":13,""2024"":20,""2025"":24,""2026"":11}"
John P Hayes,https://scholar.google.com/citations?user=a-qMWpwAAAAJ,2026-09-16,"Professor of EECS, University of Michigan","[""stochastic computing"", ""computer architecture"", ""digital design"", ""VLSI"", ""emerging technologies""]",19897,75,221,3726,28,66,1987,"{""1987"":178,""1988"":281,""1989"":278,""1990"":349,""1991"":376,""1992"":427,""1993"":403,""1994"":350,""1995"":323,""1996"":299,""1997"":327,""1998"":306,""1999"":315,""2000"":291,""2001"":308,""2002"":242,""2003"":347,""2004"":349,""2005"":423,""2006"":426,""2007"":547,""2008"":592,""2009"":554,""2010"":571,""2011"":552,""2012"":628,""2013"":538,""2014"":567,""2015"":572,""2016"":592,""2017"":652,""2018"":708,""2019"":754,""2020"":698,""2021"":674,""2022"":776,""2023"":628,""2024"":555,""2025"":634,""2026"":459}"
Jonathan Turner,https://scholar.google.com/citations?user=Cgx9W6UAAAAJ,2026-09-16,"Senior Professor of Computer Science, Washington University in St. Louis","[""Networking"", ""algorithms"", ""switching systems"", ""routers"", ""data communications""]",34503,72,140,4576,20,32,1987,"{""1987"":142,""1988"":188,""1989"":221,""1990"":255,""1991"":306,""1992"":292,""1993"":344,""1994"":412,""1995"":381,""1996"":337,""1997"":332,""1998"":378,""1999"":417,""2000"":375,""2001"":391,""2002"":485,""2003"":591,""2004"":722,""2005"":710,""2006"":926,""2007"":817,""2008"":801,""2009"":1124,""2010"":1365,""2011"":1269,""2012"":1391,""2013"":1714,""2014"":1970,""2015"":2053,""2016"":2159,""2017"":1934,""2018"":1806,""2019"":1564,""2020"":1217,""2021"":1109,""2022"":1048,""2023"":714,""2024"":688,""2025"":636,""2026"":381}"
Kang G. Shin,https://scholar.google.com/citations?user=vY7MdLYAAAAJ,2026-09-16,"Kevin & Nancy O'Connor Professor of Computer Science, University of Michigan","[""Real-time embedded systems"", ""cyber-physical systems"", ""computer networks"", ""security and privacy"", ""mobile and wireless computing and c""]",64527,122,720,12281,53,228,1988,"{""1988"":246,""1989"":289,""1990"":380,""1991"":414,""1992"":514,""1993"":546,""1994"":782,""1995"":739,""1996"":745,""1997"":897,""1998"":817,""1999"":970,""2000"":1021,""2001"":1087,""2002"":1336,""2003"":1528,""2004"":1980,""2005"":2044,""2006"":2037,""2007"":2220,""2008"":2080,""2009"":2106,""2010"":2220,""2011"":2402,""2012"":2544,""2013"":2525,""2014"":2603,""2015"":2440,""2016"":2256,""2017"":2337,""2018"":2229,""2019"":2345,""2020"":2322,""2021"":2299,""2022"":2234,""2023"":2200,""2024"":2106,""2025"":2099,""2026"":1337}"
Krishan Sabnani,https://scholar.google.com/citations?user=OWfYfb4AAAAJ,2026-09-16,"Professor of Computer Science, Johns Hopkins University","[""Networking""]",10961,54,106,728,15,19,1988,"{""1988"":36,""1989"":67,""1990"":116,""1991"":129,""1992"":165,""1993"":205,""1994"":183,""1995"":217,""1996"":224,""1997"":231,""1998"":251,""1999"":270,""2000"":333,""2001"":391,""2002"":463,""2003"":467,""2004"":417,""2005"":402,""2006"":396,""2007"":339,""2008"":289,""2009"":362,""2010"":344,""2011"":375,""2012"":430,""2013"":442,""2014"":436,""2015"":459,""2016"":410,""2017"":400,""2018"":289,""2019"":294,""2020"":243,""2021"":206,""2022"":207,""2023"":111,""2024"":88,""2025"":74,""2026"":42}"
Krithivasan Ramamritham,https://scholar.google.com/citations?user=LFLG5pcAAAAJ,2026-09-16,"India (previously Dean R&D and Rekhi Chair Professor, IIT Bombay)","[""databases"", ""real-time systems"", ""ICT based solutions for society""]",26038,86,282,3497,25,66,1987,"{""1987"":86,""1988"":113,""1989"":187,""1990"":237,""1991"":402,""1992"":474,""1993"":595,""1994"":680,""1995"":825,""1996"":854,""1997"":931,""1998"":801,""1999"":790,""2000"":742,""2001"":735,""2002"":797,""2003"":840,""2004"":1077,""2005"":989,""2006"":1018,""2007"":1044,""2008"":895,""2009"":812,""2010"":729,""2011"":619,""2012"":693,""2013"":672,""2014"":591,""2015"":491,""2016"":439,""2017"":424,""2018"":476,""2019"":423,""2020"":453,""2021"":578,""2022"":628,""2023"":623,""2024"":696,""2025"":619,""2026"":348}"
Marilyn Wolf,https://scholar.google.com/citations?user=dA88kLYAAAAJ,2026-09-16,"Koch Professor of Engineering and Director, School of Computing","[""embedded computing"", ""cyber-physical systems"", ""VLSI"", ""multimedia""]",21954,67,269,3207,23,53,1990,"{""1990"":55,""1991"":67,""1992"":96,""1993"":108,""1994"":158,""1995"":190,""1996"":255,""1997"":321,""1998"":393,""1999"":389,""2000"":409,""2001"":427,""2002"":466,""2003"":626,""2004"":714,""2005"":776,""2006"":895,""2007"":1098,""2008"":980,""2009"":977,""2010"":1050,""2011"":953,""2012"":908,""2013"":914,""2014"":853,""2015"":715,""2016"":700,""2017"":648,""2018"":716,""2019"":731,""2020"":647,""2021"":668,""2022"":642,""2023"":557,""2024"":528,""2025"":484,""2026"":326}"
Nick Roussopoulos,https://scholar.google.com/citations?user=tia0DoIE6XUJ,2026-09-16,"Professor of Computer Science, University of Maryland","[""Databases""]",16709,53,115,846,13,20,1987,"{""1987"":96,""1988"":114,""1989"":132,""1990"":157,""1991"":202,""1992"":183,""1993"":279,""1994"":277,""1995"":301,""1996"":321,""1997"":361,""1998"":498,""1999"":502,""2000"":507,""2001"":587,""2002"":610,""2003"":611,""2004"":694,""2005"":747,""2006"":808,""2007"":843,""2008"":660,""2009"":817,""2010"":721,""2011"":588,""2012"":566,""2013"":527,""2014"":484,""2015"":397,""2016"":372,""2017"":307,""2018"":296,""2019"":283,""2020"":228,""2021"":205,""2022"":159,""2023"":146,""2024"":133,""2025"":119,""2026"":84}"
Ouri Wolfson,https://scholar.google.com/citations?user=zGSP_osAAAAJ,2026-09-16,"Professor of Computer Science, University of Illinois, Chicago, Fellow ACM, Fellow IEEE, Fellow AAAS","[""spatial databases"", ""smart city"", ""intelligent transportation"", ""big data"", ""AI consciousness""]",18097,60,154,3579,23,44,1991,"{""1991"":70,""1992"":67,""1993"":102,""1994"":103,""1995"":128,""1996"":104,""1997"":110,""1998"":129,""1999"":195,""2000"":205,""2001"":286,""2002"":453,""2003"":519,""2004"":589,""2005"":649,""2006"":613,""2007"":580,""2008"":594,""2009"":626,""2010"":589,""2011"":601,""2012"":537,""2013"":663,""2014"":673,""2015"":799,""2016"":854,""2017"":862,""2018"":889,""2019"":855,""2020"":794,""2021"":820,""2022"":680,""2023"":578,""2024"":551,""2025"":548,""2026"":402}"
Pamela Zave,https://scholar.google.com/citations?user=QqvUgJsAAAAJ,2026-09-16,AT&T Labs--Research,"[""formal methods"", ""network architecture"", ""Internet of Things"", ""network services"", ""software engineering""]",8665,37,89,867,14,20,1987,"{""1987"":80,""1988"":92,""1989"":94,""1990"":137,""1991"":119,""1992"":144,""1993"":141,""1994"":135,""1995"":140,""1996"":127,""1997"":161,""1998"":147,""1999"":191,""2000"":233,""2001"":183,""2002"":200,""2003"":217,""2004"":257,""2005"":289,""2006"":207,""2007"":285,""2008"":299,""2009"":355,""2010"":351,""2011"":352,""2012"":370,""2013"":321,""2014"":303,""2015"":271,""2016"":244,""2017"":212,""2018"":246,""2019"":266,""2020"":185,""2021"":182,""2022"":173,""2023"":148,""2024"":141,""2025"":118,""2026"":105}"
Philip A. Bernstein,https://scholar.google.com/citations?user=6OEYXEIAAAAJ,2026-09-16,Microsoft Research,"[""Database systems and transaction processin""]",46804,86,223,5294,34,89,1987,"{""1987"":457,""1988"":569,""1989"":564,""1990"":676,""1991"":676,""1992"":747,""1993"":707,""1994"":601,""1995"":658,""1996"":612,""1997"":647,""1998"":494,""1999"":592,""2000"":634,""2001"":655,""2002"":783,""2003"":1117,""2004"":1478,""2005"":1644,""2006"":1847,""2007"":1908,""2008"":2001,""2009"":2044,""2010"":1833,""2011"":1860,""2012"":1631,""2013"":1500,""2014"":1575,""2015"":1385,""2016"":1341,""2017"":1226,""2018"":1092,""2019"":1101,""2020"":1005,""2021"":959,""2022"":938,""2023"":791,""2024"":804,""2025"":1029,""2026"":770}"
Prabhakar Raghavan,https://scholar.google.com/citations?user=FtMADIMAAAAJ,2026-09-16,Google,"[""Algorithms"", ""Web"", ""Data mining""]",93750,93,196,18213,36,89,1994,"{""1994"":263,""1995"":212,""1996"":349,""1997"":438,""1998"":536,""1999"":726,""2000"":1023,""2001"":1384,""2002"":1732,""2003"":2108,""2004"":2496,""2005"":2839,""2006"":2901,""2007"":3199,""2008"":3309,""2009"":3564,""2010"":4025,""2011"":4150,""2012"":4317,""2013"":4470,""2014"":4528,""2015"":4349,""2016"":4402,""2017"":4209,""2018"":4178,""2019"":3914,""2020"":3812,""2021"":3430,""2022"":3000,""2023"":2861,""2024"":2796,""2025"":3370,""2026"":2756}"
Raghu Ramakrishnan,https://scholar.google.com/citations?user=udZSrkYAAAAJ,2026-09-16,Microsoft,"[""Database systems"", ""data mining"", ""information extraction"", ""ranking/recommendation"", ""social networks""]",62542,92,277,12869,39,111,1988,"{""1988"":172,""1989"":194,""1990"":331,""1991"":349,""1992"":323,""1993"":397,""1994"":437,""1995"":524,""1996"":436,""1997"":477,""1998"":438,""1999"":525,""2000"":595,""2001"":798,""2002"":980,""2003"":1150,""2004"":1214,""2005"":1513,""2006"":1665,""2007"":1863,""2008"":2020,""2009"":2403,""2010"":2325,""2011"":2317,""2012"":2608,""2013"":2796,""2014"":2824,""2015"":2985,""2016"":2832,""2017"":2784,""2018"":2797,""2019"":2671,""2020"":2595,""2021"":2502,""2022"":2384,""2023"":2203,""2024"":2157,""2025"":2228,""2026"":1394}"
Ravi Sandhu,https://scholar.google.com/citations?user=wic7YpkAAAAJ,2026-09-16,University of Texas at San Antonio,"[""cyber security"", ""access control models architectures"", ""secure cloud and IoT computing""]",54380,97,340,10400,46,156,1994,"{""1994"":160,""1995"":119,""1996"":205,""1997"":240,""1998"":268,""1999"":396,""2000"":573,""2001"":697,""2002"":963,""2003"":1510,""2004"":1685,""2005"":2047,""2006"":2555,""2007"":2513,""2008"":2703,""2009"":2584,""2010"":2650,""2011"":2371,""2012"":2321,""2013"":2225,""2014"":2324,""2015"":2212,""2016"":2078,""2017"":1856,""2018"":1791,""2019"":1892,""2020"":1891,""2021"":1896,""2022"":2169,""2023"":1632,""2024"":1741,""2025"":1758,""2026"":1194}"
Bob Kowalski,https://scholar.google.com/citations?user=pvkQAj0AAAAJ,2026-09-16,"Emeritus Professor, Imperial College London","[""Logic and Artificial Intelligence""]",24447,48,96,2830,22,38,1987,"{""1987"":520,""1988"":584,""1989"":523,""1990"":594,""1991"":588,""1992"":582,""1993"":571,""1994"":658,""1995"":531,""1996"":540,""1997"":524,""1998"":458,""1999"":458,""2000"":480,""2001"":461,""2002"":577,""2003"":424,""2004"":505,""2005"":526,""2006"":590,""2007"":795,""2008"":694,""2009"":664,""2010"":683,""2011"":535,""2012"":642,""2013"":603,""2014"":561,""2015"":551,""2016"":539,""2017"":510,""2018"":545,""2019"":456,""2020"":461,""2021"":455,""2022"":553,""2023"":568,""2024"":472,""2025"":470,""2026"":310}"
Ruby B. Lee,https://scholar.google.com/citations?user=odeKATgAAAAJ,2026-09-16,"Forrest G. Hamrick Professor of Electrical Engineering, also Computer Science","[""Cyber Security"", ""Computer Architecture"", ""Multimedia"", ""Hardware Security"", ""Secure processors and caches""]",19391,65,200,6212,36,73,1995,"{""1995"":84,""1996"":88,""1997"":158,""1998"":176,""1999"":148,""2000"":171,""2001"":182,""2002"":251,""2003"":244,""2004"":337,""2005"":382,""2006"":319,""2007"":384,""2008"":510,""2009"":380,""2010"":484,""2011"":433,""2012"":540,""2013"":619,""2014"":712,""2015"":774,""2016"":832,""2017"":999,""2018"":930,""2019"":1240,""2020"":1330,""2021"":1207,""2022"":1226,""2023"":1180,""2024"":1096,""2025"":1037,""2026"":464}"
Sundararaja Sitharama Iyengar,https://scholar.google.com/citations?user=eNONM8AAAAAJ,2026-09-16,"Professor of Computer Science, Florida International University","[""Algorithms"", ""Sensor Networks"", ""Computational Biology"", ""Cyber Security"", ""etc""]",26198,69,358,8576,38,135,1988,"{""1988"":86,""1989"":123,""1990"":113,""1991"":143,""1992"":125,""1993"":135,""1994"":129,""1995"":154,""1996"":141,""1997"":157,""1998"":158,""1999"":141,""2000"":161,""2001"":247,""2002"":280,""2003"":309,""2004"":533,""2005"":668,""2006"":686,""2007"":808,""2008"":789,""2009"":909,""2010"":886,""2011"":779,""2012"":848,""2013"":768,""2014"":791,""2015"":779,""2016"":843,""2017"":873,""2018"":1007,""2019"":1149,""2020"":1405,""2021"":1482,""2022"":1495,""2023"":1450,""2024"":1412,""2025"":1657,""2026"":1069}"
Sung Mo Kang,https://scholar.google.com/citations?user=yJB9y2QAAAAJ,2026-09-16,"University of California, Santa Cruz","[""VLSI"", ""CAD"", ""Memristors and Memristive Systems""]",22542,62,309,4155,26,59,1989,"{""1989"":93,""1990"":72,""1991"":135,""1992"":169,""1993"":239,""1994"":267,""1995"":297,""1996"":354,""1997"":272,""1998"":382,""1999"":358,""2000"":333,""2001"":415,""2002"":453,""2003"":574,""2004"":669,""2005"":647,""2006"":681,""2007"":636,""2008"":622,""2009"":579,""2010"":674,""2011"":773,""2012"":826,""2013"":1025,""2014"":1131,""2015"":980,""2016"":952,""2017"":840,""2018"":884,""2019"":816,""2020"":735,""2021"":903,""2022"":809,""2023"":700,""2024"":614,""2025"":653,""2026"":474}"
Susan Davidson,https://scholar.google.com/citations?user=LW4lnZYAAAAJ,2026-09-16,University of Pennsylvania,"[""Databases"", ""bioinformatics"", ""workflows"", ""provenance""]",13050,52,126,2126,19,39,1987,"{""1987"":41,""1988"":53,""1989"":53,""1990"":85,""1991"":81,""1992"":73,""1993"":107,""1994"":106,""1995"":115,""1996"":103,""1997"":194,""1998"":310,""1999"":323,""2000"":301,""2001"":307,""2002"":297,""2003"":389,""2004"":402,""2005"":436,""2006"":435,""2007"":561,""2008"":479,""2009"":541,""2010"":447,""2011"":489,""2012"":437,""2013"":464,""2014"":417,""2015"":463,""2016"":457,""2017"":476,""2018"":407,""2019"":458,""2020"":340,""2021"":370,""2022"":345,""2023"":417,""2024"":371,""2025"":357,""2026"":264}"
Tetsuo Asano,https://scholar.google.com/citations?user=Oad1ijkAAAAJ,2026-09-16,"Professor of School of Information Science, JAIST","[""Algorithm"", ""Computational Geometry""]",5539,38,120,860,18,24,1987,"{""1987"":95,""1988"":90,""1989"":74,""1990"":78,""1991"":79,""1992"":69,""1993"":59,""1994"":48,""1995"":69,""1996"":86,""1997"":53,""1998"":71,""1999"":86,""2000"":120,""2001"":85,""2002"":87,""2003"":139,""2004"":129,""2005"":145,""2006"":142,""2007"":166,""2008"":154,""2009"":203,""2010"":190,""2011"":225,""2012"":205,""2013"":207,""2014"":193,""2015"":195,""2016"":189,""2017"":179,""2018"":206,""2019"":226,""2020"":153,""2021"":158,""2022"":178,""2023"":144,""2024"":128,""2025"":133,""2026"":119}"
Witold Litwin,https://scholar.google.com/citations?user=6Rbf6EUAAAAJ,2026-09-16,"Professor of Computer Science, University Paris Dauphine","[""Scalable Distributed Data Structures"", ""Data bases"", ""Cloud Databases""]",8533,38,79,355,9,8,1987,"{""1987"":63,""1988"":76,""1989"":78,""1990"":126,""1991"":196,""1992"":243,""1993"":332,""1994"":326,""1995"":341,""1996"":375,""1997"":316,""1998"":278,""1999"":254,""2000"":279,""2001"":221,""2002"":291,""2003"":314,""2004"":340,""2005"":353,""2006"":337,""2007"":338,""2008"":270,""2009"":281,""2010"":280,""2011"":244,""2012"":184,""2013"":187,""2014"":146,""2015"":163,""2016"":160,""2017"":101,""2018"":80,""2019"":109,""2020"":68,""2021"":76,""2022"":71,""2023"":59,""2024"":57,""2025"":73,""2026"":19}"
Yale Patt,https://scholar.google.com/citations?user=ycNJVd4AAAAJ,2026-09-16,"Professor of ECE and Ernest Cockrell, Jr. Centennial Chair in","[""computer architecture"", ""microarchitecture"", ""computer science"", ""digital logic"", ""system software""]",22668,74,167,3104,30,58,1987,"{""1987"":114,""1988"":104,""1989"":94,""1990"":61,""1991"":117,""1992"":108,""1993"":217,""1994"":180,""1995"":266,""1996"":295,""1997"":439,""1998"":522,""1999"":613,""2000"":558,""2001"":629,""2002"":647,""2003"":558,""2004"":622,""2005"":669,""2006"":610,""2007"":592,""2008"":584,""2009"":643,""2010"":885,""2011"":909,""2012"":880,""2013"":886,""2014"":905,""2015"":994,""2016"":1109,""2017"":868,""2018"":875,""2019"":781,""2020"":656,""2021"":597,""2022"":581,""2023"":462,""2024"":487,""2025"":589,""2026"":388}"
Axel van Lamsweerde,https://scholar.google.com/citations?user=KhZnymAAAAAJ,2026-09-16,"Professor Emeritus, ICTEAM Institute, EPL, Université catholique de Louvain","[""Software engineering"", ""requirements rengineering"", ""system modeling"", ""high assurance systems"", ""formal methods""]",19097,46,68,2331,20,35,1995,"{""1995"":58,""1996"":59,""1997"":91,""1998"":120,""1999"":119,""2000"":184,""2001"":263,""2002"":385,""2003"":464,""2004"":601,""2005"":776,""2006"":850,""2007"":831,""2008"":1000,""2009"":1103,""2010"":1018,""2011"":1086,""2012"":967,""2013"":1069,""2014"":1066,""2015"":896,""2016"":797,""2017"":700,""2018"":659,""2019"":644,""2020"":425,""2021"":504,""2022"":450,""2023"":368,""2024"":376,""2025"":391,""2026"":242}"
David Scott Warren,https://scholar.google.com/citations?user=6DDwarUAAAAJ,2026-09-16,"Emeritus Professor of Computer Science, Stony Brook University","[""Programming Languages"", ""Knowledge Representation"", ""Database Systems"", ""Artificial Intelligence""]",9045,46,107,645,13,18,1987,"{""1987"":74,""1988"":136,""1989"":148,""1990"":210,""1991"":250,""1992"":254,""1993"":262,""1994"":359,""1995"":332,""1996"":322,""1997"":313,""1998"":253,""1999"":274,""2000"":262,""2001"":266,""2002"":191,""2003"":251,""2004"":208,""2005"":280,""2006"":248,""2007"":425,""2008"":298,""2009"":281,""2010"":260,""2011"":207,""2012"":259,""2013"":221,""2014"":167,""2015"":183,""2016"":195,""2017"":149,""2018"":178,""2019"":143,""2020"":115,""2021"":141,""2022"":123,""2023"":109,""2024"":119,""2025"":87,""2026"":65}"
Deborah Estrin,https://scholar.google.com/citations?user=3_WYcR4AAAAJ,2026-09-16,"Professor of Computer Science, Cornell Tech, Cornell University","[""digital health"", ""mobile sensing"", ""Internet architecture"", ""public interest tech""]",147467,139,377,16511,47,154,1996,"{""1996"":455,""1997"":637,""1998"":847,""1999"":938,""2000"":1215,""2001"":1499,""2002"":2218,""2003"":3807,""2004"":5184,""2005"":7601,""2006"":8124,""2007"":8841,""2008"":8362,""2009"":8123,""2010"":8371,""2011"":7317,""2012"":7800,""2013"":7756,""2014"":7134,""2015"":6816,""2016"":6381,""2017"":5507,""2018"":5198,""2019"":4280,""2020"":3700,""2021"":3363,""2022"":2998,""2023"":2752,""2024"":2716,""2025"":2819,""2026"":1853}"
Douglas Comer,https://scholar.google.com/citations?user=b2f-PjYAAAAJ,2026-09-16,"Distinguished Professor of Computer Science, Purdue University","[""computer networks and internets"", ""protocols"", ""operating systems"", ""software design""]",20313,39,78,2355,18,21,1987,"{""1987"":87,""1988"":142,""1989"":126,""1990"":239,""1991"":293,""1992"":306,""1993"":323,""1994"":369,""1995"":416,""1996"":449,""1997"":479,""1998"":516,""1999"":511,""2000"":487,""2001"":519,""2002"":638,""2003"":784,""2004"":787,""2005"":748,""2006"":731,""2007"":714,""2008"":637,""2009"":695,""2010"":650,""2011"":645,""2012"":601,""2013"":643,""2014"":532,""2015"":566,""2016"":478,""2017"":446,""2018"":453,""2019"":446,""2020"":377,""2021"":381,""2022"":412,""2023"":408,""2024"":470,""2025"":432,""2026"":250}"
Francine Berman,https://scholar.google.com/citations?user=HzqQ2wYAAAAJ,2026-09-16,"Hamilton Distinguished Professor of Computer Science, RPI","[""Data preservation"", ""data stewardship"", ""cyberinfrastructure"", ""Internet of Things"", ""HPC""]",11105,43,81,631,13,16,1987,"{""1987"":28,""1988"":47,""1989"":34,""1990"":47,""1991"":45,""1992"":58,""1993"":37,""1994"":61,""1995"":61,""1996"":82,""1997"":85,""1998"":129,""1999"":184,""2000"":180,""2001"":244,""2002"":361,""2003"":604,""2004"":707,""2005"":852,""2006"":869,""2007"":764,""2008"":682,""2009"":658,""2010"":574,""2011"":439,""2012"":410,""2013"":335,""2014"":369,""2015"":277,""2016"":226,""2017"":186,""2018"":188,""2019"":167,""2020"":135,""2021"":154,""2022"":114,""2023"":130,""2024"":97,""2025"":77,""2026"":58}"
Hank Korth,https://scholar.google.com/citations?user=4VLZdawAAAAJ,2026-09-16,"Professor of Computer Science, Lehigh University","[""database systems""]",25892,53,106,3243,14,22,1987,"{""1987"":107,""1988"":144,""1989"":155,""1990"":218,""1991"":255,""1992"":341,""1993"":436,""1994"":328,""1995"":317,""1996"":477,""1997"":527,""1998"":527,""1999"":556,""2000"":600,""2001"":669,""2002"":744,""2003"":820,""2004"":878,""2005"":860,""2006"":883,""2007"":871,""2008"":783,""2009"":901,""2010"":946,""2011"":890,""2012"":980,""2013"":878,""2014"":818,""2015"":801,""2016"":710,""2017"":748,""2018"":713,""2019"":668,""2020"":558,""2021"":547,""2022"":481,""2023"":440,""2024"":496,""2025"":669,""2026"":609}"
James Morris,https://scholar.google.com/citations?user=9Y2cn3EAAAAJ,2026-09-17,"Professor of Computer Science and Human Computer Interaction, Carnegie Mellon",[],11184,31,55,1639,15,19,1987,"{""1987"":117,""1988"":120,""1989"":120,""1990"":159,""1991"":145,""1992"":171,""1993"":189,""1994"":214,""1995"":191,""1996"":178,""1997"":186,""1998"":202,""1999"":175,""2000"":168,""2001"":191,""2002"":181,""2003"":230,""2004"":252,""2005"":295,""2006"":295,""2007"":318,""2008"":320,""2009"":305,""2010"":345,""2011"":302,""2012"":301,""2013"":331,""2014"":344,""2015"":307,""2016"":335,""2017"":330,""2018"":309,""2019"":329,""2020"":289,""2021"":289,""2022"":265,""2023"":286,""2024"":252,""2025"":317,""2026"":221}"
Larry Peterson,https://scholar.google.com/citations?user=hmq4rGIAAAAJ,2026-09-16,"Princeton University / Systems Approach, LLC","[""Distributed Systems"", ""Networks"", ""Operating Systems""]",52062,77,172,6796,25,53,1992,"{""1992"":205,""1993"":394,""1994"":416,""1995"":482,""1996"":607,""1997"":586,""1998"":727,""1999"":691,""2000"":828,""2001"":962,""2002"":1106,""2003"":1422,""2004"":1653,""2005"":1792,""2006"":1798,""2007"":1924,""2008"":1729,""2009"":1834,""2010"":2026,""2011"":1930,""2012"":2066,""2013"":2350,""2014"":2475,""2015"":2643,""2016"":2815,""2017"":2502,""2018"":2334,""2019"":2132,""2020"":1611,""2021"":1530,""2022"":1352,""2023"":1128,""2024"":1125,""2025"":1033,""2026"":628}"
Michael T. Heath,https://scholar.google.com/citations?user=jPis1roAAAAJ,2026-09-16,"Professor of Computer Science, University of Illinois at Urbana-Champaign","[""Scientific Computing"", ""Numerical Analysis"", ""Parallel Computing""]",17584,46,95,2767,15,29,1987,"{""1987"":119,""1988"":159,""1989"":217,""1990"":244,""1991"":266,""1992"":352,""1993"":423,""1994"":491,""1995"":449,""1996"":397,""1997"":389,""1998"":285,""1999"":241,""2000"":299,""2001"":262,""2002"":256,""2003"":336,""2004"":369,""2005"":373,""2006"":437,""2007"":471,""2008"":473,""2009"":459,""2010"":506,""2011"":559,""2012"":600,""2013"":607,""2014"":598,""2015"":564,""2016"":567,""2017"":568,""2018"":618,""2019"":579,""2020"":535,""2021"":579,""2022"":497,""2023"":432,""2024"":480,""2025"":444,""2026"":335}"
Michael J. Carey,https://scholar.google.com/citations?user=B8tFrksAAAAJ,2026-09-16,"Bren Professor of Information and Computer Sciences, University of California, Irvine","[""database management""]",28971,91,216,2968,25,78,1987,"{""1987"":143,""1988"":188,""1989"":249,""1990"":448,""1991"":454,""1992"":628,""1993"":716,""1994"":714,""1995"":811,""1996"":807,""1997"":959,""1998"":754,""1999"":772,""2000"":824,""2001"":768,""2002"":870,""2003"":833,""2004"":931,""2005"":928,""2006"":1030,""2007"":984,""2008"":860,""2009"":889,""2010"":813,""2011"":792,""2012"":825,""2013"":901,""2014"":901,""2015"":843,""2016"":776,""2017"":698,""2018"":842,""2019"":634,""2020"":708,""2021"":620,""2022"":610,""2023"":485,""2024"":484,""2025"":456,""2026"":312}"
Moshe Y. Vardi,https://scholar.google.com/citations?user=DQaARsgAAAAJ,2026-09-16,Rice University,"[""Logic and Computation""]",67518,126,478,15080,55,281,1987,"{""1987"":181,""1988"":206,""1989"":268,""1990"":350,""1991"":300,""1992"":443,""1993"":388,""1994"":560,""1995"":699,""1996"":635,""1997"":765,""1998"":857,""1999"":981,""2000"":1067,""2001"":1198,""2002"":1371,""2003"":1657,""2004"":1610,""2005"":1969,""2006"":2048,""2007"":2335,""2008"":2391,""2009"":2337,""2010"":2284,""2011"":2270,""2012"":2353,""2013"":2314,""2014"":2546,""2015"":2494,""2016"":2495,""2017"":2308,""2018"":2443,""2019"":2452,""2020"":2341,""2021"":2516,""2022"":2677,""2023"":2708,""2024"":2666,""2025"":2611,""2026"":1897}"
Peter A. Freeman,https://scholar.google.com/citations?user=1kW15d8AAAAJ,2026-09-16,"Georgia Tech, UC Irvine","[""software engineering"", ""science policy"", ""articificial intelligence""]",5003,30,64,622,11,12,1987,"{""1987"":105,""1988"":97,""1989"":133,""1990"":128,""1991"":143,""1992"":208,""1993"":164,""1994"":158,""1995"":164,""1996"":113,""1997"":137,""1998"":125,""1999"":100,""2000"":122,""2001"":113,""2002"":139,""2003"":113,""2004"":130,""2005"":113,""2006"":105,""2007"":138,""2008"":117,""2009"":108,""2010"":87,""2011"":90,""2012"":82,""2013"":83,""2014"":67,""2015"":76,""2016"":77,""2017"":64,""2018"":71,""2019"":96,""2020"":90,""2021"":105,""2022"":106,""2023"":130,""2024"":87,""2025"":114,""2026"":79}"
Peter Buneman,https://scholar.google.com/citations?user=d9bq04sAAAAJ,2026-09-16,"Professor, University of Edinburgh",[],27216,67,127,4109,25,46,1987,"{""1987"":115,""1988"":121,""1989"":211,""1990"":317,""1991"":249,""1992"":232,""1993"":261,""1994"":288,""1995"":320,""1996"":263,""1997"":380,""1998"":488,""1999"":575,""2000"":698,""2001"":770,""2002"":871,""2003"":864,""2004"":844,""2005"":925,""2006"":827,""2007"":1002,""2008"":780,""2009"":907,""2010"":942,""2011"":794,""2012"":806,""2013"":771,""2014"":747,""2015"":1037,""2016"":1058,""2017"":1370,""2018"":902,""2019"":717,""2020"":656,""2021"":749,""2022"":702,""2023"":690,""2024"":558,""2025"":679,""2026"":727}"
Randal Bryant,https://scholar.google.com/citations?user=AFgYa68AAAAJ,2026-09-16,Carnegie Mellon University,"[""Formal verification"", ""binary decision diagrams""]",34499,59,156,3815,22,48,1987,"{""1987"":145,""1988"":174,""1989"":174,""1990"":239,""1991"":419,""1992"":449,""1993"":611,""1994"":682,""1995"":833,""1996"":874,""1997"":908,""1998"":1048,""1999"":1004,""2000"":931,""2001"":994,""2002"":1043,""2003"":1162,""2004"":1297,""2005"":1337,""2006"":1312,""2007"":1352,""2008"":1259,""2009"":1129,""2010"":1170,""2011"":1082,""2012"":1107,""2013"":1006,""2014"":979,""2015"":958,""2016"":868,""2017"":831,""2018"":859,""2019"":730,""2020"":684,""2021"":698,""2022"":704,""2023"":735,""2024"":626,""2025"":580,""2026"":470}"
Reinhard Wilhelm,https://scholar.google.com/citations?user=cmvUbRUAAAAJ,2026-09-16,"Computer Science, Saarland University, Saarland Informatics Campus (SIC)","[""embedded systems"", ""compilers"", ""static program analysis""]",13297,47,109,1610,20,26,1988,"{""1988"":48,""1989"":32,""1990"":29,""1991"":44,""1992"":40,""1993"":27,""1994"":35,""1995"":45,""1996"":49,""1997"":77,""1998"":103,""1999"":139,""2000"":141,""2001"":182,""2002"":225,""2003"":258,""2004"":359,""2005"":391,""2006"":473,""2007"":655,""2008"":585,""2009"":677,""2010"":674,""2011"":643,""2012"":676,""2013"":759,""2014"":730,""2015"":688,""2016"":617,""2017"":512,""2018"":527,""2019"":451,""2020"":394,""2021"":340,""2022"":309,""2023"":249,""2024"":289,""2025"":243,""2026"":180}"
Ronald Fagin,https://scholar.google.com/citations?user=ohL-Y50AAAAJ,2026-09-16,IBM Research - Silicon Valley,"[""Logic for computer science"", ""database theory"", ""finite model theory"", ""real-valued logics""]",43628,83,128,5967,33,83,1987,"{""1987"":256,""1988"":294,""1989"":291,""1990"":343,""1991"":315,""1992"":376,""1993"":412,""1994"":515,""1995"":510,""1996"":517,""1997"":616,""1998"":614,""1999"":648,""2000"":623,""2001"":679,""2002"":787,""2003"":1017,""2004"":1242,""2005"":1437,""2006"":1547,""2007"":1642,""2008"":1702,""2009"":1904,""2010"":1858,""2011"":1819,""2012"":1786,""2013"":1905,""2014"":1675,""2015"":1546,""2016"":1428,""2017"":1300,""2018"":1290,""2019"":1190,""2020"":1087,""2021"":1131,""2022"":976,""2023"":1051,""2024"":1008,""2025"":1023,""2026"":774}"
Shahid Bokhari,https://scholar.google.com/citations?user=6BV79KYAAAAJ,2026-09-16,"Independent Researcher, Cupertino, CA","[""Massively multithreaded computing"", ""Parallel processing"", ""bioinformatics""]",5332,26,40,249,9,8,1987,"{""1987"":91,""1988"":141,""1989"":147,""1990"":158,""1991"":208,""1992"":247,""1993"":277,""1994"":348,""1995"":303,""1996"":244,""1997"":200,""1998"":155,""1999"":131,""2000"":142,""2001"":91,""2002"":103,""2003"":97,""2004"":83,""2005"":102,""2006"":92,""2007"":125,""2008"":101,""2009"":128,""2010"":93,""2011"":99,""2012"":131,""2013"":136,""2014"":135,""2015"":90,""2016"":89,""2017"":69,""2018"":64,""2019"":72,""2020"":57,""2021"":61,""2022"":48,""2023"":60,""2024"":26,""2025"":38,""2026"":16}"
Stuart K. Card,https://scholar.google.com/citations?user=ccCNF08AAAAJ,2026-09-16,"Adjunct Professor, Computer Science Dept., Stanford University","[""Human Computer Interaction""]",63016,93,179,9018,36,74,1987,"{""1987"":334,""1988"":276,""1989"":310,""1990"":406,""1991"":468,""1992"":633,""1993"":679,""1994"":639,""1995"":822,""1996"":850,""1997"":938,""1998"":980,""1999"":1251,""2000"":1188,""2001"":1296,""2002"":1561,""2003"":1655,""2004"":1846,""2005"":1971,""2006"":2193,""2007"":2214,""2008"":2316,""2009"":2304,""2010"":2355,""2011"":2456,""2012"":2334,""2013"":2565,""2014"":2599,""2015"":2290,""2016"":2306,""2017"":2087,""2018"":1977,""2019"":2011,""2020"":1777,""2021"":1715,""2022"":1649,""2023"":1460,""2024"":1450,""2025"":1433,""2026"":1311}"
W. Kent Fuchs,https://scholar.google.com/citations?user=3AZbXzEAAAAJ,2026-09-16,"President, University of Florida","[""Dependable Computing"", ""Computer Engineering""]",6424,45,109,202,7,4,1987,"{""1987"":38,""1988"":69,""1989"":148,""1990"":155,""1991"":204,""1992"":213,""1993"":232,""1994"":282,""1995"":314,""1996"":266,""1997"":321,""1998"":285,""1999"":227,""2000"":250,""2001"":192,""2002"":187,""2003"":198,""2004"":246,""2005"":215,""2006"":215,""2007"":258,""2008"":178,""2009"":155,""2010"":230,""2011"":154,""2012"":151,""2013"":153,""2014"":117,""2015"":81,""2016"":100,""2017"":79,""2018"":64,""2019"":65,""2020"":62,""2021"":46,""2022"":41,""2023"":36,""2024"":40,""2025"":25,""2026"":14}"
Willy Zwaenepoel,https://scholar.google.com/citations?user=KfI_FL4AAAAJ,2026-09-16,University of Sydney,"[""distributed systems"", ""operating systems""]",26548,76,148,3377,32,62,1987,"{""1987"":94,""1988"":132,""1989"":122,""1990"":157,""1991"":169,""1992"":253,""1993"":368,""1994"":527,""1995"":596,""1996"":662,""1997"":765,""1998"":828,""1999"":869,""2000"":837,""2001"":850,""2002"":774,""2003"":856,""2004"":957,""2005"":991,""2006"":928,""2007"":1040,""2008"":953,""2009"":907,""2010"":890,""2011"":823,""2012"":861,""2013"":667,""2014"":637,""2015"":661,""2016"":675,""2017"":660,""2018"":663,""2019"":657,""2020"":734,""2021"":701,""2022"":605,""2023"":582,""2024"":613,""2025"":508,""2026"":367}"
Carlo Ghezzi,https://scholar.google.com/citations?user=Y8BLBGcAAAAJ,2026-09-16,"Emeritus Professor, Politecnico di Milano","[""Software engineering"", ""dependable and evolvable systems"", ""programming languages"", ""ethical and societal aspects of computing""]",17206,65,215,2785,27,72,1988,"{""1988"":49,""1989"":56,""1990"":62,""1991"":94,""1992"":102,""1993"":219,""1994"":239,""1995"":256,""1996"":284,""1997"":304,""1998"":347,""1999"":329,""2000"":319,""2001"":301,""2002"":310,""2003"":297,""2004"":267,""2005"":311,""2006"":319,""2007"":419,""2008"":447,""2009"":528,""2010"":601,""2011"":670,""2012"":793,""2013"":763,""2014"":833,""2015"":850,""2016"":745,""2017"":678,""2018"":810,""2019"":753,""2020"":570,""2021"":604,""2022"":503,""2023"":431,""2024"":487,""2025"":470,""2026"":288}"
David MacQueen,https://scholar.google.com/citations?user=pxKA2w0AAAAJ,2026-09-16,"Professor Emeritus of Computer Science, University of Chicago","[""programming languages"", ""semantics"", ""types"", ""modules""]",9788,24,31,639,10,10,1987,"{""1987"":111,""1988"":148,""1989"":160,""1990"":225,""1991"":224,""1992"":307,""1993"":315,""1994"":433,""1995"":341,""1996"":397,""1997"":358,""1998"":358,""1999"":341,""2000"":291,""2001"":265,""2002"":304,""2003"":272,""2004"":305,""2005"":400,""2006"":287,""2007"":347,""2008"":309,""2009"":320,""2010"":238,""2011"":190,""2012"":211,""2013"":196,""2014"":155,""2015"":156,""2016"":153,""2017"":124,""2018"":110,""2019"":126,""2020"":109,""2021"":109,""2022"":108,""2023"":111,""2024"":97,""2025"":155,""2026"":59}"
Dhiraj K Pradhan,https://scholar.google.com/citations?user=OETOceoAAAAJ,2026-09-16,"Professor of Computer Science, University of Bristol","[""Fault tolerance"", ""Logic Synthesis"", ""Computer architecture"", ""error correcting codes"", ""Galois Field""]",15365,61,226,1638,20,40,1987,"{""1987"":80,""1988"":141,""1989"":165,""1990"":190,""1991"":262,""1992"":285,""1993"":313,""1994"":292,""1995"":359,""1996"":407,""1997"":362,""1998"":378,""1999"":342,""2000"":364,""2001"":372,""2002"":379,""2003"":423,""2004"":453,""2005"":437,""2006"":433,""2007"":456,""2008"":559,""2009"":472,""2010"":568,""2011"":467,""2012"":539,""2013"":512,""2014"":491,""2015"":507,""2016"":492,""2017"":428,""2018"":436,""2019"":394,""2020"":369,""2021"":340,""2022"":335,""2023"":342,""2024"":268,""2025"":238,""2026"":115}"
James Foley,https://scholar.google.com/citations?user=GmcChLIAAAAJ,2026-09-16,"Professor of Computer Science, Georgia Institute of Technology","[""computer graphics"", ""human-computer interaction"", ""information visualization""]",26484,39,89,1941,10,10,1987,"{""1987"":321,""1988"":376,""1989"":374,""1990"":426,""1991"":566,""1992"":588,""1993"":716,""1994"":756,""1995"":893,""1996"":916,""1997"":814,""1998"":952,""1999"":899,""2000"":921,""2001"":877,""2002"":922,""2003"":909,""2004"":864,""2005"":855,""2006"":803,""2007"":894,""2008"":764,""2009"":671,""2010"":608,""2011"":545,""2012"":644,""2013"":551,""2014"":473,""2015"":540,""2016"":498,""2017"":484,""2018"":456,""2019"":399,""2020"":312,""2021"":368,""2022"":309,""2023"":331,""2024"":323,""2025"":363,""2026"":247}"
James W DEMMEL,https://scholar.google.com/citations?user=By1xdxEAAAAJ,2026-09-16,"Professor of EECS and Mathematics, UC Berkeley","[""high performance computing""]",69094,101,341,15279,51,188,1992,"{""1992"":198,""1993"":287,""1994"":495,""1995"":540,""1996"":713,""1997"":905,""1998"":913,""1999"":929,""2000"":1043,""2001"":982,""2002"":1244,""2003"":1266,""2004"":1388,""2005"":1686,""2006"":1853,""2007"":1966,""2008"":2114,""2009"":2256,""2010"":2735,""2011"":2784,""2012"":2986,""2013"":3057,""2014"":3230,""2015"":3067,""2016"":2772,""2017"":2610,""2018"":2811,""2019"":2678,""2020"":2730,""2021"":2630,""2022"":2654,""2023"":2648,""2024"":2486,""2025"":2904,""2026"":1941}"
Kenneth P. Birman,https://scholar.google.com/citations?user=I-rKkyEAAAAJ,2026-09-16,Cornell University,"[""Systems support for ML"", ""Cloud Computing"", ""Distributed Systems"", ""Fault Tolerance"", ""Security""]",25697,71,214,2026,21,45,1987,"{""1987"":76,""1988"":101,""1989"":132,""1990"":201,""1991"":240,""1992"":348,""1993"":594,""1994"":510,""1995"":617,""1996"":675,""1997"":739,""1998"":834,""1999"":790,""2000"":854,""2001"":813,""2002"":846,""2003"":935,""2004"":1028,""2005"":1118,""2006"":1047,""2007"":1153,""2008"":921,""2009"":962,""2010"":947,""2011"":817,""2012"":813,""2013"":749,""2014"":694,""2015"":644,""2016"":626,""2017"":538,""2018"":555,""2019"":523,""2020"":493,""2021"":417,""2022"":391,""2023"":362,""2024"":342,""2025"":323,""2026"":191}"
Kurt Mehlhorn,https://scholar.google.com/citations?user=28CWXPUAAAAJ,2026-09-16,"Professor of Computer Science, Max Planck Institute for Informatics, Saarland Informatics Campus","[""Algorithms"", ""Computational Geometry"", ""Computer Algebra"", ""Algorithm Engineering""]",31043,80,260,7772,35,97,1987,"{""1987"":166,""1988"":228,""1989"":283,""1990"":393,""1991"":346,""1992"":400,""1993"":376,""1994"":392,""1995"":355,""1996"":493,""1997"":521,""1998"":479,""1999"":530,""2000"":606,""2001"":630,""2002"":539,""2003"":681,""2004"":771,""2005"":705,""2006"":856,""2007"":866,""2008"":860,""2009"":847,""2010"":727,""2011"":681,""2012"":691,""2013"":893,""2014"":873,""2015"":830,""2016"":927,""2017"":917,""2018"":1025,""2019"":1097,""2020"":1155,""2021"":1269,""2022"":1316,""2023"":1326,""2024"":1372,""2025"":1433,""2026"":1041}"
Larry Masinter,https://scholar.google.com/citations?user=vwDzhiAAAAAJ,2026-09-16,Interlisp.org,"[""Lisp"", ""Interlisp"", ""documents"", ""Web standards""]",16741,37,55,1652,12,16,1987,"{""1987"":97,""1988"":108,""1989"":79,""1990"":75,""1991"":54,""1992"":48,""1993"":49,""1994"":55,""1995"":101,""1996"":152,""1997"":193,""1998"":319,""1999"":410,""2000"":400,""2001"":438,""2002"":640,""2003"":567,""2004"":670,""2005"":647,""2006"":620,""2007"":606,""2008"":706,""2009"":718,""2010"":725,""2011"":745,""2012"":716,""2013"":838,""2014"":779,""2015"":577,""2016"":468,""2017"":515,""2018"":416,""2019"":392,""2020"":367,""2021"":366,""2022"":336,""2023"":287,""2024"":292,""2025"":244,""2026"":126}"
Leonidas Guibas,https://scholar.google.com/citations?user=5JlEyTAAAAAJ,2026-09-16,"Professor of Computer Science, Stanford University","[""geometric computing"", ""computer vision"", ""computer graphics"", ""machine learning"", ""robotics""]",188471,164,630,112973,107,416,1990,"{""1990"":518,""1991"":592,""1992"":632,""1993"":538,""1994"":546,""1995"":568,""1996"":540,""1997"":619,""1998"":721,""1999"":736,""2000"":882,""2001"":857,""2002"":901,""2003"":1091,""2004"":1380,""2005"":1642,""2006"":1938,""2007"":2231,""2008"":2260,""2009"":2704,""2010"":2718,""2011"":2800,""2012"":3024,""2013"":3157,""2014"":3408,""2015"":3351,""2016"":3621,""2017"":3901,""2018"":5553,""2019"":7829,""2020"":10948,""2021"":13849,""2022"":16606,""2023"":19037,""2024"":21763,""2025"":23784,""2026"":17895}"
Marc Snir,https://scholar.google.com/citations?user=HaI6LesAAAAJ,2026-09-16,University of Illinois at Urbana Chamapign,"[""Parallel Computing""]",27894,72,181,4599,34,85,1987,"{""1987"":188,""1988"":218,""1989"":291,""1990"":352,""1991"":372,""1992"":382,""1993"":402,""1994"":450,""1995"":481,""1996"":660,""1997"":608,""1998"":576,""1999"":561,""2000"":583,""2001"":512,""2002"":519,""2003"":556,""2004"":585,""2005"":641,""2006"":653,""2007"":725,""2008"":688,""2009"":710,""2010"":673,""2011"":831,""2012"":874,""2013"":971,""2014"":1076,""2015"":1063,""2016"":1033,""2017"":999,""2018"":1070,""2019"":1077,""2020"":1055,""2021"":992,""2022"":810,""2023"":715,""2024"":764,""2025"":831,""2026"":486}"
Mary Lou Soffa,https://scholar.google.com/citations?user=KWiJaj8AAAAJ,2026-09-16,University of Virginia,"[""Programming Languages and Software Engineering""]",14856,62,148,2779,20,45,1990,"{""1990"":42,""1991"":32,""1992"":111,""1993"":110,""1994"":186,""1995"":146,""1996"":170,""1997"":157,""1998"":198,""1999"":257,""2000"":207,""2001"":255,""2002"":250,""2003"":315,""2004"":450,""2005"":424,""2006"":505,""2007"":512,""2008"":513,""2009"":579,""2010"":571,""2011"":579,""2012"":617,""2013"":715,""2014"":702,""2015"":618,""2016"":592,""2017"":508,""2018"":552,""2019"":467,""2020"":461,""2021"":490,""2022"":468,""2023"":514,""2024"":504,""2025"":507,""2026"":295}"
Pamela Samuelson,https://scholar.google.com/citations?user=m1x1I0EAAAAJ,2026-09-16,Berkeley Law School,"[""intellectual property"", ""copyright"", ""information policy""]",18939,61,176,4276,32,69,1989,"{""1989"":58,""1990"":78,""1991"":93,""1992"":126,""1993"":103,""1994"":192,""1995"":196,""1996"":250,""1997"":198,""1998"":276,""1999"":238,""2000"":334,""2001"":376,""2002"":392,""2003"":532,""2004"":554,""2005"":491,""2006"":528,""2007"":526,""2008"":485,""2009"":495,""2010"":533,""2011"":612,""2012"":701,""2013"":689,""2014"":637,""2015"":547,""2016"":713,""2017"":651,""2018"":603,""2019"":702,""2020"":681,""2021"":599,""2022"":610,""2023"":606,""2024"":867,""2025"":904,""2026"":659}"
Richard Fateman,https://scholar.google.com/citations?user=MKANuc0AAAAJ,2026-09-16,"Emeritus Professor of Computer Science, University of California at Berkeley","[""computer algebra"", ""programming languages"", ""Lisp"", ""document image analysis""]",2180,24,48,164,6,4,1987,"{""1987"":20,""1988"":41,""1989"":24,""1990"":26,""1991"":33,""1992"":40,""1993"":27,""1994"":22,""1995"":33,""1996"":35,""1997"":21,""1998"":37,""1999"":40,""2000"":50,""2001"":31,""2002"":53,""2003"":66,""2004"":73,""2005"":78,""2006"":85,""2007"":66,""2008"":83,""2009"":64,""2010"":50,""2011"":66,""2012"":84,""2013"":80,""2014"":67,""2015"":49,""2016"":49,""2017"":37,""2018"":51,""2019"":37,""2020"":45,""2021"":32,""2022"":35,""2023"":33,""2024"":19,""2025"":25,""2026"":20}"
Richard Snodgrass,https://scholar.google.com/citations?user=BkrB4awAAAAJ,2026-09-16,"Professor of Computer Science Emeritus, University of Arizona","[""Database systems"", ""Ergalics (science of computer science)""]",19801,65,186,1807,21,45,1987,"{""1987"":72,""1988"":145,""1989"":141,""1990"":191,""1991"":180,""1992"":271,""1993"":353,""1994"":522,""1995"":623,""1996"":525,""1997"":708,""1998"":791,""1999"":764,""2000"":736,""2001"":689,""2002"":598,""2003"":622,""2004"":615,""2005"":735,""2006"":749,""2007"":576,""2008"":642,""2009"":789,""2010"":545,""2011"":492,""2012"":601,""2013"":567,""2014"":529,""2015"":521,""2016"":554,""2017"":497,""2018"":413,""2019"":369,""2020"":384,""2021"":399,""2022"":356,""2023"":278,""2024"":289,""2025"":222,""2026"":262}"
Ronald J. Brachman,https://scholar.google.com/citations?user=zMnT8BsAAAAJ,2026-09-16,Cornell University; Schmidt Sciences,"[""Artificial Intelligence"", ""Knowledge Representation"", ""Machine Learning""]",23814,53,96,1833,18,29,1987,"{""1987"":424,""1988"":500,""1989"":600,""1990"":625,""1991"":810,""1992"":772,""1993"":792,""1994"":772,""1995"":650,""1996"":596,""1997"":525,""1998"":636,""1999"":545,""2000"":594,""2001"":574,""2002"":580,""2003"":636,""2004"":638,""2005"":685,""2006"":704,""2007"":747,""2008"":723,""2009"":713,""2010"":662,""2011"":624,""2012"":596,""2013"":566,""2014"":541,""2015"":414,""2016"":428,""2017"":380,""2018"":389,""2019"":388,""2020"":333,""2021"":311,""2022"":304,""2023"":312,""2024"":368,""2025"":315,""2026"":220}"
Ronald Graham,https://scholar.google.com/citations?user=qrPaF3QAAAAJ,2026-09-16,"Professor of Mathematics and Computer Science, UC San Diego","[""combinatorics"", ""graph theory"", ""number theory"", ""combinatorial geometry"", ""theoretical computer science""]",64338,90,324,13731,44,139,1987,"{""1987"":296,""1988"":312,""1989"":360,""1990"":519,""1991"":529,""1992"":627,""1993"":677,""1994"":758,""1995"":813,""1996"":787,""1997"":919,""1998"":916,""1999"":863,""2000"":969,""2001"":991,""2002"":1116,""2003"":1203,""2004"":1413,""2005"":1435,""2006"":1640,""2007"":1700,""2008"":1979,""2009"":1940,""2010"":2067,""2011"":2040,""2012"":2239,""2013"":2374,""2014"":2312,""2015"":2189,""2016"":2317,""2017"":2148,""2018"":2305,""2019"":2203,""2020"":2197,""2021"":2251,""2022"":2261,""2023"":2089,""2024"":2405,""2025"":2530,""2026"":2195}"
Takeo Kanade,https://scholar.google.com/citations?user=askFPfcAAAAJ,2026-09-17,Carnegie Mellon University,"[""Computer Vision"", ""Robotics"", ""Artificial Intelligence""]",147755,165,610,24772,59,229,1988,"{""1988"":453,""1989"":580,""1990"":676,""1991"":674,""1992"":766,""1993"":858,""1994"":961,""1995"":993,""1996"":1184,""1997"":1319,""1998"":1730,""1999"":1899,""2000"":2176,""2001"":2569,""2002"":2948,""2003"":3587,""2004"":4166,""2005"":4913,""2006"":5113,""2007"":5304,""2008"":5526,""2009"":5638,""2010"":5959,""2011"":5914,""2012"":5908,""2013"":6244,""2014"":6329,""2015"":6035,""2016"":6294,""2017"":6091,""2018"":6009,""2019"":5784,""2020"":5445,""2021"":5548,""2022"":5059,""2023"":4370,""2024"":4020,""2025"":3694,""2026"":2081}"
Alan Selman,https://scholar.google.com/citations?user=8ExiKC0AAAAJ,2026-09-16,"Professor emeritus of computer science and engineering, University at Buffalo","[""Computational complexity""]",5057,34,63,509,11,13,1987,"{""1987"":84,""1988"":98,""1989"":105,""1990"":113,""1991"":85,""1992"":101,""1993"":216,""1994"":177,""1995"":175,""1996"":215,""1997"":123,""1998"":119,""1999"":129,""2000"":92,""2001"":117,""2002"":92,""2003"":110,""2004"":150,""2005"":232,""2006"":212,""2007"":195,""2008"":130,""2009"":150,""2010"":99,""2011"":106,""2012"":87,""2013"":63,""2014"":133,""2015"":60,""2016"":71,""2017"":53,""2018"":62,""2019"":52,""2020"":88,""2021"":173,""2022"":60,""2023"":73,""2024"":83,""2025"":68,""2026"":52}"
Andrew W. Appel,https://scholar.google.com/citations?user=wC_ntLYAAAAJ,2026-09-16,"Professor Emeritus of Computer Science, Princeton University",[],20103,61,148,3987,30,71,1989,"{""1989"":97,""1990"":144,""1991"":153,""1992"":288,""1993"":312,""1994"":417,""1995"":306,""1996"":361,""1997"":374,""1998"":403,""1999"":349,""2000"":382,""2001"":406,""2002"":561,""2003"":559,""2004"":643,""2005"":683,""2006"":712,""2007"":706,""2008"":690,""2009"":678,""2010"":570,""2011"":579,""2012"":612,""2013"":535,""2014"":532,""2015"":554,""2016"":535,""2017"":621,""2018"":622,""2019"":690,""2020"":671,""2021"":670,""2022"":654,""2023"":619,""2024"":722,""2025"":752,""2026"":564}"
David Maier,https://scholar.google.com/citations?user=80pKMyMAAAAJ,2026-09-16,"Emeritus Professor of Computer Science, Portland State University","[""Database Systems"", ""Single-Photon Cameras""]",31557,71,211,3853,27,59,1987,"{""1987"":324,""1988"":430,""1989"":534,""1990"":695,""1991"":897,""1992"":920,""1993"":907,""1994"":812,""1995"":739,""1996"":587,""1997"":503,""1998"":467,""1999"":479,""2000"":539,""2001"":529,""2002"":631,""2003"":630,""2004"":662,""2005"":772,""2006"":883,""2007"":862,""2008"":912,""2009"":932,""2010"":938,""2011"":971,""2012"":996,""2013"":1075,""2014"":979,""2015"":963,""2016"":1073,""2017"":904,""2018"":988,""2019"":821,""2020"":791,""2021"":736,""2022"":698,""2023"":679,""2024"":694,""2025"":682,""2026"":364}"
Edmund Clarke,https://scholar.google.com/citations?user=_adL2C8AAAAJ,2026-09-17,University Professor Emeritus at Carnegie Mellon University,"[""Formal methods"", ""Model Checking""]",95022,107,315,14691,44,121,1989,"{""1989"":258,""1990"":316,""1991"":362,""1992"":487,""1993"":574,""1994"":685,""1995"":897,""1996"":1122,""1997"":1191,""1998"":1296,""1999"":1625,""2000"":1801,""2001"":2076,""2002"":2233,""2003"":2777,""2004"":2999,""2005"":3484,""2006"":3462,""2007"":4026,""2008"":3933,""2009"":3966,""2010"":3689,""2011"":3646,""2012"":3913,""2013"":3676,""2014"":3861,""2015"":3816,""2016"":3802,""2017"":3085,""2018"":3260,""2019"":3033,""2020"":2794,""2021"":2771,""2022"":2677,""2023"":2528,""2024"":2490,""2025"":2422,""2026"":1803}"
Eugene H. Spafford,https://scholar.google.com/citations?user=MkC5kHcAAAAJ,2026-09-16,"Distinguished Professor, Purdue University","[""Security"", ""ethics"", ""policy""]",21063,62,144,2358,27,53,1989,"{""1989"":52,""1990"":58,""1991"":95,""1992"":127,""1993"":122,""1994"":183,""1995"":194,""1996"":248,""1997"":278,""1998"":375,""1999"":395,""2000"":494,""2001"":616,""2002"":781,""2003"":852,""2004"":960,""2005"":1063,""2006"":953,""2007"":871,""2008"":807,""2009"":760,""2010"":826,""2011"":830,""2012"":812,""2013"":781,""2014"":803,""2015"":762,""2016"":641,""2017"":653,""2018"":676,""2019"":571,""2020"":538,""2021"":505,""2022"":434,""2023"":404,""2024"":410,""2025"":351,""2026"":253}"
Eva Tardos,https://scholar.google.com/citations?user=h6jljQQAAAAJ,2026-09-16,"Professor of Computer Science, Cornell University","[""Algorithm"", ""Game Theory""]",43532,75,144,11400,41,93,1992,"{""1992"":124,""1993"":145,""1994"":142,""1995"":200,""1996"":178,""1997"":213,""1998"":231,""1999"":258,""2000"":280,""2001"":315,""2002"":377,""2003"":450,""2004"":691,""2005"":829,""2006"":895,""2007"":1124,""2008"":1276,""2009"":1334,""2010"":1422,""2011"":1583,""2012"":1762,""2013"":1907,""2014"":2181,""2015"":2224,""2016"":2256,""2017"":2155,""2018"":2267,""2019"":2142,""2020"":2174,""2021"":2003,""2022"":1967,""2023"":1948,""2024"":1850,""2025"":2070,""2026"":1561}"
Gregory R. Andrews,https://scholar.google.com/citations?user=4LCdnkYAAAAJ,2026-09-16,"Professor of Computer Science, University of Arizona","[""Parallel and Distributed Computing""]",6692,25,47,404,8,8,1987,"{""1987"":129,""1988"":118,""1989"":148,""1990"":157,""1991"":135,""1992"":186,""1993"":194,""1994"":175,""1995"":195,""1996"":214,""1997"":157,""1998"":195,""1999"":174,""2000"":149,""2001"":151,""2002"":171,""2003"":204,""2004"":213,""2005"":220,""2006"":177,""2007"":214,""2008"":148,""2009"":181,""2010"":177,""2011"":210,""2012"":187,""2013"":186,""2014"":168,""2015"":152,""2016"":148,""2017"":115,""2018"":133,""2019"":117,""2020"":119,""2021"":87,""2022"":74,""2023"":75,""2024"":61,""2025"":71,""2026"":36}"
H.J. Siegel,https://scholar.google.com/citations?user=C1wrYy4AAAAJ,2026-09-16,Unknown affiliation,[],22593,67,299,1745,18,35,1987,"{""1987"":339,""1988"":343,""1989"":342,""1990"":356,""1991"":479,""1992"":414,""1993"":449,""1994"":461,""1995"":340,""1996"":396,""1997"":293,""1998"":260,""1999"":335,""2000"":335,""2001"":339,""2002"":358,""2003"":348,""2004"":500,""2005"":640,""2006"":802,""2007"":801,""2008"":779,""2009"":794,""2010"":875,""2011"":936,""2012"":939,""2013"":818,""2014"":899,""2015"":862,""2016"":772,""2017"":578,""2018"":696,""2019"":503,""2020"":473,""2021"":459,""2022"":344,""2023"":335,""2024"":251,""2025"":196,""2026"":158}"
Jeannette M Wing,https://scholar.google.com/citations?user=2NjS1dUAAAAJ,2026-09-16,"Executive Vice President for Research, Professor of Computer Science, Columbia University","[""trustworthy AI"", ""security and privacy"", ""formal methods"", ""programming languages""]",51221,66,136,19046,32,55,1989,"{""1989"":172,""1990"":172,""1991"":219,""1992"":246,""1993"":310,""1994"":309,""1995"":345,""1996"":318,""1997"":422,""1998"":425,""1999"":494,""2000"":493,""2001"":470,""2002"":544,""2003"":583,""2004"":691,""2005"":803,""2006"":889,""2007"":963,""2008"":1005,""2009"":1077,""2010"":1117,""2011"":1110,""2012"":1151,""2013"":1367,""2014"":1560,""2015"":1627,""2016"":1872,""2017"":2145,""2018"":2526,""2019"":2711,""2020"":2768,""2021"":2940,""2022"":3089,""2023"":3238,""2024"":3359,""2025"":3646,""2026"":2760}"
John T. Richards,https://scholar.google.com/citations?user=SwdqY_gAAAAJ,2026-09-16,IBM T.J. Watson Research Center,"[""Human Computer Interaction"", ""AI"", ""Software Engineering"", ""Accessibility""]",5891,26,47,3451,12,15,1988,"{""1988"":18,""1989"":13,""1990"":28,""1991"":19,""1992"":20,""1993"":25,""1994"":26,""1995"":21,""1996"":17,""1997"":17,""1998"":26,""1999"":28,""2000"":64,""2001"":55,""2002"":64,""2003"":75,""2004"":87,""2005"":94,""2006"":73,""2007"":125,""2008"":108,""2009"":99,""2010"":74,""2011"":73,""2012"":109,""2013"":85,""2014"":96,""2015"":86,""2016"":124,""2017"":78,""2018"":98,""2019"":149,""2020"":239,""2021"":373,""2022"":485,""2023"":555,""2024"":655,""2025"":824,""2026"":556}"
Kai Li,https://scholar.google.com/citations?user=9MSpWOUAAAAJ,2026-09-16,"Professor of computer science, Princeton university","[""Operating systems"", ""parallel computing"", ""computer architecture"", ""content-based search"", ""privacy preservation and data auditing for M""]",159117,104,259,101356,58,145,1994,"{""1994"":450,""1995"":504,""1996"":649,""1997"":709,""1998"":822,""1999"":751,""2000"":674,""2001"":707,""2002"":718,""2003"":885,""2004"":1018,""2005"":1073,""2006"":976,""2007"":1171,""2008"":1110,""2009"":1244,""2010"":1495,""2011"":1661,""2012"":1807,""2013"":1898,""2014"":2062,""2015"":2438,""2016"":2981,""2017"":3830,""2018"":5458,""2019"":7781,""2020"":10716,""2021"":14479,""2022"":16080,""2023"":17945,""2024"":19704,""2025"":20202,""2026"":12910}"
Lawrence A. Rowe,https://scholar.google.com/citations?user=f-48BdcAAAAJ,2026-09-16,"Emeritus Professor EECS, U.C. Berkelely","[""Multimedia systems and applications""]",11368,43,93,673,10,10,1987,"{""1987"":104,""1988"":124,""1989"":198,""1990"":202,""1991"":281,""1992"":297,""1993"":362,""1994"":340,""1995"":394,""1996"":425,""1997"":534,""1998"":530,""1999"":522,""2000"":478,""2001"":400,""2002"":438,""2003"":418,""2004"":392,""2005"":377,""2006"":295,""2007"":366,""2008"":310,""2009"":292,""2010"":250,""2011"":213,""2012"":232,""2013"":232,""2014"":211,""2015"":196,""2016"":181,""2017"":160,""2018"":118,""2019"":130,""2020"":115,""2021"":120,""2022"":104,""2023"":119,""2024"":112,""2025"":127,""2026"":91}"
Leon Osterweil,https://scholar.google.com/citations?user=yvTXYDMAAAAJ,2026-09-16,University of Massachusetts Amherst,"[""Software process"", ""software engineering"", ""medical processes""]",9917,44,163,729,14,22,1987,"{""1987"":135,""1988"":150,""1989"":188,""1990"":143,""1991"":225,""1992"":229,""1993"":249,""1994"":242,""1995"":216,""1996"":198,""1997"":184,""1998"":239,""1999"":242,""2000"":206,""2001"":184,""2002"":249,""2003"":220,""2004"":213,""2005"":308,""2006"":238,""2007"":317,""2008"":355,""2009"":353,""2010"":353,""2011"":431,""2012"":387,""2013"":311,""2014"":327,""2015"":289,""2016"":249,""2017"":242,""2018"":205,""2019"":165,""2020"":156,""2021"":137,""2022"":149,""2023"":129,""2024"":109,""2025"":130,""2026"":75}"
Mihalis Yannakakis,https://scholar.google.com/citations?user=_pPy-pAAAAAJ,2026-09-16,"Percy K. and Vida L. W. Hudson Professor of Computer Science, Columbia University","[""Algorithms"", ""Complexity"", ""Optimization"", ""Verification"", ""Databases""]",44831,98,194,8043,46,128,1987,"{""1987"":193,""1988"":210,""1989"":260,""1990"":266,""1991"":290,""1992"":341,""1993"":466,""1994"":685,""1995"":814,""1996"":782,""1997"":753,""1998"":763,""1999"":741,""2000"":722,""2001"":887,""2002"":877,""2003"":1080,""2004"":1200,""2005"":1551,""2006"":1522,""2007"":1547,""2008"":1593,""2009"":1603,""2010"":1499,""2011"":1553,""2012"":1556,""2013"":1607,""2014"":1520,""2015"":1442,""2016"":1431,""2017"":1354,""2018"":1418,""2019"":1379,""2020"":1399,""2021"":1397,""2022"":1462,""2023"":1294,""2024"":1432,""2025"":1338,""2026"":1117}"
Richard Cole,https://scholar.google.com/citations?user=p2ttvlEAAAAJ,2026-09-16,"Professor of Computer Science, Courant Institute, New York University","[""design and analysis of algorithms""]",13648,60,127,2396,25,57,1987,"{""1987"":91,""1988"":233,""1989"":266,""1990"":317,""1991"":356,""1992"":405,""1993"":393,""1994"":402,""1995"":302,""1996"":324,""1997"":299,""1998"":255,""1999"":234,""2000"":245,""2001"":180,""2002"":249,""2003"":259,""2004"":342,""2005"":351,""2006"":315,""2007"":412,""2008"":354,""2009"":370,""2010"":340,""2011"":290,""2012"":286,""2013"":343,""2014"":339,""2015"":335,""2016"":365,""2017"":381,""2018"":409,""2019"":399,""2020"":386,""2021"":448,""2022"":422,""2023"":399,""2024"":379,""2025"":402,""2026"":346}"
Richard Taylor,https://scholar.google.com/citations?user=h9t7KCcAAAAJ,2026-09-16,"Professor of Information and Computer Sciences, University of California, Irvine","[""software engineering"", ""software architecture"", ""decentralized systems"", ""analysis and testing"", ""software environments""]",24302,58,162,3653,21,32,1987,"{""1987"":66,""1988"":98,""1989"":142,""1990"":124,""1991"":177,""1992"":129,""1993"":163,""1994"":145,""1995"":170,""1996"":183,""1997"":186,""1998"":281,""1999"":372,""2000"":476,""2001"":510,""2002"":672,""2003"":677,""2004"":926,""2005"":837,""2006"":891,""2007"":984,""2008"":1039,""2009"":1099,""2010"":1113,""2011"":1050,""2012"":1046,""2013"":976,""2014"":1012,""2015"":931,""2016"":871,""2017"":734,""2018"":664,""2019"":525,""2020"":474,""2021"":468,""2022"":609,""2023"":633,""2024"":709,""2025"":713,""2026"":505}"
Robert Cartwright,https://scholar.google.com/citations?user=TtJeqqoAAAAJ,2026-09-16,"Professor of Computer Science, Rice University","[""Programming Languages"", ""Software Engineering"", ""Program Testing"", ""Language Design"", ""Program Semantics""]",3257,29,53,254,9,8,1987,"{""1987"":26,""1988"":16,""1989"":23,""1990"":28,""1991"":29,""1992"":28,""1993"":48,""1994"":54,""1995"":72,""1996"":57,""1997"":63,""1998"":59,""1999"":51,""2000"":69,""2001"":68,""2002"":58,""2003"":114,""2004"":140,""2005"":146,""2006"":124,""2007"":125,""2008"":136,""2009"":144,""2010"":134,""2011"":106,""2012"":121,""2013"":94,""2014"":95,""2015"":100,""2016"":116,""2017"":91,""2018"":83,""2019"":73,""2020"":72,""2021"":65,""2022"":47,""2023"":39,""2024"":49,""2025"":30,""2026"":24}"
Stuart Zweben,https://scholar.google.com/citations?user=CkaYDF0AAAAJ,2026-09-16,"Professor Emeritus, The Ohio State University","[""Computing education"", ""Software Engineering""]",2534,24,46,672,11,15,1987,"{""1987"":24,""1988"":13,""1989"":13,""1990"":21,""1991"":25,""1992"":38,""1993"":54,""1994"":51,""1995"":49,""1996"":65,""1997"":52,""1998"":39,""1999"":44,""2000"":38,""2001"":26,""2002"":29,""2003"":31,""2004"":37,""2005"":53,""2006"":52,""2007"":46,""2008"":61,""2009"":59,""2010"":54,""2011"":42,""2012"":47,""2013"":73,""2014"":62,""2015"":67,""2016"":66,""2017"":71,""2018"":84,""2019"":84,""2020"":117,""2021"":145,""2022"":107,""2023"":118,""2024"":133,""2025"":111,""2026"":58}"
Barry Boehm,https://scholar.google.com/citations?user=EyAD66UAAAAJ,2026-09-16,"Professor of Computer Science, Industrial&Systems Engineering, & Astronautics","[""Computer Science"", ""Software Engineering"", ""Systems Engineering"", ""Software Cost Estimation"", ""Software Process""]",83475,92,377,14041,41,136,1987,"{""1987"":286,""1988"":351,""1989"":488,""1990"":550,""1991"":583,""1992"":663,""1993"":666,""1994"":690,""1995"":770,""1996"":771,""1997"":773,""1998"":821,""1999"":1020,""2000"":1068,""2001"":1295,""2002"":1489,""2003"":1709,""2004"":1984,""2005"":2500,""2006"":2877,""2007"":2971,""2008"":3158,""2009"":3181,""2010"":3252,""2011"":3088,""2012"":3516,""2013"":3440,""2014"":3251,""2015"":2997,""2016"":3016,""2017"":3066,""2018"":3203,""2019"":3162,""2020"":3005,""2021"":2938,""2022"":2804,""2023"":2357,""2024"":2230,""2025"":2194,""2026"":1517}"
Ben Shneiderman,https://scholar.google.com/citations?user=h4i4fh8AAAAJ,2026-09-16,"Professor Emeritus Computer Science, University of Maryland","[""HCI"", ""human-computer interaction"", ""information visualization"", ""human-centered AI""]",133351,141,538,30982,70,219,1987,"{""1987"":428,""1988"":568,""1989"":627,""1990"":667,""1991"":795,""1992"":719,""1993"":834,""1994"":858,""1995"":1071,""1996"":1055,""1997"":1106,""1998"":1267,""1999"":1543,""2000"":1762,""2001"":2065,""2002"":2505,""2003"":3002,""2004"":3053,""2005"":3595,""2006"":3622,""2007"":3932,""2008"":4152,""2009"":4176,""2010"":4265,""2011"":4564,""2012"":4884,""2013"":5189,""2014"":5387,""2015"":5110,""2016"":5376,""2017"":4990,""2018"":4773,""2019"":4591,""2020"":4440,""2021"":4362,""2022"":4431,""2023"":4735,""2024"":5287,""2025"":6277,""2026"":5823}"
W. Bruce Croft,https://scholar.google.com/citations?user=ArV74ZMAAAAJ,2026-09-16,"Distinguished Professor Emeritus, University of Massachusetts Amherst","[""Information Retrieval""]",71136,127,401,14186,56,202,1989,"{""1989"":245,""1990"":214,""1991"":291,""1992"":314,""1993"":398,""1994"":390,""1995"":521,""1996"":580,""1997"":778,""1998"":854,""1999"":875,""2000"":1095,""2001"":1081,""2002"":1336,""2003"":1419,""2004"":1662,""2005"":1873,""2006"":1910,""2007"":2352,""2008"":2621,""2009"":2658,""2010"":2850,""2011"":3058,""2012"":3216,""2013"":2912,""2014"":3183,""2015"":2841,""2016"":2763,""2017"":2595,""2018"":2734,""2019"":2942,""2020"":2904,""2021"":2953,""2022"":2686,""2023"":2550,""2024"":2490,""2025"":2176,""2026"":1326}"
Daniel Menasce,https://scholar.google.com/citations?user=ONloO5IAAAAJ,2026-09-16,"Professor of Computer Science, George Mason University","[""autonomic computing"", ""software performance engineering"", ""computer system performance evaluation"", ""service oriented architectures"", ""security""]",14725,55,158,1516,18,36,1994,"{""1994"":40,""1995"":70,""1996"":83,""1997"":92,""1998"":62,""1999"":79,""2000"":185,""2001"":195,""2002"":281,""2003"":325,""2004"":448,""2005"":543,""2006"":720,""2007"":769,""2008"":810,""2009"":853,""2010"":810,""2011"":862,""2012"":764,""2013"":697,""2014"":776,""2015"":681,""2016"":570,""2017"":486,""2018"":466,""2019"":499,""2020"":367,""2021"":348,""2022"":313,""2023"":263,""2024"":261,""2025"":205,""2026"":125}"
David P. Dobkin,https://scholar.google.com/citations?user=nnr8YgwAAAAJ,2026-09-16,Princeton,[],24575,53,91,4228,19,37,1987,"{""1987"":94,""1988"":162,""1989"":157,""1990"":177,""1991"":224,""1992"":196,""1993"":171,""1994"":181,""1995"":208,""1996"":235,""1997"":213,""1998"":285,""1999"":282,""2000"":387,""2001"":327,""2002"":370,""2003"":598,""2004"":711,""2005"":841,""2006"":958,""2007"":911,""2008"":990,""2009"":1000,""2010"":1028,""2011"":912,""2012"":887,""2013"":895,""2014"":909,""2015"":853,""2016"":904,""2017"":879,""2018"":812,""2019"":753,""2020"":725,""2021"":725,""2022"":748,""2023"":740,""2024"":735,""2025"":747,""2026"":533}"
Der-Tsai Lee,https://scholar.google.com/citations?user=ZQuppV0AAAAJ,2026-09-16,"Distinguished Research Chair Professor, CSIE, Dept. National Taiwan University","[""computer science""]",21756,60,159,4104,23,54,1987,"{""1987"":277,""1988"":281,""1989"":284,""1990"":317,""1991"":391,""1992"":419,""1993"":356,""1994"":285,""1995"":369,""1996"":361,""1997"":299,""1998"":299,""1999"":286,""2000"":328,""2001"":263,""2002"":284,""2003"":333,""2004"":367,""2005"":446,""2006"":512,""2007"":572,""2008"":566,""2009"":598,""2010"":622,""2011"":574,""2012"":602,""2013"":737,""2014"":789,""2015"":774,""2016"":776,""2017"":693,""2018"":836,""2019"":808,""2020"":807,""2021"":763,""2022"":750,""2023"":722,""2024"":678,""2025"":759,""2026"":432}"
Don Towsley,https://scholar.google.com/citations?user=KIFPVWoAAAAJ,2026-09-16,University of Massachusetts,"[""networking"", ""network science"", ""performance evaluation""]",89045,143,733,15126,52,275,1990,"{""1990"":267,""1991"":365,""1992"":394,""1993"":474,""1994"":561,""1995"":598,""1996"":598,""1997"":798,""1998"":973,""1999"":1230,""2000"":1556,""2001"":1983,""2002"":2473,""2003"":3027,""2004"":3599,""2005"":3693,""2006"":3841,""2007"":3874,""2008"":3691,""2009"":3765,""2010"":3753,""2011"":3484,""2012"":3339,""2013"":3259,""2014"":3231,""2015"":2967,""2016"":2952,""2017"":2724,""2018"":2891,""2019"":2773,""2020"":2651,""2021"":2712,""2022"":2630,""2023"":2519,""2024"":2594,""2025"":2752,""2026"":1908}"
Elaine Weyuker,https://scholar.google.com/citations?user=xXjQoLIAAAAJ,2026-09-16,"Distinguished Professor, University of Central Florida","[""Software Engineering"", ""Software Testing"", ""Software Fault Prediction"", ""Empirical Software Engineering"", ""Software Metrics""]",17020,56,112,1905,23,39,1987,"{""1987"":65,""1988"":75,""1989"":87,""1990"":108,""1991"":147,""1992"":198,""1993"":254,""1994"":274,""1995"":241,""1996"":304,""1997"":363,""1998"":263,""1999"":321,""2000"":386,""2001"":408,""2002"":393,""2003"":431,""2004"":574,""2005"":535,""2006"":631,""2007"":618,""2008"":682,""2009"":658,""2010"":767,""2011"":676,""2012"":664,""2013"":695,""2014"":609,""2015"":638,""2016"":611,""2017"":507,""2018"":540,""2019"":460,""2020"":465,""2021"":417,""2022"":388,""2023"":349,""2024"":272,""2025"":279,""2026"":200}"
Gordon B. Davis,https://scholar.google.com/citations?user=9wvoCssAAAAJ,2026-09-16,"Professor of MIS, University of Minnesota 1961-2004","[""Management Information Systems"", ""MIS"", ""Information Systems""]",95253,44,100,45668,20,29,1996,"{""1996"":296,""1997"":245,""1998"":246,""1999"":316,""2000"":322,""2001"":320,""2002"":441,""2003"":517,""2004"":614,""2005"":913,""2006"":1120,""2007"":1188,""2008"":1464,""2009"":1679,""2010"":1928,""2011"":2106,""2012"":2333,""2013"":2659,""2014"":3016,""2015"":3346,""2016"":3477,""2017"":3642,""2018"":3931,""2019"":4332,""2020"":4815,""2021"":5448,""2022"":6086,""2023"":6278,""2024"":7461,""2025"":10101,""2026"":10294}"
hector garcia-molina,https://scholar.google.com/citations?user=bAa___kAAAAJ,2026-09-16,"Professor of Computer Science, Stanford University",[],95158,146,447,6725,37,127,1988,"{""1988"":259,""1989"":271,""1990"":411,""1991"":554,""1992"":574,""1993"":718,""1994"":747,""1995"":837,""1996"":1005,""1997"":1406,""1998"":1577,""1999"":2020,""2000"":1970,""2001"":2197,""2002"":2721,""2003"":3407,""2004"":3994,""2005"":4382,""2006"":4950,""2007"":4980,""2008"":4865,""2009"":5025,""2010"":5108,""2011"":4839,""2012"":4480,""2013"":4133,""2014"":3571,""2015"":3309,""2016"":2992,""2017"":2664,""2018"":2418,""2019"":1996,""2020"":1731,""2021"":1578,""2022"":1342,""2023"":1073,""2024"":1020,""2025"":922,""2026"":790}"
IAN F. AKYILDIZ,https://scholar.google.com/citations?user=rAGwv14AAAAJ,2026-09-16,"Truva Inc., USA","[""Wireless Commu5G/6G Wireless Systems"", ""Intelligent Surfaces"", ""Nano-scale and Molecular Communication"", ""Underwater and CubeSats Com""]",158918,146,496,32464,76,280,2000,"{""2000"":396,""2001"":522,""2002"":743,""2003"":1032,""2004"":1738,""2005"":2773,""2006"":3704,""2007"":4926,""2008"":5989,""2009"":6701,""2010"":8333,""2011"":8437,""2012"":9111,""2013"":9603,""2014"":9469,""2015"":9367,""2016"":9108,""2017"":8632,""2018"":7896,""2019"":7622,""2020"":7241,""2021"":7013,""2022"":6337,""2023"":5560,""2024"":5351,""2025"":4782,""2026"":3406}"
Imrich Chlamtac,https://scholar.google.com/citations?user=bWqipasAAAAJ,2026-09-16,"President, European Alliance for Innovation","[""Telecommunications""]",29442,70,215,3303,16,23,1989,"{""1989"":87,""1990"":91,""1991"":109,""1992"":147,""1993"":179,""1994"":181,""1995"":178,""1996"":222,""1997"":215,""1998"":294,""1999"":353,""2000"":538,""2001"":590,""2002"":720,""2003"":1041,""2004"":1334,""2005"":1563,""2006"":1538,""2007"":1541,""2008"":1279,""2009"":1300,""2010"":1233,""2011"":1022,""2012"":1005,""2013"":1122,""2014"":1067,""2015"":1024,""2016"":1167,""2017"":1140,""2018"":1200,""2019"":1053,""2020"":862,""2021"":805,""2022"":710,""2023"":540,""2024"":520,""2025"":456,""2026"":267}"
John H Reif,https://scholar.google.com/citations?user=Er-gEaoAAAAJ,2026-09-16,"A. Hollis Edens Distinguished Professor, Department of Computer Science, Duke University","[""Computer Science"", ""Nanoscience""]",30773,81,265,5165,36,82,1987,"{""1987"":223,""1988"":312,""1989"":352,""1990"":393,""1991"":390,""1992"":424,""1993"":454,""1994"":458,""1995"":436,""1996"":428,""1997"":430,""1998"":416,""1999"":357,""2000"":396,""2001"":418,""2002"":393,""2003"":475,""2004"":755,""2005"":982,""2006"":1114,""2007"":1161,""2008"":1050,""2009"":1131,""2010"":1095,""2011"":1161,""2012"":1176,""2013"":1131,""2014"":1090,""2015"":989,""2016"":1027,""2017"":912,""2018"":990,""2019"":1077,""2020"":1040,""2021"":1006,""2022"":887,""2023"":985,""2024"":930,""2025"":893,""2026"":464}"
John Hennessy,https://scholar.google.com/citations?user=tp07xT0AAAAJ,2026-09-17,Stanford University,"[""computer architecture"", ""programming languages""]",53954,74,171,7443,22,45,1987,"{""1987"":173,""1988"":277,""1989"":281,""1990"":376,""1991"":652,""1992"":942,""1993"":1360,""1994"":1535,""1995"":1691,""1996"":1772,""1997"":1799,""1998"":1799,""1999"":1689,""2000"":1595,""2001"":1380,""2002"":1377,""2003"":1499,""2004"":1711,""2005"":1671,""2006"":1512,""2007"":1775,""2008"":1536,""2009"":1543,""2010"":1606,""2011"":1492,""2012"":1461,""2013"":1515,""2014"":1454,""2015"":1385,""2016"":1332,""2017"":1186,""2018"":1159,""2019"":1227,""2020"":1178,""2021"":1135,""2022"":1243,""2023"":1205,""2024"":1238,""2025"":1490,""2026"":1131}"
Micha Sharir,https://scholar.google.com/citations?user=jnEtxm4AAAAJ,2026-09-16,Tel Aviv University,"[""Computational Geometry"", ""Combinatorial Geometry""]",38194,97,401,5410,35,140,1987,"{""1987"":354,""1988"":608,""1989"":560,""1990"":589,""1991"":663,""1992"":763,""1993"":796,""1994"":932,""1995"":1008,""1996"":741,""1997"":831,""1998"":940,""1999"":958,""2000"":963,""2001"":736,""2002"":797,""2003"":815,""2004"":1197,""2005"":1197,""2006"":967,""2007"":1230,""2008"":1149,""2009"":1123,""2010"":1022,""2011"":1049,""2012"":982,""2013"":1081,""2014"":1038,""2015"":1049,""2016"":1134,""2017"":1295,""2018"":993,""2019"":873,""2020"":1002,""2021"":945,""2022"":902,""2023"":866,""2024"":913,""2025"":987,""2026"":785}"
Nancy Lynch,https://scholar.google.com/citations?user=LPTkkxUAAAAJ,2026-09-16,"Professor of EECS, MIT","[""Distributed computing theory: Algorithms and lower bounds"", ""Modeling and verification"", ""Wireless networks"", ""Biological algorithms""]",48373,80,289,8301,27,74,1987,"{""1987"":241,""1988"":249,""1989"":381,""1990"":431,""1991"":419,""1992"":519,""1993"":542,""1994"":615,""1995"":630,""1996"":750,""1997"":696,""1998"":794,""1999"":806,""2000"":869,""2001"":870,""2002"":1115,""2003"":1513,""2004"":1460,""2005"":1598,""2006"":1527,""2007"":1743,""2008"":1610,""2009"":1641,""2010"":1725,""2011"":1544,""2012"":1601,""2013"":1609,""2014"":1626,""2015"":1500,""2016"":1529,""2017"":1378,""2018"":1612,""2019"":1576,""2020"":1652,""2021"":1438,""2022"":1514,""2023"":1369,""2024"":1285,""2025"":1452,""2026"":1209}"
Nicholas Pippenger,https://scholar.google.com/citations?user=W33jtKMAAAAJ,2026-09-16,"Emeritus Professor of Mathematics, Harvey Mudd College","[""Discrete Math"", ""Probability""]",10830,54,109,1642,19,38,1987,"{""1987"":162,""1988"":195,""1989"":168,""1990"":255,""1991"":225,""1992"":239,""1993"":259,""1994"":284,""1995"":245,""1996"":222,""1997"":189,""1998"":206,""1999"":192,""2000"":170,""2001"":167,""2002"":193,""2003"":225,""2004"":195,""2005"":282,""2006"":256,""2007"":266,""2008"":247,""2009"":292,""2010"":269,""2011"":261,""2012"":315,""2013"":305,""2014"":235,""2015"":240,""2016"":289,""2017"":242,""2018"":267,""2019"":255,""2020"":268,""2021"":260,""2022"":257,""2023"":270,""2024"":288,""2025"":318,""2026"":249}"
Philip S. Yu,https://scholar.google.com/citations?user=D0lL1r0AAAAJ,2026-09-16,"Distinguished Professor of Computer Science, University of Illinons at Chicago","[""Data mining"", ""Database"", ""Privacy""]",273070,221,1836,145419,156,1167,1998,"{""1998"":794,""1999"":871,""2000"":1100,""2001"":1517,""2002"":1940,""2003"":2291,""2004"":2772,""2005"":3008,""2006"":3516,""2007"":3707,""2008"":4443,""2009"":5080,""2010"":5830,""2011"":6170,""2012"":6705,""2013"":7164,""2014"":7914,""2015"":8183,""2016"":8118,""2017"":8481,""2018"":9227,""2019"":10816,""2020"":12632,""2021"":15771,""2022"":18914,""2023"":22006,""2024"":27692,""2025"":35533,""2026"":25135}"
Robert Sedgewick,https://scholar.google.com/citations?user=dc3FV3sAAAAJ,2026-09-16,Princeton University,"[""Algorithm science"", ""Analytic combinatorics"", ""Analysis of algorithms"", ""Algorithm engineering"", ""Data structures""]",24041,40,73,4680,20,27,1987,"{""1987"":97,""1988"":101,""1989"":218,""1990"":247,""1991"":214,""1992"":286,""1993"":282,""1994"":270,""1995"":316,""1996"":371,""1997"":357,""1998"":414,""1999"":343,""2000"":392,""2001"":432,""2002"":487,""2003"":511,""2004"":502,""2005"":506,""2006"":547,""2007"":631,""2008"":671,""2009"":696,""2010"":771,""2011"":751,""2012"":826,""2013"":810,""2014"":885,""2015"":856,""2016"":874,""2017"":819,""2018"":869,""2019"":824,""2020"":858,""2021"":733,""2022"":731,""2023"":761,""2024"":777,""2025"":873,""2026"":804}"
Ron Perrott,https://scholar.google.com/citations?user=E276ScEAAAAJ,2026-09-16,"Professor, Oxford University","[""Parallel computing""]",314,11,11,7,2,0,1986,"{""1986"":3,""1987"":2,""1988"":1,""1989"":1,""1990"":4,""1991"":2,""1992"":5,""1993"":2,""1994"":4,""1995"":2,""1996"":0,""1997"":1,""1998"":0,""1999"":0,""2000"":1,""2001"":1,""2002"":0,""2003"":0,""2004"":6,""2005"":34,""2006"":31,""2007"":21,""2008"":28,""2009"":15,""2010"":17,""2011"":22,""2012"":26,""2013"":20,""2014"":22,""2015"":4,""2016"":7,""2017"":14,""2018"":1,""2019"":3,""2020"":1,""2021"":1,""2022"":3,""2023"":2,""2024"":0,""2025"":1}"
V Basili,https://scholar.google.com/citations?user=B3C4aY8AAAAJ,2026-09-16,Professor Emeritus University of Maryland,"[""Empirical Software Engineering"", ""Software""]",49885,90,274,6651,33,75,1987,"{""1987"":164,""1988"":231,""1989"":286,""1990"":266,""1991"":338,""1992"":368,""1993"":506,""1994"":494,""1995"":516,""1996"":683,""1997"":794,""1998"":791,""1999"":938,""2000"":935,""2001"":1133,""2002"":1110,""2003"":1367,""2004"":1398,""2005"":1705,""2006"":1753,""2007"":1851,""2008"":1874,""2009"":1886,""2010"":1980,""2011"":1832,""2012"":2133,""2013"":2079,""2014"":2148,""2015"":1952,""2016"":1834,""2017"":1774,""2018"":1609,""2019"":1454,""2020"":1313,""2021"":1271,""2022"":1306,""2023"":1221,""2024"":1079,""2025"":1041,""2026"":733}"
Yuri Gurevich,https://scholar.google.com/citations?user=ZxZTbyAAAAAJ,2026-09-16,Professor of Computer Science and Engineering,"[""Computer science"", ""mathematics"", ""quantum physics""]",16975,64,199,2285,25,59,1987,"{""1987"":54,""1988"":64,""1989"":104,""1990"":182,""1991"":133,""1992"":186,""1993"":186,""1994"":221,""1995"":363,""1996"":284,""1997"":349,""1998"":366,""1999"":335,""2000"":388,""2001"":383,""2002"":414,""2003"":489,""2004"":520,""2005"":582,""2006"":595,""2007"":720,""2008"":638,""2009"":668,""2010"":830,""2011"":487,""2012"":626,""2013"":470,""2014"":516,""2015"":499,""2016"":507,""2017"":501,""2018"":488,""2019"":457,""2020"":434,""2021"":462,""2022"":442,""2023"":332,""2024"":385,""2025"":388,""2026"":275}"
A Silberschatz,https://scholar.google.com/citations?user=-YvgZDEAAAAJ,2026-09-16,Professor of Computer Science at Yale University,"[""Database systems"", ""Operating Systems"", ""Network Systems""]",42085,88,257,4529,24,56,1987,"{""1987"":157,""1988"":180,""1989"":197,""1990"":259,""1991"":396,""1992"":540,""1993"":721,""1994"":562,""1995"":628,""1996"":764,""1997"":912,""1998"":881,""1999"":872,""2000"":960,""2001"":1024,""2002"":1275,""2003"":1296,""2004"":1397,""2005"":1506,""2006"":1521,""2007"":1453,""2008"":1384,""2009"":1666,""2010"":1684,""2011"":1716,""2012"":1709,""2013"":1614,""2014"":1564,""2015"":1343,""2016"":1196,""2017"":1178,""2018"":1134,""2019"":1052,""2020"":841,""2021"":827,""2022"":730,""2023"":649,""2024"":688,""2025"":857,""2026"":727}"
Alfred Aho,https://scholar.google.com/citations?user=gb2r2ssAAAAJ,2026-09-17,"Lawrence Gussman Professor of Computer Science, Columbia University","[""Programming languages and compilers"", ""theory"", ""software"", ""quantum computing..""]",58343,69,169,5925,32,54,1987,"{""1987"":931,""1988"":1071,""1989"":1188,""1990"":1341,""1991"":1358,""1992"":1459,""1993"":1331,""1994"":1366,""1995"":1313,""1996"":1250,""1997"":1220,""1998"":1159,""1999"":1071,""2000"":1093,""2001"":1021,""2002"":1135,""2003"":1151,""2004"":1203,""2005"":1432,""2006"":1341,""2007"":1552,""2008"":1460,""2009"":1518,""2010"":1498,""2011"":1423,""2012"":1513,""2013"":1576,""2014"":1393,""2015"":1136,""2016"":1249,""2017"":1203,""2018"":1248,""2019"":1093,""2020"":1023,""2021"":1101,""2022"":1037,""2023"":1050,""2024"":1031,""2025"":976,""2026"":703}"
Andrew Tanenbaum,https://scholar.google.com/citations?user=TvjaNqkAAAAJ,2026-09-16,"Professor of Computer Science, Vrije Universiteit, Amsterdam","[""Operating systems""]",74960,82,275,9074,29,66,1987,"{""1987"":356,""1988"":487,""1989"":573,""1990"":723,""1991"":794,""1992"":981,""1993"":1030,""1994"":1032,""1995"":988,""1996"":1156,""1997"":1229,""1998"":1340,""1999"":1360,""2000"":1557,""2001"":1813,""2002"":2107,""2003"":2438,""2004"":2516,""2005"":2738,""2006"":2866,""2007"":2814,""2008"":2690,""2009"":2952,""2010"":2897,""2011"":2689,""2012"":2753,""2013"":2686,""2014"":2521,""2015"":2416,""2016"":2277,""2017"":1987,""2018"":1928,""2019"":1923,""2020"":1663,""2021"":1570,""2022"":1404,""2023"":1429,""2024"":1531,""2025"":1832,""2026"":1308}"
Bernard Chazelle,https://scholar.google.com/citations?user=C1VwgssAAAAJ,2026-09-16,Princeton University,"[""Natural Algorithms"", ""Computational Geometry""]",27918,81,166,4362,34,83,1987,"{""1987"":192,""1988"":285,""1989"":323,""1990"":334,""1991"":424,""1992"":495,""1993"":401,""1994"":478,""1995"":516,""1996"":415,""1997"":431,""1998"":405,""1999"":432,""2000"":446,""2001"":383,""2002"":424,""2003"":563,""2004"":667,""2005"":714,""2006"":709,""2007"":903,""2008"":967,""2009"":1000,""2010"":1052,""2011"":1014,""2012"":913,""2013"":957,""2014"":955,""2015"":990,""2016"":1021,""2017"":1033,""2018"":930,""2019"":812,""2020"":879,""2021"":736,""2022"":787,""2023"":757,""2024"":733,""2025"":759,""2026"":588}"
Dennis Frailey,https://scholar.google.com/citations?user=DDr3hx8AAAAJ,2026-09-16,"Retired, Texas Instruments, Raytheon, SMU, UT Arlington","[""software engineering"", ""computer science"", ""engineering management"", ""software quality engineering"", ""cycle time reduction""]",464,12,16,56,4,1,1991,"{""1991"":7,""1992"":9,""1993"":10,""1994"":10,""1995"":6,""1996"":3,""1997"":7,""1998"":8,""1999"":10,""2000"":7,""2001"":9,""2002"":7,""2003"":12,""2004"":12,""2005"":12,""2006"":4,""2007"":8,""2008"":14,""2009"":12,""2010"":20,""2011"":12,""2012"":20,""2013"":13,""2014"":8,""2015"":22,""2016"":14,""2017"":12,""2018"":18,""2019"":11,""2020"":5,""2021"":15,""2022"":17,""2023"":10,""2024"":7,""2025"":3,""2026"":4}"
Edward M Reingold,https://scholar.google.com/citations?user=UlQeH7AAAAAJ,2026-09-16,"Prof Emeritus Comp Sci, UIUC & Ill Inst of Tech","[""algorithms"", ""data structures"", ""calendars""]",16800,30,54,4381,11,12,1987,"{""1987"":111,""1988"":142,""1989"":169,""1990"":164,""1991"":150,""1992"":153,""1993"":168,""1994"":181,""1995"":171,""1996"":175,""1997"":153,""1998"":169,""1999"":196,""2000"":192,""2001"":176,""2002"":195,""2003"":232,""2004"":280,""2005"":295,""2006"":321,""2007"":379,""2008"":416,""2009"":420,""2010"":444,""2011"":457,""2012"":522,""2013"":530,""2014"":550,""2015"":587,""2016"":626,""2017"":564,""2018"":656,""2019"":662,""2020"":762,""2021"":761,""2022"":731,""2023"":783,""2024"":692,""2025"":840,""2026"":574}"
Gregor v. Bochmann,https://scholar.google.com/citations?user=nTTn0TIAAAAJ,2026-09-16,University of Ottawa,[],11511,51,203,782,12,17,1987,"{""1987"":173,""1988"":204,""1989"":201,""1990"":257,""1991"":248,""1992"":251,""1993"":268,""1994"":301,""1995"":373,""1996"":359,""1997"":301,""1998"":282,""1999"":287,""2000"":246,""2001"":234,""2002"":225,""2003"":304,""2004"":260,""2005"":354,""2006"":385,""2007"":346,""2008"":314,""2009"":366,""2010"":355,""2011"":290,""2012"":355,""2013"":297,""2014"":315,""2015"":204,""2016"":268,""2017"":236,""2018"":216,""2019"":195,""2020"":157,""2021"":153,""2022"":164,""2023"":143,""2024"":132,""2025"":112,""2026"":78}"
Hanan Samet,https://scholar.google.com/citations?user=ATOfqHEAAAAJ,2026-09-16,University of Maryland,"[""Databases"", ""GIS"", ""Data Structures"", ""Computer Graphics"", ""Data Management""]",43721,89,267,9149,30,83,1987,"{""1987"":227,""1988"":327,""1989"":433,""1990"":481,""1991"":499,""1992"":456,""1993"":480,""1994"":518,""1995"":627,""1996"":611,""1997"":588,""1998"":613,""1999"":656,""2000"":785,""2001"":786,""2002"":727,""2003"":792,""2004"":871,""2005"":987,""2006"":950,""2007"":1219,""2008"":1306,""2009"":1390,""2010"":1366,""2011"":1279,""2012"":1445,""2013"":1601,""2014"":1542,""2015"":1468,""2016"":1470,""2017"":1324,""2018"":1646,""2019"":1594,""2020"":1816,""2021"":1831,""2022"":1699,""2023"":1675,""2024"":1577,""2025"":1448,""2026"":919}"
Henry M. Levy,https://scholar.google.com/citations?user=ymwKqZsAAAAJ,2026-09-16,"Professor and Wissner-Slivka Chair, Paul G. Allen School of Computer Science & Engineering","[""Operating Systems"", ""Distributed Systems"", ""Computer Architecture""]",30094,80,138,2545,28,53,1987,"{""1987"":96,""1988"":143,""1989"":202,""1990"":326,""1991"":460,""1992"":550,""1993"":749,""1994"":666,""1995"":705,""1996"":699,""1997"":689,""1998"":762,""1999"":679,""2000"":678,""2001"":718,""2002"":785,""2003"":914,""2004"":1173,""2005"":1312,""2006"":1264,""2007"":1330,""2008"":1153,""2009"":1165,""2010"":1136,""2011"":1022,""2012"":968,""2013"":955,""2014"":925,""2015"":834,""2016"":888,""2017"":821,""2018"":762,""2019"":687,""2020"":687,""2021"":531,""2022"":433,""2023"":425,""2024"":437,""2025"":472,""2026"":243}"
Ian H. Witten,https://scholar.google.com/citations?user=BSFdGw0AAAAJ,2026-09-16,"Professor of Computer Science, University of Waikato, New Zealand","[""data mining"", ""machine learning"", ""digital libraries""]",140283,89,319,23307,47,100,1993,"{""1993"":347,""1994"":349,""1995"":476,""1996"":475,""1997"":717,""1998"":719,""1999"":798,""2000"":962,""2001"":1236,""2002"":1652,""2003"":1975,""2004"":2509,""2005"":2758,""2006"":3407,""2007"":4059,""2008"":4493,""2009"":5248,""2010"":5727,""2011"":6313,""2012"":7128,""2013"":7629,""2014"":7959,""2015"":8342,""2016"":8106,""2017"":7807,""2018"":8101,""2019"":7463,""2020"":6630,""2021"":5798,""2022"":5164,""2023"":4107,""2024"":3495,""2025"":3058,""2026"":1685}"
Jeffrey S. Vitter,https://scholar.google.com/citations?user=IeXW2bkAAAAJ,2026-09-16,Distinguished Professor Emeritus and 17th Chancellor of Univ. of Mississippi,"[""Algorithms"", ""External Memory"", ""Compressed Data Structures"", ""Data Compression"", ""Databases""]",27876,80,216,3696,25,62,1989,"{""1989"":79,""1990"":125,""1991"":105,""1992"":192,""1993"":255,""1994"":270,""1995"":366,""1996"":443,""1997"":469,""1998"":575,""1999"":720,""2000"":605,""2001"":812,""2002"":881,""2003"":953,""2004"":952,""2005"":1105,""2006"":1108,""2007"":1303,""2008"":1129,""2009"":1164,""2010"":1045,""2011"":1051,""2012"":958,""2013"":974,""2014"":1078,""2015"":843,""2016"":780,""2017"":833,""2018"":892,""2019"":670,""2020"":686,""2021"":670,""2022"":650,""2023"":608,""2024"":595,""2025"":705,""2026"":468}"
John Stankovic,https://scholar.google.com/citations?user=4VJre9IAAAAJ,2026-09-16,"Professor of Computer Science, University of Virginia","[""wireless sensor networks"", ""cyber physical systems"", ""real-time systems""]",72351,126,417,10093,46,174,1988,"{""1988"":235,""1989"":338,""1990"":426,""1991"":577,""1992"":658,""1993"":737,""1994"":798,""1995"":858,""1996"":801,""1997"":874,""1998"":727,""1999"":740,""2000"":745,""2001"":723,""2002"":873,""2003"":920,""2004"":1404,""2005"":1876,""2006"":2256,""2007"":2947,""2008"":3219,""2009"":3384,""2010"":3708,""2011"":3383,""2012"":3538,""2013"":3483,""2014"":3362,""2015"":3168,""2016"":2966,""2017"":3114,""2018"":2984,""2019"":2684,""2020"":2362,""2021"":2247,""2022"":2054,""2023"":1827,""2024"":1590,""2025"":1450,""2026"":923}"
Mark Wegman,https://scholar.google.com/citations?user=8VUDeVsAAAAJ,2026-09-16,UC Berkeley and IBM,"[""computer science""]",20532,39,86,3654,22,40,1987,"{""1987"":135,""1988"":176,""1989"":195,""1990"":237,""1991"":248,""1992"":308,""1993"":337,""1994"":383,""1995"":386,""1996"":322,""1997"":327,""1998"":417,""1999"":375,""2000"":367,""2001"":346,""2002"":342,""2003"":470,""2004"":551,""2005"":506,""2006"":567,""2007"":614,""2008"":588,""2009"":686,""2010"":654,""2011"":677,""2012"":670,""2013"":691,""2014"":637,""2015"":643,""2016"":602,""2017"":585,""2018"":617,""2019"":648,""2020"":647,""2021"":695,""2022"":712,""2023"":594,""2024"":619,""2025"":591,""2026"":443}"
Mary Jane (Janie) Irwin,https://scholar.google.com/citations?user=4Mj-BjwAAAAJ,2026-09-16,"Emerita Evan Pugh University Professor, CSE, Penn State University","[""Computer Architecture"", ""VLSI Design"", ""Electronic Design Automation""]",19230,70,283,1310,14,33,1989,"{""1989"":48,""1990"":62,""1991"":62,""1992"":50,""1993"":91,""1994"":142,""1995"":144,""1996"":169,""1997"":171,""1998"":155,""1999"":173,""2000"":291,""2001"":290,""2002"":503,""2003"":627,""2004"":746,""2005"":988,""2006"":899,""2007"":1070,""2008"":1032,""2009"":1092,""2010"":1058,""2011"":1102,""2012"":970,""2013"":985,""2014"":993,""2015"":855,""2016"":756,""2017"":632,""2018"":587,""2019"":418,""2020"":362,""2021"":271,""2022"":246,""2023"":253,""2024"":235,""2025"":209,""2026"":96}"
Mary Shaw,https://scholar.google.com/citations?user=CTXoO1AAAAAJ,2026-09-16,"A.J. Perlis University Professor of Computer Science, Carnegie Mellon Univeristy","[""Software Engineering"", ""Software Architecture"", ""Software Design"", ""Computer Science Education""]",27397,59,141,3099,19,37,1987,"{""1987"":97,""1988"":82,""1989"":93,""1990"":91,""1991"":87,""1992"":154,""1993"":118,""1994"":171,""1995"":240,""1996"":405,""1997"":479,""1998"":550,""1999"":702,""2000"":798,""2001"":725,""2002"":908,""2003"":860,""2004"":962,""2005"":1053,""2006"":1023,""2007"":1012,""2008"":971,""2009"":924,""2010"":1054,""2011"":997,""2012"":1015,""2013"":1046,""2014"":1006,""2015"":951,""2016"":950,""2017"":858,""2018"":894,""2019"":757,""2020"":643,""2021"":579,""2022"":519,""2023"":529,""2024"":560,""2025"":511,""2026"":398}"
Narendra Ahuja,https://scholar.google.com/citations?user=dY7OSl0AAAAJ,2026-09-16,"Donald Biggar Willet Professor, University of Illinois at Urbana-Champagn","[""Computer Vision""]",50209,91,346,13756,35,110,1988,"{""1988"":156,""1989"":179,""1990"":217,""1991"":231,""1992"":319,""1993"":407,""1994"":450,""1995"":438,""1996"":474,""1997"":472,""1998"":512,""1999"":463,""2000"":494,""2001"":497,""2002"":680,""2003"":969,""2004"":1156,""2005"":1355,""2006"":1263,""2007"":1437,""2008"":1441,""2009"":1527,""2010"":1465,""2011"":1520,""2012"":1504,""2013"":1558,""2014"":1646,""2015"":1828,""2016"":1832,""2017"":1868,""2018"":2187,""2019"":2364,""2020"":2504,""2021"":2538,""2022"":2565,""2023"":2407,""2024"":2518,""2025"":2357,""2026"":1366}"
Narsingh Deo,https://scholar.google.com/citations?user=2uiQgfMAAAAJ,2026-09-16,"Millican Chair Professor of Computer Science, University of Central Florida","[""graph theory"", ""networks"", ""parallel computation"", ""discrete optimization""]",11398,36,80,1345,12,13,1987,"{""1987"":206,""1988"":194,""1989"":260,""1990"":272,""1991"":243,""1992"":269,""1993"":249,""1994"":248,""1995"":240,""1996"":205,""1997"":216,""1998"":181,""1999"":216,""2000"":188,""2001"":221,""2002"":215,""2003"":248,""2004"":246,""2005"":299,""2006"":302,""2007"":306,""2008"":300,""2009"":287,""2010"":314,""2011"":299,""2012"":352,""2013"":314,""2014"":321,""2015"":314,""2016"":257,""2017"":272,""2018"":333,""2019"":255,""2020"":263,""2021"":269,""2022"":242,""2023"":264,""2024"":207,""2025"":222,""2026"":141}"
Philip Heidelberger,https://scholar.google.com/citations?user=TvR9BgcAAAAJ,2026-09-16,IBM Research (Retired),[],19185,63,189,2799,26,52,1987,"{""1987"":62,""1988"":94,""1989"":100,""1990"":124,""1991"":141,""1992"":194,""1993"":198,""1994"":247,""1995"":252,""1996"":211,""1997"":208,""1998"":272,""1999"":250,""2000"":249,""2001"":270,""2002"":263,""2003"":312,""2004"":398,""2005"":485,""2006"":585,""2007"":612,""2008"":610,""2009"":679,""2010"":719,""2011"":724,""2012"":838,""2013"":929,""2014"":1087,""2015"":920,""2016"":942,""2017"":808,""2018"":738,""2019"":688,""2020"":676,""2021"":633,""2022"":739,""2023"":343,""2024"":458,""2025"":383,""2026"":243}"
Raj Jain,https://scholar.google.com/citations?user=runT3RsAAAAJ,2026-09-16,"Professor of Computer Science and Engineering, Washington University in Saint Louis","[""Artificial Intelligence"", ""Blockchains"", ""Network Security"", ""Unmanned Aircraft Systems"", ""Wireless and Mobile Networks""]",49461,78,278,13275,39,90,1991,"{""1991"":184,""1992"":272,""1993"":236,""1994"":331,""1995"":445,""1996"":608,""1997"":831,""1998"":1057,""1999"":1070,""2000"":1087,""2001"":1043,""2002"":1123,""2003"":1185,""2004"":1225,""2005"":1249,""2006"":1206,""2007"":1253,""2008"":1228,""2009"":1276,""2010"":1472,""2011"":1393,""2012"":1576,""2013"":1629,""2014"":1594,""2015"":1517,""2016"":1569,""2017"":1568,""2018"":1869,""2019"":2054,""2020"":1970,""2021"":2081,""2022"":2118,""2023"":2139,""2024"":2389,""2025"":2736,""2026"":1796}"
Randy Katz,https://scholar.google.com/citations?user=PkfChMgAAAAJ,2026-09-16,"University of California, Berkeley","[""Computer Systems"", ""Communications Networks"", ""Distributed Systems"", ""Energy Efficiency in Systems""]",99350,132,347,13189,43,117,1988,"{""1988"":293,""1989"":410,""1990"":435,""1991"":521,""1992"":519,""1993"":789,""1994"":802,""1995"":837,""1996"":995,""1997"":946,""1998"":1165,""1999"":1400,""2000"":1534,""2001"":1741,""2002"":2364,""2003"":2608,""2004"":3061,""2005"":3190,""2006"":2948,""2007"":2884,""2008"":2702,""2009"":2835,""2010"":3424,""2011"":4250,""2012"":4861,""2013"":5468,""2014"":5625,""2015"":5416,""2016"":5071,""2017"":4200,""2018"":4046,""2019"":3586,""2020"":3036,""2021"":2800,""2022"":2443,""2023"":2139,""2024"":2136,""2025"":2136,""2026"":1535}"
Ravi Sethi,https://scholar.google.com/citations?user=ID4wZFwAAAAJ,2026-09-16,"Professor, Computer Science, The University of Arizona","[""Software Engineering"", ""Compilers"", ""Programming Languages""]",14200,38,69,2035,17,23,1987,"{""1987"":115,""1988"":132,""1989"":167,""1990"":205,""1991"":209,""1992"":248,""1993"":280,""1994"":297,""1995"":301,""1996"":301,""1997"":321,""1998"":330,""1999"":265,""2000"":266,""2001"":302,""2002"":294,""2003"":327,""2004"":340,""2005"":382,""2006"":394,""2007"":414,""2008"":404,""2009"":385,""2010"":390,""2011"":395,""2012"":432,""2013"":443,""2014"":357,""2015"":410,""2016"":384,""2017"":373,""2018"":371,""2019"":350,""2020"":336,""2021"":367,""2022"":377,""2023"":341,""2024"":311,""2025"":363,""2026"":276}"
Richard R. Muntz,https://scholar.google.com/citations?user=e9OxXgwAAAAJ,2026-09-16,"Professor of Computer Science, UCLA","[""Database management"", ""performance evaluation"", ""data mining"", ""storage""]",18244,58,142,1239,13,19,1987,"{""1987"":124,""1988"":184,""1989"":210,""1990"":192,""1991"":197,""1992"":194,""1993"":249,""1994"":232,""1995"":290,""1996"":328,""1997"":323,""1998"":381,""1999"":398,""2000"":396,""2001"":428,""2002"":604,""2003"":568,""2004"":674,""2005"":810,""2006"":811,""2007"":766,""2008"":776,""2009"":713,""2010"":663,""2011"":542,""2012"":609,""2013"":621,""2014"":538,""2015"":480,""2016"":433,""2017"":373,""2018"":379,""2019"":360,""2020"":310,""2021"":323,""2022"":243,""2023"":206,""2024"":194,""2025"":169,""2026"":104}"
Ruzena bajcsy,https://scholar.google.com/citations?user=s9Ikf1EAAAAJ,2026-09-16,Unknown affiliation,[],30962,80,338,6530,36,124,1987,"{""1987"":131,""1988"":193,""1989"":193,""1990"":285,""1991"":370,""1992"":381,""1993"":446,""1994"":572,""1995"":538,""1996"":665,""1997"":627,""1998"":624,""1999"":553,""2000"":540,""2001"":676,""2002"":514,""2003"":585,""2004"":538,""2005"":546,""2006"":573,""2007"":612,""2008"":735,""2009"":664,""2010"":747,""2011"":754,""2012"":913,""2013"":958,""2014"":1001,""2015"":1091,""2016"":1231,""2017"":1250,""2018"":1238,""2019"":1337,""2020"":1266,""2021"":1296,""2022"":1300,""2023"":1035,""2024"":1075,""2025"":1099,""2026"":724}"
Sartaj Sahni,https://scholar.google.com/citations?user=gMQWxE0AAAAJ,2026-09-16,"Distinguished Professor of Computer Science, University of Florida","[""algorithms"", ""data structures"", ""scheduling"", ""gpu computing"", ""multicore computing""]",30993,73,279,3476,25,52,1987,"{""1987"":411,""1988"":476,""1989"":578,""1990"":637,""1991"":658,""1992"":739,""1993"":742,""1994"":704,""1995"":660,""1996"":631,""1997"":562,""1998"":561,""1999"":523,""2000"":505,""2001"":477,""2002"":576,""2003"":632,""2004"":750,""2005"":811,""2006"":817,""2007"":886,""2008"":847,""2009"":950,""2010"":1009,""2011"":849,""2012"":997,""2013"":953,""2014"":862,""2015"":864,""2016"":933,""2017"":858,""2018"":889,""2019"":742,""2020"":718,""2021"":712,""2022"":676,""2023"":578,""2024"":584,""2025"":569,""2026"":357}"
Takao Nishizeki,https://scholar.google.com/citations?user=EErO-dUAAAAJ,2026-09-16,Tohoku University (Emeritus Professor),"[""Algorithm"", ""Graph Algorithms"", ""Graph Drawing"", ""Discrete Mathematics"", ""Secret sharing""]",9347,40,127,1757,15,29,1987,"{""1987"":44,""1988"":80,""1989"":85,""1990"":113,""1991"":91,""1992"":116,""1993"":114,""1994"":142,""1995"":135,""1996"":160,""1997"":157,""1998"":170,""1999"":179,""2000"":196,""2001"":188,""2002"":166,""2003"":209,""2004"":242,""2005"":280,""2006"":271,""2007"":290,""2008"":256,""2009"":287,""2010"":298,""2011"":239,""2012"":303,""2013"":255,""2014"":319,""2015"":348,""2016"":313,""2017"":299,""2018"":313,""2019"":302,""2020"":320,""2021"":277,""2022"":280,""2023"":376,""2024"":290,""2025"":313,""2026"":221}"
Uzi Vishkin,https://scholar.google.com/citations?user=1r8HluQAAAAJ,2026-09-16,"Professor, The University of Maryland Institute for Advanced Computer Studies (UMIACS) and","[""Parallel computing"", ""Parallel algorithms""]",15762,62,145,1846,21,47,1987,"{""1987"":268,""1988"":424,""1989"":434,""1990"":464,""1991"":553,""1992"":686,""1993"":633,""1994"":593,""1995"":518,""1996"":463,""1997"":433,""1998"":323,""1999"":271,""2000"":278,""2001"":193,""2002"":232,""2003"":214,""2004"":367,""2005"":274,""2006"":276,""2007"":438,""2008"":436,""2009"":343,""2010"":423,""2011"":458,""2012"":399,""2013"":366,""2014"":380,""2015"":354,""2016"":337,""2017"":338,""2018"":348,""2019"":253,""2020"":336,""2021"":310,""2022"":335,""2023"":277,""2024"":305,""2025"":332,""2026"":287}"
C S Wallace,https://scholar.google.com/citations?user=d7k7_7wAAAAJ,2026-09-16,"Christopher (Chris) Stewart Wallace (1933-2004), Foundation Professor of Computer Science, Monash","[""computer hardware"", ""inference"", ""minimum message length"", ""MML"", ""MDL""]",11035,39,68,1272,14,19,1987,"{""1987"":39,""1988"":41,""1989"":49,""1990"":101,""1991"":67,""1992"":97,""1993"":125,""1994"":161,""1995"":184,""1996"":292,""1997"":268,""1998"":296,""1999"":278,""2000"":277,""2001"":395,""2002"":303,""2003"":346,""2004"":332,""2005"":546,""2006"":322,""2007"":393,""2008"":468,""2009"":319,""2010"":365,""2011"":324,""2012"":357,""2013"":450,""2014"":320,""2015"":323,""2016"":264,""2017"":275,""2018"":285,""2019"":293,""2020"":254,""2021"":204,""2022"":228,""2023"":230,""2024"":209,""2025"":224,""2026"":177}"
Cliff B Jones,https://scholar.google.com/citations?user=W9m9SwwAAAAJ,2026-09-16,"Professor of Computing Science, Newcastle University, UK","[""Concurrency"", ""Semantics"", ""Formal Methods"", ""History""]",17610,45,150,1611,15,29,1987,"{""1987"":168,""1988"":184,""1989"":254,""1990"":344,""1991"":330,""1992"":392,""1993"":440,""1994"":416,""1995"":446,""1996"":446,""1997"":470,""1998"":466,""1999"":518,""2000"":415,""2001"":429,""2002"":439,""2003"":494,""2004"":391,""2005"":504,""2006"":487,""2007"":703,""2008"":535,""2009"":591,""2010"":577,""2011"":543,""2012"":589,""2013"":526,""2014"":533,""2015"":450,""2016"":401,""2017"":420,""2018"":413,""2019"":373,""2020"":303,""2021"":244,""2022"":250,""2023"":239,""2024"":428,""2025"":225,""2026"":222}"
Daniel J. Rosenkrantz,https://scholar.google.com/citations?user=RNHJqvcAAAAJ,2026-09-16,"Biocomplexity Institute, University of Virginia","[""algorithms"", ""databases""]",10140,41,90,1618,18,29,1987,"{""1987"":72,""1988"":89,""1989"":74,""1990"":87,""1991"":96,""1992"":129,""1993"":115,""1994"":164,""1995"":141,""1996"":165,""1997"":163,""1998"":163,""1999"":130,""2000"":157,""2001"":173,""2002"":174,""2003"":222,""2004"":228,""2005"":286,""2006"":310,""2007"":336,""2008"":336,""2009"":357,""2010"":265,""2011"":282,""2012"":266,""2013"":311,""2014"":294,""2015"":264,""2016"":247,""2017"":246,""2018"":274,""2019"":293,""2020"":259,""2021"":241,""2022"":272,""2023"":273,""2024"":287,""2025"":297,""2026"":243}"
David DeWitt,https://scholar.google.com/citations?user=6iBz3QgAAAAJ,2026-09-16,"John P. Morgridge Professor, Emeritus, University of Wisconsin. Technical Fellow, Microsoft","[""database systems""]",46508,96,194,4279,33,75,1987,"{""1987"":261,""1988"":374,""1989"":474,""1990"":762,""1991"":733,""1992"":853,""1993"":1171,""1994"":932,""1995"":1028,""1996"":976,""1997"":926,""1998"":871,""1999"":951,""2000"":944,""2001"":971,""2002"":1175,""2003"":1285,""2004"":1445,""2005"":1519,""2006"":1496,""2007"":1593,""2008"":1520,""2009"":1688,""2010"":1819,""2011"":1669,""2012"":1761,""2013"":1802,""2014"":1776,""2015"":1635,""2016"":1419,""2017"":1216,""2018"":1587,""2019"":976,""2020"":943,""2021"":892,""2022"":837,""2023"":693,""2024"":741,""2025"":675,""2026"":440}"
David S. Johnson,https://scholar.google.com/citations?user=LyEq7qEAAAAJ,2026-09-16,"Visiting Professor, Columbia University Computer Science Department","[""Algorithms"", ""computer science"", ""optimization"", ""traveling salesman problem"", ""bin packing""]",234550,120,404,41974,65,192,1987,"{""1987"":854,""1988"":1030,""1989"":1259,""1990"":1532,""1991"":1564,""1992"":1752,""1993"":2164,""1994"":2372,""1995"":2597,""1996"":2522,""1997"":2796,""1998"":2907,""1999"":2957,""2000"":3407,""2001"":4689,""2002"":5589,""2003"":6715,""2004"":7485,""2005"":8134,""2006"":8317,""2007"":8747,""2008"":8485,""2009"":8254,""2010"":8155,""2011"":8036,""2012"":8204,""2013"":8191,""2014"":7658,""2015"":7535,""2016"":7963,""2017"":7834,""2018"":8243,""2019"":8039,""2020"":8051,""2021"":8017,""2022"":7641,""2023"":7114,""2024"":6936,""2025"":7169,""2026"":5094}"
Ed Lazowska,https://scholar.google.com/citations?user=NhY4TT4AAAAJ,2026-09-16,"Bill & Melinda Gates Chair in Computer Science & Engineering, University of Washington","[""Computer Systems""]",17786,57,105,1210,16,19,1987,"{""1987"":186,""1988"":274,""1989"":322,""1990"":506,""1991"":587,""1992"":609,""1993"":868,""1994"":823,""1995"":823,""1996"":716,""1997"":572,""1998"":605,""1999"":423,""2000"":391,""2001"":320,""2002"":350,""2003"":410,""2004"":420,""2005"":477,""2006"":466,""2007"":516,""2008"":419,""2009"":471,""2010"":508,""2011"":454,""2012"":445,""2013"":409,""2014"":432,""2015"":355,""2016"":428,""2017"":324,""2018"":298,""2019"":305,""2020"":266,""2021"":272,""2022"":223,""2023"":223,""2024"":199,""2025"":184,""2026"":109}"
Edwin Catmull,https://scholar.google.com/citations?user=qb5SK0QAAAAJ,2026-09-17,"Pixar, Disney, retired","[""animation"", ""creativity"", ""management""]",1947,10,10,631,7,6,1987,"{""1987"":11,""1988"":13,""1989"":14,""1990"":14,""1991"":11,""1992"":15,""1993"":9,""1994"":12,""1995"":16,""1996"":15,""1997"":10,""1998"":12,""1999"":12,""2000"":9,""2001"":6,""2002"":5,""2003"":5,""2004"":11,""2005"":8,""2006"":10,""2007"":7,""2008"":5,""2009"":25,""2010"":44,""2011"":28,""2012"":37,""2013"":38,""2014"":81,""2015"":106,""2016"":113,""2017"":123,""2018"":146,""2019"":131,""2020"":115,""2021"":127,""2022"":96,""2023"":98,""2024"":100,""2025"":142,""2026"":67}"
Fred Schneider,https://scholar.google.com/citations?user=sxjynOsAAAAJ,2026-09-16,"CS Dept, Cornell University",[],28946,69,154,4732,26,59,1987,"{""1987"":197,""1988"":186,""1989"":282,""1990"":286,""1991"":261,""1992"":316,""1993"":359,""1994"":388,""1995"":326,""1996"":408,""1997"":365,""1998"":460,""1999"":505,""2000"":498,""2001"":577,""2002"":653,""2003"":755,""2004"":877,""2005"":967,""2006"":945,""2007"":991,""2008"":991,""2009"":1050,""2010"":1023,""2011"":1013,""2012"":1012,""2013"":982,""2014"":996,""2015"":898,""2016"":923,""2017"":907,""2018"":945,""2019"":1014,""2020"":880,""2021"":926,""2022"":808,""2023"":769,""2024"":778,""2025"":796,""2026"":654}"
Gerard Salton (1927-1995),https://scholar.google.com/citations?user=PmJ2544AAAAJ,2026-09-16,"Professor of Computer Science, Cornell University","[""Information Retrieval""]",66068,69,144,8582,22,35,1987,"{""1987"":173,""1988"":299,""1989"":333,""1990"":346,""1991"":449,""1992"":448,""1993"":522,""1994"":583,""1995"":785,""1996"":774,""1997"":1074,""1998"":1152,""1999"":1203,""2000"":1405,""2001"":1412,""2002"":1720,""2003"":1801,""2004"":1998,""2005"":2260,""2006"":2164,""2007"":2421,""2008"":2603,""2009"":2588,""2010"":2573,""2011"":2463,""2012"":2573,""2013"":2510,""2014"":2530,""2015"":2442,""2016"":2362,""2017"":2124,""2018"":2005,""2019"":1962,""2020"":1712,""2021"":1509,""2022"":1418,""2023"":1359,""2024"":1278,""2025"":1556,""2026"":1462}"
Gio Wiederhold,https://scholar.google.com/citations?user=fJiGhkoAAAAJ,2026-09-16,"Emeritus Professor of Computer Science, Electrical Enginering, & Medicine, Stanford University","[""Databases"", ""Knowledge bases"", ""Software"", ""Intellectual capital"", ""Taxation""]",26349,70,225,1203,15,25,1987,"{""1987"":223,""1988"":191,""1989"":248,""1990"":292,""1991"":327,""1992"":315,""1993"":415,""1994"":408,""1995"":507,""1996"":540,""1997"":683,""1998"":713,""1999"":840,""2000"":893,""2001"":950,""2002"":985,""2003"":1180,""2004"":1178,""2005"":1253,""2006"":1158,""2007"":1199,""2008"":1048,""2009"":1084,""2010"":997,""2011"":903,""2012"":804,""2013"":862,""2014"":698,""2015"":598,""2016"":570,""2017"":504,""2018"":406,""2019"":385,""2020"":310,""2021"":252,""2022"":261,""2023"":218,""2024"":199,""2025"":179,""2026"":94}"
Henry Fuchs,https://scholar.google.com/citations?user=guhwcP8AAAAJ,2026-09-16,"Federico Gil Distinguished Professor of Computer Science, University of North Carolina","[""computer graphics"", ""virtual reality"", ""augmented reality""]",26243,80,232,6114,44,110,1987,"{""1987"":146,""1988"":226,""1989"":202,""1990"":231,""1991"":304,""1992"":319,""1993"":329,""1994"":290,""1995"":354,""1996"":367,""1997"":348,""1998"":407,""1999"":421,""2000"":413,""2001"":528,""2002"":523,""2003"":572,""2004"":610,""2005"":674,""2006"":631,""2007"":648,""2008"":618,""2009"":590,""2010"":627,""2011"":648,""2012"":732,""2013"":809,""2014"":792,""2015"":836,""2016"":961,""2017"":976,""2018"":978,""2019"":1156,""2020"":1040,""2021"":1136,""2022"":1185,""2023"":1100,""2024"":1130,""2025"":1059,""2026"":502}"
Jayadev Misra,https://scholar.google.com/citations?user=49uW_WcAAAAJ,2026-09-16,University of Texas at Austin,[],16417,44,79,1133,15,21,1987,"{""1987"":215,""1988"":265,""1989"":430,""1990"":459,""1991"":508,""1992"":508,""1993"":511,""1994"":564,""1995"":542,""1996"":496,""1997"":464,""1998"":442,""1999"":446,""2000"":363,""2001"":367,""2002"":375,""2003"":402,""2004"":451,""2005"":449,""2006"":436,""2007"":522,""2008"":483,""2009"":475,""2010"":498,""2011"":524,""2012"":482,""2013"":510,""2014"":379,""2015"":366,""2016"":355,""2017"":259,""2018"":263,""2019"":241,""2020"":204,""2021"":218,""2022"":202,""2023"":212,""2024"":203,""2025"":160,""2026"":136}"
Jeffrey Ullman,https://scholar.google.com/citations?user=wUJ2bXgAAAAJ,2026-09-17,"Professor of Computer Science, Stanford University","[""Database Systems"", ""Data Mining""]",120794,117,347,13354,41,116,1987,"{""1987"":1349,""1988"":1703,""1989"":1681,""1990"":1931,""1991"":1969,""1992"":2233,""1993"":2113,""1994"":2145,""1995"":2150,""1996"":2149,""1997"":2374,""1998"":2478,""1999"":2668,""2000"":2751,""2001"":2803,""2002"":3118,""2003"":3182,""2004"":3327,""2005"":3574,""2006"":3464,""2007"":3686,""2008"":3445,""2009"":3485,""2010"":3282,""2011"":3157,""2012"":3279,""2013"":3434,""2014"":3434,""2015"":3226,""2016"":3436,""2017"":3201,""2018"":3155,""2019"":2985,""2020"":2691,""2021"":2695,""2022"":2381,""2023"":2227,""2024"":2154,""2025"":2299,""2026"":1597}"
Lance Hoffman,https://scholar.google.com/citations?user=n3LNFXQAAAAJ,2026-09-16,"Distinguished Research Professor of Computer Science, The George WashingtonUniversity","[""cybersecurity"", ""social impact of computing""]",3327,25,38,320,8,7,1987,"{""1987"":13,""1988"":24,""1989"":22,""1990"":36,""1991"":41,""1992"":27,""1993"":18,""1994"":18,""1995"":33,""1996"":22,""1997"":25,""1998"":26,""1999"":18,""2000"":24,""2001"":31,""2002"":37,""2003"":37,""2004"":53,""2005"":67,""2006"":138,""2007"":101,""2008"":124,""2009"":131,""2010"":182,""2011"":137,""2012"":135,""2013"":152,""2014"":146,""2015"":118,""2016"":127,""2017"":97,""2018"":115,""2019"":107,""2020"":92,""2021"":77,""2022"":66,""2023"":68,""2024"":55,""2025"":33,""2026"":21}"
Michael R Garey,https://scholar.google.com/citations?user=ppjLpNYAAAAJ,2026-09-16,Retired,"[""Algorithms"", ""complexity"", ""scheduling theory"", ""graph theory""]",123721,62,88,17737,35,54,1987,"{""1987"":770,""1988"":922,""1989"":1101,""1990"":1359,""1991"":1369,""1992"":1499,""1993"":1800,""1994"":1973,""1995"":2106,""1996"":2012,""1997"":2250,""1998"":2351,""1999"":2257,""2000"":2346,""2001"":2468,""2002"":2689,""2003"":2921,""2004"":3308,""2005"":3779,""2006"":3932,""2007"":4335,""2008"":4191,""2009"":4362,""2010"":4190,""2011"":4216,""2012"":4517,""2013"":4508,""2014"":4243,""2015"":4164,""2016"":3986,""2017"":3641,""2018"":3765,""2019"":3523,""2020"":3394,""2021"":3278,""2022"":3169,""2023"":2923,""2024"":2864,""2025"":3201,""2026"":2302}"
N Leveson,https://scholar.google.com/citations?user=78y4sEcAAAAJ,2026-09-16,MIT,[],42202,73,192,12844,40,91,1988,"{""1988"":117,""1989"":124,""1990"":139,""1991"":166,""1992"":188,""1993"":251,""1994"":388,""1995"":336,""1996"":423,""1997"":454,""1998"":452,""1999"":448,""2000"":464,""2001"":525,""2002"":608,""2003"":572,""2004"":646,""2005"":731,""2006"":770,""2007"":870,""2008"":915,""2009"":1010,""2010"":1053,""2011"":1105,""2012"":1238,""2013"":1416,""2014"":1482,""2015"":1547,""2016"":1723,""2017"":1750,""2018"":2100,""2019"":2152,""2020"":2093,""2021"":2020,""2022"":2098,""2023"":2112,""2024"":2012,""2025"":2317,""2026"":2283}"
Richard E Ladner,https://scholar.google.com/citations?user=hgOSI1EAAAAJ,2026-09-16,University of Washington,"[""Human Computer Interaction"", ""Accessibility"", ""Theoretical Computer Science"", ""Algorithms""]",22601,67,182,5474,38,90,1987,"{""1987"":131,""1988"":185,""1989"":186,""1990"":211,""1991"":205,""1992"":223,""1993"":248,""1994"":233,""1995"":258,""1996"":242,""1997"":202,""1998"":226,""1999"":254,""2000"":293,""2001"":290,""2002"":330,""2003"":400,""2004"":430,""2005"":519,""2006"":523,""2007"":676,""2008"":603,""2009"":639,""2010"":712,""2011"":668,""2012"":684,""2013"":770,""2014"":768,""2015"":735,""2016"":784,""2017"":818,""2018"":791,""2019"":895,""2020"":879,""2021"":920,""2022"":881,""2023"":860,""2024"":982,""2025"":1007,""2026"":818}"
Richard P Brent,https://scholar.google.com/citations?user=TRcAF4cAAAAJ,2026-09-16,Australian National University,"[""analysis of algorithms"", ""combinatorics"", ""number theory"", ""numerical analysis""]",23576,59,184,4196,21,52,1987,"{""1987"":240,""1988"":252,""1989"":346,""1990"":387,""1991"":363,""1992"":371,""1993"":422,""1994"":403,""1995"":404,""1996"":411,""1997"":376,""1998"":365,""1999"":396,""2000"":360,""2001"":315,""2002"":379,""2003"":451,""2004"":450,""2005"":482,""2006"":544,""2007"":520,""2008"":541,""2009"":573,""2010"":657,""2011"":676,""2012"":699,""2013"":728,""2014"":685,""2015"":726,""2016"":704,""2017"":637,""2018"":708,""2019"":696,""2020"":653,""2021"":723,""2022"":714,""2023"":676,""2024"":637,""2025"":772,""2026"":674}"
Roy Rada,https://scholar.google.com/citations?user=Hvk1n1YAAAAJ,2026-09-16,"Professor Emeritus of Information Systems, UMBC","[""artificial intelligence""]",9942,38,133,1377,11,16,1987,"{""1987"":66,""1988"":66,""1989"":95,""1990"":137,""1991"":127,""1992"":180,""1993"":163,""1994"":161,""1995"":207,""1996"":196,""1997"":208,""1998"":224,""1999"":183,""2000"":230,""2001"":223,""2002"":191,""2003"":283,""2004"":248,""2005"":283,""2006"":299,""2007"":265,""2008"":349,""2009"":303,""2010"":347,""2011"":318,""2012"":384,""2013"":405,""2014"":323,""2015"":331,""2016"":333,""2017"":331,""2018"":298,""2019"":288,""2020"":261,""2021"":267,""2022"":264,""2023"":277,""2024"":247,""2025"":213,""2026"":109}"
S Lakshmivarahan,https://scholar.google.com/citations?user=SverXLoAAAAJ,2026-09-16,"George Lynn Cross Research Professor Emeritus, Computer Science, University of Oklahoma","[""Learning Algorithms"", ""Parallel Processing"", ""Interconnetion networks"", ""Dynamic Data Assimilation"", ""Computational Finance""]",4274,30,58,856,13,21,1987,"{""1987"":37,""1988"":34,""1989"":27,""1990"":35,""1991"":60,""1992"":52,""1993"":56,""1994"":56,""1995"":67,""1996"":74,""1997"":73,""1998"":58,""1999"":67,""2000"":56,""2001"":54,""2002"":91,""2003"":58,""2004"":80,""2005"":81,""2006"":80,""2007"":130,""2008"":146,""2009"":139,""2010"":128,""2011"":122,""2012"":162,""2013"":136,""2014"":136,""2015"":142,""2016"":148,""2017"":141,""2018"":129,""2019"":157,""2020"":160,""2021"":160,""2022"":175,""2023"":161,""2024"":139,""2025"":129,""2026"":89}"
Zvi Galil,https://scholar.google.com/citations?user=tI3m7CMAAAAJ,2026-09-16,"Professor of Computer Science, Georgia Tech","[""theoretical computer science""]",14737,68,167,1904,21,49,1987,"{""1987"":148,""1988"":201,""1989"":230,""1990"":259,""1991"":286,""1992"":381,""1993"":435,""1994"":461,""1995"":462,""1996"":350,""1997"":345,""1998"":366,""1999"":302,""2000"":324,""2001"":281,""2002"":317,""2003"":297,""2004"":365,""2005"":405,""2006"":377,""2007"":438,""2008"":416,""2009"":370,""2010"":411,""2011"":354,""2012"":393,""2013"":365,""2014"":354,""2015"":345,""2016"":350,""2017"":371,""2018"":342,""2019"":318,""2020"":347,""2021"":333,""2022"":355,""2023"":332,""2024"":342,""2025"":314,""2026"":228}"
Bjarne Stroustrup,https://scholar.google.com/citations?user=Rr9Y8acAAAAJ,2026-09-16,Mrgan Stanley and Columbia University,[],23281,40,104,2249,16,22,1987,"{""1987"":107,""1988"":229,""1989"":329,""1990"":390,""1991"":545,""1992"":657,""1993"":689,""1994"":709,""1995"":755,""1996"":840,""1997"":747,""1998"":696,""1999"":696,""2000"":693,""2001"":682,""2002"":700,""2003"":704,""2004"":787,""2005"":630,""2006"":687,""2007"":829,""2008"":618,""2009"":708,""2010"":656,""2011"":618,""2012"":583,""2013"":657,""2014"":523,""2015"":525,""2016"":494,""2017"":403,""2018"":443,""2019"":428,""2020"":448,""2021"":355,""2022"":395,""2023"":400,""2024"":387,""2025"":416,""2026"":294}"
Butler Lampson,https://scholar.google.com/citations?user=9eyvm28AAAAJ,2026-09-17,"Technical Fellow, Microsoft Research","[""Cybersecurity"", ""computer systems""]",29093,71,155,2837,21,42,1987,"{""1987"":244,""1988"":269,""1989"":263,""1990"":224,""1991"":218,""1992"":251,""1993"":327,""1994"":299,""1995"":257,""1996"":357,""1997"":383,""1998"":545,""1999"":584,""2000"":584,""2001"":675,""2002"":729,""2003"":955,""2004"":1019,""2005"":1195,""2006"":1412,""2007"":1245,""2008"":1143,""2009"":1142,""2010"":1250,""2011"":1036,""2012"":1060,""2013"":1046,""2014"":1024,""2015"":835,""2016"":700,""2017"":616,""2018"":538,""2019"":555,""2020"":504,""2021"":553,""2022"":525,""2023"":480,""2024"":412,""2025"":476,""2026"":391}"
C G Bell,https://scholar.google.com/citations?user=_gzpApwAAAAJ,2026-09-16,Microsoft (ret.),"[""computer architecture"", ""lifelogging"", ""computing history"", ""entrepreneurship""]",11572,44,82,1258,17,26,1987,"{""1987"":113,""1988"":149,""1989"":116,""1990"":125,""1991"":87,""1992"":126,""1993"":170,""1994"":138,""1995"":120,""1996"":93,""1997"":120,""1998"":114,""1999"":74,""2000"":113,""2001"":94,""2002"":125,""2003"":167,""2004"":228,""2005"":213,""2006"":329,""2007"":292,""2008"":354,""2009"":367,""2010"":411,""2011"":475,""2012"":437,""2013"":479,""2014"":497,""2015"":396,""2016"":369,""2017"":309,""2018"":348,""2019"":349,""2020"":318,""2021"":301,""2022"":262,""2023"":204,""2024"":195,""2025"":193,""2026"":103}"
Dana Scott,https://scholar.google.com/citations?user=oaja5KYAAAAJ,2026-09-17,"Visiting Scholar, UC Berkeley","[""Logic"", ""Semantics of Programming Languages""]",33153,70,191,4824,29,72,1987,"{""1987"":338,""1988"":348,""1989"":364,""1990"":428,""1991"":434,""1992"":426,""1993"":503,""1994"":438,""1995"":445,""1996"":480,""1997"":518,""1998"":442,""1999"":561,""2000"":539,""2001"":502,""2002"":560,""2003"":558,""2004"":612,""2005"":794,""2006"":967,""2007"":766,""2008"":793,""2009"":926,""2010"":788,""2011"":774,""2012"":902,""2013"":910,""2014"":897,""2015"":780,""2016"":775,""2017"":903,""2018"":848,""2019"":892,""2020"":823,""2021"":845,""2022"":847,""2023"":830,""2024"":789,""2025"":835,""2026"":675}"
Daniel G. Bobrow,https://scholar.google.com/citations?user=95OEG6IAAAAJ,2026-09-16,"Parc, Palo Alto Research Center","[""artificial intelligence"", ""programming languages"", ""qualitative reasoning"", ""community knowledge systems""]",41361,77,209,6062,23,54,1987,"{""1987"":883,""1988"":1059,""1989"":939,""1990"":1022,""1991"":1069,""1992"":972,""1993"":921,""1994"":820,""1995"":761,""1996"":776,""1997"":625,""1998"":711,""1999"":732,""2000"":677,""2001"":679,""2002"":693,""2003"":744,""2004"":835,""2005"":887,""2006"":1022,""2007"":1126,""2008"":1017,""2009"":885,""2010"":975,""2011"":991,""2012"":978,""2013"":1055,""2014"":1100,""2015"":695,""2016"":692,""2017"":720,""2018"":735,""2019"":733,""2020"":724,""2021"":817,""2022"":948,""2023"":1100,""2024"":1236,""2025"":1218,""2026"":743}"
Daniel Siewiorek,https://scholar.google.com/citations?user=B13SvmAAAAAJ,2026-09-16,Carnegie Mellon University,"[""Wearable computing"", ""computer reliability"", ""computer architecture"", ""human computer interaction"", ""computer aided design""]",24266,75,240,3001,26,59,1987,"{""1987"":353,""1988"":408,""1989"":361,""1990"":393,""1991"":456,""1992"":409,""1993"":443,""1994"":496,""1995"":463,""1996"":451,""1997"":384,""1998"":384,""1999"":387,""2000"":348,""2001"":391,""2002"":406,""2003"":484,""2004"":667,""2005"":781,""2006"":689,""2007"":764,""2008"":739,""2009"":776,""2010"":714,""2011"":727,""2012"":822,""2013"":731,""2014"":709,""2015"":719,""2016"":639,""2017"":605,""2018"":667,""2019"":654,""2020"":650,""2021"":588,""2022"":523,""2023"":530,""2024"":527,""2025"":514,""2026"":315}"
David Harel,https://scholar.google.com/citations?user=E20Gzu0AAAAJ,2026-09-16,"Professor of Computer Science, The Weizmann Institute","[""computer science"", ""systems biology""]",49907,81,248,5114,31,106,1987,"{""1987"":186,""1988"":235,""1989"":328,""1990"":411,""1991"":513,""1992"":580,""1993"":762,""1994"":869,""1995"":937,""1996"":1034,""1997"":1048,""1998"":1157,""1999"":1224,""2000"":1372,""2001"":1219,""2002"":1444,""2003"":1566,""2004"":1757,""2005"":1930,""2006"":2016,""2007"":2055,""2008"":2137,""2009"":1962,""2010"":1887,""2011"":1830,""2012"":2013,""2013"":1691,""2014"":1601,""2015"":1512,""2016"":1352,""2017"":1133,""2018"":1160,""2019"":1070,""2020"":914,""2021"":1011,""2022"":847,""2023"":958,""2024"":888,""2025"":845,""2026"":564}"
David Gries,https://scholar.google.com/citations?user=Ormag-QAAAAJ,2026-09-16,"Professor Emeritus (as of 2012), Computer Science, Cornell University","[""Programming methodology"", ""programming languages"", ""CS education""]",14289,43,102,1590,14,20,1987,"{""1987"":239,""1988"":235,""1989"":301,""1990"":311,""1991"":315,""1992"":336,""1993"":285,""1994"":320,""1995"":243,""1996"":320,""1997"":305,""1998"":258,""1999"":236,""2000"":245,""2001"":212,""2002"":247,""2003"":310,""2004"":288,""2005"":348,""2006"":323,""2007"":332,""2008"":331,""2009"":368,""2010"":371,""2011"":325,""2012"":401,""2013"":376,""2014"":317,""2015"":307,""2016"":285,""2017"":251,""2018"":319,""2019"":288,""2020"":250,""2021"":293,""2022"":307,""2023"":283,""2024"":257,""2025"":263,""2026"":187}"
David Lorge Parnas,https://scholar.google.com/citations?user=t8GDoiMAAAAJ,2026-09-16,"Middle Road Software, McMaster University, University of Limerick","[""Software Engineering""]",29842,61,140,2696,19,37,1987,"{""1987"":297,""1988"":356,""1989"":354,""1990"":382,""1991"":396,""1992"":440,""1993"":495,""1994"":531,""1995"":632,""1996"":519,""1997"":507,""1998"":535,""1999"":608,""2000"":640,""2001"":629,""2002"":763,""2003"":795,""2004"":938,""2005"":1059,""2006"":1019,""2007"":1095,""2008"":1081,""2009"":1053,""2010"":1042,""2011"":1055,""2012"":943,""2013"":1019,""2014"":827,""2015"":716,""2016"":687,""2017"":638,""2018"":615,""2019"":581,""2020"":535,""2021"":473,""2022"":456,""2023"":442,""2024"":454,""2025"":460,""2026"":411}"
David Patterson,https://scholar.google.com/citations?user=Wj4ZBFIAAAAJ,2026-09-17,"Professor of Computer Science, UC Berkeley","[""computer systems""]",164509,131,474,46419,67,190,1988,"{""1988"":436,""1989"":400,""1990"":470,""1991"":620,""1992"":681,""1993"":1087,""1994"":1203,""1995"":1367,""1996"":1703,""1997"":1878,""1998"":1977,""1999"":2168,""2000"":2233,""2001"":2080,""2002"":2536,""2003"":2865,""2004"":3149,""2005"":3335,""2006"":3336,""2007"":3663,""2008"":3735,""2009"":4266,""2010"":5098,""2011"":5838,""2012"":6195,""2013"":6766,""2014"":6777,""2015"":6502,""2016"":6291,""2017"":5754,""2018"":6182,""2019"":6704,""2020"":6554,""2021"":6874,""2022"":7083,""2023"":7302,""2024"":7768,""2025"":9252,""2026"":7663}"
Donald E. Knuth,https://scholar.google.com/citations?user=t0yrrzQAAAAJ,2026-09-17,Stanford University,[],146031,106,336,24250,49,136,1987,"{""1987"":1293,""1988"":1348,""1989"":1537,""1990"":1740,""1991"":1811,""1992"":2001,""1993"":2004,""1994"":2035,""1995"":2088,""1996"":2220,""1997"":2239,""1998"":2193,""1999"":2127,""2000"":2380,""2001"":2375,""2002"":2647,""2003"":2965,""2004"":3239,""2005"":3565,""2006"":3674,""2007"":3966,""2008"":3909,""2009"":4034,""2010"":4428,""2011"":4376,""2012"":4431,""2013"":4661,""2014"":4628,""2015"":4244,""2016"":4532,""2017"":4254,""2018"":4228,""2019"":4274,""2020"":4278,""2021"":4105,""2022"":4060,""2023"":3939,""2024"":3955,""2025"":4603,""2026"":3576}"
E. G. Coffman,https://scholar.google.com/citations?user=Fj5sn6QAAAAJ,2026-09-16,Retired,"[""all areas""]",22714,59,172,2369,19,35,1987,"{""1987"":268,""1988"":307,""1989"":313,""1990"":360,""1991"":351,""1992"":362,""1993"":453,""1994"":418,""1995"":472,""1996"":387,""1997"":399,""1998"":409,""1999"":391,""2000"":412,""2001"":479,""2002"":505,""2003"":514,""2004"":617,""2005"":624,""2006"":648,""2007"":634,""2008"":606,""2009"":593,""2010"":669,""2011"":637,""2012"":672,""2013"":637,""2014"":685,""2015"":608,""2016"":615,""2017"":589,""2018"":566,""2019"":494,""2020"":441,""2021"":499,""2022"":429,""2023"":403,""2024"":357,""2025"":427,""2026"":254}"
Frederick P. Brooks,https://scholar.google.com/citations?user=_h65cfgAAAAJ,2026-09-17,"University of North Carolina at Chapel Hill, emeritus","[""Virtual reality"", ""comp. graphics"", ""comp. arch"", ""software eng."", ""design""]",36374,40,61,5011,23,33,1987,"{""1987"":139,""1988"":215,""1989"":244,""1990"":260,""1991"":335,""1992"":435,""1993"":504,""1994"":468,""1995"":527,""1996"":553,""1997"":623,""1998"":675,""1999"":834,""2000"":958,""2001"":900,""2002"":1090,""2003"":1052,""2004"":1246,""2005"":1295,""2006"":1355,""2007"":1351,""2008"":1249,""2009"":1265,""2010"":1265,""2011"":1245,""2012"":1106,""2013"":1220,""2014"":1119,""2015"":997,""2016"":1004,""2017"":939,""2018"":1020,""2019"":1096,""2020"":981,""2021"":957,""2022"":857,""2023"":852,""2024"":786,""2025"":824,""2026"":735}"
Guy L. Steele Jr.,https://scholar.google.com/citations?user=Ur3sFscAAAAJ,2026-09-16,Oracle Labs,"[""computer science"", ""programming languages"", ""compilers"", ""algorithms"", ""computer architecture""]",18939,53,129,1459,19,35,1987,"{""1987"":291,""1988"":444,""1989"":398,""1990"":478,""1991"":566,""1992"":594,""1993"":553,""1994"":641,""1995"":543,""1996"":570,""1997"":489,""1998"":449,""1999"":397,""2000"":366,""2001"":420,""2002"":489,""2003"":468,""2004"":535,""2005"":562,""2006"":551,""2007"":651,""2008"":542,""2009"":552,""2010"":563,""2011"":456,""2012"":536,""2013"":497,""2014"":425,""2015"":402,""2016"":343,""2017"":325,""2018"":335,""2019"":341,""2020"":310,""2021"":293,""2022"":257,""2023"":222,""2024"":255,""2025"":233,""2026"":199}"
Harold Stone,https://scholar.google.com/citations?user=74JdpDAAAAAJ,2026-09-16,"Fellow Emeritus, NEC Research Laboratory","[""Computer Architecture"", ""Optical Interconnections. Image Search and Registration""]",14426,46,103,1270,15,17,1987,"{""1987"":283,""1988"":331,""1989"":359,""1990"":403,""1991"":393,""1992"":428,""1993"":515,""1994"":452,""1995"":420,""1996"":376,""1997"":298,""1998"":297,""1999"":233,""2000"":242,""2001"":233,""2002"":235,""2003"":282,""2004"":295,""2005"":297,""2006"":328,""2007"":314,""2008"":289,""2009"":280,""2010"":325,""2011"":346,""2012"":333,""2013"":372,""2014"":351,""2015"":325,""2016"":315,""2017"":282,""2018"":295,""2019"":240,""2020"":231,""2021"":259,""2022"":249,""2023"":213,""2024"":200,""2025"":207,""2026"":142}"
Jim Gray,https://scholar.google.com/citations?user=Dn4kkYUAAAAJ,2026-09-17,"IBM, Tandem, DEC, Microsoft","[""databases""]",63090,82,172,6485,35,68,1987,"{""1987"":402,""1988"":470,""1989"":417,""1990"":521,""1991"":514,""1992"":674,""1993"":779,""1994"":728,""1995"":809,""1996"":733,""1997"":923,""1998"":830,""1999"":987,""2000"":1040,""2001"":1016,""2002"":1269,""2003"":1459,""2004"":1744,""2005"":2172,""2006"":2440,""2007"":2718,""2008"":3224,""2009"":3161,""2010"":2923,""2011"":2845,""2012"":2667,""2013"":2502,""2014"":2416,""2015"":2179,""2016"":1898,""2017"":1717,""2018"":1682,""2019"":1444,""2020"":1240,""2021"":1258,""2022"":1175,""2023"":1018,""2024"":993,""2025"":1158,""2026"":883}"
John Hopcroft,https://scholar.google.com/citations?user=4Z6vo5QAAAAJ,2026-09-17,Cornell University,[],88504,92,219,15482,44,111,1987,"{""1987"":1016,""1988"":1381,""1989"":1387,""1990"":1549,""1991"":1603,""1992"":1688,""1993"":1604,""1994"":1600,""1995"":1621,""1996"":1526,""1997"":1480,""1998"":1468,""1999"":1440,""2000"":1382,""2001"":1441,""2002"":1601,""2003"":1761,""2004"":1877,""2005"":2048,""2006"":2091,""2007"":2226,""2008"":2202,""2009"":2315,""2010"":2204,""2011"":2138,""2012"":2273,""2013"":2394,""2014"":2246,""2015"":2109,""2016"":2191,""2017"":2235,""2018"":2412,""2019"":2358,""2020"":2362,""2021"":2561,""2022"":2617,""2023"":2723,""2024"":2708,""2025"":2814,""2026"":2057}"
John Ousterhout,https://scholar.google.com/citations?user=nDH-AqwAAAAJ,2026-09-16,"Professor of Computer Science, Stanford University","[""Operating systems"", ""storage systems"", ""distributed systems"", ""datacenter computing"", ""Web applications""]",34420,62,116,6381,28,45,1987,"{""1987"":241,""1988"":299,""1989"":375,""1990"":399,""1991"":488,""1992"":510,""1993"":771,""1994"":926,""1995"":1107,""1996"":1216,""1997"":1171,""1998"":997,""1999"":982,""2000"":864,""2001"":750,""2002"":745,""2003"":749,""2004"":704,""2005"":680,""2006"":656,""2007"":806,""2008"":701,""2009"":751,""2010"":848,""2011"":826,""2012"":887,""2013"":810,""2014"":762,""2015"":880,""2016"":871,""2017"":937,""2018"":922,""2019"":1031,""2020"":1096,""2021"":1138,""2022"":1112,""2023"":1052,""2024"":1066,""2025"":1163,""2026"":850}"
J. F. Traub,https://scholar.google.com/citations?user=b31g8hsAAAAJ,2026-09-16,"Edwin Howard Armstrong Professor of Computer Science, Columbia University","[""Theoretical computer science"", ""Information-Based Complexity"", ""Quantum Computing"", ""Financial Computation"", ""Scientific Computation""]",14400,43,98,2394,16,25,1987,"{""1987"":132,""1988"":149,""1989"":130,""1990"":150,""1991"":116,""1992"":128,""1993"":166,""1994"":176,""1995"":179,""1996"":226,""1997"":194,""1998"":231,""1999"":166,""2000"":255,""2001"":248,""2002"":252,""2003"":269,""2004"":263,""2005"":284,""2006"":318,""2007"":376,""2008"":319,""2009"":371,""2010"":355,""2011"":484,""2012"":459,""2013"":514,""2014"":562,""2015"":490,""2016"":449,""2017"":449,""2018"":423,""2019"":424,""2020"":393,""2021"":403,""2022"":451,""2023"":388,""2024"":410,""2025"":428,""2026"":314}"
Lotfi A. Zadeh,https://scholar.google.com/citations?user=S6H-0RAAAAAJ,2026-09-16,"Professor Emeritus, EECS, UC Berkeley","[""Fuzzy Logic"", ""Soft Computing"", ""Artificial Intelligence"", ""Human-Level Machine Intelligence""]",298607,114,422,71626,58,159,1987,"{""1987"":923,""1988"":1362,""1989"":1132,""1990"":1387,""1991"":1572,""1992"":2129,""1993"":2227,""1994"":2546,""1995"":2712,""1996"":2859,""1997"":2640,""1998"":3052,""1999"":3333,""2000"":3471,""2001"":3959,""2002"":4024,""2003"":4319,""2004"":5046,""2005"":5531,""2006"":6374,""2007"":7125,""2008"":7825,""2009"":8847,""2010"":9208,""2011"":10047,""2012"":11049,""2013"":11872,""2014"":11766,""2015"":12093,""2016"":11908,""2017"":11571,""2018"":12687,""2019"":12474,""2020"":12779,""2021"":13510,""2022"":13483,""2023"":12588,""2024"":12109,""2025"":12363,""2026"":7571}"
Paul McJones,https://scholar.google.com/citations?user=cca4DoCsQjAJ,2026-09-16,Retired,"[""History of software""]",3350,10,10,218,4,4,1987,"{""1987"":100,""1988"":107,""1989"":113,""1990"":90,""1991"":87,""1992"":84,""1993"":79,""1994"":66,""1995"":45,""1996"":37,""1997"":64,""1998"":48,""1999"":44,""2000"":48,""2001"":44,""2002"":45,""2003"":50,""2004"":44,""2005"":63,""2006"":53,""2007"":51,""2008"":81,""2009"":76,""2010"":110,""2011"":97,""2012"":94,""2013"":83,""2014"":90,""2015"":61,""2016"":51,""2017"":51,""2018"":115,""2019"":46,""2020"":49,""2021"":42,""2022"":37,""2023"":39,""2024"":36,""2025"":38,""2026"":26}"
Peter J Denning,https://scholar.google.com/citations?user=-W3wvGkAAAAJ,2026-09-17,"Distinguished Professor, Naval Postgraduate School","[""operating systems"", ""science of computing"", ""innovation process"", ""technology transfer""]",36171,83,294,6736,37,96,1987,"{""1987"":231,""1988"":309,""1989"":340,""1990"":344,""1991"":368,""1992"":370,""1993"":338,""1994"":348,""1995"":356,""1996"":399,""1997"":405,""1998"":446,""1999"":495,""2000"":547,""2001"":562,""2002"":604,""2003"":671,""2004"":729,""2005"":743,""2006"":861,""2007"":896,""2008"":914,""2009"":994,""2010"":1019,""2011"":1016,""2012"":1153,""2013"":1143,""2014"":1155,""2015"":1104,""2016"":1046,""2017"":1066,""2018"":1188,""2019"":1117,""2020"":1139,""2021"":1266,""2022"":1222,""2023"":1203,""2024"":1136,""2025"":1150,""2026"":744}"
Richard M. Karp,https://scholar.google.com/citations?user=bYp8FsAAAAAJ,2026-09-17,"University of California, Berkeley",[],100432,112,242,16382,48,106,1987,"{""1987"":471,""1988"":559,""1989"":683,""1990"":715,""1991"":802,""1992"":915,""1993"":1074,""1994"":1129,""1995"":1198,""1996"":1262,""1997"":1168,""1998"":1224,""1999"":1192,""2000"":1199,""2001"":1219,""2002"":1556,""2003"":2358,""2004"":3205,""2005"":3544,""2006"":3644,""2007"":3852,""2008"":3818,""2009"":3934,""2010"":3834,""2011"":3619,""2012"":3445,""2013"":3755,""2014"":3372,""2015"":3272,""2016"":3298,""2017"":3118,""2018"":3131,""2019"":3037,""2020"":2893,""2021"":2768,""2022"":2873,""2023"":2722,""2024"":2726,""2025"":2934,""2026"":2358}"
Robert Tarjan,https://scholar.google.com/citations?user=lazJixIAAAAJ,2026-09-17,"Professor of Computer Science, Princeton University","[""data structures"", ""graph algorithms"", ""analysis of algorithms""]",103192,124,333,17532,63,188,1987,"{""1987"":753,""1988"":1102,""1989"":1209,""1990"":1354,""1991"":1489,""1992"":1681,""1993"":1647,""1994"":1666,""1995"":1772,""1996"":1734,""1997"":1776,""1998"":1790,""1999"":1637,""2000"":1662,""2001"":1607,""2002"":1689,""2003"":2076,""2004"":2135,""2005"":2742,""2006"":2678,""2007"":2946,""2008"":3069,""2009"":2977,""2010"":3168,""2011"":3100,""2012"":3377,""2013"":3626,""2014"":3446,""2015"":3415,""2016"":3430,""2017"":3279,""2018"":3509,""2019"":3161,""2020"":3108,""2021"":3060,""2022"":2906,""2023"":2905,""2024"":2856,""2025"":3236,""2026"":2561}"
Ronald L. Rivest,https://scholar.google.com/citations?user=6qE0tdAAAAAJ,2026-09-17,MIT Institute Professor,"[""algorithms"", ""cryptography"", ""voting""]",185049,111,381,37117,54,173,1990,"{""1990"":572,""1991"":681,""1992"":770,""1993"":1106,""1994"":1305,""1995"":1455,""1996"":1790,""1997"":1863,""1998"":2397,""1999"":2555,""2000"":2765,""2001"":2898,""2002"":3556,""2003"":4302,""2004"":5029,""2005"":5954,""2006"":6450,""2007"":6752,""2008"":6886,""2009"":7196,""2010"":7136,""2011"":6920,""2012"":6954,""2013"":7256,""2014"":7186,""2015"":6771,""2016"":6790,""2017"":6737,""2018"":6790,""2019"":6608,""2020"":6595,""2021"":6593,""2022"":6328,""2023"":6125,""2024"":6519,""2025"":7037,""2026"":4495}"
Ronald Kaplan,https://scholar.google.com/citations?user=HaahwTYAAAAJ,2026-09-16,Stanford University,"[""Natural language"", ""linguistics"", ""computational linguistics"", ""artificial intelligence""]",15271,53,105,1513,17,26,1987,"{""1987"":158,""1988"":199,""1989"":192,""1990"":236,""1991"":177,""1992"":222,""1993"":214,""1994"":224,""1995"":274,""1996"":278,""1997"":247,""1998"":296,""1999"":353,""2000"":282,""2001"":330,""2002"":385,""2003"":465,""2004"":493,""2005"":465,""2006"":567,""2007"":580,""2008"":410,""2009"":504,""2010"":561,""2011"":505,""2012"":482,""2013"":492,""2014"":490,""2015"":388,""2016"":366,""2017"":518,""2018"":356,""2019"":349,""2020"":336,""2021"":335,""2022"":284,""2023"":351,""2024"":195,""2025"":233,""2026"":115}"
Susan Owicki,https://scholar.google.com/citations?user=xWp3mKYAAAAJ,2026-09-16,Unknown affiliation,[],9050,30,43,849,14,16,1987,"{""1987"":128,""1988"":153,""1989"":150,""1990"":145,""1991"":158,""1992"":176,""1993"":127,""1994"":204,""1995"":180,""1996"":180,""1997"":185,""1998"":207,""1999"":178,""2000"":168,""2001"":185,""2002"":206,""2003"":247,""2004"":212,""2005"":272,""2006"":248,""2007"":237,""2008"":209,""2009"":233,""2010"":250,""2011"":238,""2012"":255,""2013"":305,""2014"":309,""2015"":282,""2016"":223,""2017"":245,""2018"":228,""2019"":261,""2020"":251,""2021"":169,""2022"":187,""2023"":132,""2024"":143,""2025"":117,""2026"":101}"
Allen Newell,https://scholar.google.com/citations?user=5WfqzjkAAAAJ,2026-09-17,"Professor of Computer Science, Carnegie Mellon","[""Artificial Intelligence""]",110373,90,189,15031,32,64,1987,"{""1987"":1567,""1988"":1798,""1989"":1628,""1990"":1925,""1991"":2017,""1992"":2479,""1993"":2464,""1994"":2265,""1995"":2143,""1996"":2047,""1997"":1950,""1998"":2010,""1999"":1961,""2000"":1914,""2001"":2041,""2002"":2155,""2003"":2474,""2004"":2317,""2005"":2501,""2006"":2800,""2007"":2670,""2008"":2658,""2009"":2655,""2010"":2506,""2011"":2752,""2012"":2974,""2013"":3481,""2014"":3273,""2015"":2567,""2016"":2522,""2017"":2439,""2018"":2512,""2019"":2552,""2020"":2426,""2021"":2385,""2022"":2287,""2023"":2455,""2024"":2594,""2025"":3007,""2026"":2303}"
Robert Metcalfe,https://scholar.google.com/citations?user=EKGzIBYAAAAJ,2026-09-17,The University of Texas at Austin,"[""Innovation and Entrepreneurship"", ""Internet""]",7191,24,36,751,9,9,1987,"{""1987"":165,""1988"":173,""1989"":130,""1990"":129,""1991"":100,""1992"":99,""1993"":102,""1994"":104,""1995"":83,""1996"":70,""1997"":98,""1998"":116,""1999"":115,""2000"":132,""2001"":141,""2002"":118,""2003"":131,""2004"":163,""2005"":165,""2006"":169,""2007"":192,""2008"":172,""2009"":169,""2010"":209,""2011"":154,""2012"":176,""2013"":211,""2014"":140,""2015"":129,""2016"":131,""2017"":140,""2018"":150,""2019"":149,""2020"":149,""2021"":136,""2022"":120,""2023"":120,""2024"":136,""2025"":124,""2026"":115}"
Douglas Engelbart,https://scholar.google.com/citations?user=AS8m_l4AAAAJ,2026-09-17,"SRI, Bootstrap Institute","[""human-computer interaction"", ""interactive computing""]",5265,26,31,540,11,12,1987,"{""1987"":51,""1988"":80,""1989"":108,""1990"":87,""1991"":176,""1992"":117,""1993"":120,""1994"":115,""1995"":119,""1996"":120,""1997"":114,""1998"":106,""1999"":125,""2000"":117,""2001"":120,""2002"":167,""2003"":102,""2004"":161,""2005"":129,""2006"":152,""2007"":135,""2008"":140,""2009"":116,""2010"":145,""2011"":124,""2012"":147,""2013"":135,""2014"":152,""2015"":121,""2016"":100,""2017"":119,""2018"":126,""2019"":106,""2020"":98,""2021"":86,""2022"":95,""2023"":103,""2024"":106,""2025"":85,""2026"":63}"
Dennis Ritchie,https://scholar.google.com/citations?user=w1WB5d0AAAAJ,2026-09-17,Bell Labs,"[""Operating Systems"", ""Programming Languages""]",6531,21,23,619,9,9,1987,"{""1987"":131,""1988"":125,""1989"":108,""1990"":114,""1991"":95,""1992"":95,""1993"":113,""1994"":104,""1995"":93,""1996"":113,""1997"":123,""1998"":108,""1999"":126,""2000"":112,""2001"":139,""2002"":115,""2003"":141,""2004"":123,""2005"":156,""2006"":171,""2007"":156,""2008"":151,""2009"":153,""2010"":124,""2011"":150,""2012"":152,""2013"":160,""2014"":122,""2015"":111,""2016"":132,""2017"":103,""2018"":105,""2019"":131,""2020"":90,""2021"":89,""2022"":104,""2023"":98,""2024"":108,""2025"":112,""2026"":108}"
James Hardy Wilkinson,https://scholar.google.com/citations?user=cwbbYp8AAAAJ,2026-09-17,National Physical Laboratory (deceased),"[""Numerical Linear Algebra""]",26844,55,99,2215,20,31,1987,"{""1987"":416,""1988"":453,""1989"":484,""1990"":532,""1991"":526,""1992"":508,""1993"":583,""1994"":554,""1995"":473,""1996"":466,""1997"":509,""1998"":474,""1999"":432,""2000"":581,""2001"":399,""2002"":482,""2003"":469,""2004"":428,""2005"":562,""2006"":631,""2007"":534,""2008"":461,""2009"":428,""2010"":492,""2011"":555,""2012"":576,""2013"":662,""2014"":544,""2015"":495,""2016"":410,""2017"":481,""2018"":485,""2019"":440,""2020"":433,""2021"":355,""2022"":428,""2023"":383,""2024"":367,""2025"":400,""2026"":282}"
Marvin L. Minsky,https://scholar.google.com/citations?user=g_7VKegAAAAJ,2026-09-17,MIT,"[""Artificial Intelligence"", ""Cognitive Psychology""]",90115,69,156,25504,35,79,1987,"{""1987"":754,""1988"":1013,""1989"":1000,""1990"":1296,""1991"":1272,""1992"":1243,""1993"":1388,""1994"":1316,""1995"":1232,""1996"":1168,""1997"":1055,""1998"":1139,""1999"":1082,""2000"":1199,""2001"":1226,""2002"":1402,""2003"":1448,""2004"":1478,""2005"":1775,""2006"":1783,""2007"":1911,""2008"":1849,""2009"":1927,""2010"":1828,""2011"":1861,""2012"":2099,""2013"":2276,""2014"":2199,""2015"":1999,""2016"":2087,""2017"":2206,""2018"":2489,""2019"":2802,""2020"":3120,""2021"":3471,""2022"":3567,""2023"":4064,""2024"":5159,""2025"":5709,""2026"":3533}"
Charles H. Bennett,https://scholar.google.com/citations?user=mkjGmJEAAAAJ,2026-09-17,"Fellow, IBM Research Division","[""physics of information""]",127608,72,147,36950,44,78,1994,"{""1994"":435,""1995"":443,""1996"":731,""1997"":830,""1998"":1306,""1999"":1250,""2000"":1851,""2001"":2210,""2002"":2697,""2003"":2620,""2004"":3100,""2005"":3669,""2006"":3880,""2007"":3903,""2008"":4486,""2009"":4140,""2010"":4056,""2011"":4053,""2012"":4274,""2013"":4583,""2014"":4599,""2015"":4410,""2016"":4716,""2017"":4333,""2018"":4627,""2019"":4887,""2020"":4955,""2021"":5399,""2022"":5634,""2023"":5659,""2024"":6257,""2025"":7777,""2026"":6224}"
Gilles Brassard,https://scholar.google.com/citations?user=Rh7_srgAAAAJ,2026-09-17,"Professor of computer science, Université de Montréal","[""quantum information"", ""cryptography"", ""foundations of physics""]",84623,71,136,28393,40,79,1994,"{""1994"":272,""1995"":343,""1996"":490,""1997"":587,""1998"":917,""1999"":788,""2000"":1132,""2001"":1296,""2002"":1573,""2003"":1596,""2004"":1847,""2005"":2265,""2006"":2450,""2007"":2458,""2008"":2685,""2009"":2685,""2010"":2551,""2011"":2490,""2012"":2523,""2013"":2732,""2014"":2777,""2015"":2699,""2016"":2857,""2017"":2761,""2018"":2904,""2019"":3253,""2020"":3444,""2021"":3756,""2022"":4024,""2023"":4275,""2024"":5020,""2025"":6471,""2026"":4821}"
Andrew Barto,https://scholar.google.com/citations?user=CMIgrCgAAAAJ,2026-09-17,University of Massachusetts Amherst,"[""Reinforcement learning""]",157375,98,227,75297,60,140,1990,"{""1990"":404,""1991"":474,""1992"":548,""1993"":514,""1994"":643,""1995"":636,""1996"":591,""1997"":764,""1998"":805,""1999"":875,""2000"":959,""2001"":1274,""2002"":1332,""2003"":1484,""2004"":1802,""2005"":2190,""2006"":2309,""2007"":2731,""2008"":2935,""2009"":2950,""2010"":3225,""2011"":3350,""2012"":3482,""2013"":3602,""2014"":3687,""2015"":3395,""2016"":3880,""2017"":4390,""2018"":6061,""2019"":8030,""2020"":9768,""2021"":11284,""2022"":11969,""2023"":12907,""2024"":13275,""2025"":14833,""2026"":11029}"
Richard S. Sutton,https://scholar.google.com/citations?user=6m4wv6gAAAAJ,2026-09-17,"Keen, Amii, and University of Alberta","[""artificial intelligence"", ""reinforcement learning"", ""machine learning"", ""cognitive science"", ""computer science""]",191868,102,259,96411,67,184,1991,"{""1991"":592,""1992"":656,""1993"":691,""1994"":930,""1995"":845,""1996"":825,""1997"":979,""1998"":1120,""1999"":1118,""2000"":1206,""2001"":1388,""2002"":1687,""2003"":1805,""2004"":2145,""2005"":2505,""2006"":2571,""2007"":3096,""2008"":3018,""2009"":3153,""2010"":3326,""2011"":3546,""2012"":3666,""2013"":3769,""2014"":3839,""2015"":3719,""2016"":4269,""2017"":5087,""2018"":7546,""2019"":10002,""2020"":12456,""2021"":14094,""2022"":15284,""2023"":16447,""2024"":16999,""2025"":18830,""2026"":14735}"
