name,year,google_scholar_profile,previous_profile,identity_status,identity_basis,fresh_http_status,fetched_at_utc,scholar_name,affiliation,dblp_profile,dblp_captured_name,dblp_matching_titles,canonical_metrics_status,canonical_metrics_date,issues,identity_note,publication_note,source,capture_source,capture_sha256
Adam Wierman,2025,https://scholar.google.com/citations?user=4OvOdSgAAAAJ,,supported,metadata_and_publication_review,200,2026-09-16T18:16:02Z,Adam Wierman,"Carl F Braun Professor of Computing+Mathematical Sciences, Caltech",https://dblp.org/pid/56/4447,,0,missing,,,,,,/Users/jimmylin/workspace/bigcows-project/bigcows-crawler/.cache/acm-fellows-scholar-2026-09-16/cache.json,90f587cd1d20a4ca8fd1bab14ffd3572bdc41588217b95892758dc51e1e323a2
Aggelos Kiayias,2025,https://scholar.google.com/citations?user=P_L_vZAAAAAJ,,supported,metadata_and_publication_review,200,2026-09-16T18:16:07Z,Aggelos Kiayias,"School of Informatics, University of Edinburgh, & IOG",https://dblp.org/pid/47/3682,,0,missing,,,,,,/Users/jimmylin/workspace/bigcows-project/bigcows-crawler/.cache/acm-fellows-scholar-2026-09-16/cache.json,24da4ba8eeb5b3c6d0da608ca61dea57f98a5c7653b67a59c314e33a1dc2d275
Alessandro Orso,2025,https://scholar.google.com/citations?user=wCfYkMkAAAAJ,,supported,metadata_and_publication_review,200,2026-09-16T18:16:13Z,Alessandro (Alex) Orso,"Dean of Engineering and Professor of CS and ECE, University of Georgia",https://dblp.org/pid/35/805,,0,missing,,,,,,/Users/jimmylin/workspace/bigcows-project/bigcows-crawler/.cache/acm-fellows-scholar-2026-09-16/cache.json,13550d15e57077abb3a70f78b33a28850106add5c8f010b665692bb99ce1caf6
Alistair M Moffat,2025,https://scholar.google.com/citations?user=r3xSME0AAAAJ,,supported,metadata_and_publication_review,200,2026-09-16T18:16:20Z,Alistair Moffat,"School of Computing and Information Systems, The University of Melbourne",https://dblp.org/pid/m/AlistairMoffat,,0,missing,,,,,,/Users/jimmylin/workspace/bigcows-project/bigcows-crawler/.cache/acm-fellows-scholar-2026-09-16/cache.json,1df7ad0f3e397bc3e2d08ec9b18f21e42fc979964804cfaa9566c6fd9699ee1b
Angela Bonifati,2025,https://scholar.google.com/citations?user=0RdtBlUAAAAJ,,supported,metadata_and_publication_review,200,2026-09-16T18:16:27Z,Angela Bonifati,"Distinguished Professor of Computer Science, Lyon 1 University, Senior Member of the French IUF",https://dblp.org/pid/b/ABonifati,,0,missing,,,,,,/Users/jimmylin/workspace/bigcows-project/bigcows-crawler/.cache/acm-fellows-scholar-2026-09-16/cache.json,7a242f36f98c52fa18253e6233b64e6eedff9163eff79ecf9e5a30fa694759cb
Antonio Torralba,2025,https://scholar.google.com/citations?user=8cxDHS4AAAAJ,,supported,metadata_and_publication_review,200,2026-09-16T18:20:22Z,Antonio Torralba,"Professor of Computer Science, MIT",https://dblp.org/pid/t/AntonioBTorralba,,0,missing,,,,,,/Users/jimmylin/workspace/bigcows-project/bigcows-crawler/.cache/acm-fellows-scholar-2026-09-16/cache.json,ce2f4be5d86520ec9c08ced59fd79f256ceb2abb224205ca83ce0d9378ccd4fa
Ariel Procaccia,2025,https://scholar.google.com/citations?user=8ZpV-lkAAAAJ,,supported,metadata_and_publication_review,200,2026-09-16T18:20:29Z,Ariel Procaccia,"Alfred and Rebecca Lin Professor of Computer Science, Harvard University",https://dblp.org/pid/p/ArielDProcaccia,,0,missing,,,,,,/Users/jimmylin/workspace/bigcows-project/bigcows-crawler/.cache/acm-fellows-scholar-2026-09-16/cache.json,e54b2c135ea124cea4af38e1b5e9cbb8ba76df452fe3725013225e37fdd76ef5
Athina Markopoulou,2025,,,unavailable,no_profile,,,,,https://dblp.org/pid/82/5866,,0,no_profile,,no_verified_profile,,,,,
Baoquan Chen,2025,https://scholar.google.com/citations?user=iHWtrEAAAAAJ,,supported,metadata_and_publication_review,200,2026-09-16T18:20:34Z,Baoquan Chen,"Peking University, ACM/IEEE Fellow",https://dblp.org/pid/23/4197,,0,missing,,,,,,/Users/jimmylin/workspace/bigcows-project/bigcows-crawler/.cache/acm-fellows-scholar-2026-09-16/cache.json,a0ce67242ba1d59cc0076d6fad9f5f7208dfcbb3819079184b9d2f19a463849e
Cristina Conati,2025,https://scholar.google.com/citations?user=Ytp9oFQAAAAJ,,supported,metadata_and_publication_review,200,2026-09-16T18:20:41Z,Cristina Conati,"Professor of Computer Science, University of British Columbia",https://dblp.org/pid/34/5056,,0,missing,,,,,,/Users/jimmylin/workspace/bigcows-project/bigcows-crawler/.cache/acm-fellows-scholar-2026-09-16/cache.json,6482047b9dd552191f933fff207fcd65ed4966b930edee9383e9ff01654551ca
Cynthia Rudin,2025,https://scholar.google.com/citations?user=mezKJyoAAAAJ,,supported,metadata_and_publication_review,200,2026-09-16T18:20:48Z,Cynthia Rudin,"Professor of Computer Science, ECE, Statistics, and Biostatistics & Bioinformatics, Duke University",https://dblp.org/pid/62/6936,,0,missing,,,,,,/Users/jimmylin/workspace/bigcows-project/bigcows-crawler/.cache/acm-fellows-scholar-2026-09-16/cache.json,cff6d758502d1e5d9f8e75a03bebb2041b63febb3b8e270839257325fb6e9cce
Dejan S Milojicic,2025,https://scholar.google.com/citations?user=4VqLAT8AAAAJ,,supported,metadata_and_publication_review,200,2026-09-16T18:20:54Z,Dejan Milojicic,Hewlett Packard Labs,https://dblp.org/pid/53/726,,0,missing,,,,,,/Users/jimmylin/workspace/bigcows-project/bigcows-crawler/.cache/acm-fellows-scholar-2026-09-16/cache.json,1b3f225e7c99e8a2b681f882fa2f5b5356bfdf84f8dfcc5211bdf569530ab5e8
Deming Chen,2025,https://scholar.google.com/citations?user=A_A_LrsAAAAJ,,supported,metadata_and_publication_review,200,2026-09-16T18:21:00Z,Deming Chen,Abel Bliss Professor. University of Illinois at Urbana-Champaign,https://dblp.org/pid/37/1234,,0,missing,,,,,,/Users/jimmylin/workspace/bigcows-project/bigcows-crawler/.cache/acm-fellows-scholar-2026-09-16/cache.json,35dea8979a9e71dbf15a41b74789c6d246ce18caba3c5cfefd88d4eff8b3087c
Denys Poshyvanyk,2025,https://scholar.google.com/citations?user=gyLFs0IAAAAJ,,supported,metadata_and_publication_review,200,2026-09-16T18:21:05Z,Denys Poshyvanyk,"Chancellor Professor of Computer Science, William & Mary",https://dblp.org/pid/02/320,,0,missing,,,,,,/Users/jimmylin/workspace/bigcows-project/bigcows-crawler/.cache/acm-fellows-scholar-2026-09-16/cache.json,81c3ebe60f2dd6e0b018ddc2478746b284f06b2e167d5ddceab9f3362b9c6c35
Eric Allman,2025,,,unavailable,no_profile,,,,,https://dblp.org/pid/71/1984,,0,no_profile,,no_verified_profile,,,,,
Eytan Adar,2025,https://scholar.google.com/citations?user=4tMapHYAAAAJ,,supported,metadata_and_publication_review,200,2026-09-16T18:21:12Z,Eytan Adar,"Professor, University of Michigan",https://dblp.org/pid/a/EytanAdar,,0,missing,,,,,,/Users/jimmylin/workspace/bigcows-project/bigcows-crawler/.cache/acm-fellows-scholar-2026-09-16/cache.json,95e342010633314443a64a8243c862e399c01dce047a6573fe8079bf82eac69a
Franck Cappello,2025,https://scholar.google.com/citations?user=z5u02kIAAAAJ,,supported,metadata_and_publication_review,200,2026-09-16T18:21:19Z,Franck Cappello,"Argonne National Laboratory. IEEE Fellow, ACM Fellow.",https://dblp.org/pid/c/FranckCappello,,0,missing,,,,,,/Users/jimmylin/workspace/bigcows-project/bigcows-crawler/.cache/acm-fellows-scholar-2026-09-16/cache.json,1177203ede4c0da149553b7ea83ea9d24b8b338232dab33ae741453be8984ad9
Gail-Joon Ahn,2025,https://scholar.google.com/citations?user=_dzO69sAAAAJ,,supported,metadata_and_publication_review,200,2026-09-16T18:21:26Z,Gail-Joon Ahn,Arizona State University,https://dblp.org/pid/a/GailJoonAhn,,0,missing,,,,,,/Users/jimmylin/workspace/bigcows-project/bigcows-crawler/.cache/acm-fellows-scholar-2026-09-16/cache.json,9fa199e234030512dbeef182f54d604ebdb21c1f0c2a1f9641f30a5cb78d82e2
George Candea,2025,https://scholar.google.com/citations?user=Yd-SGH8AAAAJ,,supported,metadata_and_publication_review,200,2026-09-16T18:21:33Z,George Candea,"Professor of Computer Science, EPFL (Lausanne, Switzerland)",https://dblp.org/pid/c/GeorgeCandea,,0,missing,,,,,,/Users/jimmylin/workspace/bigcows-project/bigcows-crawler/.cache/acm-fellows-scholar-2026-09-16/cache.json,084797ecc79eacf9a3c255564170d57a0b28684664642b007c493551d518ceb8
George Drettakis,2025,https://scholar.google.com/citations?user=LGo5J4IAAAAJ,,supported,metadata_and_publication_review,200,2026-09-16T18:21:39Z,George Drettakis,Inria Center at Université Côte d’Azur/GRAPHDECO,https://dblp.org/pid/59/2449,,0,missing,,,,,,/Users/jimmylin/workspace/bigcows-project/bigcows-crawler/.cache/acm-fellows-scholar-2026-09-16/cache.json,969de957d311178a5e7663d407a6ec7de9b86d8688511d6187c2ac2c5a35c5e5
Gookwon Edward Suh,2025,https://scholar.google.com/citations?user=neO3vFYAAAAJ,,supported,metadata_and_publication_review,200,2026-09-16T18:21:45Z,Edward Suh,NVIDIA / Cornell University,https://dblp.org/pid/09/5657,,0,missing,,,,,,/Users/jimmylin/workspace/bigcows-project/bigcows-crawler/.cache/acm-fellows-scholar-2026-09-16/cache.json,6c86c5fe1f2a1a9027408ad398239eaa183f647ad2edca042b44abe5c05698cd
Hai Jin,2025,https://scholar.google.com/citations?user=o02W0aEAAAAJ,,supported,metadata_and_publication_review,200,2026-09-16T18:21:51Z,Hai Jin,Huazhong University of Science and Technology,https://dblp.org/pid/98/4156,,0,missing,,,,,,/Users/jimmylin/workspace/bigcows-project/bigcows-crawler/.cache/acm-fellows-scholar-2026-09-16/cache.json,8c5e30e4df1a6ef733e5a82f2a2f3d1d6be7d21bf46a3742bee1f337c1a40424
Hanghang Tong,2025,https://scholar.google.com/citations?user=RaINcuUAAAAJ,,supported,metadata_and_publication_review,200,2026-09-16T18:21:57Z,Hanghang Tong,University of Illinois at Urbana-Champaign,https://dblp.org/pid/58/1757,,0,missing,,,,,,/Users/jimmylin/workspace/bigcows-project/bigcows-crawler/.cache/acm-fellows-scholar-2026-09-16/cache.json,a8a20f80a5fe55a4c82df5b3baa04b8858d9f0c0474c911cfe44bdb7186dcda5
Hui Xiong,2025,https://scholar.google.com/citations?user=cVDF1tkAAAAJ,,supported,metadata_and_publication_review,200,2026-09-16T18:22:04Z,Hui Xiong,Rutgers University/Baidu/HKUST,https://dblp.org/pid/262/1686-1,,0,missing,,,,,,/Users/jimmylin/workspace/bigcows-project/bigcows-crawler/.cache/acm-fellows-scholar-2026-09-16/cache.json,df1ed7863fa17471c0bb0b6c0141d6f4a023d1681f90fa665ff1448f04064ae9
Javier Esparza,2025,https://scholar.google.com/citations?user=c9qgPSYAAAAJ,,supported,metadata_and_publication_review,200,2026-09-16T18:22:10Z,Javier Esparza,"Professor of Computer Science, Technical University of Munich",https://dblp.org/pid/e/JEsparza,,0,missing,,,,,,/Users/jimmylin/workspace/bigcows-project/bigcows-crawler/.cache/acm-fellows-scholar-2026-09-16/cache.json,f6740522dfc3f28cc841a578b3cae06ce3e8e53876c81c93afc466b03e306bd7
Jian Ma,2025,https://scholar.google.com/citations?user=nDw9v78AAAAJ,,supported,metadata_and_publication_review,200,2026-09-16T18:22:16Z,Jian Ma,"Ray and Stephanie Lane Professor, School of Computer Science, Carnegie Mellon University",https://dblp.org/pid/26/4870-4,,0,missing,,,,,,/Users/jimmylin/workspace/bigcows-project/bigcows-crawler/.cache/acm-fellows-scholar-2026-09-16/cache.json,df7734694fbaab346203298fdfd57b6a622517e9faa9eb7729bf2ed1c4aa5b87
Jiaya Jia,2025,https://scholar.google.com/citations?user=XPAkzTEAAAAJ,,supported,metadata_and_publication_review,200,2026-09-16T18:22:24Z,Jiaya Jia,"Chair Professor, HKUST; Adjunct Prof., CUHK",https://dblp.org/pid/31/5649,,0,missing,,,,,,/Users/jimmylin/workspace/bigcows-project/bigcows-crawler/.cache/acm-fellows-scholar-2026-09-16/cache.json,811b325d347d7f5ca56949e808d6bf1880ffd43d75072bf6ddcfd8788bcd9e9c
Jun Zhu,2025,https://scholar.google.com/citations?user=axsP38wAAAAJ,,supported,metadata_and_publication_review,200,2026-09-16T18:22:30Z,Jun Zhu,"Professor of Computer Science, Tsinghua University; ACM/IEEE/AAAI Fellow",https://dblp.org/pid/50/2644-1,,0,missing,,,,,,/Users/jimmylin/workspace/bigcows-project/bigcows-crawler/.cache/acm-fellows-scholar-2026-09-16/cache.json,c05a63378ed0852d04e3a6310461c46b9497dad3b316c04f4d5abaee9851da95
Junfeng Yang,2025,https://scholar.google.com/citations?user=JJ9AvbAAAAAJ,,supported,metadata_and_publication_review,200,2026-09-16T18:22:37Z,Junfeng Yang,"Professor of Computer Science, Columbia University",https://dblp.org/pid/71/3724,,0,missing,,,,,,/Users/jimmylin/workspace/bigcows-project/bigcows-crawler/.cache/acm-fellows-scholar-2026-09-16/cache.json,610e53b2ca6e9b5f3ada64314f38bb2dbc090d68176179d75a055de723822207
Kate Starbird,2025,https://scholar.google.com/citations?user=C6KSF5gAAAAJ,,supported,metadata_and_publication_review,200,2026-09-16T18:22:43Z,Kate Starbird,"Professor, Human Centered Design & Engineering, University of Washington",https://dblp.org/pid/84/7848,,0,missing,,,,,,/Users/jimmylin/workspace/bigcows-project/bigcows-crawler/.cache/acm-fellows-scholar-2026-09-16/cache.json,05bc0fda8d68767cedd882b44ee00e2a05d49f8dcc56faff4d93a2042827810c
Ke Yi,2025,https://scholar.google.com/citations?user=dWcZPFEAAAAJ,,supported,metadata_and_publication_review,200,2026-09-16T18:22:50Z,Ke Yi,HKUST,https://dblp.org/pid/43/1219-1,,0,missing,,,,,,/Users/jimmylin/workspace/bigcows-project/bigcows-crawler/.cache/acm-fellows-scholar-2026-09-16/cache.json,853dd487d91e367ddfac3d6297676f6e4378f2a41d8f487f0aca4360d6bf1f22
Ken-Ichi Kawarabayashi,2025,https://scholar.google.com/citations?user=DWERCmsAAAAJ,,supported,metadata_and_publication_review,200,2026-09-16T18:22:56Z,Ken-ichi Kawarabayashi,"National Institute of Informatics, The University of Tokyo",https://dblp.org/pid/45/6846,,0,missing,,,,,,/Users/jimmylin/workspace/bigcows-project/bigcows-crawler/.cache/acm-fellows-scholar-2026-09-16/cache.json,8c0002bd4a6db490456d6a4e557f78baa80e3b78b0040526e9c885be0143f5ad
Kian-Lee Tan,2025,https://scholar.google.com/citations?user=JQ-sxKYAAAAJ,,supported,metadata_and_publication_review,200,2026-09-16T18:25:29Z,Kian-Lee Tan,National University of Singapore,https://dblp.org/pid/t/KianLeeTan,,0,missing,,,,,,/Users/jimmylin/workspace/bigcows-project/bigcows-crawler/.cache/acm-fellows-scholar-2026-09-16/cache.json,82da660e8a29e1b8556cb26aa9e6bae744334c6019b8d821b40b420f0931390a
Kwang-Ting Cheng,2025,https://scholar.google.com/citations?user=-SgpaF8AAAAJ,,supported,metadata_and_publication_review,200,2026-09-16T18:25:35Z,Kwang-Ting (Tim) Cheng,"Chair Professor of ECE and CSE, HKUST",https://dblp.org/pid/c/KwangTingCheng,,0,missing,,,,,,/Users/jimmylin/workspace/bigcows-project/bigcows-crawler/.cache/acm-fellows-scholar-2026-09-16/cache.json,28285740fc51ea866b078d5e8228e0c0f268fc5325b2d60f3d5deea4dd4a47c7
Li Xiong,2025,https://scholar.google.com/citations?user=jJ8BLgsAAAAJ,,supported,metadata_and_publication_review,200,2026-09-16T18:25:42Z,Li Xiong,"Samuel Dobbs Professor, Computer Science, Emory University",https://dblp.org/pid/39/3530-1,,0,missing,,,,,,/Users/jimmylin/workspace/bigcows-project/bigcows-crawler/.cache/acm-fellows-scholar-2026-09-16/cache.json,e9e920732d9ec354480edb4cd5facf920fb4e459b3c4f9e17d8d66c779bafb45
Luca P Carloni,2025,https://scholar.google.com/citations?user=sEAoh3MAAAAJ,,supported,metadata_and_publication_review,200,2026-09-16T18:25:47Z,Luca Carloni,"Professor and Chair of Computer Science, Columbia University",https://dblp.org/pid/68/2644,,0,missing,,,,,,/Users/jimmylin/workspace/bigcows-project/bigcows-crawler/.cache/acm-fellows-scholar-2026-09-16/cache.json,64b97d0365e22772cd0ad692537060b7fc1bccbd7af54d022feb5a0b441bf369
Lujo Bauer,2025,https://scholar.google.com/citations?user=5cJzDZEAAAAJ,,supported,metadata_and_publication_review,200,2026-09-16T18:25:54Z,Lujo Bauer,Carnegie Mellon University,https://dblp.org/pid/32/3440,,0,missing,,,,,,/Users/jimmylin/workspace/bigcows-project/bigcows-crawler/.cache/acm-fellows-scholar-2026-09-16/cache.json,ad12208b115d4ffc55ecb9c3753c367604f305569d88b1d16fc29f35503f09f1
Madanlal Musuvathi,2025,https://scholar.google.com/citations?user=6ENuGyoAAAAJ,,supported,metadata_and_publication_review,200,2026-09-16T18:26:01Z,Madanlal Musuvathi,Microsoft Research,https://dblp.org/pid/95/6578,,0,missing,,,,,,/Users/jimmylin/workspace/bigcows-project/bigcows-crawler/.cache/acm-fellows-scholar-2026-09-16/cache.json,e47abcd5b56fd8d993c46ff3b0eb11442daf1035e0b15a45ab111a4fbb10bcf8
Marco Dorigo,2025,https://scholar.google.com/citations?user=PwYT6EMAAAAJ,,supported,metadata_and_publication_review,200,2026-09-16T18:26:08Z,Marco Dorigo,"FNRS Research Director, IRIDIA, Université Libre de Bruxelles",https://dblp.org/pid/d/MarcoDorigo,,0,missing,,,,,,/Users/jimmylin/workspace/bigcows-project/bigcows-crawler/.cache/acm-fellows-scholar-2026-09-16/cache.json,f31fd697f8cf5091747aea6be4d507cd9b534a78e6cbe6d5f0c6301113add94d
Michael L Gleicher,2025,https://scholar.google.com/citations?user=kDkH9UkAAAAJ,,supported,metadata_and_publication_review,200,2026-09-16T18:26:14Z,Michael Gleicher,"Professor of Computer Sciences, University of Wisconsin - Madison",https://dblp.org/pid/g/MichaelGleicher,,0,missing,,,,,,/Users/jimmylin/workspace/bigcows-project/bigcows-crawler/.cache/acm-fellows-scholar-2026-09-16/cache.json,3826a37694541a8f758066a0519586695914a9a5958dc295a1a6d4907d8a154e
Mohamed F Mokbel,2025,https://scholar.google.com/citations?user=GHz1ZVIAAAAJ,,supported,metadata_and_publication_review,200,2026-09-16T18:26:21Z,Mohamed Mokbel,"ACM Fellow, IEEE Fellow, Distinguished McKnight University Professor, Univ. of Minnesota",https://dblp.org/pid/94/5893,,0,missing,,,,,,/Users/jimmylin/workspace/bigcows-project/bigcows-crawler/.cache/acm-fellows-scholar-2026-09-16/cache.json,5e2e0b9c6031508746ddff104b7328681e5c4bb0052c4e1ed970a688bc3d7f0c
Nandita Dukkipati,2025,,,unavailable,no_profile,,,,,https://dblp.org/pid/74/5250,,0,no_profile,,no_verified_profile,,,,,
Natarajan Shankar,2025,https://scholar.google.com/citations?user=qVzY4XYAAAAJ,,supported,metadata_and_publication_review,200,2026-09-16T18:26:27Z,Natarajan Shankar,SRI International Computer Science Laboratory,https://dblp.org/pid/33/1623,,0,missing,,,,,,/Users/jimmylin/workspace/bigcows-project/bigcows-crawler/.cache/acm-fellows-scholar-2026-09-16/cache.json,571ee67cfb112e04c27eaf520172dcec654e8b482d47e81e060ebdd5414dc3a9
Nenad Medvidovic,2025,https://scholar.google.com/citations?user=kqW_-2gAAAAJ,,supported,metadata_and_publication_review,200,2026-09-16T18:26:34Z,Nenad Medvidovic,"Professor of Computer Science, University of Southern California",https://dblp.org/pid/65/1728,,0,missing,,,,,,/Users/jimmylin/workspace/bigcows-project/bigcows-crawler/.cache/acm-fellows-scholar-2026-09-16/cache.json,deb7940a090551ca23921a335182de9dbf8d25e46d828a853d4ec86d51f98801
Noam Nisan,2025,https://scholar.google.com/citations?user=zXQZPnMAAAAJ,,supported,metadata_and_publication_review,200,2026-09-16T18:26:40Z,Noam Nisan,"Professor of Computer Science, Hebrew University of Jerusalem",https://dblp.org/pid/n/NoamNisan,,0,missing,,,,,,/Users/jimmylin/workspace/bigcows-project/bigcows-crawler/.cache/acm-fellows-scholar-2026-09-16/cache.json,29f784b121715ada1dccb7145e4e6fb3b88b28bba2729ccb55101ba5660b511c
Oded Regev,2025,https://scholar.google.com/citations?user=3-gk0ioAAAAJ,,supported,metadata_and_publication_review,200,2026-09-16T18:26:47Z,Oded Regev,Professor of Computer Science,https://dblp.org/pid/r/OdedRegev,,0,missing,,,,,,/Users/jimmylin/workspace/bigcows-project/bigcows-crawler/.cache/acm-fellows-scholar-2026-09-16/cache.json,6957cfba31ee2dfdc92c98cce12e110e8d817368f68629917540fae61758f059
Odest Chadwicke Jenkins,2025,https://scholar.google.com/citations?user=dp5LnVAAAAAJ,,supported,metadata_and_publication_review,200,2026-09-16T18:26:53Z,Odest Chadwicke Jenkins,University of Michigan,https://dblp.org/pid/99/4449,,0,missing,,,,,,/Users/jimmylin/workspace/bigcows-project/bigcows-crawler/.cache/acm-fellows-scholar-2026-09-16/cache.json,6a0acc9c2122ebb214ca9aaf5adc47304fe7c8b12be1c6b704462b5066cb6327
Paolo Ferragina,2025,https://scholar.google.com/citations?user=3EILU3MAAAAJ,,supported,metadata_and_publication_review,200,2026-09-16T18:27:00Z,Paolo Ferragina,"Professor of Algorithms, Dept. Computer Science, University of Pisa",https://dblp.org/pid/f/PaoloFerragina,,0,missing,,,,,,/Users/jimmylin/workspace/bigcows-project/bigcows-crawler/.cache/acm-fellows-scholar-2026-09-16/cache.json,8b93443adf43bcd7c86d9b812e9f55629951d46e8be8b95f0061d46a67304681
Pei Cao,2025,https://scholar.google.com/citations?user=JHwivywAAAAJ,,supported,metadata_and_publication_review,200,2026-09-16T18:27:06Z,Pei Cao,Google Inc. and Stanford University,https://dblp.org/pid/87/3674,,0,missing,,,,,,/Users/jimmylin/workspace/bigcows-project/bigcows-crawler/.cache/acm-fellows-scholar-2026-09-16/cache.json,df489628756b3c121f38426694a67ee905a0ca15bcf07469174ee47b617609a7
Peter Müller,2025,https://scholar.google.com/citations?user=ttxZRHEAAAAJ,,supported,recent_verified_resolution,200,2026-09-17T00:13:59Z,Peter Müller,ETH Zurich,https://dblp.org/pid/m/PMuller1,,0,missing,,,,,,tmp/scholar-seven-corrections/verified-cache.json,5c983d44b197643d6c0b325041fd34cfa8581b5deab5fd66b261b4b5802fc77f
Rajkumar Buyya,2025,https://scholar.google.com/citations?user=7xN6JqYAAAAJ,,supported,metadata_and_publication_review,200,2026-09-16T18:27:18Z,Rajkumar Buyya,"School of Computing and Information Systems, Uni of Melbourne; Fellow of ACM, IEEE, Academia Europea",https://dblp.org/pid/b/RajkumarBuyya,,0,missing,,,,,,/Users/jimmylin/workspace/bigcows-project/bigcows-crawler/.cache/acm-fellows-scholar-2026-09-16/cache.json,9d2112197f19b411399d8fb56a1bb9cd4f29289fc94bc689ef0fb0bfd8a40c29
Ratul Mahajan,2025,https://scholar.google.com/citations?user=Sh1yq5QAAAAJ,,supported,metadata_and_publication_review,200,2026-09-16T18:27:24Z,Ratul Mahajan,University of Washington,https://dblp.org/pid/81/6327,,0,missing,,,,,,/Users/jimmylin/workspace/bigcows-project/bigcows-crawler/.cache/acm-fellows-scholar-2026-09-16/cache.json,6ff31a0b3e5ab7c89f17c13511a61a236e56c74ff7274dbb8489f01196dcad2f
Rebecca N. Wright,2025,https://scholar.google.com/citations?user=L-xeJPoAAAAJ,,supported,metadata_and_publication_review,200,2026-09-16T18:27:31Z,Rebecca N. Wright,Barnard College,https://dblp.org/pid/w/RebeccaNWright,,0,missing,,,,,,/Users/jimmylin/workspace/bigcows-project/bigcows-crawler/.cache/acm-fellows-scholar-2026-09-16/cache.json,b13850e07efc127fb17851d27e464cd7f4268c3ac9eb96e9522855f671320c89
Sheelagh Carpendale,2025,https://scholar.google.com/citations?user=43LLX2kAAAAJ,,supported,metadata_and_publication_review,200,2026-09-16T18:27:38Z,Sheelagh Carpendale,"Professor & Canada Research Chair, Computing Science, Simon Fraser University",https://dblp.org/pid/c/MSheelaghTCarpendale,,0,missing,,,,,,/Users/jimmylin/workspace/bigcows-project/bigcows-crawler/.cache/acm-fellows-scholar-2026-09-16/cache.json,b31ef43417890b996f222c745a0851b0965bfb1e884185d7ad338a4575d24228
Stephanie Weirich,2025,https://scholar.google.com/citations?user=-vC_l2kAAAAJ,,supported,metadata_and_publication_review,200,2026-09-16T18:27:44Z,Stephanie Weirich,"Professor of Computer Science, University of Pennsylvania",https://dblp.org/pid/w/StephanieWeirich,,0,missing,,,,,,/Users/jimmylin/workspace/bigcows-project/bigcows-crawler/.cache/acm-fellows-scholar-2026-09-16/cache.json,a7e9c4afc14fc301ef33a1d9a463e1661b2e79ccdccfd859d09dbaf38679107b
Steve Hodges,2025,https://scholar.google.com/citations?user=7-H0ry4AAAAJ,,supported,metadata_and_publication_review,200,2026-09-16T18:27:52Z,Steve Hodges,Lancaster University 📄= pub; 💡= patent ; 🏆/🏅= award,https://dblp.org/pid/h/SteveHodges,,0,missing,,,,,,/Users/jimmylin/workspace/bigcows-project/bigcows-crawler/.cache/acm-fellows-scholar-2026-09-16/cache.json,3371e9d881e5f1b40d8624261d7bca7e296e63893b71f4351edc4708e66bdbfc
Sven Apel,2025,https://scholar.google.com/citations?user=_4ssMloAAAAJ,,supported,metadata_and_publication_review,200,2026-09-16T18:27:57Z,Sven Apel,"Professor of Computer Science, Saarland University, Saarland Informatics Campus",https://dblp.org/pid/a/SvenApel,,0,missing,,,,,,/Users/jimmylin/workspace/bigcows-project/bigcows-crawler/.cache/acm-fellows-scholar-2026-09-16/cache.json,5ee9bb868e03403d3aab19992c83e2d4f8d2786d08de0b9a5dfb3d3017cbea6b
Swarat Chaudhuri,2025,https://scholar.google.com/citations?user=9j6RBYQAAAAJ,,supported,metadata_and_publication_review,200,2026-09-16T18:28:05Z,Swarat Chaudhuri,"UT Austin, Google DeepMind",https://dblp.org/pid/37/6100,,0,missing,,,,,,/Users/jimmylin/workspace/bigcows-project/bigcows-crawler/.cache/acm-fellows-scholar-2026-09-16/cache.json,807940a84ef280ed849c109d4ace035d4c6a9898611b18e908aca2d4ab2564c1
Sylvia Ratnasamy,2025,https://scholar.google.com/citations?user=sAdDcvQAAAAJ,,supported,metadata_and_publication_review,200,2026-09-16T18:30:38Z,Sylvia Ratnasamy,"Professor of Computer Science, UC Berkeley",https://dblp.org/pid/68/5579,,0,missing,,,,,,/Users/jimmylin/workspace/bigcows-project/bigcows-crawler/.cache/acm-fellows-scholar-2026-09-16/cache.json,b1cedc54248eb167d0a6953d92389183490ca36e48e4c0a22414920c3e589b18
Tadayoshi Kohno,2025,https://scholar.google.com/citations?user=s_YDrrgAAAAJ,,supported,metadata_and_publication_review,200,2026-09-16T18:30:45Z,Tadayoshi Kohno,"Professor and McDevitt Chair in Computer Science, Ethics, and Society at Georgetown University",https://dblp.org/pid/k/TadayoshiKohno,,0,missing,,,,,,/Users/jimmylin/workspace/bigcows-project/bigcows-crawler/.cache/acm-fellows-scholar-2026-09-16/cache.json,64d064137d5fe5d29cf12051cdde5c8c2cc6eff306bf9ad8d6d6283ba175364b
Tao Mei,2025,https://scholar.google.com/citations?user=7Yq4wf4AAAAJ,,supported,metadata_and_publication_review,200,2026-09-16T18:30:51Z,Tao Mei,Founder of HiDream.ai; Fellow of CAE/ACM/IEEE/IAPR,https://dblp.org/pid/12/5444-1,,0,missing,,,,,,/Users/jimmylin/workspace/bigcows-project/bigcows-crawler/.cache/acm-fellows-scholar-2026-09-16/cache.json,3ea9881f7b62a8af95d69234223f509e7744da4d180b4776f942f45671773e84
Themis Palpanas,2025,https://scholar.google.com/citations?user=qUBdmWgAAAAJ,,supported,metadata_and_publication_review,200,2026-09-16T18:30:57Z,Themis Palpanas,"Distinguished Professor, University Paris Cite, ACM Fellow, French University Institute (IUF) Fellow",https://dblp.org/pid/p/ThemisPalpanas,,0,missing,,,,,,/Users/jimmylin/workspace/bigcows-project/bigcows-crawler/.cache/acm-fellows-scholar-2026-09-16/cache.json,3f0600e4504e0f808d4935b77f160785b86ee10fe93a22793dc9814d79d6c79f
Theodore Rappaport,2025,https://scholar.google.com/citations?user=aLOSzWwAAAAJ,,supported,metadata_and_publication_review,200,2026-09-16T18:31:03Z,Theodore (Ted) S. Rappaport,"NYU WIRELESS Founder; Lee/Weber Chair of ECE; Prof. of CS; Prof. of Radiology, New York University",https://dblp.org/pid/07/2123,,0,missing,,,,,,/Users/jimmylin/workspace/bigcows-project/bigcows-crawler/.cache/acm-fellows-scholar-2026-09-16/cache.json,c3c9867c0a0b0754c207cac764c5c85d484a890cc5cbad3ad16f4ce26653943d
Tommaso Melodia,2025,https://scholar.google.com/citations?user=WzLpSRkAAAAJ,,supported,metadata_and_publication_review,200,2026-09-16T18:31:09Z,Tommaso Melodia,Institute for Intelligent Networked Systems at Northeastern University,https://dblp.org/pid/05/1629,,0,missing,,,,,,/Users/jimmylin/workspace/bigcows-project/bigcows-crawler/.cache/acm-fellows-scholar-2026-09-16/cache.json,bbeb873c6213bdd8a2e0419d403c41fd908cfce4257c020d20e6ca7d43d9323c
Wolfgang Heidrich,2025,https://scholar.google.com/citations?user=IQSbom0AAAAJ,,supported,metadata_and_publication_review,200,2026-09-16T18:31:16Z,Wolfgang Heidrich,"Professor of CS & ECE, KAUST; Fellow of NAI, ACM, IEEE, Optica",https://dblp.org/pid/h/WolfgangHeidrich,,0,missing,,,,,,/Users/jimmylin/workspace/bigcows-project/bigcows-crawler/.cache/acm-fellows-scholar-2026-09-16/cache.json,73ac33d189841b3eaa65d0417793670d7c8707ee0fe1070b2ac766b7afd2a10d
Wolfgang Lehner,2025,https://scholar.google.com/citations?user=YYzvyMQAAAAJ,,supported,metadata_and_publication_review,200,2026-09-16T18:31:23Z,Wolfgang Lehner,Dresden University of Technology (TUD) / Aalborg University (AAU),https://dblp.org/pid/l/WLehner,,0,missing,,,,,,/Users/jimmylin/workspace/bigcows-project/bigcows-crawler/.cache/acm-fellows-scholar-2026-09-16/cache.json,f257155409c0aaf64b2ab7ca93a7773b4870c4352c6d20d947519658ae7b5731
Xiaohua Jia,2025,https://scholar.google.com/citations?user=L5iEhq0AAAAJ,,supported,metadata_and_publication_review,200,2026-09-16T18:31:29Z,Xiaohua JIA,"ACM Fellow, IEEE Fellow, City University of Hong Kong",https://dblp.org/pid/j/XiaohuaJia,,0,missing,,,,,,/Users/jimmylin/workspace/bigcows-project/bigcows-crawler/.cache/acm-fellows-scholar-2026-09-16/cache.json,1b497b1e95a2c9dae77eaa7b45eb951257ecd2eb9b718e7c43d30070b5f885da
Yan Solihin,2025,https://scholar.google.com/citations?user=sUQFclgAAAAJ,,supported,recent_verified_resolution,200,2026-09-17T00:39:45Z,Yan Solihin,"Professor of Computer Science at UCF, Director for Cybersecurity and Privacy",https://dblp.org/pid/11/2624,,0,missing,,,,,,tmp/scholar-45-resolution/verified-cache.json,eb3f790646f0b67503e80e30c5294b8a26e12986505b837495d4213fd2abefc5
Yu Zheng,2025,https://scholar.google.com/citations?user=juUcdgYAAAAJ,,supported,metadata_and_publication_review,200,2026-09-16T18:31:41Z,Yu Zheng,"Vice President of JD.COM, Head of AI Institute in Soutwest Jiaotong University, IEEE/ACM Fellow",https://dblp.org/pid/87/1585-4,,0,missing,,,,,,/Users/jimmylin/workspace/bigcows-project/bigcows-crawler/.cache/acm-fellows-scholar-2026-09-16/cache.json,4a053de09e5039a7513afd9c6ce2eafb9498daef4dbd31647748634bcb38d16a
Yun Raymond Fu,2025,https://scholar.google.com/citations?user=h-JEcQ8AAAAJ,,supported,metadata_and_publication_review,200,2026-09-16T18:31:47Z,Y. Raymond Fu,"NEU, COE Distinguished Professor; MAE, Fellow of NAI, AAAS, ACM, IEEE, AAAI",https://dblp.org/pid/153/2294,,0,missing,,,,,,/Users/jimmylin/workspace/bigcows-project/bigcows-crawler/.cache/acm-fellows-scholar-2026-09-16/cache.json,d2ff892eb056085d1f4eadc7267635d083938d2d7a173384a2cefdc057643b44
Zi Helen Huang,2025,https://scholar.google.com/citations?user=iAWMsgEAAAAJ,,supported,recent_verified_resolution,200,2026-09-17T00:14:06Z,Zi (Helen) Huang,University of Queensland,https://dblp.org/pid/70/6862,,0,missing,,,,,,tmp/scholar-seven-corrections/verified-cache.json,63457302ba71f0a0d69d640b59d4bed268935bbeec93c1fb941c1f7253b52eac
Abhik Roychoudhury,2024,https://scholar.google.com/citations?user=UxFWSJIAAAAJ,,supported,metadata_and_publication_review,200,2026-09-16T18:31:59Z,Abhik Roychoudhury,"Professor of Computer Science, National University of Singapore",https://dblp.org/pid/04/5884,,0,missing,,,,,,/Users/jimmylin/workspace/bigcows-project/bigcows-crawler/.cache/acm-fellows-scholar-2026-09-16/cache.json,dbcfc52541fa48a68dc8625d4b93205e387998eecf4eefc45f181f9f001c987f
Anwar Walid,2024,,,unavailable,no_profile,,,,,https://dblp.org/pid/75/6446,,0,no_profile,,no_verified_profile,,,,,
Arindam Banerjee,2024,https://scholar.google.com/citations?user=RY7cuPAAAAAJ,,supported,metadata_and_publication_review,200,2026-09-16T18:32:05Z,Arindam Banerjee,"Founder Professor, Dept of Computer Science, University of Illinois Urbana-Champaign",https://dblp.org/pid/82/4807,,0,missing,,confirmed_attribution_conflict,,"DALYs / healthy-life-expectancy paper names Amitava Banerjee, not Arindam Banerjee.",https://stacks.cdc.gov/view/cdc/202311/cdc_202311_DS1.pdf,/Users/jimmylin/workspace/bigcows-project/bigcows-crawler/.cache/acm-fellows-scholar-2026-09-16/cache.json,716773a50264806ae76dc7d7962335b88fcca2bd84a8d3433c7589bfd8f71c16
Ashish Goel,2024,https://scholar.google.com/citations?user=B_rKfusAAAAJ,,supported,metadata_and_publication_review,200,2026-09-16T18:32:11Z,Ashish Goel,"Professor of Management Science and Engineering, and by courtesy, Computer Science, Stanford University",https://dblp.org/pid/g/AshishGoel,,0,missing,,,,,,/Users/jimmylin/workspace/bigcows-project/bigcows-crawler/.cache/acm-fellows-scholar-2026-09-16/cache.json,da35e90ea21d6ac217609ccce94ab498c75f7ff722714fb508bd09404ed29b0e
Azad M Madni,2024,,,unavailable,no_profile,,,,,https://dblp.org/pid/07/10936,,0,no_profile,,no_verified_profile,,,,,
Bashar A Nuseibeh,2024,https://scholar.google.com/citations?user=aUQ8O9gAAAAJ,,supported,metadata_and_publication_review,200,2026-09-16T18:32:16Z,Bashar Nuseibeh,"City St George's, University of London",https://dblp.org/pid/26/1319,,0,missing,,,,,,/Users/jimmylin/workspace/bigcows-project/bigcows-crawler/.cache/acm-fellows-scholar-2026-09-16/cache.json,4284dd8fa57ff70533d73052c0fc6f09b3c59631b25ed2c409993aeeb2252d91
Benjamin G Zorn,2024,https://scholar.google.com/citations?user=mpar-iAAAAAJ,,supported,metadata_and_publication_review,200,2026-09-16T18:32:22Z,Benjamin Zorn,"Microsoft Research, Redmond",https://dblp.org/pid/z/BGZorn,,0,missing,,,,,,/Users/jimmylin/workspace/bigcows-project/bigcows-crawler/.cache/acm-fellows-scholar-2026-09-16/cache.json,1208fd14096046f2a7a5af13f71ad2eb2e0eef4966120c9939056d8143a1b45c
Brian Curless,2024,https://scholar.google.com/citations?user=tlh8i7gAAAAJ,,supported,metadata_and_publication_review,200,2026-09-16T18:32:29Z,Brian Curless,"Professor of Computer Science & Engineering, University of Washington",https://dblp.org/pid/c/BrianCurless,,0,missing,,,,,,/Users/jimmylin/workspace/bigcows-project/bigcows-crawler/.cache/acm-fellows-scholar-2026-09-16/cache.json,e7939beedaed99c2087c6ef9b8367104d9817cf5568b50340e2653a80a44f855
Carla Fabiana Chiasserini,2024,https://scholar.google.com/citations?user=np0OO24AAAAJ,,supported,metadata_and_publication_review,200,2026-09-16T18:32:35Z,Carla Fabiana Chiasserini,"Full Professor, Politecnico di Torino, Italy",https://dblp.org/pid/c/CFChiasserini,,0,missing,,,,,,/Users/jimmylin/workspace/bigcows-project/bigcows-crawler/.cache/acm-fellows-scholar-2026-09-16/cache.json,96d4ac55a352a46805ee042da9605886721b42110ebc728b5af6f6867937b542
Clark Barrett,2024,https://scholar.google.com/citations?user=BtwmZfQAAAAJ,,supported,metadata_and_publication_review,200,2026-09-16T18:32:41Z,Clark Barrett,Stanford University,https://dblp.org/pid/b/ClarkWBarrett,,0,missing,,,,,,/Users/jimmylin/workspace/bigcows-project/bigcows-crawler/.cache/acm-fellows-scholar-2026-09-16/cache.json,25aed0d544e0c94329575fbae9683ea7af5f4e0ee07022cc201a8cde50258697
Claudio T. Silva,2024,https://scholar.google.com/citations?user=YIwiAAsAAAAJ,,supported,metadata_and_publication_review,200,2026-09-16T18:32:48Z,Claudio T. Silva,New York University,https://dblp.org/pid/s/ClaudioTSilva,,0,missing,,,,,,/Users/jimmylin/workspace/bigcows-project/bigcows-crawler/.cache/acm-fellows-scholar-2026-09-16/cache.json,81e1346ad171c0c74271a2488a3a90868a27745ae644ba9e5267dda651a42dc0
Cliff Lampe,2024,https://scholar.google.com/citations?user=aT8oqcoAAAAJ,,supported,metadata_and_publication_review,200,2026-09-16T18:32:55Z,Cliff Lampe,"Professor, School of Information University of Michigan",https://dblp.org/pid/81/2409,,0,missing,,,,,,/Users/jimmylin/workspace/bigcows-project/bigcows-crawler/.cache/acm-fellows-scholar-2026-09-16/cache.json,2d387a0ee3a97c78c999b8e6f5503448239c3df487eb916c9aed3eed9fc080bc
Dana Randall,2024,https://scholar.google.com/citations?user=6wCEmNYAAAAJ,,supported,metadata_and_publication_review,200,2026-09-16T18:33:00Z,Dana Randall,Georgia Institute of Technology,https://dblp.org/pid/62/3610,,0,missing,,,,,,/Users/jimmylin/workspace/bigcows-project/bigcows-crawler/.cache/acm-fellows-scholar-2026-09-16/cache.json,6cb4d937e306ab953fb217a66cc6897a8a3470054f7664081451a4ce124c3eb1
Derek Dreyer,2024,https://scholar.google.com/citations?user=1_c89uMAAAAJ,,supported,metadata_and_publication_review,200,2026-09-16T18:33:06Z,Derek Dreyer,"Max Planck Institute for Software Systems (MPI-SWS), Saarland Informatics Campus",https://dblp.org/pid/d/DerekDreyer,,0,missing,,,,,,/Users/jimmylin/workspace/bigcows-project/bigcows-crawler/.cache/acm-fellows-scholar-2026-09-16/cache.json,62688162498477fe43dddfd0c910860499ead1f7d42b3f29c0cfb93bda4fb67f
Dhabaleswar K Panda,2024,https://scholar.google.com/citations?user=7FXtL98AAAAJ,,supported,metadata_and_publication_review,200,2026-09-16T18:35:39Z,Dhabaleswar K. Panda,"Professor of Computer Science, The Ohio State University",https://dblp.org/pid/p/DhabaleswarKPanda,,0,missing,,,,,,/Users/jimmylin/workspace/bigcows-project/bigcows-crawler/.cache/acm-fellows-scholar-2026-09-16/cache.json,b1d88bb9254e16f854ad6d6b6a0a4740385baa8ee33d8fcc8c855bd0ae465a3e
Diane Joyce Cook,2024,https://scholar.google.com/citations?user=VpfWvTUAAAAJ,,supported,metadata_and_publication_review,200,2026-09-16T18:35:47Z,Diane J Cook,Washington State University,https://dblp.org/pid/c/DianeJCook,,0,missing,,,,,,/Users/jimmylin/workspace/bigcows-project/bigcows-crawler/.cache/acm-fellows-scholar-2026-09-16/cache.json,c900a9e0af8e0378bd808ed9e82b3b6106187ebe9c2f1aca1732e07dade1a021
Edward J Delp,2024,https://scholar.google.com/citations?user=qxs5pc4AAAAJ,,supported,metadata_and_publication_review,200,2026-09-16T18:35:52Z,Edward Delp,Purdue University,https://dblp.org/pid/d/EdwardJDelp,,0,missing,,,,,,/Users/jimmylin/workspace/bigcows-project/bigcows-crawler/.cache/acm-fellows-scholar-2026-09-16/cache.json,f7ac17af02ac9f6952b379a2bc841ff5202cfa8cbb9ac132101335e47904c69c
Falko Dressler,2024,https://scholar.google.com/citations?user=sK8213AAAAAJ,,supported,metadata_and_publication_review,200,2026-09-16T18:35:59Z,Falko Dressler,Technische Universität Berlin,https://dblp.org/pid/d/FalkoDressler,,0,missing,,,,,,/Users/jimmylin/workspace/bigcows-project/bigcows-crawler/.cache/acm-fellows-scholar-2026-09-16/cache.json,3c2a8316e705230ac990500e5d9b329621a8dd70e4c81fbd255ae5c9d5ac3e7c
Fatma Ozcan,2024,https://scholar.google.com/citations?user=JzoifEMAAAAJ,,supported,metadata_and_publication_review,200,2026-09-16T18:36:07Z,Fatma Ozcan,Google,https://dblp.org/pid/o/FatmaOzcan,,0,missing,,,,,,/Users/jimmylin/workspace/bigcows-project/bigcows-crawler/.cache/acm-fellows-scholar-2026-09-16/cache.json,340210d004d1afa1a2a87853056f91bd65c7c7e6f53a49e60c91b6ced54b8a1e
Feng Zhao,2024,https://scholar.google.com/citations?user=4C46Y8EAAAAJ,,supported,metadata_and_publication_review,200,2026-09-16T18:36:13Z,Feng Zhao,Microsoft Research,https://dblp.org/pid/332/5648,,0,missing,,,,,,/Users/jimmylin/workspace/bigcows-project/bigcows-crawler/.cache/acm-fellows-scholar-2026-09-16/cache.json,589ab90fc4fff952ca1aff684cda022de649bc80e595e867417e99736b61ce36
Fred Chong,2024,https://scholar.google.com/citations?user=U6OVPVMAAAAJ,,supported,metadata_and_publication_review,200,2026-09-16T18:36:21Z,Fred Chong,"Seymour Goodman Professor, UChicago; and Chief Scientist for Quantum Software, Infleqtion",https://dblp.org/pid/c/FTChong,,0,missing,,,,,,/Users/jimmylin/workspace/bigcows-project/bigcows-crawler/.cache/acm-fellows-scholar-2026-09-16/cache.json,642b1dd6ec1c562e1d6bcee0f7454db1fc5264d542d4fba696aa2c677733ca21
Guoliang Li,2024,https://scholar.google.com/citations?user=Pi89P8kAAAAJ,,supported,metadata_and_publication_review,200,2026-09-16T18:36:27Z,Guoliang Li,"Professor, Tsinghua University (ACM Fellow, IEEE Fellow)",https://dblp.org/pid/181/2628,,0,missing,,,,,,/Users/jimmylin/workspace/bigcows-project/bigcows-crawler/.cache/acm-fellows-scholar-2026-09-16/cache.json,b6df993572128034b4bf5eda2f84398683f2d28fb3e11fe0bccb1201565784f9
Guoliang Xing,2024,https://scholar.google.com/citations?user=kI5JKs8AAAAJ,,supported,metadata_and_publication_review,200,2026-09-16T18:36:34Z,Guoliang Xing,The Chinese University of Hong Kong,https://dblp.org/pid/63/4542,,0,missing,,,,,,/Users/jimmylin/workspace/bigcows-project/bigcows-crawler/.cache/acm-fellows-scholar-2026-09-16/cache.json,f0eef4ba0c3af2d5c172c55c134bf44ede2df40ec3225f5460dc6cd8ff1d47ed
Haixun Wang,2024,https://scholar.google.com/citations?user=Q1mcglAAAAAJ,,supported,metadata_and_publication_review,200,2026-09-16T18:36:40Z,Haixun Wang,"VP of Engineering, Head of AI at EvenUp",https://dblp.org/pid/w/HaixunWang,,0,missing,,,,,,/Users/jimmylin/workspace/bigcows-project/bigcows-crawler/.cache/acm-fellows-scholar-2026-09-16/cache.json,e2ed629fb38aafd2e186fa2ca8abaef0bce2b78929b1364e5e6e8fbc42294870
Irwin King,2024,https://scholar.google.com/citations?user=MXvC7tkAAAAJ,,supported,metadata_and_publication_review,200,2026-09-16T18:36:47Z,Irwin King,The Chinese University of Hong Kong,https://dblp.org/pid/k/IrwinKing,,0,missing,,,,,,/Users/jimmylin/workspace/bigcows-project/bigcows-crawler/.cache/acm-fellows-scholar-2026-09-16/cache.json,177963489ff3b8dfdf2a2d2e306e56472d3b3b8a2c4426061e52408a94664639
Jeffrey Michael Heer,2024,https://scholar.google.com/citations?user=vlgs4G4AAAAJ,,supported,metadata_and_publication_review,200,2026-09-16T18:36:53Z,Jeffrey Heer,University of Washington,https://dblp.org/pid/27/4508,,0,missing,,,,,,/Users/jimmylin/workspace/bigcows-project/bigcows-crawler/.cache/acm-fellows-scholar-2026-09-16/cache.json,23d2581d8199ba4d9792ac62427815f2c1cc092cd130e6033b0674f61a121990
Jingren Zhou,2024,https://scholar.google.com/citations?user=64zxhRUAAAAJ,,supported,metadata_and_publication_review,200,2026-09-16T18:37:00Z,Jingren Zhou,"Alibaba Group, Microsoft",https://dblp.org/pid/84/2644-1,,0,missing,,,,,,/Users/jimmylin/workspace/bigcows-project/bigcows-crawler/.cache/acm-fellows-scholar-2026-09-16/cache.json,9567bdbe05533dede0a88c928eec23923dbd4f0e066466a66121582e99992c24
Justin Zobel,2024,https://scholar.google.com/citations?user=uEHvqE8AAAAJ,,supported,metadata_and_publication_review,200,2026-09-16T18:37:07Z,Justin Zobel,"Computing and Information Systems, University of Melbourne",https://dblp.org/pid/z/JZobel,,0,missing,,,,,,/Users/jimmylin/workspace/bigcows-project/bigcows-crawler/.cache/acm-fellows-scholar-2026-09-16/cache.json,bde3d66ff84913e18f3db37b36a8c06b4ff3f324b300a8b735ebc896b358e41d
Lei Chen,2024,https://scholar.google.com/citations?user=gtglwgYAAAAJ,,supported,metadata_and_publication_review,200,2026-09-16T18:37:13Z,Lei Chen,Hong Kong University of Science and Technology,https://dblp.org/pid/c/LeiChen0002,,0,missing,,,,,,/Users/jimmylin/workspace/bigcows-project/bigcows-crawler/.cache/acm-fellows-scholar-2026-09-16/cache.json,f34187f2e622df8403778a3bc4c3e0d5188fba2fe905ec2b69a68c72f1fa1a8e
Luca de Alfaro,2024,https://scholar.google.com/citations?user=gkACFVcAAAAJ,,supported,metadata_and_publication_review,200,2026-09-16T18:37:20Z,Luca de Alfaro,"Professor, Computer Science and Engineering, UC Santa Cruz",https://dblp.org/pid/d/LucadeAlfaro,,0,missing,,,,,,/Users/jimmylin/workspace/bigcows-project/bigcows-crawler/.cache/acm-fellows-scholar-2026-09-16/cache.json,5024d63ea9eee1261828121f94687aebc868c2ffa58f5362363a7129340d242e
Maarten de Rijke,2024,https://scholar.google.com/citations?user=AVDkgFIAAAAJ,,supported,metadata_and_publication_review,200,2026-09-16T18:37:28Z,Maarten de Rijke,University of Amsterdam & ICAI,https://dblp.org/pid/r/MdRijke,,0,missing,,,,,,/Users/jimmylin/workspace/bigcows-project/bigcows-crawler/.cache/acm-fellows-scholar-2026-09-16/cache.json,e1f2889521d90167bbfa200ab8c6eaa14a9282caa5e95019d287c6d5c017ac5b
Marc Alexa,2024,https://scholar.google.com/citations?user=KNwXLLsAAAAJ,,supported,metadata_and_publication_review,200,2026-09-16T18:37:35Z,Marc Alexa,"Professor of Computer Science, TU Berlin",https://dblp.org/pid/a/MarcAlexa,,0,missing,,,,,,/Users/jimmylin/workspace/bigcows-project/bigcows-crawler/.cache/acm-fellows-scholar-2026-09-16/cache.json,212a7e51ca3204336b3af090331d0b2f099766aa34be6c4c59726464a8816b5b
Marcelo Arenas,2024,https://scholar.google.com/citations?user=YHR0wkkAAAAJ,,supported,metadata_and_publication_review,200,2026-09-16T18:37:40Z,Marcelo Arenas,"Professor of Computer Science, Pontificia Universidad Católica de Chile and IMFD Chile.",https://dblp.org/pid/76/6735,,0,missing,,,,,,/Users/jimmylin/workspace/bigcows-project/bigcows-crawler/.cache/acm-fellows-scholar-2026-09-16/cache.json,d3f8ce5678a3decff3de658a14cfb37e310c86ec278e95195e036f4868e8dea7
Marsha Chechik,2024,https://scholar.google.com/citations?user=CYfxRVIAAAAJ,,supported,metadata_and_publication_review,200,2026-09-16T18:37:47Z,Marsha Chechik,"Professor of Computer Science, University of Toronto",https://dblp.org/pid/c/MarshaChechik,,0,missing,,,,,,/Users/jimmylin/workspace/bigcows-project/bigcows-crawler/.cache/acm-fellows-scholar-2026-09-16/cache.json,9a98551553a92ebeaef5e4cc4f63e78b704a5ee81ddfde3484753cdce4ecfa4e
Michael Bailey,2024,https://scholar.google.com/citations?user=sMnocAYAAAAJ,,supported,metadata_and_publication_review,200,2026-09-16T18:37:52Z,Michael Donald Bailey,Georgia Institute of Technology,https://dblp.org/pid/359/0958,,0,missing,,,,,,/Users/jimmylin/workspace/bigcows-project/bigcows-crawler/.cache/acm-fellows-scholar-2026-09-16/cache.json,e543b51bcf6181cd95e8dd3d3b96f2701bd809134ab5c5ad4670cc762b2c6f82
Michal Feldman,2024,https://scholar.google.com/citations?user=VpLQu7oAAAAJ,,supported,recent_verified_resolution,200,2026-09-17T00:33:39Z,Michal Feldman,"Professor of Computer Science, Tel Aviv University",https://dblp.org/pid/43/1464,,0,missing,,,,,,tmp/scholar-45-resolution/verified-cache.json,f45bbd6aba0691aa2e2cbd6c2dd20dd506832e02430671f9076f5f1ed344a5a0
Mira Mezini,2024,https://scholar.google.com/citations?user=ESQUnJEAAAAJ,,supported,metadata_and_publication_review,200,2026-09-16T18:38:04Z,Mira Mezini,"Professor of Computer Science, TU Darmstadt, Germany",https://dblp.org/pid/m/MiraMezini,,0,missing,,,,,,/Users/jimmylin/workspace/bigcows-project/bigcows-crawler/.cache/acm-fellows-scholar-2026-09-16/cache.json,af2710abbc988dc3924a749395780dea09a6bf0be612e61d89ca1bf88e22a429
Mohan Kankanhalli,2024,https://scholar.google.com/citations?user=6Lx_eowAAAAJ,,supported,metadata_and_publication_review,200,2026-09-16T18:38:10Z,Mohan Kankanhalli,"Professor of Computer Science, National University of Singapore",https://dblp.org/pid/09/3613,,0,missing,,,,,,/Users/jimmylin/workspace/bigcows-project/bigcows-crawler/.cache/acm-fellows-scholar-2026-09-16/cache.json,e5c0329b3055e5e41e628522253766f5ba9fd45ec258ef7e899527f9c0eec2e9
Naren Ramakrishnan,2024,https://scholar.google.com/citations?user=fMJwG7MAAAAJ,,supported,metadata_and_publication_review,200,2026-09-16T18:38:17Z,Naren Ramakrishnan,"University Distinguished Professor of Computer Science, Virginia Tech",https://dblp.org/pid/r/NarenRamakrishnan,,0,missing,,,,,,/Users/jimmylin/workspace/bigcows-project/bigcows-crawler/.cache/acm-fellows-scholar-2026-09-16/cache.json,03734247f4700446b2230dbfd7eec0b6aeb78d0ae26b0d6a9231948ed60a6d8c
Nate Foster,2024,https://scholar.google.com/citations?user=AH5j40kAAAAJ,,supported,metadata_and_publication_review,200,2026-09-16T18:40:44Z,Nate Foster,"Professor of Computer and Communication Sciences, EPFL",https://dblp.org/pid/15/3253,,0,missing,,,,,,/Users/jimmylin/workspace/bigcows-project/bigcows-crawler/.cache/acm-fellows-scholar-2026-09-16/cache.json,2db0e9fa73b6c3817d7b3c8ee576ec88fda59dfea34fd323baf21f3f47e1b26b
Niklas Elmqvist,2024,https://scholar.google.com/citations?user=LoQXe24AAAAJ,,supported,metadata_and_publication_review,200,2026-09-16T18:40:50Z,Niklas Elmqvist,"Villum Investigator and Professor of Computer Science, Aarhus University",https://dblp.org/pid/e/NiklasElmqvist,,0,missing,,,,,,/Users/jimmylin/workspace/bigcows-project/bigcows-crawler/.cache/acm-fellows-scholar-2026-09-16/cache.json,da4da0ec7ec41cfad83e6bf47d0b29f08b36a0c5cfac802c0f3bce7c3b1d24e3
Peter W O'Hearn,2024,https://scholar.google.com/citations?user=NonivoUAAAAJ,,supported,metadata_and_publication_review,200,2026-09-16T18:40:56Z,Peter O'Hearn,University College London,https://dblp.org/pid/o/PeterWOHearn,,0,missing,,,,,,/Users/jimmylin/workspace/bigcows-project/bigcows-crawler/.cache/acm-fellows-scholar-2026-09-16/cache.json,089396b07a35832187a7c2d527a8dae144b85b82f8c90f54fa80784846e97dec
Qi Tian,2024,https://scholar.google.com/citations?user=61b6eYkAAAAJ,,supported,metadata_and_publication_review,200,2026-09-16T18:41:04Z,Qi Tian,"Chief AI Scientist at Huawei CBG & Director of Guangming Laboratory, Shenzhen, China",https://dblp.org/pid/78/1467-1,,0,missing,,,,,,/Users/jimmylin/workspace/bigcows-project/bigcows-crawler/.cache/acm-fellows-scholar-2026-09-16/cache.json,1af81eb4f2ba0d039defade4ebe50c0fc6531173ba92112fd768989543c2390b
Rasmus Pagh,2024,https://scholar.google.com/citations?user=VO4oS8UAAAAJ,,supported,metadata_and_publication_review,200,2026-09-16T18:41:10Z,Rasmus Pagh,"Professor of computer science, University of Copenhagen",https://dblp.org/pid/p/RasmusPagh,,0,missing,,,,,,/Users/jimmylin/workspace/bigcows-project/bigcows-crawler/.cache/acm-fellows-scholar-2026-09-16/cache.json,8c4b7c7ea36d1d75f1e81ac8610c414436322769ea4c4e81178859ed7d2ffe9f
Russell Housley,2024,,,unavailable,no_profile,,,,,https://dblp.org/pid/69/1293,,0,no_profile,,no_verified_profile,,,,,
Satish Chandra,2024,https://scholar.google.com/citations?user=4p8fJSgAAAAJ,,supported,metadata_and_publication_review,200,2026-09-16T18:41:17Z,Satish Chandra,"Meta Platforms, Inc.",https://dblp.org/pid/c/SatishChandra,,0,missing,,,,,,/Users/jimmylin/workspace/bigcows-project/bigcows-crawler/.cache/acm-fellows-scholar-2026-09-16/cache.json,b96d2ff776c37de09bb6edf5b7b972ac723b57f8278e69b60ae4fd5bbe693ca3
Scott Hudson,2024,https://scholar.google.com/citations?user=6YU6_QoAAAAJ,,supported,metadata_and_publication_review,200,2026-09-16T18:41:24Z,Scott E. Hudson,"Professor of Human-Computer Interaction, Carnegie Mellon University",https://dblp.org/pid/h/ScottEHudson,,0,missing,,,,,,/Users/jimmylin/workspace/bigcows-project/bigcows-crawler/.cache/acm-fellows-scholar-2026-09-16/cache.json,d7810f72b4b19d531a4271aa08306333fe3433a79676bf3de32358de01f8b25c
Stefano Leonardi,2024,https://scholar.google.com/citations?user=p5LCHHEAAAAJ,,supported,metadata_and_publication_review,200,2026-09-16T18:41:30Z,Stefano Leonardi,"Professor of Computer Science, Sapienza University of Rome",https://dblp.org/pid/l/StefanoLeonardi,,0,missing,,,,,,/Users/jimmylin/workspace/bigcows-project/bigcows-crawler/.cache/acm-fellows-scholar-2026-09-16/cache.json,ccfb03d4bb0eeda90f5aad8daebde54b500933988b976cc89e85146e70d1211e
Stephen David Crocker,2024,,,unavailable,no_profile,,,,,https://dblp.org/pid/49/6744,,0,no_profile,,no_verified_profile,,,,,
Sudip Misra,2024,https://scholar.google.com/citations?user=h33l-A8AAAAJ,,supported,metadata_and_publication_review,200,2026-09-16T18:41:37Z,Sudip Misra,"FACM, FIEEE, FAAIA, FNAE, FNASc, FIET, INAE Chair Professor, IIT Kharagpur",https://dblp.org/pid/36/1023,,0,missing,,,,,,/Users/jimmylin/workspace/bigcows-project/bigcows-crawler/.cache/acm-fellows-scholar-2026-09-16/cache.json,1cc060ad2d6babe4edc315d76e18c0212b7e5cf9da4272a1e9fca441eb7d59cf
Sudipto Guha,2024,https://scholar.google.com/citations?user=zHCTHbYAAAAJ,,supported,metadata_and_publication_review,200,2026-09-16T18:41:43Z,Sudipto Guha,`,https://dblp.org/pid/g/SudiptoGuha,,0,missing,,limited_affiliation_metadata,,,,/Users/jimmylin/workspace/bigcows-project/bigcows-crawler/.cache/acm-fellows-scholar-2026-09-16/cache.json,478915468b1d2b7bc2e4a3be0826ec83271f50fe87c0aeddf27f380fd0488704
Susanne Bodker,2024,https://scholar.google.com/citations?user=tO-dGhkAAAAJ,,supported,metadata_and_publication_review,200,2026-09-16T18:41:50Z,Susanne Bødker,"Professor of Computer Science, Aarhus University",https://dblp.org/pid/20/1847,,0,missing,,,,,,/Users/jimmylin/workspace/bigcows-project/bigcows-crawler/.cache/acm-fellows-scholar-2026-09-16/cache.json,21e1e2f3fb06d4492f2c490d4c975e9348d9a5992826df2a4bdb5bd59c11435b
Thad Starner,2024,https://scholar.google.com/citations?user=qr8Vo9IAAAAJ,,supported,metadata_and_publication_review,200,2026-09-16T18:41:57Z,Thad Starner,"Professor of Computing, Georgia Institute of Technology",https://dblp.org/pid/s/ThadStarner,,0,missing,,,,,,/Users/jimmylin/workspace/bigcows-project/bigcows-crawler/.cache/acm-fellows-scholar-2026-09-16/cache.json,2ac8abf6e02afc0ebbd454a20886e231aa43273a02e6ca84a4d2bd7bc7261de1
Tim J. Menzies,2024,https://scholar.google.com/citations?user=7htTUTgmLtUC,,supported,metadata_and_publication_review,200,2026-09-16T18:42:03Z,Tim Menzies,"Professor, North Carolina State University, Computer Science, ACM Fellow, IEEE Fellow, ASE Fellow",https://dblp.org/pid/m/TimMenzies,,0,missing,,,,,,/Users/jimmylin/workspace/bigcows-project/bigcows-crawler/.cache/acm-fellows-scholar-2026-09-16/cache.json,c730f993b1e3181ba9159c0a21a67328fd4094c317ff0e98ae5160ea92e54e10
Wei Chen,2024,https://scholar.google.com/citations?user=hlEPkxAAAAAJ,,supported,metadata_and_publication_review,200,2026-09-16T18:42:09Z,Wei Chen,"Microsoft Research, ACM/IEEE Fellow",https://dblp.org/pid/c/WeiChen13,,0,missing,,,,,,/Users/jimmylin/workspace/bigcows-project/bigcows-crawler/.cache/acm-fellows-scholar-2026-09-16/cache.json,514c663e84d5c1743bab972ba49723db41e655ca654868c2f67dfa4c45cfaddd
Aditya Akella,2023,https://scholar.google.com/citations?user=d_rxnzAAAAAJ,,supported,metadata_and_publication_review,200,2026-09-16T18:42:16Z,Aditya Akella,"Professor, Computer Science, UT Austin",https://dblp.org/pid/a/AdityaAkella,,0,missing,,,,,,/Users/jimmylin/workspace/bigcows-project/bigcows-crawler/.cache/acm-fellows-scholar-2026-09-16/cache.json,52d361f0044e0486cf61d728fab11efff73b995c746fa398388df1b42e47899a
Albrecht Schmidt,2023,https://scholar.google.com/citations?user=qM5jR7YAAAAJ,,supported,metadata_and_publication_review,200,2026-09-16T18:42:23Z,Albrecht Schmidt,"Professor of Computer Science, LMU Munich",https://dblp.org/pid/s/AlbrechtSchmidt1,,0,missing,,,,,,/Users/jimmylin/workspace/bigcows-project/bigcows-crawler/.cache/acm-fellows-scholar-2026-09-16/cache.json,afc24397ede91fd121023b9899c709cb0b37495d00fb8eb9a9ef4f520937ba95
Alexander Szalay,2023,https://scholar.google.com/citations?user=rUiWchkAAAAJ,,supported,metadata_and_publication_review,200,2026-09-16T18:42:30Z,A. S. Szalay,"Blooomberg Distinguished Professor, Johns Hopkins University",https://dblp.org/pid/s/AlexanderSSzalay,,0,missing,,,,,,/Users/jimmylin/workspace/bigcows-project/bigcows-crawler/.cache/acm-fellows-scholar-2026-09-16/cache.json,8565e4a887b9a4167eef18576bed9eba9906a822a6475f5ccc504e5f0da209ca
Anand Raghunathan,2023,https://scholar.google.com/citations?user=OP7F8jEAAAAJ,,supported,metadata_and_publication_review,200,2026-09-16T18:42:37Z,Anand Raghunathan,"Silicon Valley Chair Professor of Electrical and Computer Engineering, Purdue University",https://dblp.org/pid/74/3747,,0,missing,,,,,,/Users/jimmylin/workspace/bigcows-project/bigcows-crawler/.cache/acm-fellows-scholar-2026-09-16/cache.json,83a91fa97777c6d234493c361af03ba11f2ace7d241a5c74bf8d32a6e2958d94
Andreas Krause,2023,https://scholar.google.com/citations?user=eDHv58AAAAAJ,,supported,metadata_and_publication_review,200,2026-09-16T18:42:43Z,Andreas Krause,"Professor of Computer Science, ETH Zurich",https://dblp.org/pid/87/1831-1,,0,missing,,,,,,/Users/jimmylin/workspace/bigcows-project/bigcows-crawler/.cache/acm-fellows-scholar-2026-09-16/cache.json,738553ed74615e18fd02f8644582e9e8973fec7587ca2ecad9d5ba107c02c259
Anja Feldmann,2023,https://scholar.google.com/citations?user=mSK3340AAAAJ,,supported,metadata_and_publication_review,200,2026-09-16T18:42:50Z,Anja Feldmann,"Direktor, Max Planck Institut für Informatik, Saarland Informatics Campus, Saarland University",https://dblp.org/pid/f/AnjaFeldmann,,0,missing,,,,,,/Users/jimmylin/workspace/bigcows-project/bigcows-crawler/.cache/acm-fellows-scholar-2026-09-16/cache.json,e7414cea1f037ffa3040f146bd85966d57e68e6e8f710dde12b46beed90a7b9c
Benjamin Raphael,2023,https://scholar.google.com/citations?user=GhvZjJUAAAAJ,,supported,metadata_and_publication_review,200,2026-09-16T18:42:56Z,Ben Raphael,"Professor of Computer Science, Princeton University",https://dblp.org/pid/23/3243,,0,missing,,,,,,/Users/jimmylin/workspace/bigcows-project/bigcows-crawler/.cache/acm-fellows-scholar-2026-09-16/cache.json,ff1287f6365c8782c602add0de755f8e9d891675078718e059de5b06d76c53e9
Björn W. Schuller,2023,https://scholar.google.com/citations?user=TxKNCSoAAAAJ,,supported,metadata_and_publication_review,200,2026-09-16T18:43:02Z,Björn Schuller,"Professor, Technische Universität München (TUM) / Imperial College London & CSO, audEERING",https://dblp.org/pid/54/4934,,0,missing,,,,,,/Users/jimmylin/workspace/bigcows-project/bigcows-crawler/.cache/acm-fellows-scholar-2026-09-16/cache.json,dbe1423a5e0a74af4f53ab4efcbd4f48d10822b5373f9b1a8960ea91a1f9a2be
Chandra Chekuri,2023,https://scholar.google.com/citations?user=7j3itaMAAAAJ,,supported,metadata_and_publication_review,200,2026-09-16T18:43:09Z,Chandra Chekuri,"Professor of Computer Science, University of Illinois, Urbana-Champaign",https://dblp.org/pid/82/3212,,0,missing,,,,,,/Users/jimmylin/workspace/bigcows-project/bigcows-crawler/.cache/acm-fellows-scholar-2026-09-16/cache.json,c58b2e27f5d35ba4a7ed70977d308371b9cfdf516ddb1a9ef7bc9d927270bfd7
Christopher Ian Kruegel,2023,https://scholar.google.com/citations?user=f0NoTC0AAAAJ,,supported,metadata_and_publication_review,200,2026-09-16T18:43:15Z,Christopher Kruegel,"University of California, Santa Barbara and Cisco, Inc.",https://dblp.org/pid/k/ChristopherKruegel,,0,missing,,,,,,/Users/jimmylin/workspace/bigcows-project/bigcows-crawler/.cache/acm-fellows-scholar-2026-09-16/cache.json,6cbfaefebbe35f9159a7b2c9b1c662b9eb891d035ebacd60b9350d2dccf1267f
Corina S Pasareanu,2023,https://scholar.google.com/citations?user=pwIuivQAAAAJ,,supported,metadata_and_publication_review,200,2026-09-16T18:43:21Z,Corina Pasareanu,CMU/Amazon/ex-NASA Ames,https://dblp.org/pid/03/4368,,0,missing,,,,,,/Users/jimmylin/workspace/bigcows-project/bigcows-crawler/.cache/acm-fellows-scholar-2026-09-16/cache.json,b2b9f3e4dfc6726734b0adcc35de9d348f767687f4fb8e9415279e2073e876ce
Dana Ron,2023,https://scholar.google.com/citations?user=f5vfsVkAAAAJ,,supported,recent_verified_resolution,200,2026-09-17T00:39:52Z,Dana Ron,Tel Aviv University,https://dblp.org/pid/85/4800,,0,missing,,,,,,tmp/scholar-45-resolution/verified-cache.json,7d92046be38134f79dd4f2e196ce233e4948f9bf0bc6420b93800674a36b7f86
David Lo,2023,https://scholar.google.com/citations?user=Ra4bt-oAAAAJ,,supported,metadata_and_publication_review,200,2026-09-16T18:46:02Z,David Lo,"Professor of Computer Science, Singapore Management University",https://dblp.org/pid/89/6793-1,,0,missing,,,,,,/Users/jimmylin/workspace/bigcows-project/bigcows-crawler/.cache/acm-fellows-scholar-2026-09-16/cache.json,e2ab287380de7b7c3336590d5691f275a076e83d752593eedbbda633123fbd4c
David Sankoff,2023,https://scholar.google.com/citations?user=-4VIi-UAAAAJ,,supported,recent_verified_resolution,200,2026-09-17T00:35:39Z,David Sankoff,University of Ottawa,https://dblp.org/pid/66/977,,0,missing,,,,,,tmp/scholar-45-resolution/verified-cache.json,e618c8caa3c7620e9b7c20435a3657a1a68230e76f95a644fbfc2d4204e9df2c
Deborah McGuinness,2023,https://scholar.google.com/citations?user=PLJ0L4QAAAAJ,,supported,metadata_and_publication_review,200,2026-09-16T18:46:15Z,Deborah L. McGuinness,"Tetherless World Chair, Prof. Computer, Cognitive, Web Sciences, Industrial &Systems Engineering, RPI",https://dblp.org/pid/m/DLMcGuinness,,0,missing,,,,,,/Users/jimmylin/workspace/bigcows-project/bigcows-crawler/.cache/acm-fellows-scholar-2026-09-16/cache.json,671174469e0b4a4feba926585e933d36f6baa940b5144af5e4e4d8764521ffbf
Elaine Shi,2023,https://scholar.google.com/citations?user=rejzeocAAAAJ,,supported,metadata_and_publication_review,200,2026-09-16T18:46:21Z,Elaine Shi,Carnegie Mellon University,https://dblp.org/pid/80/4580,,0,missing,,,,,,/Users/jimmylin/workspace/bigcows-project/bigcows-crawler/.cache/acm-fellows-scholar-2026-09-16/cache.json,9cbdf9d5e9504eb73554aa76dd0f30ac69da426ed8a5c72bd8d7bc4813dda11c
Emmett Witchel,2023,https://scholar.google.com/citations?user=k4oSgRkAAAAJ,,supported,metadata_and_publication_review,200,2026-09-16T18:46:27Z,Emmett Witchel,"Professor of Computer Science, The University of Texas at Austin",https://dblp.org/pid/76/6082,,0,missing,,,,,,/Users/jimmylin/workspace/bigcows-project/bigcows-crawler/.cache/acm-fellows-scholar-2026-09-16/cache.json,2cda2a43f86b2fe564efa72018e682f0d4685954d6a63eb83a1bd3c78a6bff7b
Fedor Fomin,2023,https://scholar.google.com/citations?user=96ZXvOsAAAAJ,,supported,metadata_and_publication_review,200,2026-09-16T18:46:34Z,Fedor V. Fomin,"Professor of Computer Science, University of Bergen",https://dblp.org/pid/f/FedorVFomin,,0,missing,,,,,,/Users/jimmylin/workspace/bigcows-project/bigcows-crawler/.cache/acm-fellows-scholar-2026-09-16/cache.json,7aaecb85029ad11eae0333ea5f4b7c8429cb456596ff705044497283e64afade
Geoffrey E Hinton,2023,https://scholar.google.com/citations?user=JicYPdAAAAAJ,,supported,metadata_and_publication_review,200,2026-09-16T18:46:40Z,Geoffrey Hinton,"Emeritus Prof. Computer Science, University of Toronto",https://dblp.org/pid/10/3248,,0,historical,2026-04-30,,,,,/Users/jimmylin/workspace/bigcows-project/bigcows-crawler/.cache/acm-fellows-scholar-2026-09-16/cache.json,b5abd6dfa5a2054ec78269f3f718d65306be5af6f3e9ed41819407d292a99757
George Fitzmaurice,2023,https://scholar.google.com/citations?user=u0JtLz0AAAAJ,,supported,metadata_and_publication_review,200,2026-09-16T18:46:47Z,George Fitzmaurice,"Director, Research, Autodesk Research",https://dblp.org/pid/01/5804,,0,missing,,,,,,/Users/jimmylin/workspace/bigcows-project/bigcows-crawler/.cache/acm-fellows-scholar-2026-09-16/cache.json,d2f8cb47f21e7518f6add6dfcde70474b747b2eb3b6ea7dc8da223d214536a6a
Gerard Medioni,2023,https://scholar.google.com/citations?user=b0k2tTgAAAAJ,,supported,metadata_and_publication_review,200,2026-09-16T18:46:54Z,Gerard Medioni,USC,https://dblp.org/pid/02/3016,,0,missing,,,,,,/Users/jimmylin/workspace/bigcows-project/bigcows-crawler/.cache/acm-fellows-scholar-2026-09-16/cache.json,cd3af435a8db3bbed4c9233fdfbee6549c65e92455d5edb8e49b4647f4d4a61f
H. T. Kung,2023,https://scholar.google.com/citations?user=iLQqwosAAAAJ,,supported,metadata_and_publication_review,200,2026-09-16T18:47:01Z,H. T. Kung,"Professor, Harvard University",https://dblp.org/pid/k/HTKung,,0,missing,,,,,,/Users/jimmylin/workspace/bigcows-project/bigcows-crawler/.cache/acm-fellows-scholar-2026-09-16/cache.json,fd4f1c2d9bdd9e91d5268ef4f54b6a1a63a9f9ca293e0fb7e44a3ddb15284dae
Haibo Chen,2023,https://scholar.google.com/citations?user=qd9xSkYAAAAJ,,supported,metadata_and_publication_review,200,2026-09-16T18:47:07Z,Haibo Chen,"FACM & FIEEE, Distinguished Professor, Shanghai Jiao Tong University",https://dblp.org/pid/31/6601-1,,0,missing,,,,,,/Users/jimmylin/workspace/bigcows-project/bigcows-crawler/.cache/acm-fellows-scholar-2026-09-16/cache.json,2b45bb61b653a224b700799b0ad71725cfa51f03152d283c1d12c2df29e46fc4
Ian Goldberg,2023,,,unavailable,no_profile,,,,,https://dblp.org/pid/04/6434,,0,no_profile,,no_verified_profile,,,,,
Jeffrey S Foster,2023,https://scholar.google.com/citations?user=QWPwfsgAAAAJ,,supported,metadata_and_publication_review,200,2026-09-16T18:47:14Z,Jeffrey S. Foster,"Computer Science, Tufts University",https://dblp.org/pid/18/2050,,0,missing,,,,,,/Users/jimmylin/workspace/bigcows-project/bigcows-crawler/.cache/acm-fellows-scholar-2026-09-16/cache.json,e096ef5ae1dee33f87d3be5b32e5402b6a067fd0118cdfeda7900da4f99f6bbe
Jianfeng Gao,2023,https://scholar.google.com/citations?user=CQ1cqKkAAAAJ,,supported,metadata_and_publication_review,200,2026-09-16T18:47:21Z,Jianfeng Gao,"Microsoft Research, Redmond",https://dblp.org/pid/92/5339,,0,missing,,,,,,/Users/jimmylin/workspace/bigcows-project/bigcows-crawler/.cache/acm-fellows-scholar-2026-09-16/cache.json,494b3e2422799bd0df9134e977b641710f0bd5a66d3f3c1cbc74cd6521582eb3
Keith Noah Snavely,2023,https://scholar.google.com/citations?user=Db4BCX8AAAAJ,,supported,metadata_and_publication_review,200,2026-09-16T18:47:26Z,Noah Snavely,Cornell University and Google DeepMind,https://dblp.org/pid/33/4636,,0,missing,,,,,,/Users/jimmylin/workspace/bigcows-project/bigcows-crawler/.cache/acm-fellows-scholar-2026-09-16/cache.json,d2dd92eb501ac66fa439e411e2d1f63c9e79fc3dd25cf6a9bba48460b1cdc911
Kenneth Richard Koedinger,2023,https://scholar.google.com/citations?user=_8DDVkAAAAAJ,,supported,metadata_and_publication_review,200,2026-09-16T18:47:33Z,Ken Koedinger,"HCII, Carnegie Mellon University",https://dblp.org/pid/93/3741,,0,missing,,,,,,/Users/jimmylin/workspace/bigcows-project/bigcows-crawler/.cache/acm-fellows-scholar-2026-09-16/cache.json,f3d19813a42901c79984eee37e782ed1da6a96d4a697a01cfde79ff529edbcdc
Kenneth Ward Church,2023,https://scholar.google.com/citations?user=E6aqGvYAAAAJ,,supported,metadata_and_publication_review,200,2026-09-16T18:47:38Z,Kenneth Church,VecML,https://dblp.org/pid/c/KennethWardChurch,,0,missing,,,,,,/Users/jimmylin/workspace/bigcows-project/bigcows-crawler/.cache/acm-fellows-scholar-2026-09-16/cache.json,4824571cb883ae3220e27547b905442aa9c307b841d6720957ac6712673bf950
Kilian Weinberger,2023,https://scholar.google.com/citations?user=8RVWMycAAAAJ,,supported,recent_verified_resolution,200,2026-09-17T00:35:19Z,Kilian Weinberger,Cornell University,https://dblp.org/pid/88/4801,,0,missing,,,,,,tmp/scholar-45-resolution/verified-cache.json,5081b0774c3829624734007a8325ff1d2acadc1c0cbd5668ede6a4348ee207f6
Kwan-Liu Ma,2023,https://scholar.google.com/citations?user=LgL2HpkAAAAJ,,supported,metadata_and_publication_review,200,2026-09-16T18:47:50Z,Kwan-Liu Ma,"Professor of Computer Science, University of California at Davis",https://dblp.org/pid/93/5838,,0,missing,,,,,,/Users/jimmylin/workspace/bigcows-project/bigcows-crawler/.cache/acm-fellows-scholar-2026-09-16/cache.json,0faae2b3d3e131559037896de83a05bbb7ea09e1a47e47ef3461848c7efb3118
Manik Varma,2023,,,unavailable,no_profile,,,,,https://dblp.org/pid/07/918,,0,no_profile,,no_verified_profile,,,,,
Maria-Florina Balcan,2023,https://scholar.google.com/citations?user=LWlN_BUAAAAJ,,supported,metadata_and_publication_review,200,2026-09-16T18:47:57Z,Maria-Florina Balcan,"Professor, School of Computer Science, Carnegie Mellon University",https://dblp.org/pid/b/MariaFlorinaBalcan,,0,missing,,,,,,/Users/jimmylin/workspace/bigcows-project/bigcows-crawler/.cache/acm-fellows-scholar-2026-09-16/cache.json,eb67ba6fcd4ea7df7cda68e069c4888d0d6a75d24b6ffc4497ce60a4ff6a6e13
Massoud Pedram,2023,https://scholar.google.com/citations?user=FHiQmOoAAAAJ,,supported,metadata_and_publication_review,200,2026-09-16T18:48:04Z,Massoud Pedram,"Charles Lee Powell Professor of Electrical Engineering & Computer Science, Univ of Southern",https://dblp.org/pid/p/MassoudPedram,,0,missing,,,,,,/Users/jimmylin/workspace/bigcows-project/bigcows-crawler/.cache/acm-fellows-scholar-2026-09-16/cache.json,673f7b60df975d4d654207abd8a170dcaf8866d9d11cc87a05aa3f854f4fd1a8
Michael Backes,2023,https://scholar.google.com/citations?user=ZVS3KOEAAAAJ,,supported,metadata_and_publication_review,200,2026-09-16T18:48:10Z,Michael Backes,Chairman and Founding Director of the CISPA Helmholtz Center for Information Security,https://dblp.org/pid/b/MichaelBackes1,,0,missing,,,,,,/Users/jimmylin/workspace/bigcows-project/bigcows-crawler/.cache/acm-fellows-scholar-2026-09-16/cache.json,86d670cafd1a2019ff589c2cc14afcabd182680c7ac838ae82a0475cebe57b9b
Mikhail Belkin,2023,https://scholar.google.com/citations?user=Iwd9DdkAAAAJ,,supported,metadata_and_publication_review,200,2026-09-16T18:48:15Z,Mikhail (Misha) Belkin,"Professor of Data Science, Halıcıoğlu Data Science Institute, CSE, UCSD, Amazon Scholar",https://dblp.org/pid/41/2337,,0,missing,,,,,,/Users/jimmylin/workspace/bigcows-project/bigcows-crawler/.cache/acm-fellows-scholar-2026-09-16/cache.json,0d429b93e7627362db2d9812d0017449c8dc9dab8a610414d79c8d9e3a8dd09a
Morley Mao,2023,https://scholar.google.com/citations?user=Ba_Ci9UAAAAJ,,supported,metadata_and_publication_review,200,2026-09-16T18:48:22Z,Z. Morley Mao,University of Michigan,https://dblp.org/pid/423/1208,,0,missing,,,,,,/Users/jimmylin/workspace/bigcows-project/bigcows-crawler/.cache/acm-fellows-scholar-2026-09-16/cache.json,6a68945d0ed5886694373ea1b723bf27206b03d9139e2209a27abdea88d6a718
Natasha Noy,2023,https://scholar.google.com/citations?user=FE08ALAAAAAJ,,supported,metadata_and_publication_review,200,2026-09-16T18:48:29Z,Natasha Noy,Google,https://dblp.org/pid/n/NatalyaFridmanNoy,,0,missing,,,,,,/Users/jimmylin/workspace/bigcows-project/bigcows-crawler/.cache/acm-fellows-scholar-2026-09-16/cache.json,a4f47f2becca8da7a0f604b8d466169ad0b47a28d18f8a35d059d4e838de5c71
Nicole Immorlica,2023,https://scholar.google.com/citations?user=_1hCq3UAAAAJ,,supported,metadata_and_publication_review,200,2026-09-16T18:50:44Z,Nicole Immorlica,Yale University and Microsoft Research,https://dblp.org/pid/43/3631,,0,missing,,,,,,/Users/jimmylin/workspace/bigcows-project/bigcows-crawler/.cache/acm-fellows-scholar-2026-09-16/cache.json,c06ff02452319fb6998615382add74bfd7b5340616e68538e7725250f54c168d
Nikhil Bansal,2023,https://scholar.google.com/citations?user=3Lmd6AMAAAAJ,,supported,metadata_and_publication_review,200,2026-09-16T18:50:50Z,Nikhil Bansal,University of Michigan,https://dblp.org/pid/69/5601,,0,missing,,,,,,/Users/jimmylin/workspace/bigcows-project/bigcows-crawler/.cache/acm-fellows-scholar-2026-09-16/cache.json,25f03a97b97458a0ed0b1e6fb99cc9da9926e96f289fb838b8e0cbc17ed818e2
Phoebe Sengers,2023,https://scholar.google.com/citations?user=6c5cf1wAAAAJ,,supported,metadata_and_publication_review,200,2026-09-16T18:50:57Z,Phoebe Sengers,"Professor, Information Science and Science & Technology Studies, Cornell",https://dblp.org/pid/s/PhoebeSengers,,0,missing,,,,,,/Users/jimmylin/workspace/bigcows-project/bigcows-crawler/.cache/acm-fellows-scholar-2026-09-16/cache.json,4aeb3f43530661ec7d84656bb38c378b2b481217a87f4189471cdf4d98c16c7f
Pradeep Dubey,2023,https://scholar.google.com/citations?user=-ad5RSQAAAAJ,,supported,metadata_and_publication_review,200,2026-09-16T18:51:04Z,Pradeep Dubey,Intel Corporation,https://dblp.org/pid/47/4438,,0,missing,,,,,,/Users/jimmylin/workspace/bigcows-project/bigcows-crawler/.cache/acm-fellows-scholar-2026-09-16/cache.json,db47b729500ea12c8e72f2e4be3fe9dcfd06f629710439c9859f33b62c2c170f
Ram D Sriram,2023,https://scholar.google.com/citations?user=W4t8B20AAAAJ,,supported,metadata_and_publication_review,200,2026-09-16T18:51:10Z,Ram Duvvuru Sriram,National Institute of Standards and Technology,https://dblp.org/pid/s/RamDSriram,,0,missing,,,,,,/Users/jimmylin/workspace/bigcows-project/bigcows-crawler/.cache/acm-fellows-scholar-2026-09-16/cache.json,b389f7cac3b42b2c449cece4f70ec4d6760c355df4b115a57234b05ac2325659
Ramon Caceres,2023,https://scholar.google.com/citations?user=rWMibvIAAAAJ,,supported,metadata_and_publication_review,200,2026-09-16T18:51:16Z,Ramón Cáceres,Retired,https://dblp.org/pid/69/1714,,0,missing,,,,,,/Users/jimmylin/workspace/bigcows-project/bigcows-crawler/.cache/acm-fellows-scholar-2026-09-16/cache.json,fa495fa79af5d45a36d960e0b0f07843b923d35bbd9843452745e612564ffbcd
Roger B. Dannenberg,2023,https://scholar.google.com/citations?user=whacJzwAAAAJ,,supported,metadata_and_publication_review,200,2026-09-16T18:51:23Z,Roger B. Dannenberg,"Professor of Computer Science, Carnegie Mellon University",https://dblp.org/pid/59/6414,,0,missing,,,,,,/Users/jimmylin/workspace/bigcows-project/bigcows-crawler/.cache/acm-fellows-scholar-2026-09-16/cache.json,8cfacb285f1165ef112f138a4b34ec6492e8a83678ad8b991692ddc32ef738f8
Rolf Drechsler,2023,https://scholar.google.com/citations?user=9v_MAAIAAAAJ,,supported,metadata_and_publication_review,200,2026-09-16T18:51:30Z,Rolf Drechsler,"Professor at University of Bremen, Director DFKI Bremen, Germany",https://dblp.org/pid/d/RolfDrechsler,,0,missing,,,,,,/Users/jimmylin/workspace/bigcows-project/bigcows-crawler/.cache/acm-fellows-scholar-2026-09-16/cache.json,d83c6c92d8b0d1a233299c3502be77f63403a8a355fa2c43df762c78872db047
Seffi Naor,2023,https://scholar.google.com/citations?user=xGbDr7YAAAAJ,,supported,metadata_and_publication_review,200,2026-09-16T18:51:36Z,Joseph Seffi Naor,Technion,https://dblp.org/pid/n/JosephNaor,,0,missing,,,,,,/Users/jimmylin/workspace/bigcows-project/bigcows-crawler/.cache/acm-fellows-scholar-2026-09-16/cache.json,fa40993d3b5a7aeeecc298335a4dfc3ee9b0b0398053e2ae6971532561cf2f92
Shai Ben-David,2023,https://scholar.google.com/citations?user=kezPqwoAAAAJ,,supported,metadata_and_publication_review,200,2026-09-16T18:51:42Z,Shai Ben-David,"Univerity of Waterloo, Canada",https://dblp.org/pid/15/6319,,0,missing,,,,,,/Users/jimmylin/workspace/bigcows-project/bigcows-crawler/.cache/acm-fellows-scholar-2026-09-16/cache.json,f8ede84ee90c40c6ed04f3646fa34c08151ff7082682cc0ca13b11742101806c
Sharad Mehrotra,2023,https://scholar.google.com/citations?user=MTZaRW4AAAAJ,,supported,metadata_and_publication_review,200,2026-09-16T18:51:48Z,Sharad Mehrotra,"Distinguished Professor of Computer Science, Univ. of California, Irvine",https://dblp.org/pid/m/SharadMehrotra,,0,missing,,,,,,/Users/jimmylin/workspace/bigcows-project/bigcows-crawler/.cache/acm-fellows-scholar-2026-09-16/cache.json,4f876409c456779d6a8fd753571fbc0dc907d408d1090070d4d55772bdebfc15
Shrikanth Narayanan,2023,https://scholar.google.com/citations?user=8EDHmYkAAAAJ,,supported,metadata_and_publication_review,200,2026-09-16T18:51:54Z,Shrikanth (Shri) Narayanan,"University Professor and Niki & Max Nikias Chair in Engineering, University of Southern California",https://dblp.org/pid/19/3899,,0,missing,,,,,,/Users/jimmylin/workspace/bigcows-project/bigcows-crawler/.cache/acm-fellows-scholar-2026-09-16/cache.json,733b0a57699d86be6310ff506ead879d974023a9663eafebae933cd646f38277
Stefan Saroiu,2023,https://scholar.google.com/citations?user=7Z0Z6VsAAAAJ,,supported,metadata_and_publication_review,200,2026-09-16T18:52:01Z,Stefan Saroiu,Microsoft,https://dblp.org/pid/17/3782,,0,missing,,,,,,/Users/jimmylin/workspace/bigcows-project/bigcows-crawler/.cache/acm-fellows-scholar-2026-09-16/cache.json,f01c8221337e30116b572a109e2a3834b33f5c4ba09c5ed6421023a5cc54a6f4
Steffen Staab,2023,https://scholar.google.com/citations?user=QvpcUn8AAAAJ,,supported,metadata_and_publication_review,200,2026-09-16T18:52:08Z,Steffen Staab,"WAIS, University of Southampton, UK & Analytic Computing, Universität Stuttgart, DE",https://dblp.org/pid/s/SteffenStaab,,0,missing,,,,,,/Users/jimmylin/workspace/bigcows-project/bigcows-crawler/.cache/acm-fellows-scholar-2026-09-16/cache.json,74f663d0b9a8cc9d1f4e31599e08e12ef24908427790ba10166558cd307d102e
Sumit Gulwani,2023,https://scholar.google.com/citations?user=fZinJ_AAAAAJ,,supported,metadata_and_publication_review,200,2026-09-16T18:52:15Z,Sumit Gulwani,"Distinguished Scientist, Microsoft",https://dblp.org/pid/g/SumitGulwani,,0,missing,,,,,,/Users/jimmylin/workspace/bigcows-project/bigcows-crawler/.cache/acm-fellows-scholar-2026-09-16/cache.json,f4890549c8e1de368014da0681bbcddb6f6b026d2f34f1c261ae1791e648d733
Tim Berners-Lee,2023,,,unavailable,no_profile,,,,,https://dblp.org/pid/b/TimBernersLee,,0,no_profile,,no_verified_profile,,,,,
Tim Roughgarden,2023,https://scholar.google.com/citations?user=0lcJYs8AAAAJ,,supported,metadata_and_publication_review,200,2026-09-16T18:52:21Z,Tim Roughgarden,Columbia University,https://dblp.org/pid/r/TimRoughgarden,,0,missing,,,,,,/Users/jimmylin/workspace/bigcows-project/bigcows-crawler/.cache/acm-fellows-scholar-2026-09-16/cache.json,358cbab22ed12e2d515de313b7b44665523da1c857d2f4b968aeecccc9bd190b
Trent Jaeger,2023,https://scholar.google.com/citations?user=LpwdzeEAAAAJ,,supported,metadata_and_publication_review,200,2026-09-16T18:52:28Z,Trent Jaeger,"Professor of Computer Science and Engineering, UC Riverside",https://dblp.org/pid/45/576,,0,missing,,,,,,/Users/jimmylin/workspace/bigcows-project/bigcows-crawler/.cache/acm-fellows-scholar-2026-09-16/cache.json,5435777d5f331e20e6f69273c26d4da50c5c79b72b22d75742f9a2e1e2da34dd
Vaughn Timothy Betz,2023,https://scholar.google.com/citations?user=bMdDigQAAAAJ,,supported,metadata_and_publication_review,200,2026-09-16T18:52:35Z,Vaughn Betz,University of Toronto,https://dblp.org/pid/76/1530,,0,missing,,,,,,/Users/jimmylin/workspace/bigcows-project/bigcows-crawler/.cache/acm-fellows-scholar-2026-09-16/cache.json,7cdf29ba2a4eacfc9b1971b82de44eba84374f165fa191447a55000caea74401
Vineet Bafna,2023,https://scholar.google.com/citations?user=zr2I_WMAAAAJ,,supported,recent_verified_resolution,200,2026-09-17T00:36:50Z,Vineet Bafna,"Professor of Computer Science & Engineering, UCSD",https://dblp.org/pid/b/VineetBafna,,0,missing,,,,,,tmp/scholar-45-resolution/verified-cache.json,74d24f6530d9f26c97855d96dcfe18fcf9594a2cdfd5f3a17a4d16ab35a2acef
Wei-Ying Ma,2023,https://scholar.google.com/citations?user=SToCbu8AAAAJ,,supported,metadata_and_publication_review,200,2026-09-16T18:52:49Z,Wei-Ying Ma,Tsinghua University,https://dblp.org/pid/m/WYMa,,0,missing,,,,,,/Users/jimmylin/workspace/bigcows-project/bigcows-crawler/.cache/acm-fellows-scholar-2026-09-16/cache.json,38c50045533634212569a3563666a66454a07cd42c93b38b9c5ae17a47063d93
Wenjing Lou,2023,https://scholar.google.com/citations?user=hM8uAwoAAAAJ,,supported,metadata_and_publication_review,200,2026-09-16T18:52:55Z,Wenjing Lou,"W. C. English Endowed Professor, IEEE Fellow, Virginia Tech, USA",https://dblp.org/pid/73/3673,,0,missing,,,,,,/Users/jimmylin/workspace/bigcows-project/bigcows-crawler/.cache/acm-fellows-scholar-2026-09-16/cache.json,c9f04e8d845da2f5a0220338621a8074929b779914cf096820fe950f18a39673
Wenliang Du,2023,https://scholar.google.com/citations?user=1aMkcasAAAAJ,,supported,metadata_and_publication_review,200,2026-09-16T18:53:02Z,Wenliang Du,Syracuse University,https://dblp.org/pid/d/WenliangDu,,0,missing,,,,,,/Users/jimmylin/workspace/bigcows-project/bigcows-crawler/.cache/acm-fellows-scholar-2026-09-16/cache.json,92b9fbc1c97d50428d3925dd340819ac8131983f65401934400230245e7a61e1
XiaoFeng Wang,2023,https://scholar.google.com/citations?user=pONu-5EAAAAJ,,supported,metadata_and_publication_review,200,2026-09-16T18:53:07Z,XiaoFeng Wang,"Member, ACM SIGSAC Executive Committee",https://dblp.org/pid/06/6268,,0,missing,,no_verified_email,,,,/Users/jimmylin/workspace/bigcows-project/bigcows-crawler/.cache/acm-fellows-scholar-2026-09-16/cache.json,d6b15b30683940e4ed460e94d7d0527afb45b5f871a86e0e056b2ca670467476
Xin Luna Dong,2023,https://scholar.google.com/citations?user=uGsKvHoAAAAJ,,supported,metadata_and_publication_review,200,2026-09-16T18:53:14Z,Xin Luna Dong,"ACM / IEEE Fellow, Principal Scientist at Meta",https://dblp.org/pid/d/XinLunaDong,,0,missing,,,,,,/Users/jimmylin/workspace/bigcows-project/bigcows-crawler/.cache/acm-fellows-scholar-2026-09-16/cache.json,c3da05bea5a938293caa89e236dd7a0795bfd66c0c04eca499f8bdc57004a5c6
Xing Xie,2023,https://scholar.google.com/citations?user=5EQfAFIAAAAJ,,supported,metadata_and_publication_review,200,2026-09-16T18:53:20Z,Xing Xie 谢幸,"Assistant Managing Director, Microsoft Research Asia, ACM Fellow, IEEE Fellow, CCF Fellow",https://dblp.org/pid/08/6809-1,,0,missing,,,,,,/Users/jimmylin/workspace/bigcows-project/bigcows-crawler/.cache/acm-fellows-scholar-2026-09-16/cache.json,e692eaf7b614925522fc4648648506419c27205d7a009d637140444f5c01dba8
Yann LeCun,2023,https://scholar.google.com/citations?user=WLN3QrAAAAAJ,,supported,metadata_and_publication_review,200,2026-09-16T18:55:47Z,Yann LeCun,"Executive Chairman AMI Labs & Jacob T Schwarz Professor, Courant Institute, New York University",https://dblp.org/pid/l/YannLeCun,,0,historical,2026-04-30,,,,,/Users/jimmylin/workspace/bigcows-project/bigcows-crawler/.cache/acm-fellows-scholar-2026-09-16/cache.json,3ee0bb6a48b473b151ac245007f49615ebf15e2d6402fc8fcd072e445999b0a7
Yingying Chen,2023,https://scholar.google.com/citations?user=jCZaWOEAAAAJ,,supported,metadata_and_publication_review,200,2026-09-16T18:55:53Z,Yingying Chen,"Fellow of AAAS, NAI, ACM and IEEE, Distinguished Professor and Dept. Chair, Rutgers University",https://dblp.org/pid/18/2343-1,,0,missing,,,,,,/Users/jimmylin/workspace/bigcows-project/bigcows-crawler/.cache/acm-fellows-scholar-2026-09-16/cache.json,cfd57a248750ac7a860ea7820fcfc3ceaa11952e85be7480cd512943104ffbd9
Yoshua Bengio,2023,https://scholar.google.com/citations?user=kukA0LcAAAAJ,,supported,metadata_and_publication_review,200,2026-09-16T18:56:00Z,Yoshua Bengio,"Professor of computer science, University of Montreal, Mila, IVADO, CIFAR",https://dblp.org/pid/56/953,,0,historical,2026-04-30,,,,,/Users/jimmylin/workspace/bigcows-project/bigcows-crawler/.cache/acm-fellows-scholar-2026-09-16/cache.json,a0ce4f3d02f364d93cc8c7f217722eab3865d03427ab1eadaa4f547b74b97806
Zhu Han,2023,https://scholar.google.com/citations?user=ty7wIXoAAAAJ,,supported,metadata_and_publication_review,200,2026-09-16T18:56:07Z,Zhu Han,University of Houston,https://dblp.org/pid/83/514,,0,missing,,,,,,/Users/jimmylin/workspace/bigcows-project/bigcows-crawler/.cache/acm-fellows-scholar-2026-09-16/cache.json,f676b20edd0b7a32bab834f99c898796bd885b08555b13ccbc12271be249d98e
Ahmed E. Hassan,2022,https://scholar.google.com/citations?user=9hwXx34AAAAJ,,supported,metadata_and_publication_review,200,2026-09-16T18:56:13Z,Ahmed E. Hassan,"Mustafa Prize Laureate, ACM/IEEE/NSERC Steacie Fellow, ACM Influential/IEEE Distinguished Educator",https://dblp.org/pid/h/AhmedEHassan,,0,historical,2026-04-30,,,,,/Users/jimmylin/workspace/bigcows-project/bigcows-crawler/.cache/acm-fellows-scholar-2026-09-16/cache.json,03003deaaf750772bc8c65451f4cd1ce4cfe5e4d115c915a8fc678f75091539b
Alex Pothen,2022,https://scholar.google.com/citations?user=_Fah5fwAAAAJ,,supported,name_and_2plus_dblp_titles,200,2026-09-16T18:56:19Z,Alex Pothen,"Professor of Computer Science, Purdue University",https://dblp.org/pid/03/854,Alex Pothen,11,historical,2026-04-30,,,,,/Users/jimmylin/workspace/bigcows-project/bigcows-crawler/.cache/acm-fellows-scholar-2026-09-16/cache.json,c585f3102389de9621efe2b5499728c1cbf7f8e2436e4e6fd00998c1a77f8a2b
Alfons Kemper,2022,https://scholar.google.com/citations?user=B8TzQFQAAAAJ,,supported,recent_verified_resolution,200,2026-09-17T00:40:32Z,Alfons Kemper,"Professor Computer Science, TUM",https://dblp.org/pid/k/AlfonsKemper,Alfons Kemper,19,missing,,,,,,tmp/scholar-45-resolution/verified-cache.json,40693b16cdd51bd633221cad50c31c0cfd35c8fde2e12d7f565ad8ec0830001d
Anima Anandkumar,2022,https://scholar.google.com/citations?user=bEcLezcAAAAJ,,supported,name_and_2plus_dblp_titles,200,2026-09-16T18:56:32Z,Anima Anandkumar,California Institute of Technology and NVIDIA,https://dblp.org/pid/25/1529,Anima Anandkumar,19,historical,2026-04-30,,,,,/Users/jimmylin/workspace/bigcows-project/bigcows-crawler/.cache/acm-fellows-scholar-2026-09-16/cache.json,19e2f157c54bcc3ab711cc176df39d7b80737fabce9967a52d5e09c0778404eb
Ashutosh Sabharwal,2022,https://scholar.google.com/citations?user=MiqMO-kAAAAJ,,supported,name_and_2plus_dblp_titles,200,2026-09-16T18:56:38Z,Ashutosh Sabharwal,"Ernest D. Butcher Professor, Department of Electrical and Computer Engineering",https://dblp.org/pid/45/284,Ashutosh Sabharwal,18,historical,2026-04-30,,,,,/Users/jimmylin/workspace/bigcows-project/bigcows-crawler/.cache/acm-fellows-scholar-2026-09-16/cache.json,a86189ba11064f438a3c9bd9eed33bf3b402e9b469f954f9a1b0d9e7c9a361a9
Bill Curtis,2022,https://scholar.google.com/citations?user=D5IKxV8AAAAJ,,supported,metadata_and_publication_review,200,2026-09-16T18:56:45Z,Bill Curtis,CAST Software,https://dblp.org/pid/01/5712,,0,historical,2026-04-30,,,,,/Users/jimmylin/workspace/bigcows-project/bigcows-crawler/.cache/acm-fellows-scholar-2026-09-16/cache.json,15177d437564de0a72c2e123e5ffa3d237b1dfe0a00476da544150e1f04cc932
Boaz Barak,2022,https://scholar.google.com/citations?user=I0fbJ6cAAAAJ,,supported,name_and_2plus_dblp_titles,200,2026-09-16T18:56:51Z,Boaz Barak,Harvard University,https://dblp.org/pid/b/BBarak,Boaz Barak,16,historical,2026-04-30,,,,,/Users/jimmylin/workspace/bigcows-project/bigcows-crawler/.cache/acm-fellows-scholar-2026-09-16/cache.json,f6d981e69ab2bfe682d91ab522e23ec7834e40ea601ebe4902b5fb89ce32fcd7
Bronis R. de Supinski,2022,https://scholar.google.com/citations?user=iuEBM58AAAAJ,,supported,name_and_2plus_dblp_titles,200,2026-09-16T18:56:57Z,Bronis R. de Supinski,Lawrence Livermore National Laboratory,https://dblp.org/pid/85/5840,Bronis R. de Supinski,17,historical,2026-04-30,,,,,/Users/jimmylin/workspace/bigcows-project/bigcows-crawler/.cache/acm-fellows-scholar-2026-09-16/cache.json,578a8f26d80a1fe3d9bb2f22e2509c9e54fe6b4c033ba0ebc62df0c5eb61a718
Chung C. J Kuo,2022,https://scholar.google.com/citations?user=81d60okAAAAJ,,supported,metadata_and_publication_review,200,2026-09-16T18:57:04Z,C.-C. Jay Kuo,"Ming Hsieh Chair Professor in ECE-Systems, University of Southern California",https://dblp.org/pid/32/1320,Chung-yen Kuo,0,missing,,,,,,/Users/jimmylin/workspace/bigcows-project/bigcows-crawler/.cache/acm-fellows-scholar-2026-09-16/cache.json,e205c22f362e2832a1c613b592d6f648ffd6036c8e86241766bd3d308483f000
Constantinos Daskalakis,2022,https://scholar.google.com/citations?user=iTv2cOgAAAAJ,,supported,name_and_2plus_dblp_titles,200,2026-09-16T18:57:11Z,Constantinos Daskalakis,"Professor of Computer Science, MIT",https://dblp.org/pid/d/ConstantinosDaskalakis,Constantinos Daskalakis,20,historical,2026-04-30,,,,,/Users/jimmylin/workspace/bigcows-project/bigcows-crawler/.cache/acm-fellows-scholar-2026-09-16/cache.json,cefa3e61bd6411fe2e6f1d313020ec8112fdd59e9eb27e9324cbd643876f5bb7
Corinna Cortes,2022,https://scholar.google.com/citations?user=U_IVY50AAAAJ,,supported,name_and_2plus_dblp_titles,200,2026-09-16T18:57:18Z,Corinna Cortes,"Google Research, NY",https://dblp.org/pid/77/5783,Corinna Cortes,14,historical,2026-04-30,,,,,/Users/jimmylin/workspace/bigcows-project/bigcows-crawler/.cache/acm-fellows-scholar-2026-09-16/cache.json,d539169955b456003a35755d08f5b22901d44caded9b4d46d0614b6fc42ff811
Craig Gotsman,2022,https://scholar.google.com/citations?user=0JRBzUEAAAAJ,,supported,name_and_2plus_dblp_titles,200,2026-09-16T18:57:23Z,Craig Gotsman,"Distinguished Professor and Former Dean, Ying Wu College of Computing, NJIT",https://dblp.org/pid/99/3488,Craig Gotsman,19,historical,2026-04-30,,,,,/Users/jimmylin/workspace/bigcows-project/bigcows-crawler/.cache/acm-fellows-scholar-2026-09-16/cache.json,438c7fd960eca26adf05243d2a0d91807da05571b47a83777810ae66adcfcb8e
David Atienza Alonso,2022,https://scholar.google.com/citations?user=H1JXhMIAAAAJ,,supported,name_and_2plus_dblp_titles,200,2026-09-16T18:57:31Z,David Atienza,"Professor of Electrical and Computer Engineering, EPFL",https://dblp.org/pid/a/DavidAtienza,David Atienza 0001,19,missing,,,,,,/Users/jimmylin/workspace/bigcows-project/bigcows-crawler/.cache/acm-fellows-scholar-2026-09-16/cache.json,034d4b1fe5d9b5fb21223f078223b5431c597a8bab7ee67638454dcae92a9397
David M Mount,2022,,,unavailable,no_profile,,,,,https://dblp.org/pid/m/DavidMMount,David M. Mount,0,no_profile,,no_verified_profile,,,,,
Denis Zorin,2022,https://scholar.google.com/citations?user=cagVT0AAAAAJ,,supported,name_and_2plus_dblp_titles,200,2026-09-16T18:57:43Z,Denis Zorin,"Professor of Computer Science and Mathematics, Courant Institute, NYU",https://dblp.org/pid/21/2496,Denis Zorin,16,historical,2026-04-30,,,,,/Users/jimmylin/workspace/bigcows-project/bigcows-crawler/.cache/acm-fellows-scholar-2026-09-16/cache.json,f158fa23a1e6118ef455e3175aa175e96cc1d5abf3ac3cf097219448edb8cfde
Dong Yu,2022,https://scholar.google.com/citations?user=tMY31_gAAAAJ,,supported,metadata_and_publication_review,200,2026-09-16T18:57:50Z,Dong Yu,ACM/IEEE/ISCA Fellow,https://dblp.org/pid/71/4598-1,,0,historical,2026-04-30,,,,,/Users/jimmylin/workspace/bigcows-project/bigcows-crawler/.cache/acm-fellows-scholar-2026-09-16/cache.json,20d09f975e3dc93b28a4c79a9d1bd9943ddf88157ac44245b996909d6d606da5
Ed H. Chi,2022,https://scholar.google.com/citations?user=VuWl-KUAAAAJ,,supported,metadata_and_publication_review,200,2026-09-16T18:57:57Z,Ed H. Chi,Google DeepMind,https://dblp.org/pid/13/310,,0,historical,2026-04-30,,,,,/Users/jimmylin/workspace/bigcows-project/bigcows-crawler/.cache/acm-fellows-scholar-2026-09-16/cache.json,2e223f7ac77b6f0a11ef43eda48644957afcb7a88a2e84daf6b944b83f399ecf
Eric Xing,2022,https://scholar.google.com/citations?user=5pKTRxEAAAAJ,,supported,name_and_2plus_dblp_titles,200,2026-09-16T18:58:04Z,Eric Xing,"President at Mohamed bin Zayed University of AI, Professor of Computer Science, Carnegie Mellon U",https://dblp.org/pid/36/3855,Eric P. Xing,19,historical,2026-04-30,,,,,/Users/jimmylin/workspace/bigcows-project/bigcows-crawler/.cache/acm-fellows-scholar-2026-09-16/cache.json,ff16808acc82a0419cad01475befe21e58364538b300fe75db3a5feac12da4fc
Farinaz Koushanfar,2022,https://scholar.google.com/citations?user=3XnMVUAAAAAJ,,supported,name_and_2plus_dblp_titles,200,2026-09-16T18:58:11Z,Farinaz Koushanfar,"Professor and Siavouche Nemat-Nasser Endowed Chair of ECE, UC San Diego",https://dblp.org/pid/k/FarinazKoushanfar,Farinaz Koushanfar,16,historical,2026-04-30,,,,,/Users/jimmylin/workspace/bigcows-project/bigcows-crawler/.cache/acm-fellows-scholar-2026-09-16/cache.json,9fd5e1a09a45d51306b1dca895d412789f6e3010b83b5f99bd26f20eb8d56b15
Gary J. Sullivan,2022,https://scholar.google.com/citations?user=5g5a1SgAAAAJ,,supported,name_and_2plus_dblp_titles,200,2026-09-16T18:58:17Z,Gary J. Sullivan,"Director of Video Research & Standardization, Dolby Laboratories",https://dblp.org/pid/77/3125,Gary J. Sullivan,11,historical,2026-04-30,,,,,/Users/jimmylin/workspace/bigcows-project/bigcows-crawler/.cache/acm-fellows-scholar-2026-09-16/cache.json,77095a6d26e4c9fe651d924fdd2f27736303f019679172ff7cb272b0a4b1aa2a
Gonzalo Navarro,2022,https://scholar.google.com/citations?user=_fx52FkAAAAJ,,supported,name_and_2plus_dblp_titles,200,2026-09-16T18:58:23Z,Gonzalo Navarro,University of Chile,https://dblp.org/pid/n/GonzaloNavarro,Gonzalo Navarro 0001,18,historical,2026-04-30,,,,,/Users/jimmylin/workspace/bigcows-project/bigcows-crawler/.cache/acm-fellows-scholar-2026-09-16/cache.json,b1ed8e159b92728e789807e9f3e7616a414341e2472945d64e906267ddb6a3f0
Haitao Zheng,2022,https://scholar.google.com/citations?user=XrIr0nYAAAAJ,,supported,metadata_and_publication_review,200,2026-09-16T19:00:37Z,Haitao Zheng,"Neubauer Professor of Computer Science, University of Chicago",https://dblp.org/pid/20/134-2,Hai-Tao Zheng 0002,0,historical,2026-04-30,dblp_identity_review,,,,/Users/jimmylin/workspace/bigcows-project/bigcows-crawler/.cache/acm-fellows-scholar-2026-09-16/cache.json,f4a58809138bd1079bd9b3f4049e26730130f1011ca541e0667b047be967d683
Hang Li,2022,https://scholar.google.com/citations?user=nTl5mSwAAAAJ,,supported,metadata_and_publication_review,200,2026-09-16T19:00:44Z,Hang Li,Tsinghua University,https://dblp.org/pid/83/5560-1,,0,historical,2026-04-30,,,,,/Users/jimmylin/workspace/bigcows-project/bigcows-crawler/.cache/acm-fellows-scholar-2026-09-16/cache.json,49af25a65b7aca6a0963ab6ac6a79f821280393d001d8386e26322dd3988a9ac
Hiroshi Ishii,2022,https://scholar.google.com/citations?user=wS0qP_MAAAAJ,,supported,name_and_2plus_dblp_titles,200,2026-09-16T19:00:51Z,Hiroshi ISHII,"Jerome B. Wiesner Professor of Media Arts and Sciences, Associate Director of MIT Media Lab",https://dblp.org/pid/45/2605-1,Hiroshi Ishii 0001,16,historical,2026-04-30,,,,,/Users/jimmylin/workspace/bigcows-project/bigcows-crawler/.cache/acm-fellows-scholar-2026-09-16/cache.json,3794fa7077bef1d1f48e8afe2f9efead0dd64114dcca06a2e12d1ebe6cfb61f0
Hong Mei,2022,,,unavailable,no_profile,,,,,https://dblp.org/pid/14/2036,,0,no_profile,,no_verified_profile,,,,,
Jaime Teevan,2022,https://scholar.google.com/citations?user=F5Ik84MAAAAJ,,supported,name_and_2plus_dblp_titles,200,2026-09-16T19:01:04Z,Jaime Teevan,"Chief Scientist & Technical Fellow, Microsoft",https://dblp.org/pid/38/129,Jaime Teevan,15,historical,2026-04-30,,,,,/Users/jimmylin/workspace/bigcows-project/bigcows-crawler/.cache/acm-fellows-scholar-2026-09-16/cache.json,9e25894d2a9226f1291df32801ad7e39c9cdf02906fb7e408efa632445785cb0
Jason Hong,2022,https://scholar.google.com/citations?user=MoFbcc0AAAAJ,,supported,metadata_and_publication_review,200,2026-09-16T19:01:11Z,Jason Hong,Carnegie Mellon University,https://dblp.org/pid/04/7125,,0,historical,2026-04-30,,,,,/Users/jimmylin/workspace/bigcows-project/bigcows-crawler/.cache/acm-fellows-scholar-2026-09-16/cache.json,61b2355314ab5ccd02790200de73cc2701ca7f2c2c514e8ecb79cab353576c4b
Jimmy Lin,2022,https://scholar.google.com/citations?user=0EWw1z8AAAAJ,,supported,name_and_2plus_dblp_titles,200,2026-09-16T19:01:17Z,Jimmy Lin,University of Waterloo,https://dblp.org/pid/00/7739,Jimmy Lin,19,historical,2026-04-30,,,,,/Users/jimmylin/workspace/bigcows-project/bigcows-crawler/.cache/acm-fellows-scholar-2026-09-16/cache.json,8c8f0cd4e7a3db98379c21dc22b4693266d8fb61a4a12b881edc4683f1d88022
Joerg Henkel,2022,https://scholar.google.com/citations?user=AmnIAhEAAAAJ,,supported,name_and_2plus_dblp_titles,200,2026-09-16T19:01:25Z,Jörg Henkel,"Professor of Computer Science, Karlsruhe Institute of Technology",https://dblp.org/pid/h/JorgHenkel,Jörg Henkel,18,historical,2026-04-30,,,,,/Users/jimmylin/workspace/bigcows-project/bigcows-crawler/.cache/acm-fellows-scholar-2026-09-16/cache.json,4a284c7637988c7c0e96654ac3aa02a5e7bcd7512814167a28b296f6dae09794
John Stasko,2022,https://scholar.google.com/citations?user=2PxFftgAAAAJ,,supported,name_and_2plus_dblp_titles,200,2026-09-16T19:01:31Z,John Stasko,"Professor Emeritus of Interactive Computing, Georgia Institute of Technology",https://dblp.org/pid/s/JohnTStasko,John T. Stasko,19,historical,2026-04-30,,,,,/Users/jimmylin/workspace/bigcows-project/bigcows-crawler/.cache/acm-fellows-scholar-2026-09-16/cache.json,47ae8cd7d8ab21df6ac527b2c19756945035374814cd1d756383ab42176b6383
Kalyanmoy Deb,2022,https://scholar.google.com/citations?user=paTAXiIAAAAJ,,supported,name_and_2plus_dblp_titles,200,2026-09-16T19:01:37Z,Kalyanmoy Deb,"Shelby Distinguished Professor, Computer Science, University of Alabama, Tuscaloosa, AL 35475",https://dblp.org/pid/21/4802,Kalyanmoy Deb,13,historical,2026-04-30,,,,,/Users/jimmylin/workspace/bigcows-project/bigcows-crawler/.cache/acm-fellows-scholar-2026-09-16/cache.json,5dbb9b8e2543b67518759ac6ca72c643038e635b7d7e3d24a5aa3fcb554b104f
Kentaro Toyama,2022,https://scholar.google.com/citations?user=JdxjEQIAAAAJ,,supported,name_and_2plus_dblp_titles,200,2026-09-16T19:01:44Z,Kentaro Toyama,"University of Michigan, School of Information",https://dblp.org/pid/24/1434,Kentaro Toyama,17,historical,2026-04-30,,,,,/Users/jimmylin/workspace/bigcows-project/bigcows-crawler/.cache/acm-fellows-scholar-2026-09-16/cache.json,80c2fe209973c0ee8222f4c392988688954c6a0619badc0c90badceb50c23d7e
Kevin Fu,2022,https://scholar.google.com/citations?user=pZQuSyUAAAAJ,,supported,metadata_and_publication_review,200,2026-09-16T19:01:51Z,Kevin Fu,"Professor, Northeastern University",https://dblp.org/pid/f/KevinFu,,0,missing,,,,,,/Users/jimmylin/workspace/bigcows-project/bigcows-crawler/.cache/acm-fellows-scholar-2026-09-16/cache.json,5a3a71272810320229171672a5e262e2131850366b9af1ceb6a48859a8a2a8ae
Luis H Ceze,2022,https://scholar.google.com/citations?user=KzESVKwAAAAJ,,supported,metadata_and_publication_review,200,2026-09-16T19:01:58Z,Luis Ceze,"Professor of Computer Science and Engineering, University of Washington",https://dblp.org/pid/95/5263,,0,missing,,,,,,/Users/jimmylin/workspace/bigcows-project/bigcows-crawler/.cache/acm-fellows-scholar-2026-09-16/cache.json,4aa063e33225fd1ccf25e53cf3399be0a33972de60c67d2b0569059fa9758ba6
Maneesh Agrawala,2022,https://scholar.google.com/citations?user=YPzKczYAAAAJ,,supported,name_and_2plus_dblp_titles,200,2026-09-16T19:02:05Z,Maneesh Agrawala,Stanford University,https://dblp.org/pid/64/2431,Maneesh Agrawala,20,historical,2026-04-30,,,,,/Users/jimmylin/workspace/bigcows-project/bigcows-crawler/.cache/acm-fellows-scholar-2026-09-16/cache.json,4ab4817f317942d3bfdaaf85ccdf4fa57a67f41cce42b44ac1c45d321ac11a0e
Manuel V Hermenegildo,2022,https://scholar.google.com/citations?user=VXQGJD0AAAAJ,,supported,name_and_2plus_dblp_titles,200,2026-09-16T19:02:11Z,Manuel Hermenegildo,IMDEA Software Institute and Technical U. of Madrid (UPM),https://dblp.org/pid/h/ManuelVHermenegildo,Manuel V. Hermenegildo,20,missing,,,,,,/Users/jimmylin/workspace/bigcows-project/bigcows-crawler/.cache/acm-fellows-scholar-2026-09-16/cache.json,c2bd295db4f7108c3aa2ae215a91b70e49cf4bc4af90b129434eca29af365c3f
Marc Pollefeys,2022,https://scholar.google.com/citations?user=YYH0BjEAAAAJ,,supported,name_and_2plus_dblp_titles,200,2026-09-16T19:02:18Z,Marc Pollefeys,"Professor of Computer Science, ETH Zurich, and Director Spatial AI Lab, Microsoft",https://dblp.org/pid/p/MarcPollefeys,Marc Pollefeys,19,historical,2026-04-30,,,,,/Users/jimmylin/workspace/bigcows-project/bigcows-crawler/.cache/acm-fellows-scholar-2026-09-16/cache.json,654990702a8ef3fccc350bf32c03595623f7c90149671ccda913750256509173
Michael W Hicks,2022,https://scholar.google.com/citations?user=Gggzp7UAAAAJ,,supported,name_and_2plus_dblp_titles,200,2026-09-16T19:02:25Z,Michael W. Hicks,"Professor of CIS, UPenn, Amazon Scholar, Professor Emeritus, UMD",https://dblp.org/pid/h/MichaelWHicks,Michael Hicks 0001,20,historical,2026-04-30,,,,,/Users/jimmylin/workspace/bigcows-project/bigcows-crawler/.cache/acm-fellows-scholar-2026-09-16/cache.json,8f4f809d08b8fcd7bd28968179d79fac662ce6242b254369612c2160c3e194cf
Michel Beaudouin-Lafon,2022,https://scholar.google.com/citations?user=OucrYFkAAAAJ,,supported,name_and_2plus_dblp_titles,200,2026-09-16T19:02:33Z,Michel Beaudouin-Lafon,Université Paris-Saclay,https://dblp.org/pid/00/2489,Michel Beaudouin-Lafon,17,historical,2026-04-30,,,,,/Users/jimmylin/workspace/bigcows-project/bigcows-crawler/.cache/acm-fellows-scholar-2026-09-16/cache.json,46a09b67e56963629d032504829b28c67d999a86ab7bfce40c45bb2c53d61f33
Moinuddin Qureshi,2022,https://scholar.google.com/citations?user=EWU0STsAAAAJ,,supported,name_and_2plus_dblp_titles,200,2026-09-16T19:02:38Z,Moinuddin Qureshi,"Professor, Georgia Institute of Technology",https://dblp.org/pid/60/6934,Moinuddin K. Qureshi,20,historical,2026-04-30,,,,,/Users/jimmylin/workspace/bigcows-project/bigcows-crawler/.cache/acm-fellows-scholar-2026-09-16/cache.json,770f1b952a5ec988c021bf571ce7509a55e71d354915d5c86035e9715ae9e04f
Nitesh Chawla,2022,https://scholar.google.com/citations?user=hDLBEhkAAAAJ,,supported,name_and_2plus_dblp_titles,200,2026-09-16T19:02:45Z,Nitesh V Chawla,"Frank Freimann Professor of CSE., Director, Lucy Family Institute for Data & Soc, Univ. of Notre Dame",https://dblp.org/pid/c/NiteshVChawla,Nitesh V. Chawla,17,historical,2026-04-30,,,,,/Users/jimmylin/workspace/bigcows-project/bigcows-crawler/.cache/acm-fellows-scholar-2026-09-16/cache.json,e5728179c1e0eb9ea603737855eea8a1ab3a13f394eb301f085312f72cc19199
Peter Boncz,2022,https://scholar.google.com/citations?user=DCIZE1kAAAAJ,,supported,name_and_2plus_dblp_titles,200,2026-09-16T19:02:52Z,Peter Boncz,"Professor, VU University Amsterdam & CWI",https://dblp.org/pid/b/PeterABoncz,Peter Boncz,19,historical,2026-04-30,,,,,/Users/jimmylin/workspace/bigcows-project/bigcows-crawler/.cache/acm-fellows-scholar-2026-09-16/cache.json,ba391e0235c203e52f9654866e74672b261e44190d2d44e6cc62c9b6f123f5c8
Radu Marculescu,2022,https://scholar.google.com/citations?user=ZCmYP5cAAAAJ,,supported,name_and_2plus_dblp_titles,200,2026-09-16T19:02:58Z,Radu Marculescu,The University of Texas at Austin,https://dblp.org/pid/88/3494,Radu Marculescu,20,historical,2026-04-30,,,,,/Users/jimmylin/workspace/bigcows-project/bigcows-crawler/.cache/acm-fellows-scholar-2026-09-16/cache.json,52ec3525d7654e5bd1211dd7ffd5fd057c44a14a3054abf117afaaaf424c1b31
Rafael Pass,2022,https://scholar.google.com/citations?user=_7IzKZQAAAAJ,,supported,metadata_and_publication_review,200,2026-09-16T19:03:04Z,Rafael Pass,"Cornell Tech, Jaobs Technion-Cornell Institute, Technion, Tel-Aviv University",https://dblp.org/pid/p/RPass,,0,historical,2026-04-30,,,,,/Users/jimmylin/workspace/bigcows-project/bigcows-crawler/.cache/acm-fellows-scholar-2026-09-16/cache.json,e52e978cbd9c7895c1401db5e0caf323050a1b07c5a44cf20d731e657e8ea76e
Ranveer Chandra,2022,https://scholar.google.com/citations?user=Zq4ioqu5yb8C,,supported,name_and_2plus_dblp_titles,200,2026-09-16T19:03:11Z,Ranveer Chandra,"Vice President, Frontier Tuning, CTO Agri-Food",https://dblp.org/pid/99/2097,Ranveer Chandra,13,historical,2026-04-30,,,,,/Users/jimmylin/workspace/bigcows-project/bigcows-crawler/.cache/acm-fellows-scholar-2026-09-16/cache.json,b51bd7ddef8530e75ff515c2d683d8992cf074ae79c4d3dc0fe9f1113866dc62
Rene Vidal,2022,https://scholar.google.com/citations?user=uT8fgagAAAAJ,,supported,name_and_2plus_dblp_titles,200,2026-09-16T19:03:17Z,Rene Vidal,"Rachleff University Professor, University of Pennsylvania; Amazon Scholar; Chief Scientist, NORCE",https://dblp.org/pid/v/ReneVidal,René Vidal,17,historical,2026-04-30,,,,,/Users/jimmylin/workspace/bigcows-project/bigcows-crawler/.cache/acm-fellows-scholar-2026-09-16/cache.json,ea219951af45dafe7f73cfda60af86ba5b63f1c011df0725d278a78eaa1b91a4
Samir Khuller,2022,https://scholar.google.com/citations?user=6vXTtDQAAAAJ,,supported,name_and_2plus_dblp_titles,200,2026-09-16T19:05:48Z,samir khuller,"Barris Professor and Chair of Computer Science, Northwestern University",https://dblp.org/pid/k/SamirKhuller,Samir Khuller,19,historical,2026-04-30,,,,,/Users/jimmylin/workspace/bigcows-project/bigcows-crawler/.cache/acm-fellows-scholar-2026-09-16/cache.json,0a59586d37b7c240c21758d5caa4aa01fff97f4111a17ab8a6779cb101f84324
Sandy Irani,2022,https://scholar.google.com/citations?user=dBhm_oIAAAAJ,,supported,name_and_2plus_dblp_titles,200,2026-09-16T19:05:54Z,Sandy Irani,"Professor of Computer Science, University of California, Irvine",https://dblp.org/pid/i/SandyIrani,Sandy Irani,18,historical,2026-04-30,,,,,/Users/jimmylin/workspace/bigcows-project/bigcows-crawler/.cache/acm-fellows-scholar-2026-09-16/cache.json,ebe03df746c781915c69db622e9bc766a4fe0fa343ff84f3376cf11d7f7e0507
Sebastian Elbaum,2022,https://scholar.google.com/citations?user=swPW5FYAAAAJ,,supported,name_and_2plus_dblp_titles,200,2026-09-16T19:06:01Z,Sebastian Elbaum,"Professor of Computer Science, University of Virginia",https://dblp.org/pid/e/SebastianGElbaum,Sebastian G. Elbaum,17,historical,2026-04-30,,,,,/Users/jimmylin/workspace/bigcows-project/bigcows-crawler/.cache/acm-fellows-scholar-2026-09-16/cache.json,19eda4ca469e6dc95e18366e8e74aa6e549b4991a82bcc125cc13ecf288c1201
Stefano Soatto,2022,https://scholar.google.com/citations?user=lH1PdF8AAAAJ,,supported,name_and_2plus_dblp_titles,200,2026-09-16T19:06:08Z,Stefano Soatto,"Professor of Computer Science, UCLA; Vice President, AWS AI",https://dblp.org/pid/08/1262,Stefano Soatto,18,historical,2026-04-30,,,,,/Users/jimmylin/workspace/bigcows-project/bigcows-crawler/.cache/acm-fellows-scholar-2026-09-16/cache.json,4d42bf4580ece3b8dd3db78d47b6a118760dd2ab5cc2341a2edf48d511a64ab8
Sumi Helal,2022,https://scholar.google.com/citations?user=mTJLF-sAAAAJ,,supported,name_and_2plus_dblp_titles,200,2026-09-16T19:06:15Z,Abdelsalam (Sumi) Helal,"Professor, University of Bologna",https://dblp.org/pid/h/AHelal,Abdelsalam Helal,14,historical,2026-04-30,,,,,/Users/jimmylin/workspace/bigcows-project/bigcows-crawler/.cache/acm-fellows-scholar-2026-09-16/cache.json,487267015d7e3c12bb8049b8c207a02fbf151a3fd95c383495409dce733143c3
Tim Sherwood,2022,https://scholar.google.com/citations?user=nLuHfy4AAAAJ,,supported,name_and_2plus_dblp_titles,200,2026-09-16T19:06:23Z,Timothy Sherwood,"Professor of Computer Science, UC Santa Barbara",https://dblp.org/pid/23/3778,Timothy Sherwood,19,historical,2026-04-30,,,,,/Users/jimmylin/workspace/bigcows-project/bigcows-crawler/.cache/acm-fellows-scholar-2026-09-16/cache.json,e83a318af750d1e512bf2a6e2dca10e67be81d684fb3b5ab4db777d0449736a6
Torsten Hoefler,2022,https://scholar.google.com/citations?user=DdBvcBEAAAAJ,,supported,name_and_2plus_dblp_titles,200,2026-09-16T19:06:29Z,Torsten Hoefler,Professor of Computer Science at ETH Zurich,https://dblp.org/pid/16/3869,Torsten Hoefler,18,historical,2026-04-30,,,,,/Users/jimmylin/workspace/bigcows-project/bigcows-crawler/.cache/acm-fellows-scholar-2026-09-16/cache.json,596d32e3f98083830d26943efd798436f37b1e7e267f3581d84fe41501632c8e
Wenwu Zhu,2022,https://scholar.google.com/citations?user=7t2jzpgAAAAJ,,supported,metadata_and_publication_review,200,2026-09-16T19:06:37Z,Wenwu Zhu,"Professor, Computer Science and Technology, Tsinghua Univerisity",https://dblp.org/pid/346/0901,,0,historical,2026-04-30,,,,,/Users/jimmylin/workspace/bigcows-project/bigcows-crawler/.cache/acm-fellows-scholar-2026-09-16/cache.json,219f0f479a1afa5e465e3b728404929d3bdacdd4410096c04e1d0c3c06a5c7b1
Yizhou Yu,2022,https://scholar.google.com/citations?user=e38fTZQAAAAJ,,supported,name_and_2plus_dblp_titles,200,2026-09-16T19:06:43Z,Yizhou Yu,"The University of Hong Kong, IEEE Fellow",https://dblp.org/pid/90/6896,Yizhou Yu,19,historical,2026-04-30,,,,,/Users/jimmylin/workspace/bigcows-project/bigcows-crawler/.cache/acm-fellows-scholar-2026-09-16/cache.json,9e05996e42a7160bea63fe1e3b0e0d07605ebba69ba1ce214d1ea3e8ff9caee3
Yuguang Fang,2022,https://scholar.google.com/citations?user=cs45mqMAAAAJ,,supported,recent_verified_resolution,200,2026-09-17T00:35:25Z,"Yuguang ""Michael"" Fang","Chair Professor of Internet of Things, City University of Hong Kong",https://dblp.org/pid/f/YuguangFang,Yuguang Fang,19,missing,,,,,,tmp/scholar-45-resolution/verified-cache.json,e035df777cea1e6b54496bc6e0088145803d88c03bee619ca01669620dec476f
Zhendong Su,2022,https://scholar.google.com/citations?user=RivxoIcAAAAJ,,supported,metadata_and_publication_review,200,2026-09-16T19:06:57Z,Zhendong Su,"Professor of Computer Science, ETH Zurich",https://dblp.org/pid/197/8311,Zhen-Dong Su 0001,0,historical,2026-04-30,dblp_identity_review,,,,/Users/jimmylin/workspace/bigcows-project/bigcows-crawler/.cache/acm-fellows-scholar-2026-09-16/cache.json,6f2d69a3a2a1a924d617fbdb6ad0004a96e377affa8e605254e5e5bccbdaa489
Alla Sheffer,2021,https://scholar.google.com/citations?user=IgkGxLsAAAAJ,,supported,name_and_2plus_dblp_titles,200,2026-09-16T19:07:04Z,Alla Sheffer,"Professor, Computer Science, University of British Columbia, Canada",https://dblp.org/pid/65/3735,Alla Sheffer,20,historical,2026-04-30,,,,,/Users/jimmylin/workspace/bigcows-project/bigcows-crawler/.cache/acm-fellows-scholar-2026-09-16/cache.json,1b2568244ee619adcaf37fdf128fd9e29196f65546d5f8620035182527230db3
Amos Fiat,2021,https://scholar.google.com/citations?user=0MzVIUsAAAAJ,,supported,name_and_2plus_dblp_titles,200,2026-09-16T19:07:10Z,Amos Fiat,"Professor of Computer Science, Tel Aviv University",https://dblp.org/pid/06/894,Amos Fiat,16,missing,,,,,,/Users/jimmylin/workspace/bigcows-project/bigcows-crawler/.cache/acm-fellows-scholar-2026-09-16/cache.json,767bdbf3ee5c83a6f1d0eabe44b0dafdf9eea5491221116dca37d58b54fa6fa4
Anind K. Dey,2021,https://scholar.google.com/citations?user=ydA8Q5AAAAAJ,,supported,name_and_2plus_dblp_titles,200,2026-09-16T19:07:17Z,Anind K. Dey,"Dean, Information School, University of Washington",https://dblp.org/pid/04/4652,Anind K. Dey,18,historical,2026-04-30,,,,,/Users/jimmylin/workspace/bigcows-project/bigcows-crawler/.cache/acm-fellows-scholar-2026-09-16/cache.json,4db6d2fa03612fe2b50c102e7f843732c7dcc219ffe98ba2022a369198f37398
Anupam Gupta,2021,https://scholar.google.com/citations?user=g87CIwgAAAAJ,,supported,metadata_and_publication_review,200,2026-09-16T19:07:23Z,Anupam Gupta,Professor of Computer Science at New York University,https://dblp.org/pid/237/9038,Anupam K. Gupta,0,historical,2026-04-30,,,,,/Users/jimmylin/workspace/bigcows-project/bigcows-crawler/.cache/acm-fellows-scholar-2026-09-16/cache.json,f4533e180e30ca530dcd686e9e4428b5d2590d187979c7a719c9da76c861d24a
Aravinda P Sistla,2021,https://scholar.google.com/citations?user=P-wJ6Y4AAAAJ,,supported,metadata_and_publication_review,200,2026-09-16T19:07:30Z,Aravinda Prasad Sistla,"Professor of Computer Science, University of Illinois at Chicago",https://dblp.org/pid/s/APrasadSistla,,0,historical,2026-04-30,,,,,/Users/jimmylin/workspace/bigcows-project/bigcows-crawler/.cache/acm-fellows-scholar-2026-09-16/cache.json,acd482a05ce3cc42ee7bc142f97f7f4911fd405535ebf040ecd1efdb2fed713f
Batya Friedman,2021,https://scholar.google.com/citations?user=dkjR4cAAAAAJ,,supported,name_and_2plus_dblp_titles,200,2026-09-16T19:07:37Z,Batya Friedman,"Professor of Information, University of Washington",https://dblp.org/pid/20/2143,Batya Friedman,12,historical,2026-04-30,,,,,/Users/jimmylin/workspace/bigcows-project/bigcows-crawler/.cache/acm-fellows-scholar-2026-09-16/cache.json,108875a23f1c93d1f26db48f608922769de170c0693b4f709864b1d73a0c4f91
Ben Y. Zhao,2021,https://scholar.google.com/citations?user=cYReSuEAAAAJ,,supported,name_and_2plus_dblp_titles,200,2026-09-16T19:07:44Z,Ben Y. Zhao,"Neubauer Professor of Computer Science, University of Chicago",https://dblp.org/pid/z/BenYZhao,Ben Y. Zhao,17,historical,2026-04-30,,,,,/Users/jimmylin/workspace/bigcows-project/bigcows-crawler/.cache/acm-fellows-scholar-2026-09-16/cache.json,43d0ab6dac4bf0bc48c570921873c10b0eddf57f5829eb0355da7b4148231863
Bernhard Nebel,2021,https://scholar.google.com/citations?user=4MhUHPcAAAAJ,,supported,name_and_2plus_dblp_titles,200,2026-09-16T19:07:50Z,Bernhard Nebel,"Professor für Informatik, Universität Freiburg",https://dblp.org/pid/n/BernhardNebel,Bernhard Nebel,19,historical,2026-04-30,,,,,/Users/jimmylin/workspace/bigcows-project/bigcows-crawler/.cache/acm-fellows-scholar-2026-09-16/cache.json,b0cc7416be65aa9e87c614aecfa7be34258f99e9b9b155d75623db6480b2a929
Bernt Schiele,2021,https://scholar.google.com/citations?user=z76PBfYAAAAJ,,supported,name_and_2plus_dblp_titles,200,2026-09-16T19:07:58Z,Bernt Schiele,"Professor, Max Planck Institute for Informatics, Saarland University, Saarland Informatics Campus",https://dblp.org/pid/s/BerntSchiele,Bernt Schiele,20,historical,2026-04-30,,,,,/Users/jimmylin/workspace/bigcows-project/bigcows-crawler/.cache/acm-fellows-scholar-2026-09-16/cache.json,e76779abb5c1790adb56fc9bd98856cc1c096cbfe54e3610e2495f2adcd2dc3b
Brent Waters,2021,https://scholar.google.com/citations?user=VEKxHOAAAAAJ,,supported,name_and_2plus_dblp_titles,200,2026-09-16T19:08:04Z,Brent Waters,University of Texas at Austin,https://dblp.org/pid/w/BrentWaters,Brent Waters,20,historical,2026-04-30,,,,,/Users/jimmylin/workspace/bigcows-project/bigcows-crawler/.cache/acm-fellows-scholar-2026-09-16/cache.json,7c7fa37abc139776a0665bfa35a9be6a7438213c68a7b610f6777a6c524e45b2
Dale A Miller,2021,https://scholar.google.com/citations?user=d9WopvMAAAAJ,,supported,name_and_2plus_dblp_titles,200,2026-09-16T19:08:10Z,Dale Miller,"Inria-Saclay and LIX, Ecole Polytechnique",https://dblp.org/pid/m/DaleMiller,Dale Miller 0001,16,missing,,,,,,/Users/jimmylin/workspace/bigcows-project/bigcows-crawler/.cache/acm-fellows-scholar-2026-09-16/cache.json,bee04cb5a3c3e7206b36d558e2d75d6ee4fb57b35325feab3d57622097bc21e4
Daniel Cohen-Or,2021,https://scholar.google.com/citations?user=fAxws1sAAAAJ,,supported,name_and_2plus_dblp_titles,200,2026-09-16T19:08:16Z,Daniel Cohen-Or,"Professor of Computer Science, Tel Aviv University",https://dblp.org/pid/c/DCohenOr,Daniel Cohen-Or,19,historical,2026-04-30,,,,,/Users/jimmylin/workspace/bigcows-project/bigcows-crawler/.cache/acm-fellows-scholar-2026-09-16/cache.json,e445741bca891ee446e2d574384c5ff7365638fb599186341e43a1fdb122b0a0
David A Bader,2021,https://scholar.google.com/citations?user=uXUA1pgAAAAJ,,supported,name_and_2plus_dblp_titles,200,2026-09-16T19:08:24Z,David A. Bader,"Distinguished Professor, New Jersey Institute of Technology",https://dblp.org/pid/41/3005,David A. Bader,13,historical,2026-04-30,,,,,/Users/jimmylin/workspace/bigcows-project/bigcows-crawler/.cache/acm-fellows-scholar-2026-09-16/cache.json,0a5beef82b8ea5125410e3871ca940070aeae4008395c7b0e10b3692c3c5b46c
David R Kaeli,2021,https://scholar.google.com/citations?user=Mkgn0qcAAAAJ,,supported,name_and_2plus_dblp_titles,200,2026-09-16T19:08:30Z,David R. Kaeli,"Distinguished Professor of ECE, Northeastern University",https://dblp.org/pid/k/DavidRKaeli,David R. Kaeli,15,historical,2026-04-30,,,,,/Users/jimmylin/workspace/bigcows-project/bigcows-crawler/.cache/acm-fellows-scholar-2026-09-16/cache.json,5db1e245aafe56ba5cf705048f5da2adfd8b346c7bede7c655031dc835afe10d
David Z. Pan,2021,https://scholar.google.com/citations?user=3aLlroEAAAAJ,,supported,name_and_2plus_dblp_titles,200,2026-09-16T19:10:43Z,David Z. Pan,"Professor, Silicon Labs Endowed Chair, ECE Dept., University of Texas at Austin",https://dblp.org/pid/p/DavidZhigangPan,David Z. Pan,19,historical,2026-04-30,,,,,/Users/jimmylin/workspace/bigcows-project/bigcows-crawler/.cache/acm-fellows-scholar-2026-09-16/cache.json,616948e562e1cd8a33e07b759597515a3934e0ede605117d3577c358c20fa023
Deepak Ganesan,2021,https://scholar.google.com/citations?user=cbTB5-EAAAAJ,,supported,name_and_2plus_dblp_titles,200,2026-09-16T19:10:50Z,Deepak Ganesan,"Professor of Computer Science, UMass Amherst",https://dblp.org/pid/g/DeepakGanesan,Deepak Ganesan,18,historical,2026-04-30,,,,,/Users/jimmylin/workspace/bigcows-project/bigcows-crawler/.cache/acm-fellows-scholar-2026-09-16/cache.json,03d8fdb2b54e57f37b619e07e651b5f374f269edffe92c58d5a3ae0193deea8e
Edward Y Chang,2021,https://scholar.google.com/citations?user=pZmOvyYAAAAJ,,supported,name_and_2plus_dblp_titles,200,2026-09-16T19:10:58Z,Edward Y Chang,Stanford University,https://dblp.org/pid/c/EdwardYChang,Edward Y. Chang,15,historical,2026-04-30,,,,,/Users/jimmylin/workspace/bigcows-project/bigcows-crawler/.cache/acm-fellows-scholar-2026-09-16/cache.json,2b1ec64d11c2ebf8327d16f9fe99e672278b6784926e32d9d2baf82586dddda4
Elad Hazan,2021,https://scholar.google.com/citations?user=LnhCGNMAAAAJ,,supported,name_and_2plus_dblp_titles,200,2026-09-16T19:11:06Z,Elad Hazan,"Director AI Alignment and Safety, Princeton University and Google",https://dblp.org/pid/72/739,Elad Hazan,20,historical,2026-04-30,,,,,/Users/jimmylin/workspace/bigcows-project/bigcows-crawler/.cache/acm-fellows-scholar-2026-09-16/cache.json,9fd3d75d6ecac3b7225337426566a459923927b613e46b66b7c40f590e44ce48
Elchanan Mossel,2021,https://scholar.google.com/citations?user=5t2myD8AAAAJ,,supported,name_and_2plus_dblp_titles,200,2026-09-16T19:11:12Z,Elchanan Mossel,"Professor of Mathematics, MIT",https://dblp.org/pid/m/EMossel,Elchanan Mossel,15,historical,2026-04-30,,,,,/Users/jimmylin/workspace/bigcows-project/bigcows-crawler/.cache/acm-fellows-scholar-2026-09-16/cache.json,960d144a3d757da247abf79657c7c7fd7b4167ea52948353c02484fd0beb97c8
Evgeniy Gabrilovich,2021,https://scholar.google.com/citations?user=DKCx8hcAAAAJ,,supported,name_and_2plus_dblp_titles,200,2026-09-16T19:11:19Z,Evgeniy Gabrilovich,"Vice President of Applied Science, Microsoft",https://dblp.org/pid/84/1449,Evgeniy Gabrilovich,17,historical,2026-04-30,,,,,/Users/jimmylin/workspace/bigcows-project/bigcows-crawler/.cache/acm-fellows-scholar-2026-09-16/cache.json,418e82bb1d12260ae3499c6e3e8ccbab1056135c3dc0a774f36d4201c7e60255
Feifei Li,2021,https://scholar.google.com/citations?user=qPDhlWkAAAAJ,,supported,metadata_and_publication_review,200,2026-09-16T19:11:25Z,Feifei Li,Alibaba Group/Alibaba Cloud,https://dblp.org/pid/l/FeifeiLi,,0,missing,,,,,,/Users/jimmylin/workspace/bigcows-project/bigcows-crawler/.cache/acm-fellows-scholar-2026-09-16/cache.json,eb851e541aa612bc45ac1351e0a62db62bcef6c8f6fd5864b3cb8ac81185205e
Gautam Das,2021,https://scholar.google.com/citations?user=oleB9xIAAAAJ,,supported,metadata_and_publication_review,200,2026-09-16T19:11:31Z,Gautam Das,"Distinguished University Chair Professor, Associate Dean, University of Texas at Arlington",https://dblp.org/pid/44/4238,Gautam K. Das,0,historical,2026-04-30,confirmed_attribution_conflict,,"Top-ranked next-generation sequencing paper identifies Gautam Das at miBiome Therapeutics, Mumbai; the Fellow is the UT Arlington database researcher.",https://pmc.ncbi.nlm.nih.gov/articles/PMC10376292/,/Users/jimmylin/workspace/bigcows-project/bigcows-crawler/.cache/acm-fellows-scholar-2026-09-16/cache.json,90f0148695022c408e61e9d265351c30fe87fa9a72bf4041ac0714bf8e41db03
Glenn Ricart,2021,,,unavailable,no_profile,,,,,https://dblp.org/pid/54/1042,Glenn Ricart,0,no_profile,,no_verified_profile,,,,,
Hai Li,2021,https://scholar.google.com/citations?user=E6Tpfq8AAAAJ,,supported,metadata_and_publication_review,200,2026-09-16T19:11:44Z,Hai Li,"Marie Foote Reel E'46 Distinguished Professor of ECE Dept, Duke Univ.",https://dblp.org/pid/06/5975,Haiyang Li,0,missing,,,,,,/Users/jimmylin/workspace/bigcows-project/bigcows-crawler/.cache/acm-fellows-scholar-2026-09-16/cache.json,15db334c181d731044a007771ee0400887964a6eae218d110c46ae872d9c7e21
Hubertus Franke,2021,https://scholar.google.com/citations?user=iklPa0oAAAAJ,,supported,name_and_2plus_dblp_titles,200,2026-09-16T19:11:51Z,Hubertus Franke,"Distinguished Research Scientist, IBM Research",https://dblp.org/pid/17/3453,Hubertus Franke,13,historical,2026-04-30,,,,,/Users/jimmylin/workspace/bigcows-project/bigcows-crawler/.cache/acm-fellows-scholar-2026-09-16/cache.json,bf7837ca85c871a729dc4a9cbfa00fb9d552137f13d6c759f65b3605e88216e3
Jacob Otto Wobbrock,2021,https://scholar.google.com/citations?user=TmZ3howAAAAJ,,supported,metadata_and_publication_review,200,2026-09-16T19:11:58Z,Jacob O. Wobbrock,"Professor, University of Washington",https://dblp.org/pid/18/6907,,0,missing,,,,,,/Users/jimmylin/workspace/bigcows-project/bigcows-crawler/.cache/acm-fellows-scholar-2026-09-16/cache.json,9b87b47100121a49d8009d6af50ac800a171ec54b10de9a0fd3484424c30fd0a
Jie Tang,2021,https://scholar.google.com/citations?user=n1zDCkQAAAAJ,,supported,metadata_and_publication_review,200,2026-09-16T19:12:05Z,Tang Jie,"WeBank Chair Professor, Tsinghua University",https://dblp.org/pid/t/JieTang,,0,historical,2026-04-30,,,,,/Users/jimmylin/workspace/bigcows-project/bigcows-crawler/.cache/acm-fellows-scholar-2026-09-16/cache.json,e9673810a67f025991d393d4780d63f8338109172408041505a507d63ca8af8d
Joel Ouaknine,2021,https://scholar.google.com/citations?user=ZfE4iQ4AAAAJ,,supported,name_and_2plus_dblp_titles,200,2026-09-16T19:12:12Z,Joel Ouaknine,"Director, Max Planck Institute for Software Systems (MPI-SWS), Saarland Informatics Campus",https://dblp.org/pid/55/4663,Joël Ouaknine,20,historical,2026-04-30,,,,,/Users/jimmylin/workspace/bigcows-project/bigcows-crawler/.cache/acm-fellows-scholar-2026-09-16/cache.json,3ae35da0f41e0ddd9f9288cd8ec7c56c195feb4c926fbfa0bcad0b2663c5f47b
Jonathan Katz,2021,https://scholar.google.com/citations?user=H4rKFc8AAAAJ,,supported,name_and_2plus_dblp_titles,200,2026-09-16T19:12:19Z,Jonathan Katz,"Senior Staff Research Scientist, Google",https://dblp.org/pid/k/JonathanKatz,Jonathan Katz,18,historical,2026-04-30,,,,,/Users/jimmylin/workspace/bigcows-project/bigcows-crawler/.cache/acm-fellows-scholar-2026-09-16/cache.json,78a5faa3ad19847822bb79d0f40bc4e4f7468c2ebf7782c81e24bf571fb5b38b
Judith Gal-Ezer,2021,https://scholar.google.com/citations?user=Z67FftMAAAAJ,,supported,name_and_2plus_dblp_titles,200,2026-09-16T19:12:25Z,Judith Gal-Ezer,The Open University of Israel,https://dblp.org/pid/26/3189,Judith Gal-Ezer,13,historical,2026-04-30,,,,,/Users/jimmylin/workspace/bigcows-project/bigcows-crawler/.cache/acm-fellows-scholar-2026-09-16/cache.json,a1df90c76f4fe45e61a45d9265be90bce12c25c33257688d75b853d0810f6b01
Leonard M. Adleman,2021,,,unavailable,no_profile,,,,,https://dblp.org/pid/a/LeonardMAdleman,Leonard M. Adleman,0,no_profile,,no_verified_profile,,,,,
Lieven Eeckhout,2021,https://scholar.google.com/citations?user=biYmJXsAAAAJ,,supported,name_and_2plus_dblp_titles,200,2026-09-16T19:12:31Z,Lieven Eeckhout,"Professor of Computer Science and Engineering, Ghent University",https://dblp.org/pid/e/LievenEeckhout,Lieven Eeckhout,20,historical,2026-04-30,,,,,/Users/jimmylin/workspace/bigcows-project/bigcows-crawler/.cache/acm-fellows-scholar-2026-09-16/cache.json,6788b032258358946994b85023be6d1610eb2dcf1dbd41218f0f0aa5fc8c2ed8
Lin Zhong,2021,https://scholar.google.com/citations?user=hJPN-G8AAAAJ,,supported,metadata_and_publication_review,200,2026-09-16T19:12:37Z,Lin Zhong,Yale University,https://dblp.org/pid/27/2552-1,,0,missing,,,,,,/Users/jimmylin/workspace/bigcows-project/bigcows-crawler/.cache/acm-fellows-scholar-2026-09-16/cache.json,901cc884d4b97fec331581235f4f63ac08d318c40208ce586e82c033ee280311
Linda Jean Camp,2021,https://scholar.google.com/citations?user=wJPGa2IAAAAJ,,supported,name_and_2plus_dblp_titles,200,2026-09-16T19:12:43Z,L Jean Camp,Bank of America Distinguished Professorship in Security Analysis at UNC Charlotte,https://dblp.org/pid/72/4476,L. Jean Camp,17,missing,,,,,,/Users/jimmylin/workspace/bigcows-project/bigcows-crawler/.cache/acm-fellows-scholar-2026-09-16/cache.json,0c93b0d4db9e49b6653f17a107a7e49a4c245375f552664b4df1e5705348132f
Luca Trevisan,2021,https://scholar.google.com/citations?user=4yuKD_AAAAAJ,,supported,name_and_2plus_dblp_titles,200,2026-09-16T19:12:50Z,Luca Trevisan,Bocconi University,https://dblp.org/pid/t/LucaTrevisan,Luca Trevisan 0001,20,historical,2026-04-30,,,,,/Users/jimmylin/workspace/bigcows-project/bigcows-crawler/.cache/acm-fellows-scholar-2026-09-16/cache.json,e3c2c57931c645cee86af671a2520550cf58b4fe1d508c620b8a4a84c726a7a3
Mark Braverman,2021,https://scholar.google.com/citations?user=5elBSHQAAAAJ,,supported,name_and_2plus_dblp_titles,200,2026-09-16T19:12:57Z,Mark Braverman,Princeton University,https://dblp.org/pid/16/6136,Mark Braverman,19,missing,,,,,,/Users/jimmylin/workspace/bigcows-project/bigcows-crawler/.cache/acm-fellows-scholar-2026-09-16/cache.json,28633cc48d2543c41b5eee9fa61784b69102c359cf90c1a534a9280f69d710d6
Mark Tehranipoor,2021,https://scholar.google.com/citations?user=n9JsBeAAAAAJ,,supported,name_and_2plus_dblp_titles,200,2026-09-16T19:13:02Z,Mark M. Tehranipoor,"Intel Charles E. Young Endowed Chair Professor, ECE, University of Florida",https://dblp.org/pid/t/MohammadTehranipoor,Mark Tehranipoor,15,historical,2026-04-30,,,,,/Users/jimmylin/workspace/bigcows-project/bigcows-crawler/.cache/acm-fellows-scholar-2026-09-16/cache.json,b193a718f58d06bef38b1c9f0bbb0bd1db7427d0c10c7f7e2122a6cf5f9e01eb
Martin Farach-Colton,2021,https://scholar.google.com/citations?user=2uHUSa8AAAAJ,,supported,name_and_2plus_dblp_titles,200,2026-09-16T19:13:10Z,Martin Farach-Colton,"Shustek Professor of Computer Science, New York University",https://dblp.org/pid/f/MartinFarachColton,Martin Farach-Colton,19,historical,2026-04-30,,,,,/Users/jimmylin/workspace/bigcows-project/bigcows-crawler/.cache/acm-fellows-scholar-2026-09-16/cache.json,550a4c4dfd4ef73ebf8c89bcd149b8b91ac3034e41b1f8f77a8d19daa3c3db83
Matthew T Mason,2021,https://scholar.google.com/citations?user=D_JpQnAAAAAJ,,supported,name_and_2plus_dblp_titles,200,2026-09-16T19:13:15Z,Matthew T. Mason,"Professor of Robotics and Computer Science, Carnegie Mellon University",https://dblp.org/pid/69/5537,Matthew T. Mason,14,historical,2026-04-30,,,,,/Users/jimmylin/workspace/bigcows-project/bigcows-crawler/.cache/acm-fellows-scholar-2026-09-16/cache.json,7fa683a25a1c6c380651bd739639c953d2cda87b66daf9a7a85b3f152d0fc2d9
Meenakshi Balakrishnan,2021,https://scholar.google.com/citations?user=e_749FUAAAAJ,,supported,metadata_and_publication_review,200,2026-09-16T19:13:23Z,M Balakrishnan,CSE Department IIT Delhi,https://dblp.org/pid/222/4034,Meenakshi Balakrishnan,0,missing,,,,,,/Users/jimmylin/workspace/bigcows-project/bigcows-crawler/.cache/acm-fellows-scholar-2026-09-16/cache.json,31231e4cb835efeb2f080c99d229681447fbf9183e5d05e8a075836314de2755
Ming-Hsuan Yang,2021,https://scholar.google.com/citations?user=p9-ohHsAAAAJ,,supported,name_and_2plus_dblp_titles,200,2026-09-16T19:15:50Z,Ming-Hsuan Yang,University of California at Merced; Google DeepMind,https://dblp.org/pid/79/3711,Ming-Hsuan Yang 0001,19,historical,2026-04-30,,,,,/Users/jimmylin/workspace/bigcows-project/bigcows-crawler/.cache/acm-fellows-scholar-2026-09-16/cache.json,f7182aee433b6f0b9ff5edcd0d1310c9634e23bd1fc2814b84a8bf7c5cf44e31
Mohammed Zaki,2021,https://scholar.google.com/citations?user=UmwJklEAAAAJ,,supported,name_and_2plus_dblp_titles,200,2026-09-16T19:15:56Z,Mohammed J. Zaki,"Professor & Head, Computer Science Department, RPI",https://dblp.org/pid/z/MohammedJaveedZaki,Mohammed J. Zaki,16,historical,2026-04-30,,,,,/Users/jimmylin/workspace/bigcows-project/bigcows-crawler/.cache/acm-fellows-scholar-2026-09-16/cache.json,f5a229d9366e5d8aa9368f63fdbb5cea84d1dd26a7e42ed4c963df5a8b65f331
Mubarak Ali Shah,2021,https://scholar.google.com/citations?user=p8gsO3gAAAAJ,,supported,metadata_and_publication_review,200,2026-09-16T19:16:03Z,Mubarak Shah,"Trustee Chair Professor of Computer Science, University of Central Florida",https://dblp.org/pid/s/MubarakShah,,0,missing,,,,,,/Users/jimmylin/workspace/bigcows-project/bigcows-crawler/.cache/acm-fellows-scholar-2026-09-16/cache.json,25201f775305b66f08a8094a96fe42ebf00c7582d651385f978f39db505b0d36
Munindar P. Singh,2021,https://scholar.google.com/citations?user=qNznu3kAAAAJ,,supported,name_and_2plus_dblp_titles,200,2026-09-16T19:16:09Z,Munindar P Singh,"Professor of Computer Science, North Carolina State University",https://dblp.org/pid/s/MunindarPSingh,Munindar P. Singh,14,historical,2026-04-30,,,,,/Users/jimmylin/workspace/bigcows-project/bigcows-crawler/.cache/acm-fellows-scholar-2026-09-16/cache.json,3ea61e7c055069f30ee260b54a36fb88545dfbd9d326d52ed8861203969f0da5
Nikolaj Bjørner,2021,https://scholar.google.com/citations?user=kja6dIzH9GwJ,,supported,metadata_and_publication_review,200,2026-09-16T19:16:15Z,Nikolaj Bjorner,Microsoft Research,https://dblp.org/pid/344/8366,,0,historical,2026-04-30,,,,,/Users/jimmylin/workspace/bigcows-project/bigcows-crawler/.cache/acm-fellows-scholar-2026-09-16/cache.json,51ca2303185088a7882e6690bb9187b899ca72a04133090b8bdc743fa67d2fc2
Ninghui Li,2021,https://scholar.google.com/citations?user=XpHwrPsAAAAJ,,supported,name_and_2plus_dblp_titles,200,2026-09-16T19:16:22Z,Ninghui Li,"Professor of Computer Science, Purdue University",https://dblp.org/pid/l/NinghuiLi,Ninghui Li 0001,19,historical,2026-04-30,,,,,/Users/jimmylin/workspace/bigcows-project/bigcows-crawler/.cache/acm-fellows-scholar-2026-09-16/cache.json,c8aae29ad4c8762f2849599f14e40535415de7304d012dfe2501875ada281eb1
Paola Inverardi,2021,,,unavailable,no_profile,,,,,https://dblp.org/pid/i/PaolaInverardi,Paola Inverardi,0,no_profile,,no_verified_profile,,,,,
Pierangela Samarati,2021,https://scholar.google.com/citations?user=nAGXeFkAAAAJ,,supported,name_and_2plus_dblp_titles,200,2026-09-16T19:16:35Z,Pierangela Samarati,Universita` degli Studi di Milano,https://dblp.org/pid/s/PSamarati,Pierangela Samarati,18,historical,2026-04-30,,,,,/Users/jimmylin/workspace/bigcows-project/bigcows-crawler/.cache/acm-fellows-scholar-2026-09-16/cache.json,7b5f7e429a9c5d9f358a2b384067e979a4b99ef09c3c6966935ca84fffd5ab32
Rafail Ostrovsky,2021,https://scholar.google.com/citations?user=UvFrX04AAAAJ,,supported,metadata_and_publication_review,200,2026-09-16T19:16:41Z,Rafail Ostrovsky,"Norman E. Friedman Chair in Knowledge Sciences, Distinguished Prof. of CS & MATH",https://dblp.org/pid/o/RafailOstrovsky,,0,historical,2026-04-30,,,,,/Users/jimmylin/workspace/bigcows-project/bigcows-crawler/.cache/acm-fellows-scholar-2026-09-16/cache.json,e8c6f6889f16c9a7112041d096857cd5fdaddb060354279a4cb047cf6303ca21
Ranjit Jhala,2021,https://scholar.google.com/citations?user=lh6orZ0AAAAJ,,supported,recent_verified_resolution,200,2026-09-17T00:43:43Z,Ranjit Jhala,UC San Diego,https://dblp.org/pid/47/4244,Ranjit Jhala,18,missing,,,,,,tmp/scholar-45-resolution/verified-cache.json,e5c9b69de1fbbda6db3f3d2dfb9c3c8591f3fbbf608a2fa6e691e5696759554b
Robert B Ross,2021,https://scholar.google.com/citations?user=hvS9R4wAAAAJ,,supported,metadata_and_publication_review,200,2026-09-16T19:16:54Z,Robert B. Ross,"Senior Computer Scientist, Mathematics and Computer Science Division, Argonne National Laboratory",https://dblp.org/pid/r/RBRoss,,0,historical,2026-04-30,,,,,/Users/jimmylin/workspace/bigcows-project/bigcows-crawler/.cache/acm-fellows-scholar-2026-09-16/cache.json,6e942903edb5a3d0db90c3a8d3cd53976c6d900bdcae6779807b761036249436
Robert Kleinberg,2021,https://scholar.google.com/citations?user=zkvW8FQAAAAJ,,supported,name_and_2plus_dblp_titles,200,2026-09-16T19:17:02Z,Robert Kleinberg,"Department of Computer Science, Cornell University",https://dblp.org/pid/k/RDKleinberg,Robert D. Kleinberg,17,historical,2026-04-30,,,,,/Users/jimmylin/workspace/bigcows-project/bigcows-crawler/.cache/acm-fellows-scholar-2026-09-16/cache.json,e7ff16bf00d9e0f1703c735ae721f2f320f73be9e9abe3232e6f270798e02b32
Rosalind Wright Picard,2021,https://scholar.google.com/citations?user=hH3DA2YAAAAJ,,supported,recent_verified_resolution,200,2026-09-17T00:38:13Z,Rosalind Picard,"Professor, MIT Media Lab",https://dblp.org/pid/p/RWPicard,,0,missing,,,,,,tmp/scholar-45-resolution/verified-cache.json,93f19028d5d4cac5f03da284bcdce225474a87daa792dff2858d566f89fd5952
Ryen W White,2021,https://scholar.google.com/citations?user=U69fiZMAAAAJ,,supported,name_and_2plus_dblp_titles,200,2026-09-16T19:17:14Z,Ryen W. White,"Distinguished Scientist & VP, Microsoft",https://dblp.org/pid/w/RyenWWhite,Ryen W. White,17,historical,2026-04-30,,,,,/Users/jimmylin/workspace/bigcows-project/bigcows-crawler/.cache/acm-fellows-scholar-2026-09-16/cache.json,972a5dbf6d6b1b12f687925fe43c0a8cc86857982a526df2703d4339d73fc1e9
Scott Smolka,2021,https://scholar.google.com/citations?user=4q-QenMAAAAJ,,supported,name_and_2plus_dblp_titles,200,2026-09-16T19:17:20Z,Scott A. Smolka,"Professor of Computer Science, Stony Brook University",https://dblp.org/pid/s/ScottASmolka,Scott A. Smolka,18,historical,2026-04-30,,,,,/Users/jimmylin/workspace/bigcows-project/bigcows-crawler/.cache/acm-fellows-scholar-2026-09-16/cache.json,aeb16da9bd6e4e5e81168428d2b73caf4b90fcbcf4ac8681d94cfa981e238106
Shaz Qadeer,2021,https://scholar.google.com/citations?user=EqIVfYcAAAAJ,,supported,name_and_2plus_dblp_titles,200,2026-09-16T19:17:27Z,Shaz Qadeer,Microsoft,https://dblp.org/pid/q/ShazQadeer,Shaz Qadeer,19,historical,2026-04-30,,,,,/Users/jimmylin/workspace/bigcows-project/bigcows-crawler/.cache/acm-fellows-scholar-2026-09-16/cache.json,0a77a650adf0da4eb5a56abb8fe78dc074f28ba67d39a089dcc6e7cbe03fcb42
Shlomo Zilberstein,2021,https://scholar.google.com/citations?user=q_n7d6EAAAAJ,,supported,name_and_2plus_dblp_titles,200,2026-09-16T19:17:34Z,Shlomo Zilberstein,"Professor of Computer Science, University of Massachusetts Amherst",https://dblp.org/pid/z/ShlomoZilberstein,Shlomo Zilberstein,19,historical,2026-04-30,,,,,/Users/jimmylin/workspace/bigcows-project/bigcows-crawler/.cache/acm-fellows-scholar-2026-09-16/cache.json,0ada5e4596f001e88fcfc89e94a8821269ce15ea423e2bca55cdd1119c9026ce
Steve Marschner,2021,https://scholar.google.com/citations?user=llo3F3QAAAAJ,,supported,name_and_2plus_dblp_titles,200,2026-09-16T19:17:41Z,Steve Marschner,"Professor of Computer Science, Cornell University",https://dblp.org/pid/m/StephenRMarschner,Steve Marschner,17,historical,2026-04-30,,,,,/Users/jimmylin/workspace/bigcows-project/bigcows-crawler/.cache/acm-fellows-scholar-2026-09-16/cache.json,496524842f7511859cdf083535017da6abac343b8ddaa45b5ac97a7a8d97b8c4
Sunita Sarawagi,2021,https://scholar.google.com/citations?user=Hg4HmTAAAAAJ,,supported,name_and_2plus_dblp_titles,200,2026-09-16T19:17:48Z,Sunita Sarawagi,"Indian Institute of Technology Bombay, Mumbai, India.",https://dblp.org/pid/s/SunitaSarawagi,Sunita Sarawagi,20,historical,2026-04-30,,,,,/Users/jimmylin/workspace/bigcows-project/bigcows-crawler/.cache/acm-fellows-scholar-2026-09-16/cache.json,2ab9469505f2afc48628341a4e4dd9de9f453664744eb86c4bbf895772c9e4e0
Sushil Jajodia,2021,https://scholar.google.com/citations?user=lOZ1vHIAAAAJ,,supported,metadata_and_publication_review,200,2026-09-16T19:17:55Z,Sushil Jajodia,"University Professor, BDM International Professor, and Director, Center for Secure Information",https://dblp.org/pid/j/SushilJajodia,,0,historical,2026-04-30,,,,,/Users/jimmylin/workspace/bigcows-project/bigcows-crawler/.cache/acm-fellows-scholar-2026-09-16/cache.json,65fd866d65e889174c441d4e9e59564b696b69d8549371687037401c1552bf25
Szymon Rusinkiewicz,2021,https://scholar.google.com/citations?user=RaScARwAAAAJ,,supported,name_and_2plus_dblp_titles,200,2026-09-16T19:18:02Z,Szymon Rusinkiewicz,"Princeton University, Department of Computer Science",https://dblp.org/pid/61/5465,Szymon Rusinkiewicz,20,historical,2026-04-30,,,,,/Users/jimmylin/workspace/bigcows-project/bigcows-crawler/.cache/acm-fellows-scholar-2026-09-16/cache.json,1984864bdcf0c9948c39ce1332510fe57e6afb8285531f062b6c1c4ccc2669ca
Tajana Rosing,2021,https://scholar.google.com/citations?user=DY_XcO4AAAAJ,,supported,recent_verified_resolution,200,2026-09-17T00:41:13Z,Tajana Rosing,"Distinguished Professor, UCSD",https://dblp.org/pid/s/TajanaSimunic,Tajana Rosing,16,missing,,,,,,tmp/scholar-45-resolution/verified-cache.json,064ca5c206af3af291efa32839362ea11f5c641350abe6de8e38ffe70334c00d
Tanzeem Choudhury,2021,https://scholar.google.com/citations?user=-pyztDMAAAAJ,,supported,name_and_2plus_dblp_titles,200,2026-09-16T19:18:17Z,Tanzeem Choudhury,"Chief of Health Innovation, Professor Computing and Information Science @ Cornell Tech",https://dblp.org/pid/86/45,Tanzeem Choudhury,18,historical,2026-04-30,,,,,/Users/jimmylin/workspace/bigcows-project/bigcows-crawler/.cache/acm-fellows-scholar-2026-09-16/cache.json,d0f412f902d67940ae5d9cb2b10702cb65fc39d03b6ed20bf326aef0c39e70b8
Tao Xie,2021,https://scholar.google.com/citations?user=DhhH9J4AAAAJ,,supported,metadata_and_publication_review,200,2026-09-16T19:18:22Z,Tao Xie,"Peking University Chair Professor, Fudan University Adjunct Top-Talent Professor",https://dblp.org/pid/x/TaoXie,,0,missing,,,,,,/Users/jimmylin/workspace/bigcows-project/bigcows-crawler/.cache/acm-fellows-scholar-2026-09-16/cache.json,b6886b204533845dac332e47b98d0694532775ee93810fad0a588d488f7491a6
Thomas Lengauer,2021,,,unavailable,no_profile,,,,,https://dblp.org/pid/l/TLengauer,Thomas Lengauer,0,no_profile,,no_verified_profile,,,,,
Thomas Zimmermann,2021,https://scholar.google.com/citations?user=5zvbpooAAAAJ,,supported,name_and_2plus_dblp_titles,200,2026-09-16T19:18:30Z,Thomas Zimmermann,"Chancellor’s Professor and Donald Bren Chair, University of California, Irvine",https://dblp.org/pid/19/3622-1,Thomas Zimmermann 0001,20,historical,2026-04-30,,,,,/Users/jimmylin/workspace/bigcows-project/bigcows-crawler/.cache/acm-fellows-scholar-2026-09-16/cache.json,c4fd84ba4871a0e5377318ce47c185155bf17f821ce500d92bd141c374de6a2e
Tie-Yan Liu,2021,https://scholar.google.com/citations?user=Nh832fgAAAAJ,,supported,name_and_2plus_dblp_titles,200,2026-09-16T19:20:45Z,Tie-Yan Liu,"President, Zhongguancun Academy | IEEE Fellow | ACM Fellow | AAIA Fellow",https://dblp.org/pid/l/TieYanLiu,Tie-Yan Liu,20,missing,,,,,,/Users/jimmylin/workspace/bigcows-project/bigcows-crawler/.cache/acm-fellows-scholar-2026-09-16/cache.json,516d048f9a457c0bf42cc04edde03fec51c006259fdb34c61e26c85955090a55
Wenping Wang,2021,https://scholar.google.com/citations?user=28shvv0AAAAJ,,supported,metadata_and_publication_review,200,2026-09-16T19:20:53Z,Wenping Wang,Texas A&M University,https://dblp.org/pid/264/1980,,0,historical,2026-04-30,,,,,/Users/jimmylin/workspace/bigcows-project/bigcows-crawler/.cache/acm-fellows-scholar-2026-09-16/cache.json,dc927d7a9bf84071783e047a6f66f1e59a15e587c2771fdfd5334a516e42e148
Xiaobo Sharon Hu,2021,https://scholar.google.com/citations?user=tQRvus8AAAAJ,,supported,name_and_2plus_dblp_titles,200,2026-09-16T19:21:00Z,Xiaobo Sharon Hu,"University of Notre Dame, Department of Computer Science and Engineering",https://dblp.org/pid/h/XiaoboSharonHu,Xiaobo Sharon Hu,14,historical,2026-04-30,,,,,/Users/jimmylin/workspace/bigcows-project/bigcows-crawler/.cache/acm-fellows-scholar-2026-09-16/cache.json,021446c406201d37e4f7685de6167d7c02cdc3bc5f4f4e894553a965efd73fea
Zachary Ives,2021,https://scholar.google.com/citations?user=2wJaIkEAAAAJ,,supported,name_and_2plus_dblp_titles,200,2026-09-16T19:21:06Z,Zachary G. Ives,"Chair & Professor of Computer and Information Science, University of Pennsylvania",https://dblp.org/pid/i/ZacharyGIves,Zachary G. Ives,19,historical,2026-04-30,,,,,/Users/jimmylin/workspace/bigcows-project/bigcows-crawler/.cache/acm-fellows-scholar-2026-09-16/cache.json,f7028975f8100d71f4e068826bec7bcfc801dd1389899ef7518f0edd75f8baf2
Zygmunt Haas,2021,https://scholar.google.com/citations?user=tk8qFe0AAAAJ,,supported,name_and_2plus_dblp_titles,200,2026-09-16T19:21:11Z,Zygmunt J. Haas,Cornell University,https://dblp.org/pid/h/ZygmuntJHaas,Zygmunt J. Haas,14,historical,2026-04-30,,,,,/Users/jimmylin/workspace/bigcows-project/bigcows-crawler/.cache/acm-fellows-scholar-2026-09-16/cache.json,a98cb8602a7136f11252c14e91d9920739a3c8b501a24533b25cbec819e898aa
Adam Smith,2020,https://scholar.google.com/citations?user=fkGi-JMAAAAJ,,supported,metadata_and_publication_review,200,2026-09-16T19:21:18Z,Adam Smith,"Professor of Computer Science, Boston University",https://dblp.org/pid/115/9177,Adam Alexander Thil Smith,0,historical,2026-04-30,,,,,/Users/jimmylin/workspace/bigcows-project/bigcows-crawler/.cache/acm-fellows-scholar-2026-09-16/cache.json,c58b49b9c612cc741e6f52e90421f1845dded0b264df2be0a4de472a91499bbc
Adi Shamir,2020,https://scholar.google.com/citations?user=EHLBP20AAAAJ,,supported,name_and_2plus_dblp_titles,200,2026-09-16T19:21:25Z,Adi Shamir,Unknown affiliation,https://dblp.org/pid/s/AdiShamir,Adi Shamir,18,historical,2026-04-30,no_verified_email; limited_affiliation_metadata,,,,/Users/jimmylin/workspace/bigcows-project/bigcows-crawler/.cache/acm-fellows-scholar-2026-09-16/cache.json,470eaa87e3882ba91738e9d2dc9afaec59bc6a751f7d6b78dfc5153212c1d892
Alan Edelman,2020,https://scholar.google.com/citations?user=QVBIKh4AAAAJ,,supported,name_and_2plus_dblp_titles,200,2026-09-16T19:21:32Z,Alan Edelman,"Professor of Applied Mathematics, Member Computer Science AI LABS, MIT",https://dblp.org/pid/79/4166,Alan Edelman,10,historical,2026-04-30,,,,,/Users/jimmylin/workspace/bigcows-project/bigcows-crawler/.cache/acm-fellows-scholar-2026-09-16/cache.json,c39a232461ff1c1b692aeca6f842de832597b3ac5b8fd1cf0bb2dcd3d0df2a3f
Amit Sheth,2020,https://scholar.google.com/citations?user=2T3H4ekAAAAJ,,supported,metadata_and_publication_review,200,2026-09-16T19:21:39Z,Amit Sheth,"NCR Chair, AI Inst South Carolina; Founding Director, IAIRO",https://dblp.org/pid/149/1472-1,Amit Sheth 0001,0,historical,2026-04-30,,,,,/Users/jimmylin/workspace/bigcows-project/bigcows-crawler/.cache/acm-fellows-scholar-2026-09-16/cache.json,949c2f95ad9d5efd27d6f266b9ab1919fc861eed135d3c93e16dd83394656ca9
Anantha Chandrakasan,2020,https://scholar.google.com/citations?user=N6ah30sAAAAJ,,supported,name_and_2plus_dblp_titles,200,2026-09-16T19:21:46Z,Anantha Chandrakasan,"Dean of Engineering, Massachusetts Institute of Technology",https://dblp.org/pid/c/AnanthaChandrakasan,Anantha P. Chandrakasan,16,historical,2026-04-30,,,,,/Users/jimmylin/workspace/bigcows-project/bigcows-crawler/.cache/acm-fellows-scholar-2026-09-16/cache.json,d187dd9d9c2f4340a65677b4474fc47e90ecb3afc031ee8a2ca9191dcf435a21
Andrea Arpaci-Dusseau,2020,https://scholar.google.com/citations?user=8VkvOEEAAAAJ,,supported,name_and_2plus_dblp_titles,200,2026-09-16T19:21:52Z,Andrea Arpaci-Dusseau,"Professor Computer Science, University of Wisconsin-Madison",https://dblp.org/pid/a/AndreaCArpaciDusseau,Andrea C. Arpaci-Dusseau,18,historical,2026-04-30,,,,,/Users/jimmylin/workspace/bigcows-project/bigcows-crawler/.cache/acm-fellows-scholar-2026-09-16/cache.json,662b8449c79f5e6d30512193e0d8ab3f62763913742f85f1738d29aa5ec30ce4
Andrew D. Gordon,2020,https://scholar.google.com/citations?user=mfBjUiIAAAAJ,,supported,name_and_2plus_dblp_titles,200,2026-09-16T19:21:59Z,Andrew D Gordon,Cogna and University of Edinburgh,https://dblp.org/pid/g/AndrewDGordon,Andrew D. Gordon 0001,18,historical,2026-04-30,,,,,/Users/jimmylin/workspace/bigcows-project/bigcows-crawler/.cache/acm-fellows-scholar-2026-09-16/cache.json,15943960ee927b51d5d3e8c179355f1f71abba156ec3f273ca7ffb684314c2bc
Andrew Tomkins,2020,https://scholar.google.com/citations?user=-JOkpfQAAAAJ,,supported,name_and_2plus_dblp_titles,200,2026-09-16T19:22:06Z,Andrew Tomkins,Google,https://dblp.org/pid/t/ATomkins,Andrew Tomkins,19,historical,2026-04-30,,,,,/Users/jimmylin/workspace/bigcows-project/bigcows-crawler/.cache/acm-fellows-scholar-2026-09-16/cache.json,364483989f4d4f0087417a5f666cb0875a23120d322b564292deeae912565303
Antonio Gonzalez,2020,https://scholar.google.com/citations?user=DRP_OcMAAAAJ,,supported,metadata_and_publication_review,200,2026-09-16T19:22:13Z,Antonio Gonzalez,"Professor, Universitat Politecnica de Catalunya",https://dblp.org/pid/g/AntonioGonzalez1,,0,missing,,,,,,/Users/jimmylin/workspace/bigcows-project/bigcows-crawler/.cache/acm-fellows-scholar-2026-09-16/cache.json,2e43aa6f462e2e81312bfc53643004641e9a9ad68f70b13348115b859d02da95
Arvind Krishnamurthy,2020,https://scholar.google.com/citations?user=EnCwNycAAAAJ,,supported,name_and_2plus_dblp_titles,200,2026-09-16T19:22:20Z,Arvind Krishnamurthy,"Short-Dooley Professor, Univ. of Washington",https://dblp.org/pid/k/AKrishnamurthy,Arvind Krishnamurthy,18,historical,2026-04-30,,,,,/Users/jimmylin/workspace/bigcows-project/bigcows-crawler/.cache/acm-fellows-scholar-2026-09-16/cache.json,2aab430146675c9ced9dc02d1dc8825045f0d33442e9416a6238de7d41efdad6
Bonnie J Dorr,2020,https://scholar.google.com/citations?user=jSjEWosAAAAJ,,supported,name_and_2plus_dblp_titles,200,2026-09-16T19:22:26Z,Bonnie Dorr,"University of Florida, IHMC, UMD",https://dblp.org/pid/d/BonnieJDorr,Bonnie J. Dorr,17,missing,,,,,,/Users/jimmylin/workspace/bigcows-project/bigcows-crawler/.cache/acm-fellows-scholar-2026-09-16/cache.json,648d3c7f48e1b7cd7d64c4dc69fb692c00551ff09666cab7b9be5c70a2958548
Brian Levine,2020,https://scholar.google.com/citations?user=oHbIF48AAAAJ,,supported,metadata_and_publication_review,200,2026-09-16T19:22:32Z,Brian Neil Levine,"Distinguished Professor, ACM Fellow, College of Information and Computer Sciences, UMass Amherst",https://dblp.org/pid/92/3381,Brian Levine,0,missing,,,,,,/Users/jimmylin/workspace/bigcows-project/bigcows-crawler/.cache/acm-fellows-scholar-2026-09-16/cache.json,12bdaeba68e7ce7131a70afada4b43000b00369902c7aba1d577b593a3fe95ed
C. Antony R. Hoare,2020,,,unavailable,no_profile,,,,,https://dblp.org/pid/h/CARHoare,Tony Hoare,0,no_profile,,no_verified_profile; dblp_identity_review,,,,,
Cathy H Wu,2020,https://scholar.google.com/citations?user=eiRdbhsAAAAJ,,supported,name_and_2plus_dblp_titles,200,2026-09-16T19:22:38Z,Cathy Wu,University of Delaware,https://dblp.org/pid/w/CathyHWu,Cathy H. Wu,13,missing,,,,,,/Users/jimmylin/workspace/bigcows-project/bigcows-crawler/.cache/acm-fellows-scholar-2026-09-16/cache.json,fd0f5f6eef98a5d836c6cf58e311e1d60b0ac18613459383be41df8ff6c53a2a
Chandra Narayanaswami,2020,https://scholar.google.com/citations?user=jZUeVbcAAAAJ,,supported,metadata_and_publication_review,200,2026-09-16T19:22:45Z,Chandra Narayanaswami,IBM TJ Watson Research Center,https://dblp.org/pid/91/3542,Chandrasekhar Narayanaswami 0001,1,missing,,,,,,/Users/jimmylin/workspace/bigcows-project/bigcows-crawler/.cache/acm-fellows-scholar-2026-09-16/cache.json,ee0967ed96b78d1c39587cb014fdf12d1cce4f2f4d13f6e0596f04e4821ae336
Chenyang Lu,2020,https://scholar.google.com/citations?user=tCq7Wx0AAAAJ,,supported,metadata_and_publication_review,200,2026-09-16T19:22:52Z,Chenyang Lu,"Fullgraf Professor, Washington University",https://dblp.org/pid/346/0861,Chenyang Lu 0007,0,historical,2026-04-30,,,,,/Users/jimmylin/workspace/bigcows-project/bigcows-crawler/.cache/acm-fellows-scholar-2026-09-16/cache.json,288fc05f5cdb7d117dd644934798aa0a81445722011ebe5c8a01cbff013cecb2
Cormac Flanagan,2020,https://scholar.google.com/citations?user=XkiApd4AAAAJ,,supported,name_and_2plus_dblp_titles,200,2026-09-16T19:22:59Z,Cormac Flanagan,"Professor of Computer Science, University of California Santa Cruz",https://dblp.org/pid/f/CormacFlanagan,Cormac Flanagan,20,historical,2026-04-30,,,,,/Users/jimmylin/workspace/bigcows-project/bigcows-crawler/.cache/acm-fellows-scholar-2026-09-16/cache.json,9485207f416f57e85fbe420685a84c72eb15d9a072a97969ec2427578e6b9539
Daniel J Abadi,2020,https://scholar.google.com/citations?user=zxeEF2gAAAAJ,,supported,name_and_2plus_dblp_titles,200,2026-09-16T19:23:06Z,Daniel J. Abadi,"Darnell-Kanal Professor of Computer Science, University of Maryland College Park",https://dblp.org/pid/a/DJAbadi,Daniel J. Abadi,20,historical,2026-04-30,,,,,/Users/jimmylin/workspace/bigcows-project/bigcows-crawler/.cache/acm-fellows-scholar-2026-09-16/cache.json,217dc9ae0b3892f4e05fdbb41e34afd0d23612002cafe325209ac5f8bef970dc
David Brooks,2020,https://scholar.google.com/citations?user=vXHA_XYAAAAJ,,supported,name_and_2plus_dblp_titles,200,2026-09-16T19:23:12Z,David Brooks,"Haley Family Professor of Computer Science, Harvard University",https://dblp.org/pid/30/135,David Brooks 0001,20,missing,,,,,,/Users/jimmylin/workspace/bigcows-project/bigcows-crawler/.cache/acm-fellows-scholar-2026-09-16/cache.json,1b6ab4ab29c594da1b5b93645dca202d9f8d76600acebdcf2d4c45e74136904a
David Kotz,2020,https://scholar.google.com/citations?user=s5QkqdcAAAAJ,,supported,name_and_2plus_dblp_titles,200,2026-09-16T19:23:19Z,David Kotz,Dartmouth College,https://dblp.org/pid/k/DavidKotz,David Kotz,13,historical,2026-04-30,,,,,/Users/jimmylin/workspace/bigcows-project/bigcows-crawler/.cache/acm-fellows-scholar-2026-09-16/cache.json,94e7f0de6087013e2dcdc1ec55549b4cd1387ef2d59f642871f8becb1c5f3b21
David Maltz,2020,https://scholar.google.com/citations?user=-YmsnYMAAAAJ,,supported,name_and_2plus_dblp_titles,200,2026-09-16T19:23:25Z,David A. Maltz,"Technical Fellow, Microsoft",https://dblp.org/pid/65/1459,David A. Maltz,16,historical,2026-04-30,,,,,/Users/jimmylin/workspace/bigcows-project/bigcows-crawler/.cache/acm-fellows-scholar-2026-09-16/cache.json,1b35c5506f0eba63589428632634124eb6f8f9da6271ed6d6dda08d548f468e9
Dieter Fox,2020,https://scholar.google.com/citations?user=DqXsbPAAAAAJ,,supported,name_and_2plus_dblp_titles,200,2026-09-16T19:25:35Z,Dieter Fox,University of Washington and AI2,https://dblp.org/pid/f/DieterFox,Dieter Fox,20,historical,2026-04-30,,,,,/Users/jimmylin/workspace/bigcows-project/bigcows-crawler/.cache/acm-fellows-scholar-2026-09-16/cache.json,f248bd3743a0d5ea1bd9c50b337a0471b20efc58292b79d5a52bf40128ed7e16
Filippo Menczer,2020,https://scholar.google.com/citations?user=f_kGJwkAAAAJ,,supported,name_and_2plus_dblp_titles,200,2026-09-16T19:25:41Z,Filippo Menczer,"Luddy Distinguished Professor of Informatics and Computer Science, Indiana University",https://dblp.org/pid/79/3056,Filippo Menczer,17,historical,2026-04-30,,,,,/Users/jimmylin/workspace/bigcows-project/bigcows-crawler/.cache/acm-fellows-scholar-2026-09-16/cache.json,b74f245047dbe40e51e06b69c2268230b0723cec25b5753002da5cd2151ec1a4
Gordon Plotkin,2020,https://scholar.google.com/citations?user=0KiEfGcAAAAJ,,supported,name_and_2plus_dblp_titles,200,2026-09-16T19:25:49Z,Gordon Plotkin,"Laboratory for Foundations of Computer Science, School of Informatics, University of Edinburgh",https://dblp.org/pid/p/GordonDPlotkin,Gordon D. Plotkin,16,historical,2026-04-30,,,,,/Users/jimmylin/workspace/bigcows-project/bigcows-crawler/.cache/acm-fellows-scholar-2026-09-16/cache.json,b584423083220bf1c1557707c69558deecde8fc6b44d618ca5f1b9b3fa8f5658
Graham R. Cormode,2020,https://scholar.google.com/citations?user=gpLVKmEAAAAJ,,supported,metadata_and_publication_review,200,2026-09-16T19:25:56Z,Graham Cormode,University of Oxford,https://dblp.org/pid/c/GrahamCormode,,0,missing,,,,,,/Users/jimmylin/workspace/bigcows-project/bigcows-crawler/.cache/acm-fellows-scholar-2026-09-16/cache.json,70d9d07e86cb95b2ab529c9bea738bcf5b0bb82ab9dc60a299a89e4e3e3b31ad
Haesun Park,2020,https://scholar.google.com/citations?user=G6kA1CMAAAAJ,,supported,metadata_and_publication_review,200,2026-09-16T19:26:03Z,Haesun Park,"Regents' Professor of Computational Science and Engineering, Georgia Institute of Technology",https://dblp.org/pid/263/1018,Hae-Sung Park,0,historical,2026-04-30,,,,,/Users/jimmylin/workspace/bigcows-project/bigcows-crawler/.cache/acm-fellows-scholar-2026-09-16/cache.json,3fb37e4bc74ac421b732085d581da29de826178cb3e749202be9eff5e47b9f4f
Heng Tao Shen,2020,https://scholar.google.com/citations?user=krryaDkAAAAJ,,supported,name_and_2plus_dblp_titles,200,2026-09-16T19:26:11Z,Heng Tao SHEN,"Foreign Member of Academia Europaea, Fellow of ACM/IEEE/OSA, UESTC",https://dblp.org/pid/s/HTShen,Heng Tao Shen,20,historical,2026-04-30,,,,,/Users/jimmylin/workspace/bigcows-project/bigcows-crawler/.cache/acm-fellows-scholar-2026-09-16/cache.json,54998437a39d0a663df55dd85de31ceacde30362af60e258f4a219deab82c827
Holger H. Hoos,2020,https://scholar.google.com/citations?user=l6c85tMAAAAJ,,supported,name_and_2plus_dblp_titles,200,2026-09-16T19:26:18Z,Holger Hoos,"RWTH Aachen University, Germany • Leiden University, Netherlands • University of British Columbia",https://dblp.org/pid/h/HolgerHHoos,Holger H. Hoos,17,historical,2026-04-30,,,,,/Users/jimmylin/workspace/bigcows-project/bigcows-crawler/.cache/acm-fellows-scholar-2026-09-16/cache.json,01c30521a6f345af7f54874335b219dd90f8f2791b396e7aa8012f177bd59a75
Ihab F. Ilyas,2020,https://scholar.google.com/citations?user=YG6mTEIAAAAJ,,supported,name_and_2plus_dblp_titles,200,2026-09-16T19:26:24Z,Ihab F. Ilyas,University of Waterloo,https://dblp.org/pid/i/IhabFIlyas,Ihab F. Ilyas,20,historical,2026-04-30,,,,,/Users/jimmylin/workspace/bigcows-project/bigcows-crawler/.cache/acm-fellows-scholar-2026-09-16/cache.json,38793b922ef7d124ebe6474003500c950e02cbe4aeea16fce927e697c55df2d0
James Allan,2020,https://scholar.google.com/citations?user=-bLGeg0AAAAJ,,supported,name_and_2plus_dblp_titles,200,2026-09-16T19:26:30Z,James Allan,University of Massachusetts Amherst,https://dblp.org/pid/10/4537,James Allan 0001,12,missing,,,,,,/Users/jimmylin/workspace/bigcows-project/bigcows-crawler/.cache/acm-fellows-scholar-2026-09-16/cache.json,7dac799e8b9632483c097f7c2c00baaf29b28e2701df79889c7a570c499b2eea
Jodi Forlizzi,2020,https://scholar.google.com/citations?user=Hyhp_zUAAAAJ,,supported,name_and_2plus_dblp_titles,200,2026-09-16T19:26:38Z,Jodi Forlizzi,"Professor, HCI and School of Design",https://dblp.org/pid/46/4227,Jodi Forlizzi,18,historical,2026-04-30,,,,,/Users/jimmylin/workspace/bigcows-project/bigcows-crawler/.cache/acm-fellows-scholar-2026-09-16/cache.json,81957c85bbddbbbc4913b7e47d6c10333914e6dcfda078dc013200f58cee4770
John Canny,2020,https://scholar.google.com/citations?user=LAv0HTEAAAAJ,,supported,name_and_2plus_dblp_titles,200,2026-09-16T19:26:44Z,John Canny,"University of California, Berkeley",https://dblp.org/pid/c/JohnFCanny,John F. Canny,16,historical,2026-04-30,,,,,/Users/jimmylin/workspace/bigcows-project/bigcows-crawler/.cache/acm-fellows-scholar-2026-09-16/cache.json,8bd5fd5a1b279c89d361cc886019933cf8e976adb37ab3f4fd5a0e56c4049622
Joost-Pieter Katoen,2020,https://scholar.google.com/citations?user=yjjO5_oAAAAJ,,supported,name_and_2plus_dblp_titles,200,2026-09-16T19:26:50Z,Joost-Pieter Katoen,"Distinguished Professor of Computer Science, RWTH Aachen University and University of Twente",https://dblp.org/pid/k/JoostPieterKatoen,Joost-Pieter Katoen,17,historical,2026-04-30,,,,,/Users/jimmylin/workspace/bigcows-project/bigcows-crawler/.cache/acm-fellows-scholar-2026-09-16/cache.json,7599712dfcaaba80f20a00b2d485f9f8de78c0cb78da91ee97d7ddab7cb7338d
Jose Meseguer,2020,https://scholar.google.com/citations?user=KZFo7ZkAAAAJ,,supported,metadata_and_publication_review,200,2026-09-16T19:26:57Z,Jose Meseguer,"Professor of Computer Science, University of Illinois at Urbana-Champaign",https://dblp.org/pid/m/JoseMeseguer,,0,historical,2026-04-30,,,,,/Users/jimmylin/workspace/bigcows-project/bigcows-crawler/.cache/acm-fellows-scholar-2026-09-16/cache.json,954c6f32958925d5a99c2d79edc594613b5e82e92f6abb6a5c15811b9d4e9791
Kenneth Lane Thompson,2020,https://scholar.google.com/citations?user=FsHMg9AAAAAJ,,supported,metadata_and_publication_review,200,2026-09-16T19:27:04Z,Ken Thompson,Retired,https://dblp.org/pid/t/KenThompson,,0,historical,2026-04-30,,,,,/Users/jimmylin/workspace/bigcows-project/bigcows-crawler/.cache/acm-fellows-scholar-2026-09-16/cache.json,59d68ccb51eb7ded2199390deb6d869abf271dab9d7671ad9bc7d7630e75038f
Keshab K. Parhi,2020,https://scholar.google.com/citations?user=G8RIjYMAAAAJ,,supported,name_and_2plus_dblp_titles,200,2026-09-16T19:27:12Z,Keshab K. Parhi,"University of Minnesota, Erwin A. Kelen Chair in Electrical Engineering",https://dblp.org/pid/p/KeshabKParhi,Keshab K. Parhi,17,historical,2026-04-30,,,,,/Users/jimmylin/workspace/bigcows-project/bigcows-crawler/.cache/acm-fellows-scholar-2026-09-16/cache.json,6d9ec46a7bf95a27a618480ff86a1c5e6096a418b1e6bc762b43879f1acc8780
Kevin Leyton-Brown,2020,https://scholar.google.com/citations?user=_4dnp0IAAAAJ,,supported,name_and_2plus_dblp_titles,200,2026-09-16T19:27:19Z,Kevin Leyton-Brown,"Professor, Computer Science, University of British Columbia; Canada CIFAR AI Chair",https://dblp.org/pid/81/1149,Kevin Leyton-Brown,18,historical,2026-04-30,,,,,/Users/jimmylin/workspace/bigcows-project/bigcows-crawler/.cache/acm-fellows-scholar-2026-09-16/cache.json,8cdf31efba2b201e1a722dcf80c45a5ec9c795a708cf2a146aec3b6363846c1c
Kui Ren,2020,https://scholar.google.com/citations?user=uuQA_rcAAAAJ,,supported,metadata_and_publication_review,200,2026-09-16T19:27:25Z,Kui Ren,"Professor and Dean of Computer Science, Zhejiang University, ACM/IEEE Fellow",https://dblp.org/pid/20/6179-1,,0,historical,2026-04-30,,,,,/Users/jimmylin/workspace/bigcows-project/bigcows-crawler/.cache/acm-fellows-scholar-2026-09-16/cache.json,0c91165526dc2b0bcc23485283d610732d0a9321fc5596586f89525cad76f709
Kun Zhou,2020,https://scholar.google.com/citations?user=N-iYby0AAAAJ,,supported,metadata_and_publication_review,200,2026-09-16T19:27:32Z,Kun Zhou,"Professor of Computer Science, Zhejiang University",https://dblp.org/pid/48/3927-1,,0,missing,,,,,,/Users/jimmylin/workspace/bigcows-project/bigcows-crawler/.cache/acm-fellows-scholar-2026-09-16/cache.json,82215fc741ed3f840a1300899b1bfd64000533c98fe67469d8624f754bdab4ce
Laurie Ann Williams,2020,https://scholar.google.com/citations?user=Cln2viUAAAAJ,,supported,metadata_and_publication_review,200,2026-09-16T19:27:38Z,Laurie Williams,"North Carolina State University, Computer Science, Distinguished Univ Prof, IEEE Fellow, ACM Fellow",https://dblp.org/pid/w/LaurieAWilliams,,0,missing,,,,,,/Users/jimmylin/workspace/bigcows-project/bigcows-crawler/.cache/acm-fellows-scholar-2026-09-16/cache.json,18a81be237680f34350c6a2db61a02b127bbf90971776e4df2440ebe79c2790c
Leandros Tassiulas,2020,https://scholar.google.com/citations?user=9qtgcZ8AAAAJ,,supported,name_and_2plus_dblp_titles,200,2026-09-16T19:27:44Z,Leandros Tassiulas,"Professor of Electrical Engineering, Yale University",https://dblp.org/pid/03/3843,Leandros Tassiulas,16,historical,2026-04-30,,,,,/Users/jimmylin/workspace/bigcows-project/bigcows-crawler/.cache/acm-fellows-scholar-2026-09-16/cache.json,3e8069cef76924778a38ca8f2fbd4e1442cf272f0aa589420cddae4093ab8dba
Lionel Briand,2020,https://scholar.google.com/citations?user=Zj897NoAAAAJ,,supported,name_and_2plus_dblp_titles,200,2026-09-16T19:27:51Z,Lionel Briand,"Professor, EECS, University of Ottawa, Canada and Research Ireland Lero Centre, Ireland",https://dblp.org/pid/93/1501,Lionel C. Briand,20,historical,2026-04-30,,,,,/Users/jimmylin/workspace/bigcows-project/bigcows-crawler/.cache/acm-fellows-scholar-2026-09-16/cache.json,796baaace96808abc2e8e8dbcac2f5eef7a310a1d82dbb18387c922dd3140e82
Lizy Kurian John,2020,https://scholar.google.com/citations?user=YPu9rWUAAAAJ,,supported,name_and_2plus_dblp_titles,200,2026-09-16T19:27:57Z,Lizy Kurian John,Truchard Foundation Chair and Professor at UT Austin ECE,https://dblp.org/pid/j/LizyKurianJohn,Lizy Kurian John,18,historical,2026-04-30,,,,,/Users/jimmylin/workspace/bigcows-project/bigcows-crawler/.cache/acm-fellows-scholar-2026-09-16/cache.json,c0477d0322fecb4f74715f51c2a00c9ba9d926a5297298037aa494c9933b1cc7
Maja Mataric,2020,https://scholar.google.com/citations?user=o5YQMkMAAAAJ,,supported,metadata_and_publication_review,200,2026-09-16T19:28:04Z,Maja J Matarić,"Chan Soon-Shiong Distinguished Prof. of Computer Science, Neuroscience, & Pediatrics, U. of Southern",https://dblp.org/pid/345/2118,,0,historical,2026-04-30,,,,,/Users/jimmylin/workspace/bigcows-project/bigcows-crawler/.cache/acm-fellows-scholar-2026-09-16/cache.json,652dc34849240f8065c5bfc74d3841c0a3cb5ef548e8beffcd3f7511e91d72a7
Manish Parashar,2020,https://scholar.google.com/citations?user=BGNzBsUAAAAJ,,supported,name_and_2plus_dblp_titles,200,2026-09-16T19:28:10Z,Manish Parashar,"Presidential Professor, SCI Inst Exec Director and Chair in Computational Science and Engineering",https://dblp.org/pid/p/ManishParashar,Manish Parashar,16,historical,2026-04-30,,,,,/Users/jimmylin/workspace/bigcows-project/bigcows-crawler/.cache/acm-fellows-scholar-2026-09-16/cache.json,105ab8140d8b8fd3b65193716e313f6b6a1d3eac97b10644a26b9e3cd5ea78f7
Manuel Blum,2020,,,unavailable,no_profile,,,,,https://dblp.org/pid/b/ManuelBlum,,0,no_profile,,no_verified_profile,,,,,
Martin Hellman,2020,,,unavailable,no_profile,,,,,https://dblp.org/pid/h/MartinEHellman,Martin E. Hellman,0,no_profile,,no_verified_profile,,,,,
Marybeth Rosson,2020,https://scholar.google.com/citations?user=1GUWOTEAAAAJ,,supported,name_and_2plus_dblp_titles,200,2026-09-16T19:28:16Z,Mary Beth Rosson,"Professor of Information Sciences & Technology, Pennsylvania State University",https://dblp.org/pid/r/MBRosson,Mary Beth Rosson,15,historical,2026-04-30,,,,,/Users/jimmylin/workspace/bigcows-project/bigcows-crawler/.cache/acm-fellows-scholar-2026-09-16/cache.json,154933e42aa8c5d0e63b76306b45c83bace8a9c081723bb3e69449ad591b50be
Mathieu Desbrun,2020,https://scholar.google.com/citations?user=a8ZyGisAAAAJ,,supported,name_and_2plus_dblp_titles,200,2026-09-16T19:30:49Z,Mathieu Desbrun,Inria & Ecole Polytechnique,https://dblp.org/pid/93/1994,Mathieu Desbrun,18,historical,2026-04-30,,,,,/Users/jimmylin/workspace/bigcows-project/bigcows-crawler/.cache/acm-fellows-scholar-2026-09-16/cache.json,c8e24c7589b7de62853ad3838909b960014077138882222ce22b019c651e778a
Matthew A Turk,2020,https://scholar.google.com/citations?user=KltleWgAAAAJ,,supported,name_and_2plus_dblp_titles,200,2026-09-16T19:30:56Z,Matthew Turk,UC Santa Barbara,https://dblp.org/pid/61/3381,Matthew Turk 0001,15,missing,,,,,,/Users/jimmylin/workspace/bigcows-project/bigcows-crawler/.cache/acm-fellows-scholar-2026-09-16/cache.json,d4b2345bf79860fdad2561e93de1bed2bd4c425445d8b2585390e1d5e8e910e8
Meredith Ringel Morris,2020,https://scholar.google.com/citations?user=eJsW6W8AAAAJ,,supported,name_and_2plus_dblp_titles,200,2026-09-16T19:31:03Z,Meredith Ringel Morris,"Director, Post-AGI Interaction Research, Google DeepMind",https://dblp.org/pid/m/MeredithRingelMorris,Meredith Ringel Morris,18,historical,2026-04-30,,,,,/Users/jimmylin/workspace/bigcows-project/bigcows-crawler/.cache/acm-fellows-scholar-2026-09-16/cache.json,2988d42054ec6128d435a57f37a40e191e7f4bac4a5ac269a0208260e2619325
Michael J Zyda,2020,https://scholar.google.com/citations?user=qPWq9YwAAAAJ,,supported,name_and_2plus_dblp_titles,200,2026-09-16T19:31:10Z,MIchael Zyda,"Emeritus Professor of Engineering Practice, University of Southern California",https://dblp.org/pid/z/MichaelZyda,Michael Zyda,13,missing,,,,,,/Users/jimmylin/workspace/bigcows-project/bigcows-crawler/.cache/acm-fellows-scholar-2026-09-16/cache.json,9297e105dd46edecc079d1220630f469ab16ea4e702c2870990534e6382005ce
Michael O. Rabin,2020,https://scholar.google.com/citations?user=_UUtVF4AAAAJ,,supported,name_and_2plus_dblp_titles,200,2026-09-16T19:31:17Z,Michael Rabin,"Professor, Harvard University",https://dblp.org/pid/r/MORabin,Michael O. Rabin,9,historical,2026-04-30,,,,,/Users/jimmylin/workspace/bigcows-project/bigcows-crawler/.cache/acm-fellows-scholar-2026-09-16/cache.json,95f1f88c30f44647fd4d08a87455d13ec27a83b96eebb4768d18e3cf244e10a9
Moni Naor,2020,https://scholar.google.com/citations?user=stSUaHAAAAAJ,,supported,name_and_2plus_dblp_titles,200,2026-09-16T19:31:24Z,Moni Naor,"Professor of Computer Science, Weizmann Institute of Science",https://dblp.org/pid/n/MoniNaor,Moni Naor,20,historical,2026-04-30,,,,,/Users/jimmylin/workspace/bigcows-project/bigcows-crawler/.cache/acm-fellows-scholar-2026-09-16/cache.json,5fc82a000d873f4d1a05b5f42586d835274c5c547a0f2fdf8c83e2ccde8bb885
Moses Charikar,2020,https://scholar.google.com/citations?user=zX3ba1kAAAAJ,,supported,name_and_2plus_dblp_titles,200,2026-09-16T19:31:31Z,Moses Charikar,"Professor of Computer Science, Stanford University",https://dblp.org/pid/c/MosesCharikar,Moses Charikar,19,historical,2026-04-30,,,,,/Users/jimmylin/workspace/bigcows-project/bigcows-crawler/.cache/acm-fellows-scholar-2026-09-16/cache.json,9d76a8d76c50af0be6d0484c4d6649dacb12e68acb16ba58a507ba48a34e4ec6
Nachiappan Nagappan,2020,https://scholar.google.com/citations?user=Nzx_7P8AAAAJ,,supported,name_and_2plus_dblp_titles,200,2026-09-16T19:31:37Z,Nachiappan Nagappan,Facebook,https://dblp.org/pid/91/1758,Nachiappan Nagappan,19,historical,2026-04-30,,,,,/Users/jimmylin/workspace/bigcows-project/bigcows-crawler/.cache/acm-fellows-scholar-2026-09-16/cache.json,e2390926043f6909c8c4ec04077bede4e25767b5816555b0f76550bb29a9199f
Nam Sung Kim,2020,https://scholar.google.com/citations?user=iccBxJIAAAAJ,,supported,name_and_2plus_dblp_titles,200,2026-09-16T19:31:43Z,Nam Sung Kim,"W.J. ‘Jerry’ Sanders III – AMD, Inc. Endowed Chair Professor and Fellow of ACM/IEEE",https://dblp.org/pid/13/6350,Nam-Sung Kim,2,historical,2026-04-30,,,,,/Users/jimmylin/workspace/bigcows-project/bigcows-crawler/.cache/acm-fellows-scholar-2026-09-16/cache.json,d4aa859f73b83eb93b8bed1826ee5d351dd5f1211543ecff53c358d5909e2f2f
Nicholas Duffield,2020,https://scholar.google.com/citations?user=hrQOcZcAAAAJ,,supported,metadata_and_publication_review,200,2026-09-16T19:31:50Z,Nick Duffield,"Director, Texas A&M Institute of Data Science; Royce E. Wisenbaker Professorship I in ECE",https://dblp.org/pid/305/3075,,0,historical,2026-04-30,,,,,/Users/jimmylin/workspace/bigcows-project/bigcows-crawler/.cache/acm-fellows-scholar-2026-09-16/cache.json,ecffbd8c5cfc077fc390e89f58327efe25227c7ef622fd2de004e50b35b14e9e
Nicholas Higham,2020,https://scholar.google.com/citations?user=EYlMkOgAAAAJ,,supported,name_and_2plus_dblp_titles,200,2026-09-16T19:31:57Z,Nicholas J. Higham,"Royal Society Research Prof, Richardson Prof of Applied Mathematics, University of Manchester",https://dblp.org/pid/99/756,Nicholas J. Higham,12,historical,2026-04-30,,,,,/Users/jimmylin/workspace/bigcows-project/bigcows-crawler/.cache/acm-fellows-scholar-2026-09-16/cache.json,a87898a8234e5861348304e2c0bb163805cd189499e0d7fb435e94c304c6f06c
Olga Sorkine-Hornung,2020,https://scholar.google.com/citations?user=GBU568oAAAAJ,,supported,name_and_2plus_dblp_titles,200,2026-09-16T19:32:03Z,Olga Sorkine-Hornung,"Professor of Computer Science, ETH Zurich",https://dblp.org/pid/s/OlgaSorkine,Olga Sorkine-Hornung,17,historical,2026-04-30,,,,,/Users/jimmylin/workspace/bigcows-project/bigcows-crawler/.cache/acm-fellows-scholar-2026-09-16/cache.json,ed1aaa48f3dca3fbd47fa624a289b159d632b87b63b5f77270a9f68973e6fc81
Olga Troyanskaya,2020,https://scholar.google.com/citations?user=PjCDBjIAAAAJ,,supported,name_and_2plus_dblp_titles,200,2026-09-16T19:32:10Z,Olga Troyanskaya,"Princeton University and Flatiron Institute, Simons Foundation",https://dblp.org/pid/09/2486,Olga G. Troyanskaya,3,historical,2026-04-30,,,,,/Users/jimmylin/workspace/bigcows-project/bigcows-crawler/.cache/acm-fellows-scholar-2026-09-16/cache.json,f639e61412fffd04f321ae4305b9edd057961a94af7386b70b7ceca0cf07b59f
Patrick Cousot,2020,https://scholar.google.com/citations?user=mhlvI8wAAAAJ,,supported,name_and_2plus_dblp_titles,200,2026-09-16T19:32:17Z,Patrick Cousot,"Professor of Computer Science, Courant Institute of Mathematical Sciences, New York University",https://dblp.org/pid/c/PCousot,Patrick Cousot,16,historical,2026-04-30,,,,,/Users/jimmylin/workspace/bigcows-project/bigcows-crawler/.cache/acm-fellows-scholar-2026-09-16/cache.json,72f98353473f5330c41b3d5d373ffd3a7bc65814a9ddbbe95302b855caca4a06
Paul Resnick,2020,https://scholar.google.com/citations?user=SftrEEMAAAAJ,,supported,name_and_2plus_dblp_titles,200,2026-09-16T19:32:23Z,Paul Resnick,University of Michigan,https://dblp.org/pid/r/PaulResnick,Paul Resnick,13,historical,2026-04-30,,,,,/Users/jimmylin/workspace/bigcows-project/bigcows-crawler/.cache/acm-fellows-scholar-2026-09-16/cache.json,f1003fbbefc6383d1ddaab08d39c6a51e9055bd13c971630b0563de569116975
Peter Stone,2020,https://scholar.google.com/citations?user=qnwjcfAAAAAJ,,supported,name_and_2plus_dblp_titles,200,2026-09-16T19:32:30Z,Peter Stone,"Professor of Computer Science, The University of Texas at Austin",https://dblp.org/pid/s/PeterStone,Peter Stone 0001,19,missing,,,,,,/Users/jimmylin/workspace/bigcows-project/bigcows-crawler/.cache/acm-fellows-scholar-2026-09-16/cache.json,7e2258defe5aa88f0685f58ff517b78228536f6996ee1348eb611f88fc2eb8ed
Prakash Panangaden,2020,https://scholar.google.com/citations?user=IROzEKQAAAAJ,,supported,name_and_2plus_dblp_titles,200,2026-09-16T19:32:36Z,Prakash Panangaden,"Professor of Computer Science, McGill University",https://dblp.org/pid/p/PPanangaden,Prakash Panangaden,17,historical,2026-04-30,,,,,/Users/jimmylin/workspace/bigcows-project/bigcows-crawler/.cache/acm-fellows-scholar-2026-09-16/cache.json,fa5b0348d7e4822c5640800ac9a40f4f8080e3ed56c05c32016fa256410a5eee
Radhika Nagpal,2020,https://scholar.google.com/citations?user=a3ZGDsoAAAAJ,,supported,name_and_2plus_dblp_titles,200,2026-09-16T19:32:42Z,Radhika Nagpal,Harvard University,https://dblp.org/pid/84/5637,Radhika Nagpal,13,historical,2026-04-30,,,,,/Users/jimmylin/workspace/bigcows-project/bigcows-crawler/.cache/acm-fellows-scholar-2026-09-16/cache.json,5661c3bbfa4cedc935b68fe0a6d97b03f3c166676d85862c0630cc240b1fc110
Ran Canetti,2020,https://scholar.google.com/citations?user=-PWcE1YAAAAJ,,supported,metadata_and_publication_review,200,2026-09-16T19:32:49Z,Ran Canetti,"Professor of Computer Science, Boston University",https://dblp.org/pid/c/RanCanetti,,0,historical,2026-04-30,,,,,/Users/jimmylin/workspace/bigcows-project/bigcows-crawler/.cache/acm-fellows-scholar-2026-09-16/cache.json,4c09654634bb5d9c36efb5d4a143b37b4929664781b5c3d9a5d50e885768dbfe
Ravi Kumar,2020,https://scholar.google.com/citations?user=J_XhIsgAAAAJ,,supported,metadata_and_publication_review,200,2026-09-16T19:32:56Z,Ravi Kumar,Google,https://dblp.org/pid/183/6742,Anil Kumar Tirumala Ravi Kumar,0,historical,2026-04-30,,,,,/Users/jimmylin/workspace/bigcows-project/bigcows-crawler/.cache/acm-fellows-scholar-2026-09-16/cache.json,c0a29e307cf97208482342f6f8d24e44a45e4f031bb88eda1f5552023302b5f4
Remzi Arpaci-Dusseau,2020,https://scholar.google.com/citations?user=C1skWKgAAAAJ,,supported,name_and_2plus_dblp_titles,200,2026-09-16T19:33:02Z,Remzi Arpaci-Dusseau,University of Wisconsin-Madison,https://dblp.org/pid/a/RemziHArpaciDusseau,Remzi H. Arpaci-Dusseau,18,historical,2026-04-30,,,,,/Users/jimmylin/workspace/bigcows-project/bigcows-crawler/.cache/acm-fellows-scholar-2026-09-16/cache.json,a100a99870138814dfd80e71eac42a7f19a71d2c3c2d4af711aaa7e8aba0fbfa
Rick Stevens,2020,https://scholar.google.com/citations?user=2oSSsLYAAAAJ,,supported,name_and_2plus_dblp_titles,200,2026-09-16T19:33:09Z,Rick Stevens,"Professor of Computer Science, University of Chicago",https://dblp.org/pid/s/RickLStevens,Rick L. Stevens,9,historical,2026-04-30,,,,,/Users/jimmylin/workspace/bigcows-project/bigcows-crawler/.cache/acm-fellows-scholar-2026-09-16/cache.json,7a5c1068ade1227cf7391772a1c27226045742c617349d392db2165237e48bfe
Sam H. Noh,2020,https://scholar.google.com/citations?user=i5lr8uEAAAAJ,,supported,name_and_2plus_dblp_titles,200,2026-09-16T19:33:15Z,Sam H. Noh,"Professor of Computer Science, Virginia Tech",https://dblp.org/pid/81/970,Sam H. Noh,18,historical,2026-04-30,,,,,/Users/jimmylin/workspace/bigcows-project/bigcows-crawler/.cache/acm-fellows-scholar-2026-09-16/cache.json,7f4ccde7915898e313b1a879c096eb6e5f89ac307ed1b4bd51b143b368f42179
Samuel Madden,2020,https://scholar.google.com/citations?user=a1ngrCIAAAAJ,,supported,name_and_2plus_dblp_titles,200,2026-09-16T19:33:22Z,Samuel Madden,MIT,https://dblp.org/pid/m/SamuelMadden,Samuel Madden 0001,20,historical,2026-04-30,,,,,/Users/jimmylin/workspace/bigcows-project/bigcows-crawler/.cache/acm-fellows-scholar-2026-09-16/cache.json,c9637587ced17ae9f076c50ce7b8bdf7db9206a95c195ebe9b57bcaa7f2ea998
Sanjay Ghemawat,2020,https://scholar.google.com/citations?user=0KF6ZC8AAAAJ,,supported,name_and_2plus_dblp_titles,200,2026-09-16T19:33:28Z,Sanjay Ghemawat,Google,https://dblp.org/pid/g/SGhemawat,Sanjay Ghemawat,11,historical,2026-04-30,,,,,/Users/jimmylin/workspace/bigcows-project/bigcows-crawler/.cache/acm-fellows-scholar-2026-09-16/cache.json,32ffa270ef30a997fa1979a83c0db29a64fe8f3e81688d86c918fa2b23b06c52
Sanjit Arunkumar Seshia,2020,https://scholar.google.com/citations?user=SlZavnIAAAAJ,,supported,metadata_and_publication_review,200,2026-09-16T19:35:51Z,Sanjit A. Seshia,"Professor of EECS, University of California, Berkeley",https://dblp.org/pid/s/SanjitASeshia,,0,missing,,,,,,/Users/jimmylin/workspace/bigcows-project/bigcows-crawler/.cache/acm-fellows-scholar-2026-09-16/cache.json,24f3de8127f318be417d17ac55cf14976f3b12fe12dadbc695507cef44b5d670
Scott Mahlke,2020,https://scholar.google.com/citations?user=-XpZ4fgAAAAJ,,supported,name_and_2plus_dblp_titles,200,2026-09-16T19:35:58Z,Scott Mahlke,"Professor, Electrical Engineering and Computer Science Dept., University of Michigan",https://dblp.org/pid/m/SAMahlke,Scott A. Mahlke,20,historical,2026-04-30,,,,,/Users/jimmylin/workspace/bigcows-project/bigcows-crawler/.cache/acm-fellows-scholar-2026-09-16/cache.json,f2e345514bd435c8597924fd75e5a28d091d22186d301bf96d4cf60f8d4752e4
Sethuraman Panchanathan,2020,https://scholar.google.com/citations?user=GKTKZ8kAAAAJ,,supported,name_and_2plus_dblp_titles,200,2026-09-16T19:36:06Z,Sethuraman Panchanathan,"Professor of Computer Science and Engineering, Arizona State University",https://dblp.org/pid/31/6591,Sethuraman Panchanathan,16,historical,2026-04-30,,,,,/Users/jimmylin/workspace/bigcows-project/bigcows-crawler/.cache/acm-fellows-scholar-2026-09-16/cache.json,c73d9cfbde7fc7aa8ae56aad6033062ef0105207b3ba2c9ebf78bd6b4f99f01a
Shuicheng Yan,2020,https://scholar.google.com/citations?user=DNuiPHwAAAAJ,,supported,name_and_2plus_dblp_titles,200,2026-09-16T19:36:13Z,Shuicheng Yan,"National University of Singapore | Professor, Incubation Advisor",https://dblp.org/pid/y/ShuichengYan,Shuicheng Yan,20,historical,2026-04-30,,,,,/Users/jimmylin/workspace/bigcows-project/bigcows-crawler/.cache/acm-fellows-scholar-2026-09-16/cache.json,5d1350078e67007d395fcda31d3efea7e1a7aa5d4f411e0a409527c5c68c4de6
Srinivas Aluru,2020,https://scholar.google.com/citations?user=YOGOScoAAAAJ,,supported,name_and_2plus_dblp_titles,200,2026-09-16T19:36:19Z,Srinivas Aluru,"Regents' Professor and Senior Associate Dean, College of Computing, Georgia Tech",https://dblp.org/pid/a/SAluru,Srinivas Aluru,11,historical,2026-04-30,,,,,/Users/jimmylin/workspace/bigcows-project/bigcows-crawler/.cache/acm-fellows-scholar-2026-09-16/cache.json,e5a7cf86959b1d5526a1b5fdb6b6a392aa2e7b83d7452dc661042f8c2e7ce28e
Steven Gribble,2020,https://scholar.google.com/citations?user=7CohtIMAAAAJ,,supported,name_and_2plus_dblp_titles,200,2026-09-16T19:36:26Z,Steve Gribble,Distinguished software engineer at google,https://dblp.org/pid/g/StevenDGribble,Steve D. Gribble,17,historical,2026-04-30,,,,,/Users/jimmylin/workspace/bigcows-project/bigcows-crawler/.cache/acm-fellows-scholar-2026-09-16/cache.json,7f127dc05a7d8781e0f5b903231d93758a2e3d522e54c03d7795391e8441f2d1
Steven H. Low,2020,https://scholar.google.com/citations?user=4BrebIYAAAAJ,,supported,name_and_2plus_dblp_titles,200,2026-09-16T19:36:33Z,Steven H. Low,"Gilloon Professor of Computing+Mathematical Sciences, Electrical Engineering, Caltech",https://dblp.org/pid/l/StevenHLow,Steven H. Low,14,historical,2026-04-30,,,,,/Users/jimmylin/workspace/bigcows-project/bigcows-crawler/.cache/acm-fellows-scholar-2026-09-16/cache.json,d677723730d6b4d10486ca4589a0db9b90290750dcea467f4a985901833598f8
Steven Salzberg,2020,https://scholar.google.com/citations?user=sUVeH-4AAAAJ,,supported,name_and_2plus_dblp_titles,200,2026-09-16T19:36:39Z,Steven Salzberg,"Bloomberg Distinguished Professor, Johns Hopkins University",https://dblp.org/pid/s/StevenSalzberg,Steven Salzberg,3,historical,2026-04-30,,,,,/Users/jimmylin/workspace/bigcows-project/bigcows-crawler/.cache/acm-fellows-scholar-2026-09-16/cache.json,98a16a3d6198f888e963d9b1d02f3c3f769149440693d4631c53fb081fb10a28
Suman Banerjee,2020,https://scholar.google.com/citations?user=cLb-v7gAAAAJ,,supported,metadata_and_publication_review,200,2026-09-16T19:36:46Z,Suman Banerjee,UW-Madison,https://dblp.org/pid/345/5455,Suman Banerjee,0,historical,2026-04-30,,,,,/Users/jimmylin/workspace/bigcows-project/bigcows-crawler/.cache/acm-fellows-scholar-2026-09-16/cache.json,02f640015ce4dd8c922918a181f1f1de8afe5b7a2fcdaa32e53958f1a1c07fec
Susanne E Hambrusch,2020,https://scholar.google.com/citations?user=5k0KS3UAAAAJ,,supported,name_and_2plus_dblp_titles,200,2026-09-16T19:36:53Z,Susanne Hambrusch,"Professor, Purdue University",https://dblp.org/pid/h/SusanneSHambrusch,Susanne E. Hambrusch,19,missing,,,,,,/Users/jimmylin/workspace/bigcows-project/bigcows-crawler/.cache/acm-fellows-scholar-2026-09-16/cache.json,7abc1b728e2f3032785800d782e0f1102c2b2adce8ae20b8745af55e57e585e5
Sven Koenig,2020,https://scholar.google.com/citations?user=tpoh43QAAAAJ,,supported,metadata_and_publication_review,200,2026-09-16T19:37:00Z,Sven Koenig,"Chancellor's Professor and Bren Chair, UC Irvine",https://dblp.org/pid/k/SvenKoenig,,0,historical,2026-04-30,,,,,/Users/jimmylin/workspace/bigcows-project/bigcows-crawler/.cache/acm-fellows-scholar-2026-09-16/cache.json,c389aec1841a11ca3b99593a9d16e96f756e87287058d4203e908d2573cae78e
Thomas Eiter,2020,https://scholar.google.com/citations?user=X1L03cIAAAAJ,,supported,name_and_2plus_dblp_titles,200,2026-09-16T19:37:06Z,Thomas Eiter,Vienna University of Technology (TU Wien),https://dblp.org/pid/e/TEiter,Thomas Eiter,16,historical,2026-04-30,,,,,/Users/jimmylin/workspace/bigcows-project/bigcows-crawler/.cache/acm-fellows-scholar-2026-09-16/cache.json,6ae54ca6d949adb52317e1f3223a2c3a16ca282a70f0f97f8b3453644aad4900
Toby Walsh,2020,https://scholar.google.com/citations?user=oOQ6x0IAAAAJ,,supported,name_and_2plus_dblp_titles,200,2026-09-16T19:37:13Z,Toby Walsh,"Professor, UNSW and CSIRO Data61",https://dblp.org/pid/86/2576,Toby Walsh,17,historical,2026-04-30,,,,,/Users/jimmylin/workspace/bigcows-project/bigcows-crawler/.cache/acm-fellows-scholar-2026-09-16/cache.json,091fc702824bc33b2aaf6a5f6d656945c1db74a75b01a953a072c53fb7a53e04
Volker Markl,2020,https://scholar.google.com/citations?user=el2k_oIAAAAJ,,supported,name_and_2plus_dblp_titles,200,2026-09-16T19:37:20Z,Volker Markl,Technische Universität Berlin / BIFOLD / DFKI,https://dblp.org/pid/m/VMarkl,Volker Markl,17,historical,2026-04-30,,,,,/Users/jimmylin/workspace/bigcows-project/bigcows-crawler/.cache/acm-fellows-scholar-2026-09-16/cache.json,8fa12e7702c848314a0dbf7c908e6d22d6d2f4f31fd052e284321fe80d9722e2
Wang Yi,2020,https://scholar.google.com/citations?user=_ynjrUUAAAAJ,,supported,metadata_and_publication_review,200,2026-09-16T19:37:27Z,Wang Yi,"Professor of Embedded Systems, Uppsala University",https://dblp.org/pid/y/WangYi,,0,missing,,,,,,/Users/jimmylin/workspace/bigcows-project/bigcows-crawler/.cache/acm-fellows-scholar-2026-09-16/cache.json,5a56bfa80d020ba112043c36a80ab838ed3efdda9b614706c8199d2e9b916c7b
Wei Wang,2020,https://scholar.google.com/citations?user=08CVzE8AAAAJ,,supported,recent_verified_resolution,200,2026-09-17T00:33:51Z,Wei Wang,"Leonard Kleinrock Professor in Computer Science, UCLA",https://dblp.org/pid/w/WeiWang11,,0,missing,,,,,,tmp/scholar-45-resolution/verified-cache.json,62a8033505cf9fb4be209411eb664b029bd1a3c97b1298be452670c453666a4d
Whitfield Diffie,2020,,,unavailable,no_profile,,,,,https://dblp.org/pid/93/2898,Whitfield Diffie,0,no_profile,,no_verified_profile,,,,,
Wil Van Der Aalst,2020,https://scholar.google.com/citations?user=aSZYyxIAAAAJ,,supported,name_and_2plus_dblp_titles,200,2026-09-16T19:37:40Z,Wil van der Aalst,"Professor of Process and Data Science, RWTH Aachen University || Celonis || Fraunhofer FIT || TU/e",https://dblp.org/pid/a/WilMPvanderAalst,Wil M. P. van der Aalst,16,missing,,,,,,/Users/jimmylin/workspace/bigcows-project/bigcows-crawler/.cache/acm-fellows-scholar-2026-09-16/cache.json,2094548fb048be7dcece7b3b0678f2d11c4281596971c3b12e43fb6ba0179112
Xuelong Li,2020,https://scholar.google.com/citations?user=ahUibskAAAAJ,,supported,metadata_and_publication_review,200,2026-09-16T19:37:47Z,Xuelong LI 李学龙,"中国电信人工智能研究院 (TeleAI, China Telecom)",https://dblp.org/pid/329/9191,,0,historical,2026-04-30,,,,,/Users/jimmylin/workspace/bigcows-project/bigcows-crawler/.cache/acm-fellows-scholar-2026-09-16/cache.json,aa7249c4c7ada6021305bcff0c30639abb280040822935ce63c1ec5d7c682393
Yao-Wen Chang,2020,https://scholar.google.com/citations?user=qKJ_7jAAAAAJ,,supported,name_and_2plus_dblp_titles,200,2026-09-16T19:37:53Z,Yao-Wen Chang,National Taiwan University,https://dblp.org/pid/c/YaoWenChang,Yao-Wen Chang,17,missing,,,,,,/Users/jimmylin/workspace/bigcows-project/bigcows-crawler/.cache/acm-fellows-scholar-2026-09-16/cache.json,ad7879678af447ef3134f1deb7492d2b5aaa41ccf6b8c2323ac5318650459ae8
Yiran Chen,2020,https://scholar.google.com/citations?user=3G-nnjMAAAAJ,,supported,metadata_and_publication_review,200,2026-09-16T19:38:01Z,Yiran Chen,"John Cocke Distinguished Professor of Electrical and Computer Engineering, Duke University",https://dblp.org/pid/80/1641,,0,historical,2026-04-30,,,,,/Users/jimmylin/workspace/bigcows-project/bigcows-crawler/.cache/acm-fellows-scholar-2026-09-16/cache.json,8e704986d62a537ea237b393e5094c691c0113547b5097a9d58168da2b2b2302
Yufei Tao,2020,https://scholar.google.com/citations?user=3FmJBHkAAAAJ,,supported,name_and_2plus_dblp_titles,200,2026-09-16T19:38:06Z,Yufei Tao,Chinese University of Hong Kong,https://dblp.org/pid/t/YufeiTao,Yufei Tao 0001,20,historical,2026-04-30,,,,,/Users/jimmylin/workspace/bigcows-project/bigcows-crawler/.cache/acm-fellows-scholar-2026-09-16/cache.json,beb13b01423afff4f50f078759455c7c83ac7ddbc88c27ba56547beb6ff4ac2b
Andreas Reuter,2019,,,unavailable,no_profile,,,,,https://dblp.org/pid/r/AReuter,Andreas Reuter 0001,0,no_profile,,no_verified_profile,,,,,
Bradley G Calder,2019,https://scholar.google.com/citations?user=ToaGb5YAAAAJ,,supported,metadata_and_publication_review,200,2026-09-16T19:38:14Z,Brad Calder,Google,https://dblp.org/pid/c/BradCalder,,0,missing,,,,,,/Users/jimmylin/workspace/bigcows-project/bigcows-crawler/.cache/acm-fellows-scholar-2026-09-16/cache.json,450ac84f5d195cefbd10eeaf4aa8ced7febe23a2dccbb28d480d99c9ab804589
Carlo A Zaniolo,2019,https://scholar.google.com/citations?user=f8FjAtMAAAAJ,,supported,metadata_and_publication_review,200,2026-09-16T19:38:21Z,Carlo Zaniolo,"Professor of Computer Science, University of California, Los Angeles",https://dblp.org/pid/z/CZaniolo,,0,missing,,,,,,/Users/jimmylin/workspace/bigcows-project/bigcows-crawler/.cache/acm-fellows-scholar-2026-09-16/cache.json,d4eef97a5debc0db674d2c00a1e8dc9d93836103d07360172db2e7514baab441
Christian Cachin,2019,https://scholar.google.com/citations?user=c8zferMAAAAJ,,supported,name_and_2plus_dblp_titles,200,2026-09-16T19:38:29Z,Christian Cachin,"University of Bern, Cryptology and Data Security Group",https://dblp.org/pid/c/ChristianCachin,Christian Cachin,16,historical,2026-04-30,,,,,/Users/jimmylin/workspace/bigcows-project/bigcows-crawler/.cache/acm-fellows-scholar-2026-09-16/cache.json,740db6e455554445d56e88db60af1cb7b0b1116ab200482b7a4e6fc136e2c84b
Claire Cardie,2019,https://scholar.google.com/citations?user=ex9BQiIAAAAJ,,supported,name_and_2plus_dblp_titles,200,2026-09-16T19:38:35Z,Claire Cardie,"Professor of Computer Science, Cornell University",https://dblp.org/pid/c/ClaireCardie,Claire Cardie,17,historical,2026-04-30,,,,,/Users/jimmylin/workspace/bigcows-project/bigcows-crawler/.cache/acm-fellows-scholar-2026-09-16/cache.json,430a0d24f011d2039c6ddbb7a082b36d6e5d9341d06ca3ac0f177e50bfb2c451
Dacheng Tao,2019,https://scholar.google.com/citations?user=RwlJNLcAAAAJ,,supported,name_and_2plus_dblp_titles,200,2026-09-16T19:41:09Z,Dacheng Tao,Nanyang Technological University,https://dblp.org/pid/46/3391,Dacheng Tao,18,historical,2026-04-30,,,,,/Users/jimmylin/workspace/bigcows-project/bigcows-crawler/.cache/acm-fellows-scholar-2026-09-16/cache.json,7829f36905144be88b507532c8481706304d98dcddaffbf3fac6234568a36b7c
Darrell Whitley,2019,https://scholar.google.com/citations?user=0VzUxIcAAAAJ,,supported,name_and_2plus_dblp_titles,200,2026-09-16T19:41:17Z,L. Darrell Whitley,"Professor of Computer Science, Colorado State University",https://dblp.org/pid/w/LDarrellWhitley,L. Darrell Whitley,11,historical,2026-04-30,,,,,/Users/jimmylin/workspace/bigcows-project/bigcows-crawler/.cache/acm-fellows-scholar-2026-09-16/cache.json,590bebef4fffc99b42fc2e9cdb519a6eb0e2fceb9ec46ee087458b06aeb1bb5b
Dawn Song,2019,https://scholar.google.com/citations?user=84WzBlYAAAAJ,,supported,name_and_2plus_dblp_titles,200,2026-09-16T19:41:23Z,Dawn Song,"Professor of Computer Science, UC Berkeley",https://dblp.org/pid/s/DXSong,Dawn Song,20,historical,2026-04-30,,,,,/Users/jimmylin/workspace/bigcows-project/bigcows-crawler/.cache/acm-fellows-scholar-2026-09-16/cache.json,8361b8d4dc8d46ebd454320e43efad06e3f67c741f0ce25582b7c40c4dd461bd
Deborah Frincke,2019,https://scholar.google.com/citations?user=LO7ZkPgAAAAJ,,supported,name_and_2plus_dblp_titles,200,2026-09-16T19:41:29Z,Deb Frincke,"Associate Laboratory Director Sandia National Laboratories, head of National Security Programs",https://dblp.org/pid/01/2316,Deborah A. Frincke,14,historical,2026-04-30,,,,,/Users/jimmylin/workspace/bigcows-project/bigcows-crawler/.cache/acm-fellows-scholar-2026-09-16/cache.json,c7d5e312359f3aae2d9bff2ed65ad5790e9cb9b0ec4b076d28c37cad7cf5be8b
Diana Marculescu,2019,https://scholar.google.com/citations?user=MRHzTAIAAAAJ,,supported,name_and_2plus_dblp_titles,200,2026-09-16T19:41:37Z,Diana Marculescu,The University of Texas at Austin,https://dblp.org/pid/59/2715,Diana Marculescu,20,historical,2026-04-30,,,,,/Users/jimmylin/workspace/bigcows-project/bigcows-crawler/.cache/acm-fellows-scholar-2026-09-16/cache.json,056bf38b5becee4f966d9d3eeacfc731764b2266995a5fe48ce49d4b3f67fd34
Diego Calvanese,2019,https://scholar.google.com/citations?user=We0kRfEAAAAJ,,supported,name_and_2plus_dblp_titles,200,2026-09-16T19:41:44Z,Diego Calvanese,"Prof. of Computer Science, KRDB, Free Univ. of Bozen-Bolzano; Wallenberg Visiting Prof., Umeå Univ.",https://dblp.org/pid/c/DiegoCalvanese,Diego Calvanese,19,historical,2026-04-30,,,,,/Users/jimmylin/workspace/bigcows-project/bigcows-crawler/.cache/acm-fellows-scholar-2026-09-16/cache.json,2cb7ef0c15b210840e42ae4e0e7c65134964d2b29e6601ebac0ccdd2b7a318a4
Elena Ferrari,2019,,,unavailable,no_profile,,,,,https://dblp.org/pid/f/ElenaFerrari,Elena Ferrari 0001,0,no_profile,,no_verified_profile,,,,,
Elizabeth Frances Churchill,2019,https://scholar.google.com/citations?user=wZB07xAAAAAJ,,supported,metadata_and_publication_review,200,2026-09-16T19:41:50Z,Elizabeth Churchill,Google,https://dblp.org/pid/99/3360,,0,missing,,,,,,/Users/jimmylin/workspace/bigcows-project/bigcows-crawler/.cache/acm-fellows-scholar-2026-09-16/cache.json,07b42cda086bea318341c4312311072366d381b01bbd2c0a1965ec8b5d56a9a7
Emery David Berger,2019,https://scholar.google.com/citations?user=RaHaArkAAAAJ,,supported,metadata_and_publication_review,200,2026-09-16T19:41:57Z,Emery D. Berger,"Professor of Computer Science, University of Massachusetts Amherst; Amazon Scholar; ACM Fellow",https://dblp.org/pid/98/4487,,0,missing,,,,,,/Users/jimmylin/workspace/bigcows-project/bigcows-crawler/.cache/acm-fellows-scholar-2026-09-16/cache.json,b1ea393bff025294a0f47886422bccd178aee8380002295b390341d08cecc1be
Giovanni Vigna,2019,https://scholar.google.com/citations?user=2eM6GocAAAAJ,,supported,name_and_2plus_dblp_titles,200,2026-09-16T19:42:04Z,Giovanni Vigna,UC Santa Barbara and VMware,https://dblp.org/pid/v/GiovanniVigna,Giovanni Vigna,18,historical,2026-04-30,,,,,/Users/jimmylin/workspace/bigcows-project/bigcows-crawler/.cache/acm-fellows-scholar-2026-09-16/cache.json,32d7645ac542c78f1f1986f15ed1ba21f881381bfff746e2459909218ea398f5
Hanspeter Pfister,2019,https://scholar.google.com/citations?user=VWX-GMAAAAAJ,,supported,name_and_2plus_dblp_titles,200,2026-09-16T19:42:10Z,Hanspeter Pfister,"An Wang Professor of Computer Science, Harvard University",https://dblp.org/pid/p/HanspeterPfister,Hanspeter Pfister,16,historical,2026-04-30,,,,,/Users/jimmylin/workspace/bigcows-project/bigcows-crawler/.cache/acm-fellows-scholar-2026-09-16/cache.json,6a03cd896e54d0e2a58cce20ea303d4fbe66f83c75c8aa430ff3e0df4416cb26
Jason Nieh,2019,https://scholar.google.com/citations?user=e84VgEYAAAAJ,,supported,name_and_2plus_dblp_titles,200,2026-09-16T19:42:17Z,Jason Nieh,"Professor of Computer Science, Columbia University",https://dblp.org/pid/n/JasonNieh,Jason Nieh,17,missing,,,,,,/Users/jimmylin/workspace/bigcows-project/bigcows-crawler/.cache/acm-fellows-scholar-2026-09-16/cache.json,483c1e7613b98e515a157a3157562940166501779bf427ea454ce71cb85787cc
Jeffrey S Rosenschein,2019,https://scholar.google.com/citations?user=TIQlTAEAAAAJ,,supported,name_and_2plus_dblp_titles,200,2026-09-16T19:42:24Z,Jeffrey S. Rosenschein,"Professor of Computer Science, The Hebrew University of Jerusalem",https://dblp.org/pid/r/JeffreySRosenschein,Jeffrey S. Rosenschein,18,historical,2026-04-30,,,,,/Users/jimmylin/workspace/bigcows-project/bigcows-crawler/.cache/acm-fellows-scholar-2026-09-16/cache.json,6d8c5f9963c89089832f2176eefa06989b79450cd6386019167661e75111de74
Kanianthra Mani Chandy,2019,https://scholar.google.com/citations?user=_e1E9DQAAAAJ,,supported,name_and_2plus_dblp_titles,200,2026-09-16T19:42:31Z,K Mani Chandy,California Institute of Technology,https://dblp.org/pid/c/KManiChandy,K. Mani Chandy,15,missing,,,,,,/Users/jimmylin/workspace/bigcows-project/bigcows-crawler/.cache/acm-fellows-scholar-2026-09-16/cache.json,db0a055cdd30addc8f75eb9aad5500d2f9992d1f5d2bbdc7255bdd4c43c07b0a
Kavita Bala,2019,https://scholar.google.com/citations?user=Rh16nsIAAAAJ,,supported,name_and_2plus_dblp_titles,200,2026-09-16T19:42:38Z,Kavita Bala,Cornell University,https://dblp.org/pid/b/KavitaBala,Kavita Bala,19,historical,2026-04-30,,,,,/Users/jimmylin/workspace/bigcows-project/bigcows-crawler/.cache/acm-fellows-scholar-2026-09-16/cache.json,6f1cc84e5bf7420e63a643358c563f6be78088110cd60584699b19e3aefe2be3
Lidong Zhou,2019,https://scholar.google.com/citations?user=rillZYsAAAAJ,,supported,name_and_2plus_dblp_titles,200,2026-09-16T19:42:44Z,Lidong Zhou,Microsoft Research,https://dblp.org/pid/z/LidongZhou,Lidong Zhou,18,historical,2026-04-30,,,,,/Users/jimmylin/workspace/bigcows-project/bigcows-crawler/.cache/acm-fellows-scholar-2026-09-16/cache.json,0905407ae08f34f3da88e32aa3db1fb8e947084f927548cd892ad2b1a34c1023
Lise Getoor,2019,https://scholar.google.com/citations?user=Y8-xGncAAAAJ,,supported,name_and_2plus_dblp_titles,200,2026-09-16T19:42:51Z,Lise Getoor,"Distinguished Professor of Computer Science & Engineering, University of California, Santa Cruz",https://dblp.org/pid/g/LiseGetoor,Lise Getoor,17,historical,2026-04-30,,,,,/Users/jimmylin/workspace/bigcows-project/bigcows-crawler/.cache/acm-fellows-scholar-2026-09-16/cache.json,c775b7ebc8514f59407afa4b3ac0b948f07d0f52354afdd6fc1b45c6ced4681b
Magdalena Balazinska,2019,https://scholar.google.com/citations?user=DDxFvcIAAAAJ,,supported,name_and_2plus_dblp_titles,200,2026-09-16T19:42:57Z,Magdalena Balazinska,University of Washington,https://dblp.org/pid/b/MagdalenaBalazinska,Magdalena Balazinska,17,historical,2026-04-30,,,,,/Users/jimmylin/workspace/bigcows-project/bigcows-crawler/.cache/acm-fellows-scholar-2026-09-16/cache.json,918a734a6dc47e860d382d826b6c83b819041102529a57e2c58b0dccce2edb2c
Marc Najork,2019,https://scholar.google.com/citations?user=7HeAnjwAAAAJ,,supported,name_and_2plus_dblp_titles,200,2026-09-16T19:43:05Z,Marc Najork,Google DeepMind,https://dblp.org/pid/n/MarcNajork,Marc Najork,17,historical,2026-04-30,,,,,/Users/jimmylin/workspace/bigcows-project/bigcows-crawler/.cache/acm-fellows-scholar-2026-09-16/cache.json,e95d082e453d0bb791b8d58c2d5371f291bd9069adb38fcc23739c8ae92e1aee
Maria L Gini,2019,https://scholar.google.com/citations?user=2ewb-10AAAAJ,,supported,name_and_2plus_dblp_titles,200,2026-09-16T19:43:12Z,Maria Gini,"Professor of Computer Science and Engineering, University of Minnesota",https://dblp.org/pid/g/MariaLGini,Maria L. Gini,19,missing,,,,,,/Users/jimmylin/workspace/bigcows-project/bigcows-crawler/.cache/acm-fellows-scholar-2026-09-16/cache.json,d543a4e3cd8f030b5efe72184528530efe8fddf02a2369d77495a5b7bad960e0
Matthew B Dwyer,2019,https://scholar.google.com/citations?user=-ZRKCcEAAAAJ,,supported,name_and_2plus_dblp_titles,200,2026-09-16T19:43:18Z,Matthew Dwyer,"Thomson Distinguished Professor, University of Virginia; Amazon Scholar",https://dblp.org/pid/d/MatthewBDwyer,Matthew B. Dwyer,19,missing,,,,,,/Users/jimmylin/workspace/bigcows-project/bigcows-crawler/.cache/acm-fellows-scholar-2026-09-16/cache.json,71c5c63238f532434e87371f1e6a2ede3aa348e3c474dce7e0dc52df651088fc
Michael J. Freedman,2019,https://scholar.google.com/citations?user=BFE6IQwAAAAJ,,supported,name_and_2plus_dblp_titles,200,2026-09-16T19:43:25Z,Michael J. Freedman,"Robert E. Kahn Professor of Computer Science, Princeton University",https://dblp.org/pid/65/1370,Michael J. Freedman,17,historical,2026-04-30,,,,,/Users/jimmylin/workspace/bigcows-project/bigcows-crawler/.cache/acm-fellows-scholar-2026-09-16/cache.json,fb0de4241bf716cd448b71c68f97c45ff3360da9a063a91a814ab21029a19e23
Mihai Pop,2019,https://scholar.google.com/citations?user=4glkLD0AAAAJ,,supported,metadata_and_publication_review,200,2026-09-16T19:43:32Z,Mihai Pop,"Professor of Computer Science, University of Maryland, College Park",https://dblp.org/pid/293/3689,Mihai-Ionut Pop,0,historical,2026-04-30,,,,,/Users/jimmylin/workspace/bigcows-project/bigcows-crawler/.cache/acm-fellows-scholar-2026-09-16/cache.json,e970d8ab0885f2add3d7c14da4d95f42aad0d64cfaf530ef7e9fc5d0ef76af87
Mona Singh,2019,,,unavailable,no_profile,,,,,https://dblp.org/pid/73/6093-1,,0,no_profile,,no_verified_profile,,,,,
Moshe Tennenholtz,2019,https://scholar.google.com/citations?user=65FCPpwAAAAJ,,supported,name_and_2plus_dblp_titles,200,2026-09-16T19:43:38Z,Moshe Tennenholtz,Unknown affiliation,https://dblp.org/pid/t/MosheTennenholtz,Moshe Tennenholtz,18,historical,2026-04-30,limited_affiliation_metadata,,,,/Users/jimmylin/workspace/bigcows-project/bigcows-crawler/.cache/acm-fellows-scholar-2026-09-16/cache.json,cf58066d8aa4ac7bab8f66bc7ffa70dfd220c9ccebf1e82eaba1c72f663e7ab7
Moustafa A Youssef,2019,https://scholar.google.com/citations?user=r6DUyxsAAAAJ,,supported,name_and_2plus_dblp_titles,200,2026-09-16T19:43:45Z,Moustafa Youssef,"Prof. of CSE, American University in Cairo, Fellow ACM/IEEE",https://dblp.org/pid/52/727,Moustafa Youssef 0001,17,missing,,,,,,/Users/jimmylin/workspace/bigcows-project/bigcows-crawler/.cache/acm-fellows-scholar-2026-09-16/cache.json,a9072a62e246f5595576a84ed407635bc1f7b6ef636da6e4af42ca53a7139183
Nisheeth Vishnoi,2019,,,unavailable,no_profile,,,,,https://dblp.org/pid/02/2229,Nisheeth K. Vishnoi,0,no_profile,,no_verified_profile,,,,,
Noshir Contractor,2019,https://scholar.google.com/citations?user=Fqw9o84AAAAJ,,supported,name_and_2plus_dblp_titles,200,2026-09-16T19:46:15Z,Noshir Contractor,"Jane S. & William J. White Professor of Behavioral Sciences, Northwestern University",https://dblp.org/pid/84/4114,Noshir S. Contractor,2,historical,2026-04-30,,,,,/Users/jimmylin/workspace/bigcows-project/bigcows-crawler/.cache/acm-fellows-scholar-2026-09-16/cache.json,4070853320caad813189ec5481f227728d9d7d768d4f6a209b5f2a5f7440853f
Paul Beame,2019,https://scholar.google.com/citations?user=plYoF-MAAAAJ,,supported,name_and_2plus_dblp_titles,200,2026-09-16T19:46:22Z,Paul Beame,"Professor of Computer Science and Engineering, University of Washington",https://dblp.org/pid/b/PaulBeame,Paul Beame,18,historical,2026-04-30,,,,,/Users/jimmylin/workspace/bigcows-project/bigcows-crawler/.cache/acm-fellows-scholar-2026-09-16/cache.json,7505fd968c98e0324eb2222fc0f24be9b1b26b057375c7b45393bd704181a3cd
Peter W Shor,2019,,,unavailable,no_profile,,,,,https://dblp.org/pid/s/PeterWShor,Peter W. Shor,0,no_profile,,no_verified_profile,,,,,
Philip R Cohen,2019,https://scholar.google.com/citations?user=V72PR9wAAAAJ,,supported,name_and_2plus_dblp_titles,200,2026-09-16T19:46:29Z,Philip R. Cohen,"Chief Scientist Emeritus, Openstream, Inc.",https://dblp.org/pid/69/1786,Phil Cohen 0001,10,historical,2026-04-30,,,,,/Users/jimmylin/workspace/bigcows-project/bigcows-crawler/.cache/acm-fellows-scholar-2026-09-16/cache.json,990d47cfeb0fe93795184279d41ff7b39ef8bd074b52a430c4f83d7c4b1ced1a
Prashant J Shenoy,2019,https://scholar.google.com/citations?user=TciP6mcAAAAJ,,supported,name_and_2plus_dblp_titles,200,2026-09-16T19:46:35Z,Prashant Shenoy,"Distinguished Professor, College of Information and Computer Sciences, University of Massachusetts",https://dblp.org/pid/s/PrashantJShenoy,Prashant J. Shenoy,18,missing,,,,,,/Users/jimmylin/workspace/bigcows-project/bigcows-crawler/.cache/acm-fellows-scholar-2026-09-16/cache.json,be3c5651cc434a9c718444f69eb1bfd99118613dea195f2abe28611e48d0540f
Rada Mihalcea,2019,https://scholar.google.com/citations?user=UetM7FgAAAAJ,,supported,name_and_2plus_dblp_titles,200,2026-09-16T19:46:42Z,Rada Mihalcea,"Professor of Computer Science, University of Michigan",https://dblp.org/pid/m/RadaMihalcea,Rada Mihalcea,20,historical,2026-04-30,,,,,/Users/jimmylin/workspace/bigcows-project/bigcows-crawler/.cache/acm-fellows-scholar-2026-09-16/cache.json,1389019db4504a69d6b74bd0660e0940006695877ce7fe8c158862357eb7514e
Ramesh Kumar Sitaraman,2019,https://scholar.google.com/citations?user=Hj4o7GYAAAAJ,,supported,metadata_and_publication_review,200,2026-09-16T19:46:48Z,Ramesh K. Sitaraman,"Distinguished University Professor, University of Massachusetts, Amherst",https://dblp.org/pid/s/RameshKSitaraman,,0,missing,,,,,,/Users/jimmylin/workspace/bigcows-project/bigcows-crawler/.cache/acm-fellows-scholar-2026-09-16/cache.json,34a2e7eb9734beeac2af40a323f70effded727078410786a2a591342720b0b8b
Robin R Murphy,2019,https://scholar.google.com/citations?user=SIcRijoAAAAJ,,supported,name_and_2plus_dblp_titles,200,2026-09-16T19:46:55Z,Robin R. Murphy,Computer Science and Engineering Texas A&M,https://dblp.org/pid/71/3442,Robin R. Murphy,16,historical,2026-04-30,,,,,/Users/jimmylin/workspace/bigcows-project/bigcows-crawler/.cache/acm-fellows-scholar-2026-09-16/cache.json,46ed949397859395795c932da411b9ee5e89998a89356f9890f26186feaaf915
Ronald F Boisvert,2019,https://scholar.google.com/citations?user=ctI1jBAAAAAJ,,supported,name_and_2plus_dblp_titles,200,2026-09-16T19:47:02Z,Ronald F. Boisvert,"Applied and Computational Mathematics Division, National Institute of Standards and",https://dblp.org/pid/83/1418,Ronald F. Boisvert,10,historical,2026-04-30,,,,,/Users/jimmylin/workspace/bigcows-project/bigcows-crawler/.cache/acm-fellows-scholar-2026-09-16/cache.json,ba88037c0382a4d52a46e4c02551c1283ddba513295e770f2da286ebfb096a0f
Salvatore J Stolfo,2019,https://scholar.google.com/citations?user=iLXSMP8AAAAJ,,supported,recent_verified_resolution,200,2026-09-17T00:34:10Z,Salvatore Stolfo,"Professor of Computer Science, Columbia University",https://dblp.org/pid/s/SalvatoreJStolfo,Salvatore J. Stolfo,13,missing,,,,,,tmp/scholar-45-resolution/verified-cache.json,d6928649b117d88089d5454a4b1d2b08e31728bc9751f1333a12aba3110980e9
Saman Amarasinghe,2019,https://scholar.google.com/citations?user=cF6i_goAAAAJ,,supported,name_and_2plus_dblp_titles,200,2026-09-16T19:47:16Z,Saman Amarasinghe,MIT,https://dblp.org/pid/a/SPAmarasinghe,Saman P. Amarasinghe,19,historical,2026-04-30,,,,,/Users/jimmylin/workspace/bigcows-project/bigcows-crawler/.cache/acm-fellows-scholar-2026-09-16/cache.json,a8e56ec68d09d8a658d7bf1d28bb629c2042d27b8c9143ce2bd4c5790d042e38
Scott J Aaronson,2019,https://scholar.google.com/citations?user=EYv2BNQAAAAJ,,supported,metadata_and_publication_review,200,2026-09-16T19:47:23Z,Scott Aaronson,"Schlumberger Chair of Computer Science, University of Texas at Austin",https://dblp.org/pid/56/1358,,0,historical,2026-04-30,confirmed_attribution_conflict,,"Psilocybin depression paper names Scott T. Aaronson, not the quantum-computing Fellow.",https://doi.org/10.1056/NEJMOA2206443,/Users/jimmylin/workspace/bigcows-project/bigcows-crawler/.cache/acm-fellows-scholar-2026-09-16/cache.json,4d1a949bb715cc32e97482fc5c85d71144d7834c9920707b024d9d17a4d0556b
Sheila McIlraith,2019,https://scholar.google.com/citations?user=ny2zuvMAAAAJ,,supported,name_and_2plus_dblp_titles,200,2026-09-16T19:47:31Z,Sheila McIlraith,"Professor of Computer Science, University of Toronto",https://dblp.org/pid/66/3221,Sheila A. McIlraith,16,historical,2026-04-30,,,,,/Users/jimmylin/workspace/bigcows-project/bigcows-crawler/.cache/acm-fellows-scholar-2026-09-16/cache.json,386182f46574d7456bc3232883e86bd0497d2b9446a5b0f069a2dcf3f6f80892
Songwu Lu,2019,https://scholar.google.com/citations?user=PVdTviYAAAAJ,,supported,name_and_2plus_dblp_titles,200,2026-09-16T19:47:38Z,Songwu Lu,"Professor of Computer Science, UCLA",https://dblp.org/pid/55/758,Songwu Lu,19,historical,2026-04-30,,,,,/Users/jimmylin/workspace/bigcows-project/bigcows-crawler/.cache/acm-fellows-scholar-2026-09-16/cache.json,10c5536a1ac419cd7c3b375538e569bc872e4adbe07f9df3365912a6f38ed895
Srdjan Capkun,2019,https://scholar.google.com/citations?user=VtkPBNsAAAAJ,,supported,name_and_2plus_dblp_titles,200,2026-09-16T19:47:44Z,Srdjan Capkun,"Professor of Computer Science, ETH Zurich",https://dblp.org/pid/51/1639,Srdjan Capkun,20,historical,2026-04-30,,,,,/Users/jimmylin/workspace/bigcows-project/bigcows-crawler/.cache/acm-fellows-scholar-2026-09-16/cache.json,0b7e73c5e88249f389f585a5a50e8be0c9dcdb7c93cbc500932376c5f3455af3
Srinivasan Seshan,2019,https://scholar.google.com/citations?user=0irVeiQAAAAJ,,supported,name_and_2plus_dblp_titles,200,2026-09-16T19:47:51Z,Srinivasan Seshan,Carnegie Mellon University,https://dblp.org/pid/s/SrinivasanSeshan,Srinivasan Seshan,18,historical,2026-04-30,,,,,/Users/jimmylin/workspace/bigcows-project/bigcows-crawler/.cache/acm-fellows-scholar-2026-09-16/cache.json,bf0caff2f4528650822b55b15bf2889ef5a7d416d1fd75f4d1eafd469b91454b
Subbarao Kambhampati,2019,https://scholar.google.com/citations?user=yl3L07sAAAAJ,,supported,name_and_2plus_dblp_titles,200,2026-09-16T19:47:58Z,Subbarao Kambhampati,Arizona State University,https://dblp.org/pid/k/SKambhampati,Subbarao Kambhampati,20,historical,2026-04-30,,,,,/Users/jimmylin/workspace/bigcows-project/bigcows-crawler/.cache/acm-fellows-scholar-2026-09-16/cache.json,def99d999377c947aeaf83c740c537046122eb25182c05bf3a86014a9dcc5582
Tamara G Kolda,2019,https://scholar.google.com/citations?user=9hjmW7AAAAAJ,,supported,name_and_2plus_dblp_titles,200,2026-09-16T19:48:05Z,Tamara G. Kolda,MathSci.ai,https://dblp.org/pid/45/6474,Tamara G. Kolda,15,historical,2026-04-30,,,,,/Users/jimmylin/workspace/bigcows-project/bigcows-crawler/.cache/acm-fellows-scholar-2026-09-16/cache.json,a79e993d278cc0c6d404edf8cc2de5ae512769b450245ea07d53aa4bddd640d3
Tarek Abdelzaher,2019,https://scholar.google.com/citations?user=cA28Zs0AAAAJ,,supported,name_and_2plus_dblp_titles,200,2026-09-16T19:48:11Z,Tarek Abdelzaher,University of Illinois,https://dblp.org/pid/a/TarekFAbdelzaher,Tarek F. Abdelzaher,18,historical,2026-04-30,,,,,/Users/jimmylin/workspace/bigcows-project/bigcows-crawler/.cache/acm-fellows-scholar-2026-09-16/cache.json,21bbb5c45c700dcbe76a7fe2ad911b2458f3a37730d969bbf0f868e78463a056
Timothy Chan,2019,https://scholar.google.com/citations?user=CiesWGcAAAAJ,,supported,metadata_and_publication_review,200,2026-09-16T19:48:19Z,Timothy M. Chan,"Professor of Computer Science, University of Illinois at Urbana-Champaign",https://dblp.org/pid/95/5439,Timothy Kun-Chung Chan,0,missing,,,,,,/Users/jimmylin/workspace/bigcows-project/bigcows-crawler/.cache/acm-fellows-scholar-2026-09-16/cache.json,3f661776ce71e9ebd195739f4970ae653c5a84cb7a67139fd54e69c9a08bd6fe
Timothy Pinkston,2019,https://scholar.google.com/citations?user=eZSkx1wAAAAJ,,supported,name_and_2plus_dblp_titles,200,2026-09-16T19:48:26Z,Timothy Pinkston,"Professor of Electrical Engineering, University of Southern California",https://dblp.org/pid/10/2904,Timothy M. Pinkston,20,historical,2026-04-30,,,,,/Users/jimmylin/workspace/bigcows-project/bigcows-crawler/.cache/acm-fellows-scholar-2026-09-16/cache.json,239ca8311056d1838efbea7a79b1a88706a4e199ac6cff4a2231b1582fac7c83
Vincent Conitzer,2019,https://scholar.google.com/citations?user=juRk4lQAAAAJ,,supported,name_and_2plus_dblp_titles,200,2026-09-16T19:48:33Z,Vincent Conitzer,"Professor of CS, Carnegie Mellon University",https://dblp.org/pid/c/VincentConitzer,Vincent Conitzer,19,historical,2026-04-30,,,,,/Users/jimmylin/workspace/bigcows-project/bigcows-crawler/.cache/acm-fellows-scholar-2026-09-16/cache.json,20f8a562f8242c3b314550a4052f24966d69c0b7d2221eeb76f001cfffdc980a
Wendy Elizabeth Mackay,2019,https://scholar.google.com/citations?user=nxSqwG4AAAAJ,,supported,metadata_and_publication_review,200,2026-09-16T19:48:40Z,Wendy E. Mackay,"Inria, LISN, Université Paris-Saclay",https://dblp.org/pid/m/WendyEMackay,,0,historical,2026-04-30,,,,,/Users/jimmylin/workspace/bigcows-project/bigcows-crawler/.cache/acm-fellows-scholar-2026-09-16/cache.json,ebba1d725c93e541fbe15f6127f5ca100b45f80947a7ef63dca4feac63e6cc7a
Xiangyang Li,2019,https://scholar.google.com/citations?user=JURtNb0AAAAJ,,supported,name_and_2plus_dblp_titles,200,2026-09-16T19:48:47Z,Xiang-Yang Li,"ACM Fellow, IEEE Fellow; Professor, CS @USTC, China;",https://dblp.org/pid/l/XiangYangLi,Xiang-Yang Li 0001,17,missing,,,,,,/Users/jimmylin/workspace/bigcows-project/bigcows-crawler/.cache/acm-fellows-scholar-2026-09-16/cache.json,f3836b22feb5fc599d9171576c762ecc554fc240274d5a297e142e45807009f2
Xilin Chen,2019,https://scholar.google.com/citations?user=vVx2v20AAAAJ,,supported,name_and_2plus_dblp_titles,200,2026-09-16T19:48:54Z,Xilin Chen,"Institute of Computing Technology, Chinese Academy of Sciences",https://dblp.org/pid/c/XilinChen,Xilin Chen 0001,20,historical,2026-04-30,,,,,/Users/jimmylin/workspace/bigcows-project/bigcows-crawler/.cache/acm-fellows-scholar-2026-09-16/cache.json,a94da2eda3ad961706a36186098b978f44fb940c872ed1b3139907aa42ce7597
Yuan Xie,2019,https://scholar.google.com/citations?user=dK2ZuDcAAAAJ,,supported,metadata_and_publication_review,200,2026-09-16T19:49:00Z,Yuan Xie,Chair Professor of Hong Kong University of Science and Technology (HKUST),https://dblp.org/pid/x/YuanXie,,0,historical,2026-04-30,,,,,/Users/jimmylin/workspace/bigcows-project/bigcows-crawler/.cache/acm-fellows-scholar-2026-09-16/cache.json,0c662e1ca4b0ff051a63bfec1f27a84800b3870c0a6dcb9d44164dc723c0a964
Aaron Hertzmann,2018,https://scholar.google.com/citations?user=ZcWO2AEAAAAJ,,supported,name_and_2plus_dblp_titles,200,2026-09-16T19:51:30Z,Aaron Hertzmann,Adobe,https://dblp.org/pid/91/3132,Aaron Hertzmann,19,historical,2026-04-30,,,,,/Users/jimmylin/workspace/bigcows-project/bigcows-crawler/.cache/acm-fellows-scholar-2026-09-16/cache.json,4b69b0c5aeed6b288a3bf18ba6c00c4551ae8c2ba692afe29e282a8fb57547a6
Adnan Darwiche,2018,https://scholar.google.com/citations?user=NzyvbZoAAAAJ,,supported,name_and_2plus_dblp_titles,200,2026-09-16T19:51:36Z,Adnan Darwiche,"Professor of Computer Science, UCLA",https://dblp.org/pid/p/ADarwiche,Adnan Darwiche,19,historical,2026-04-30,,,,,/Users/jimmylin/workspace/bigcows-project/bigcows-crawler/.cache/acm-fellows-scholar-2026-09-16/cache.json,c905531ba3208ab4e73b1b40a8cbbdecc43cbf343227fe5bea209e1899999b8d
Alec Wolman,2018,https://scholar.google.com/citations?user=DVml6kMAAAAJ,,supported,name_and_2plus_dblp_titles,200,2026-09-16T19:51:44Z,Alec Wolman,Microsoft Research,https://dblp.org/pid/06/915,Alec Wolman,15,historical,2026-04-30,,,,,/Users/jimmylin/workspace/bigcows-project/bigcows-crawler/.cache/acm-fellows-scholar-2026-09-16/cache.json,ec4b41c8779032bd0f8c41bb4337fa56cee2d7416480002b5ee431f75022f169
Alex C. Snoeren,2018,https://scholar.google.com/citations?user=lBzZU1IAAAAJ,,supported,name_and_2plus_dblp_titles,200,2026-09-16T19:51:51Z,Alex C. Snoeren,UC San Diego,https://dblp.org/pid/s/AlexCSnoeren,Alex C. Snoeren,17,historical,2026-04-30,,,,,/Users/jimmylin/workspace/bigcows-project/bigcows-crawler/.cache/acm-fellows-scholar-2026-09-16/cache.json,63dfc1ebc1b811c3150ae0cf8f8c6e9dffc36c1e52fd5f5cf9e7689cd5203f1d
Amit Sahai,2018,https://scholar.google.com/citations?user=gqB23VMAAAAJ,,supported,name_and_2plus_dblp_titles,200,2026-09-16T19:51:59Z,Amit Sahai,"Symantec Chair in Computer Science; Professor of Computer Science and Mathematics, UCLA",https://dblp.org/pid/s/AmitSahai,Amit Sahai,20,historical,2026-04-30,,,,,/Users/jimmylin/workspace/bigcows-project/bigcows-crawler/.cache/acm-fellows-scholar-2026-09-16/cache.json,999177b4e42b34d7176fc9c08ca646ea0c1fea4fe05669e7d75e5274ade82e8f
Amy S Bruckman,2018,https://scholar.google.com/citations?user=IdWa_JkAAAAJ,,supported,name_and_2plus_dblp_titles,200,2026-09-16T19:52:06Z,Amy Bruckman,"Regents' Professor, Interactive Computing, Georgia Institute of Technology",https://dblp.org/pid/b/AmyBruckman,Amy S. Bruckman,14,missing,,,,,,/Users/jimmylin/workspace/bigcows-project/bigcows-crawler/.cache/acm-fellows-scholar-2026-09-16/cache.json,18d57241e25910495ca0590c1674e0880e0770dd7412755aefe28cf0d70e81a7
Andre M Dehon,2018,https://scholar.google.com/citations?user=nintPk8AAAAJ,,supported,metadata_and_publication_review,200,2026-09-16T19:52:12Z,Andre DeHon,University of Pennsylvania,https://dblp.org/pid/d/ADeHon,,0,missing,,,,,,/Users/jimmylin/workspace/bigcows-project/bigcows-crawler/.cache/acm-fellows-scholar-2026-09-16/cache.json,bc7d001e3c5fe6cd1dd16618d517fcd436001d2cd37a24b3c4de5db5eae27bd2
Avi Wigderson,2018,,,unavailable,no_profile,,,,,https://dblp.org/pid/w/AviWigderson,Avi Wigderson,0,no_profile,,no_verified_profile,,,,,
Bangalore S Manjunath,2018,https://scholar.google.com/citations?user=wRYM4qgAAAAJ,,supported,name_and_2plus_dblp_titles,200,2026-09-16T19:52:18Z,B.S. Manjunath,"Distinguished Professor, Electrical & Computer Engineering, University of California, Santa Barbara",https://dblp.org/pid/m/BSManjunath,B. S. Manjunath,15,missing,,,,,,/Users/jimmylin/workspace/bigcows-project/bigcows-crawler/.cache/acm-fellows-scholar-2026-09-16/cache.json,b2e948844ad79b596afd3e0294f1adcfebd7d248d6a56dc2975432a92f8fa161
Bhavani Thuraisingham,2018,https://scholar.google.com/citations?user=o_xUNWkAAAAJ,,supported,name_and_2plus_dblp_titles,200,2026-09-16T19:52:24Z,Bhavani Thuraisingham,"Cyber Security Research and Education Institute, University of Texas at Dallas",https://dblp.org/pid/t/BMThuraisingham,Bhavani Thuraisingham,14,historical,2026-04-30,,,,,/Users/jimmylin/workspace/bigcows-project/bigcows-crawler/.cache/acm-fellows-scholar-2026-09-16/cache.json,8bbe42032344bee8d2515bdc12db0dbd996a23c44dfa646a2418905ce7e29c62
Bruce M Maggs,2018,https://scholar.google.com/citations?user=Gwrwxa0AAAAJ,,supported,name_and_2plus_dblp_titles,200,2026-09-16T19:52:30Z,Bruce Maggs,"Professor of Computer Science, Duke University",https://dblp.org/pid/m/BruceMMaggs,Bruce M. Maggs,17,missing,,,,,,/Users/jimmylin/workspace/bigcows-project/bigcows-crawler/.cache/acm-fellows-scholar-2026-09-16/cache.json,86315c442fd52e9f534d43b0d0dcf6735d1684916ada285d8fa869c4e3a7f1a3
Charles Lee Isbell Jr,2018,,,unavailable,no_profile,,,,,https://dblp.org/pid/i/LCIsbell,Charles L. Isbell Jr.,0,no_profile,,no_verified_profile,,,,,
Dan Halperin,2018,https://scholar.google.com/citations?user=2-e0jiEAAAAJ,,supported,name_and_2plus_dblp_titles,200,2026-09-16T19:52:37Z,Dan Halperin,"Professor of Computer Science, Tel Aviv University",https://dblp.org/pid/h/DanHalperin,Dan Halperin,16,historical,2026-04-30,,,,,/Users/jimmylin/workspace/bigcows-project/bigcows-crawler/.cache/acm-fellows-scholar-2026-09-16/cache.json,3a4e32f68d09c9dda2ec263bf632dbe47b1946790744a722665a3aab3243ca9a
David Basin,2018,https://scholar.google.com/citations?user=-BA-kHYAAAAJ,,supported,name_and_2plus_dblp_titles,200,2026-09-16T19:52:44Z,David Basin,"Professor of Computer Science, ETH Zurich; Affiliated Faculty, INSAIT, Sofia University",https://dblp.org/pid/b/DavidABasin,David A. Basin,18,historical,2026-04-30,,,,,/Users/jimmylin/workspace/bigcows-project/bigcows-crawler/.cache/acm-fellows-scholar-2026-09-16/cache.json,c9803f354247aea93255e63d02f4444f5e565f70ea6be9ea8138214b0c88b287
David Parkes,2018,https://scholar.google.com/citations?user=JUn8PgwAAAAJ,,supported,metadata_and_publication_review,200,2026-09-16T19:52:50Z,David C. Parkes,"George F. Colony Professor of Computer Science, John A. Paulson Dean, Harvard University",https://dblp.org/pid/198/5164,David Parkes,0,historical,2026-04-30,,,,,/Users/jimmylin/workspace/bigcows-project/bigcows-crawler/.cache/acm-fellows-scholar-2026-09-16/cache.json,6508e9e2ab8320c42d41edc67031f85ade82536300a2b4baadfef37fd6cffc70
Elizabeth Belding,2018,https://scholar.google.com/citations?user=3G79TTEAAAAJ,,supported,name_and_2plus_dblp_titles,200,2026-09-16T19:52:58Z,Elizabeth Belding,UC Santa Barbara,https://dblp.org/pid/b/EMBeldingRoyer,Elizabeth M. Belding,18,historical,2026-04-30,,,,,/Users/jimmylin/workspace/bigcows-project/bigcows-crawler/.cache/acm-fellows-scholar-2026-09-16/cache.json,bcec595e084778cae52fcc062ddcfe57e2b1f845716294e5df43a2cd1a9a3270
Ellen M Voorhees,2018,https://scholar.google.com/citations?user=Bfs9j20AAAAJ,,supported,name_and_2plus_dblp_titles,200,2026-09-16T19:53:04Z,Ellen Voorhees,NIST,https://dblp.org/pid/60/3753,Ellen M. Voorhees,17,missing,,,,,,/Users/jimmylin/workspace/bigcows-project/bigcows-crawler/.cache/acm-fellows-scholar-2026-09-16/cache.json,55f809522ba21e73ac33aa2e84aedbc6897611eaec6ab752a90ef5b6b577f3b2
Fei-Fei Li,2018,https://scholar.google.com/citations?user=rDfyQnIAAAAJ,,supported,name_and_2plus_dblp_titles,200,2026-09-16T19:53:12Z,Li Fei-Fei,"Professor of Computer Science, Stanford University",https://dblp.org/pid/79/2528,Li Fei-Fei 0001,18,historical,2026-04-30,,,,,/Users/jimmylin/workspace/bigcows-project/bigcows-crawler/.cache/acm-fellows-scholar-2026-09-16/cache.json,51023acaef1e33424a6db3459d57dac6a284600ecd3cee84e48c8898ad74d132
Frank Mueller,2018,https://scholar.google.com/citations?user=1hEE9ZsAAAAJ,,supported,metadata_and_publication_review,200,2026-09-16T19:53:18Z,Frank Mueller,"Professor of Computer Science, North Carolina State University",https://dblp.org/pid/46/2933-1,,0,missing,,,,,,/Users/jimmylin/workspace/bigcows-project/bigcows-crawler/.cache/acm-fellows-scholar-2026-09-16/cache.json,92a32e20108c5d7c9e47bf5ae14df1ec764a9816f79fd87c136b4fa5d9a41e72
Gerald Tesauro,2018,https://scholar.google.com/citations?user=5_UCvUgAAAAJ,,supported,name_and_2plus_dblp_titles,200,2026-09-16T19:53:25Z,Gerald Tesauro,IBM Research,https://dblp.org/pid/68/2197,Gerald Tesauro,18,historical,2026-04-30,,,,,/Users/jimmylin/workspace/bigcows-project/bigcows-crawler/.cache/acm-fellows-scholar-2026-09-16/cache.json,e2c76247c5d72ad091e9531976703ec722ac8fd3b7249cc72acbadc69301849e
Gul Agha,2018,https://scholar.google.com/citations?user=orHlhhQAAAAJ,,supported,name_and_2plus_dblp_titles,200,2026-09-16T19:53:31Z,Gul Agha,"Professor of Comp. Science, University of Illinois at Urbana-Champaign & Chief Scientist StructureIQ",https://dblp.org/pid/a/GulAAgha,Gul A. Agha,15,historical,2026-04-30,,,,,/Users/jimmylin/workspace/bigcows-project/bigcows-crawler/.cache/acm-fellows-scholar-2026-09-16/cache.json,a206e13a62f9fc821650b2bf63eadf3ec5b4f02d126a299c36657f5d6b904402
Gurudatta Parulkar,2018,,,unavailable,no_profile,,,,,https://dblp.org/pid/50/4579,Guru M. Parulkar,0,no_profile,,no_verified_profile,,,,,
Huan Liu,2018,https://scholar.google.com/citations?user=Dzf46C8AAAAJ,,supported,metadata_and_publication_review,200,2026-09-16T19:53:39Z,Huan Liu,"Regents Professor, Arizona State University",https://dblp.org/pid/226/0686,Huanling Liu,0,historical,2026-04-30,,,,,/Users/jimmylin/workspace/bigcows-project/bigcows-crawler/.cache/acm-fellows-scholar-2026-09-16/cache.json,6356e022b05fc18026980354fa5db64d3c792ef7838a2bdbe63d774707e6c091
Jan Camenisch,2018,https://scholar.google.com/citations?user=T6esJiIAAAAJ,,supported,name_and_2plus_dblp_titles,200,2026-09-16T19:53:44Z,Jan Camenisch,Category Labs,https://dblp.org/pid/c/JanCamenisch,Jan Camenisch,17,historical,2026-04-30,,,,,/Users/jimmylin/workspace/bigcows-project/bigcows-crawler/.cache/acm-fellows-scholar-2026-09-16/cache.json,d16c4c1c4a4dd83c203490cc09560a86bc8fe41569396f94195a0213bfe90113
Jessica K Hodgins,2018,https://scholar.google.com/citations?user=vswo4rQAAAAJ,,supported,name_and_2plus_dblp_titles,200,2026-09-16T19:53:52Z,Jessica Hodgins,"Professor of Computer Science and Robotics, Carnegie Mellon University",https://dblp.org/pid/75/3852,Jessica K. Hodgins,19,missing,,,,,,/Users/jimmylin/workspace/bigcows-project/bigcows-crawler/.cache/acm-fellows-scholar-2026-09-16/cache.json,d016fec790239810fec6fd26563b754ddfb1bf2a62ff27bb7ec0051c0be1b93d
Jiebo Luo,2018,https://scholar.google.com/citations?user=CcbnBvgAAAAJ,,supported,name_and_2plus_dblp_titles,200,2026-09-16T19:53:58Z,Jiebo Luo,"Albert Arendt Hopeman Professor of Engineering, University of Rochester",https://dblp.org/pid/25/5545,Jiebo Luo 0001,16,historical,2026-04-30,,,,,/Users/jimmylin/workspace/bigcows-project/bigcows-crawler/.cache/acm-fellows-scholar-2026-09-16/cache.json,309af8b90d9491b607529803691307ad23db910ad333b91fcac23905bc6fe732
Johan Håstad,2018,https://scholar.google.com/citations?user=n0QrdEMAAAAJ,,supported,metadata_and_publication_review,200,2026-09-16T19:54:05Z,Johan Håstad,"Professor i teoretisk datalogi, KTH",https://dblp.org/pid/47/3155,,0,historical,2026-04-30,,,,,/Users/jimmylin/workspace/bigcows-project/bigcows-crawler/.cache/acm-fellows-scholar-2026-09-16/cache.json,7d30ebc711a3660a5795b81c1ab6dad8042a75382b3c903cab3f7806600fc7e3
John Hughes,2018,https://scholar.google.com/citations?user=adD4xmAAAAAJ,,supported,name_and_2plus_dblp_titles,200,2026-09-16T19:54:11Z,John Hughes,"Professor of Computer Science and Engineering, Chalmers University",https://dblp.org/pid/h/JohnHughes,John Hughes 0001,12,missing,,,,,,/Users/jimmylin/workspace/bigcows-project/bigcows-crawler/.cache/acm-fellows-scholar-2026-09-16/cache.json,d11a602de79683551b2f71cb4528d621a048f47539fdf6b42486f92f34383ded
Juan E Gilbert,2018,https://scholar.google.com/citations?user=FKbHXRUAAAAJ,,supported,name_and_2plus_dblp_titles,200,2026-09-16T19:56:29Z,Juan E. Gilbert,University of Florida,https://dblp.org/pid/01/6747,Juan E. Gilbert,15,historical,2026-04-30,,,,,/Users/jimmylin/workspace/bigcows-project/bigcows-crawler/.cache/acm-fellows-scholar-2026-09-16/cache.json,8b827e688b86c4ce6f7d9b6028e7cba5dfbfdd553ba1a8184ede9266da1daa99
Katy Borner,2018,https://scholar.google.com/citations?user=YirSp_cAAAAJ,,supported,name_and_2plus_dblp_titles,200,2026-09-16T19:56:36Z,Katy Borner,"Victor H. Yngve Distinguished Professor of Engineering and Information Science, Indiana University",https://dblp.org/pid/b/KatyBorner,Katy Börner,11,historical,2026-04-30,,,,,/Users/jimmylin/workspace/bigcows-project/bigcows-crawler/.cache/acm-fellows-scholar-2026-09-16/cache.json,30917a37d78fc4cf8f78ffd847691110cc7f55af58e1534b4b1acc5116b64054
Kimberly Keeton,2018,https://scholar.google.com/citations?user=wR_tv-kAAAAJ,,supported,name_and_2plus_dblp_titles,200,2026-09-16T19:56:43Z,Kimberly Keeton,Google,https://dblp.org/pid/k/KimberlyKeeton,Kimberly Keeton,16,historical,2026-04-30,,,,,/Users/jimmylin/workspace/bigcows-project/bigcows-crawler/.cache/acm-fellows-scholar-2026-09-16/cache.json,31841dadcf864d41de1ad33566c22c3a45a67b8c4dddc8e288841eab70f0a84f
Krste Asanovic,2018,https://scholar.google.com/citations?user=e4I7ihkAAAAJ,,supported,name_and_2plus_dblp_titles,200,2026-09-16T19:56:49Z,Krste Asanovic,UC Berkeley,https://dblp.org/pid/a/KrsteAsanovic,Krste Asanovic,16,historical,2026-04-30,,,,,/Users/jimmylin/workspace/bigcows-project/bigcows-crawler/.cache/acm-fellows-scholar-2026-09-16/cache.json,546e92876c75d1cc55d51d19c4f545b88c6926e48b2aa6f874fd5ea92ef8823a
Lili Qiu,2018,https://scholar.google.com/citations?user=16posrQAAAAJ,,supported,name_and_2plus_dblp_titles,200,2026-09-16T19:56:56Z,Lili Qiu,"NAI Fellow, ACM Fellow, IEEE Fellow, Professor, Dept. of Computer Science, The University of Texas",https://dblp.org/pid/54/4031,Lili Qiu,19,historical,2026-04-30,,,,,/Users/jimmylin/workspace/bigcows-project/bigcows-crawler/.cache/acm-fellows-scholar-2026-09-16/cache.json,31cad479fefc2e1f233b69db9b04a930afe3b879ea211e3399b6f2dda1b3e57f
Lillian Lee,2018,https://scholar.google.com/citations?user=oJESe-cAAAAJ,,supported,name_and_2plus_dblp_titles,200,2026-09-16T19:57:02Z,Lillian Lee,"Professor of Computer Science, Cornell University. Pls see my homepg for data+updates+slides+etc",https://dblp.org/pid/l/LillianLee,Lillian Lee,20,historical,2026-04-30,,,,,/Users/jimmylin/workspace/bigcows-project/bigcows-crawler/.cache/acm-fellows-scholar-2026-09-16/cache.json,13046e01ecd8bfc4110e3e1214cbec4804bc29c006638d3cc344ef99c6ed82ce
Mario Gerla,2018,,,unavailable,no_profile,,,,,https://dblp.org/pid/g/MarioGerla,Mario Gerla,0,no_profile,,no_verified_profile,,,,,
Matthew Roughan,2018,https://scholar.google.com/citations?user=Mnkm_NsAAAAJ,,supported,name_and_2plus_dblp_titles,200,2026-09-16T19:57:17Z,Matthew Roughan,"School of Mathematical Sciences, University of Adelaide",https://dblp.org/pid/72/6960,Matthew Roughan,17,historical,2026-04-30,,,,,/Users/jimmylin/workspace/bigcows-project/bigcows-crawler/.cache/acm-fellows-scholar-2026-09-16/cache.json,7712dee7e6005b7be44197e186cbe1b83328464df17d133d5b77de33230aea39
Michael Littman,2018,https://scholar.google.com/citations?user=iRMZ2hoAAAAJ,,supported,metadata_and_publication_review,200,2026-09-16T19:57:25Z,Michael Littman,Brown University,https://dblp.org/pid/181/2369,Michael Littman 0001,0,historical,2026-04-30,,,,,/Users/jimmylin/workspace/bigcows-project/bigcows-crawler/.cache/acm-fellows-scholar-2026-09-16/cache.json,4c4e030c3a530e683987f292ee7e355b5078b489cc4ab27886dffa96fbace07d
Minos Garofalakis,2018,https://scholar.google.com/citations?user=WemX9rAAAAAJ,,supported,name_and_2plus_dblp_titles,200,2026-09-16T19:57:32Z,Minos Garofalakis,"Professor, ECE, Technical University of Crete; ACM/IEEE Fellow; Member Academia Europaea.",https://dblp.org/pid/g/MinosNGarofalakis,Minos N. Garofalakis,19,historical,2026-04-30,,,,,/Users/jimmylin/workspace/bigcows-project/bigcows-crawler/.cache/acm-fellows-scholar-2026-09-16/cache.json,2b7339257245b11f41efd1aa21a5f81374a1b6a771457b80f09e9f4ecf15a184
Mohammad T. Hajiaghayi,2018,https://scholar.google.com/citations?user=SQ1eGN4AAAAJ,,supported,name_and_2plus_dblp_titles,200,2026-09-16T19:57:39Z,MohammadTaghi Hajiaghayi,"ACM Fellow, Jack and Rita Minker Professor of Computer Science, University of Maryland, College Park",https://dblp.org/pid/334/4488,Mohammad Hajiaghayi,20,missing,,,,,,/Users/jimmylin/workspace/bigcows-project/bigcows-crawler/.cache/acm-fellows-scholar-2026-09-16/cache.json,2e50daef010b811b6ff2729373971aef44b1682d37c627bdca4d70aadbd96b54
N Asokan,2018,https://scholar.google.com/citations?user=0MqQ8AgAAAAJ,,supported,metadata_and_publication_review,200,2026-09-16T19:57:47Z,N. Asokan,"Professor of Computer Science, University of Waterloo",https://dblp.org/pid/255/1899,Avinash Nelson Asokan,0,historical,2026-04-30,dblp_identity_review,,,,/Users/jimmylin/workspace/bigcows-project/bigcows-crawler/.cache/acm-fellows-scholar-2026-09-16/cache.json,57549bea8a1e54041b5afa4c6c86e913163969b7692fce81e69e8667003f8ac5
Paul Barham,2018,https://scholar.google.com/citations?user=q34R9psAAAAJ,,supported,name_and_2plus_dblp_titles,200,2026-09-16T19:57:53Z,Paul Barham,Google DeepMind,https://dblp.org/pid/b/PaulBarham,Paul Barham 0001,10,historical,2026-04-30,,,,,/Users/jimmylin/workspace/bigcows-project/bigcows-crawler/.cache/acm-fellows-scholar-2026-09-16/cache.json,bb6a7becf4002982b6e6a3a23f874ff48e7f7c5980bc78bee05c9e22dd16c973
Peter L Bartlett,2018,https://scholar.google.com/citations?user=yQNhFGUAAAAJ,,supported,name_and_2plus_dblp_titles,200,2026-09-16T19:57:59Z,Peter Bartlett,"Professor, EECS and Statistics, UC Berkeley",https://dblp.org/pid/68/4020,Peter L. Bartlett,13,missing,,,,,,/Users/jimmylin/workspace/bigcows-project/bigcows-crawler/.cache/acm-fellows-scholar-2026-09-16/cache.json,9593bd2257e1b6ab1eaa555540c0fd382c341e84abeed61b429d12f1001b380a
Premkumar T Devanbu,2018,https://scholar.google.com/citations?user=tQ5vbOAAAAAJ,,supported,name_and_2plus_dblp_titles,200,2026-09-16T19:58:06Z,Prem Devanbu,"Distinguished Research Professor (பேராசிரியர்), Member, European Academy, ACM Fellow, UC Davis",https://dblp.org/pid/d/PremkumarTDevanbu,Premkumar T. Devanbu,19,missing,,,,,,/Users/jimmylin/workspace/bigcows-project/bigcows-crawler/.cache/acm-fellows-scholar-2026-09-16/cache.json,6c7dd20a6edcacc2b9264095a6f58d20221e38369cdfa888d1dc7602d9de941d
Rastislav Bodik,2018,https://scholar.google.com/citations?user=YrihYtsAAAAJ,,supported,name_and_2plus_dblp_titles,200,2026-09-16T19:58:13Z,Rastislav Bodik,University of Washington,https://dblp.org/pid/20/1858,Rastislav Bodík,18,historical,2026-04-30,,,,,/Users/jimmylin/workspace/bigcows-project/bigcows-crawler/.cache/acm-fellows-scholar-2026-09-16/cache.json,aba0d6afc570ac59ba9da564fcee41a45d84af94e54154169ece77ab9cab3b21
Salil Vadhan,2018,https://scholar.google.com/citations?user=dqVjyRQAAAAJ,,supported,name_and_2plus_dblp_titles,200,2026-09-16T19:58:20Z,Salil Vadhan,"Vicky Joseph Professor of Computer Science and Applied Mathematics, Harvard University",https://dblp.org/pid/v/SPVadhan,Salil P. Vadhan,18,historical,2026-04-30,,,,,/Users/jimmylin/workspace/bigcows-project/bigcows-crawler/.cache/acm-fellows-scholar-2026-09-16/cache.json,0ece7d183430f5a0ad5c676e55cd6ffc074e56e11a0097f282b97a12de3a5a33
Sandhya Dwarkadas,2018,https://scholar.google.com/citations?user=L1pb8GUAAAAJ,,supported,name_and_2plus_dblp_titles,200,2026-09-16T19:58:27Z,Sandhya Dwarkadas,"Walter N. Munster Professor, Computer Science, University of Virginia",https://dblp.org/pid/62/1421,Sandhya Dwarkadas,18,historical,2026-04-30,,,,,/Users/jimmylin/workspace/bigcows-project/bigcows-crawler/.cache/acm-fellows-scholar-2026-09-16/cache.json,d8e46818301331d2937c51ec32fdf877bf978b81bd01e28318622c7a5fd224ed
Sanjeev Khanna,2018,https://scholar.google.com/citations?user=HriWXcEAAAAJ,,supported,name_and_2plus_dblp_titles,200,2026-09-16T19:58:34Z,Sanjeev Khanna,"Professor of Computer Science, Courant Institute, New York University",https://dblp.org/pid/k/SanjeevKhanna,Sanjeev Khanna,20,historical,2026-04-30,,,,,/Users/jimmylin/workspace/bigcows-project/bigcows-crawler/.cache/acm-fellows-scholar-2026-09-16/cache.json,ae742dae28d26fc1ed35eaf786483f040b18932f0786455c5257ee0058be69fc
Steven Feiner,2018,https://scholar.google.com/citations?user=PogsVkYAAAAJ,,supported,name_and_2plus_dblp_titles,200,2026-09-16T19:58:41Z,Steven Feiner,"Professor of Computer Science, Columbia University",https://dblp.org/pid/f/StevenFeiner,Steven K. Feiner,11,historical,2026-04-30,,,,,/Users/jimmylin/workspace/bigcows-project/bigcows-crawler/.cache/acm-fellows-scholar-2026-09-16/cache.json,345943ad671194ac3244dbcac9fb5359ba24ef86c2589f2e86ac7dd0d34f1972
Tamal K Dey,2018,https://scholar.google.com/citations?user=k7VhUnAAAAAJ,,supported,name_and_2plus_dblp_titles,200,2026-09-16T19:58:48Z,Tamal K. Dey,"Professor Computer Science, Purdue University",https://dblp.org/pid/d/TamalKDey,Tamal K. Dey,15,historical,2026-04-30,,,,,/Users/jimmylin/workspace/bigcows-project/bigcows-crawler/.cache/acm-fellows-scholar-2026-09-16/cache.json,d2d54b184ce90e50db5c16cd5016f85824e9fbd83f402048acefc5db77e755c5
Thomas Funkhouser,2018,https://scholar.google.com/citations?user=BghVDhgAAAAJ,,supported,name_and_2plus_dblp_titles,200,2026-09-16T19:58:55Z,Thomas Funkhouser,Princeton University and Google,https://dblp.org/pid/f/TAFunkhouser,Thomas A. Funkhouser,18,historical,2026-04-30,,,,,/Users/jimmylin/workspace/bigcows-project/bigcows-crawler/.cache/acm-fellows-scholar-2026-09-16/cache.json,9582fefe3c690cd7097456507f1116097ceab3c1dce3505969a0055dd1e2bc5e
Tian He,2018,https://scholar.google.com/citations?user=hc1m_BQAAAAJ,,supported,metadata_and_publication_review,200,2026-09-16T19:59:02Z,Tian He,"Professor, ACM/IEEE Fellow, Department of Computer Science & Engineering, University of Minnesota",https://dblp.org/pid/220/1672,Shuai-Tian He,0,missing,,dblp_identity_review,,,,/Users/jimmylin/workspace/bigcows-project/bigcows-crawler/.cache/acm-fellows-scholar-2026-09-16/cache.json,703af22c00be1932c41f9777f709ef10ae19321a67637d207b99f2a9369242ea
Tim Finin,2018,https://scholar.google.com/citations?user=p5oWQ0AAAAAJ,,supported,name_and_2plus_dblp_titles,200,2026-09-16T19:59:09Z,Tim Finin,"University of Maryland, Baltimore County",https://dblp.org/pid/f/TWFinin,Tim Finin,14,historical,2026-04-30,,,,,/Users/jimmylin/workspace/bigcows-project/bigcows-crawler/.cache/acm-fellows-scholar-2026-09-16/cache.json,dd10b00bc52bb53c1ff92c05205df5fc899467f22fe29899f523f5fd4e92c636
Tom Leighton,2018,,,unavailable,no_profile,,,,,https://dblp.org/pid/l/FrankThomsonLeighton,Frank Thomson Leighton,0,no_profile,,no_verified_profile; dblp_identity_review,,,,,
Toniann Pitassi,2018,,,unavailable,no_profile,,,,,https://dblp.org/pid/p/TPitassi,Toniann Pitassi,0,no_profile,,no_verified_profile,,,,,
Vishal Misra,2018,https://scholar.google.com/citations?user=IlCfRosAAAAJ,,supported,recent_verified_resolution,200,2026-09-17T00:34:16Z,Vishal Misra,Professor of Computer Science,https://dblp.org/pid/29/6724,Vishal Misra,14,missing,,,,,,tmp/scholar-45-resolution/verified-cache.json,35e0ec67297444b76cc227c7ccde1619ff0bad531b9fe45bee8f95dac396e12d
Wendi Beth Heinzelman,2018,https://scholar.google.com/citations?user=myYVVuYAAAAJ,,supported,name_and_2plus_dblp_titles,200,2026-09-16T20:01:24Z,Wendi B Heinzelman,University of Rochester,https://dblp.org/pid/h/WendiRabinerHeinzelman,Wendi B. Heinzelman,18,missing,,,,,,/Users/jimmylin/workspace/bigcows-project/bigcows-crawler/.cache/acm-fellows-scholar-2026-09-16/cache.json,4500630737d19cede33e3a4b02de1ec521bc43bab587bf89c2bb09fdea298c4e
Aarti Gupta,2017,https://scholar.google.com/citations?user=S_jYB2sAAAAJ,,supported,name_and_2plus_dblp_titles,200,2026-09-16T20:01:31Z,Aarti Gupta,Princeton University,https://dblp.org/pid/18/2229,Aarti Gupta,19,historical,2026-04-30,,,,,/Users/jimmylin/workspace/bigcows-project/bigcows-crawler/.cache/acm-fellows-scholar-2026-09-16/cache.json,dd0129e1e935e5650dac9e3177ae24c902bc6ab645a2e7a23dedbc14629f758a
Aidong Zhang,2017,https://scholar.google.com/citations?user=O8XxkE4AAAAJ,,supported,name_and_2plus_dblp_titles,200,2026-09-16T20:01:37Z,Aidong Zhang,"Thomas M. Linville Professor of Computer Science, University of Virginia",https://dblp.org/pid/z/AidongZhang,Aidong Zhang 0001,17,historical,2026-04-30,,,,,/Users/jimmylin/workspace/bigcows-project/bigcows-crawler/.cache/acm-fellows-scholar-2026-09-16/cache.json,5862ee96a9230efb84c07b7826a1af0ccaaaa49f3b1d3862cc2f62a9a9790221
Alexander Vardy,2017,https://scholar.google.com/citations?user=WtalCkkAAAAJ,,supported,name_and_2plus_dblp_titles,200,2026-09-16T20:01:44Z,Alexander Vardy,University of California San Diego,https://dblp.org/pid/11/2669,Alexander Vardy,19,historical,2026-04-30,,,,,/Users/jimmylin/workspace/bigcows-project/bigcows-crawler/.cache/acm-fellows-scholar-2026-09-16/cache.json,9a94e0e4d17c4850d105f30c86ed660dad4650798adee365bfa993ba1924ec84
Anand Sivasubramaniam,2017,https://scholar.google.com/citations?user=JWXlepgAAAAJ,,supported,name_and_2plus_dblp_titles,200,2026-09-16T20:01:50Z,Anand Sivasubramaniam,"Charles Godfrey Binder Professor, Penn State University",https://dblp.org/pid/72/3356,Anand Sivasubramaniam,18,historical,2026-04-30,,,,,/Users/jimmylin/workspace/bigcows-project/bigcows-crawler/.cache/acm-fellows-scholar-2026-09-16/cache.json,d491acedad5a25c52b0fafa9b1cb3e03dcdb3ae78fa7d38d2b72d88fa0dc5dce
Andreas Moshovos,2017,https://scholar.google.com/citations?user=D2VLt-8AAAAJ,,supported,name_and_2plus_dblp_titles,200,2026-09-16T20:01:57Z,Andreas Moshovos,"Professor, Electrical and Computer Engineering, University of Toronto",https://dblp.org/pid/m/AndreasMoshovos,Andreas Moshovos,19,historical,2026-04-30,,,,,/Users/jimmylin/workspace/bigcows-project/bigcows-crawler/.cache/acm-fellows-scholar-2026-09-16/cache.json,e965feb3d284d60986e4b703694d779bf9a4f69e49e84df4eafdc6417907df1c
Andrew K. McCallum,2017,https://scholar.google.com/citations?user=yILa1y0AAAAJ,,supported,metadata_and_publication_review,200,2026-09-16T20:02:04Z,Andrew McCallum,"Distinguished Professor of Computer Science, University of Massachusetts Amherst",https://dblp.org/pid/m/AndrewMcCallum,,0,missing,,,,,,/Users/jimmylin/workspace/bigcows-project/bigcows-crawler/.cache/acm-fellows-scholar-2026-09-16/cache.json,a875fbec57ac974de6b0d585a6b08531c19bd96b79b5667ce2872300ba9355c7
Angelos Dennis Keromytis,2017,https://scholar.google.com/citations?user=mncyWbcAAAAJ,,supported,metadata_and_publication_review,200,2026-09-16T20:02:10Z,Angelos D. Keromytis,Georgia Institute of Technology,https://dblp.org/pid/k/AngelosDKeromytis,,0,missing,,,,,,/Users/jimmylin/workspace/bigcows-project/bigcows-crawler/.cache/acm-fellows-scholar-2026-09-16/cache.json,69cfdaff44237a62a87057cde3fe36ab6af6d8e1b7ec741d2fabb2277a252c66
Balaji Prabhakar,2017,https://scholar.google.com/citations?user=TyPF9V4AAAAJ,,supported,name_and_2plus_dblp_titles,200,2026-09-16T20:02:17Z,Balaji Prabhakar,Unknown affiliation,https://dblp.org/pid/48/1750,Balaji Prabhakar,18,historical,2026-04-30,limited_affiliation_metadata,,,,/Users/jimmylin/workspace/bigcows-project/bigcows-crawler/.cache/acm-fellows-scholar-2026-09-16/cache.json,103dd1af17341347d7210790b561f54ab8508188471297267a68aa3f01f10dbc
Bernhard Schoelkopf,2017,https://scholar.google.com/citations?user=DZ-fHPgAAAAJ,,supported,metadata_and_publication_review,200,2026-09-16T20:02:23Z,Bernhard Schölkopf,"Director, Max Planck Institute for Intelligent Systems & ELLIS Institute Tübingen; Professor at ETH",https://dblp.org/pid/97/119,Bernhard Schölkopf,14,historical,2026-04-30,,,,,/Users/jimmylin/workspace/bigcows-project/bigcows-crawler/.cache/acm-fellows-scholar-2026-09-16/cache.json,a1b6916c8e278f9ad7fbfc89ea2e0123c9730fab20c1f7b70d30e450b5036664
Carl Kesselman,2017,https://scholar.google.com/citations?user=5c38WVcAAAAJ,,supported,name_and_2plus_dblp_titles,200,2026-09-16T20:02:31Z,Carl Kesselman,Professor University of Southern California Information Sciences Institute,https://dblp.org/pid/06/4477,Carl Kesselman,15,historical,2026-04-30,,,,,/Users/jimmylin/workspace/bigcows-project/bigcows-crawler/.cache/acm-fellows-scholar-2026-09-16/cache.json,2119da921507d94ddb8c01b640bb6ad1e25d82574dabf969a1f9f0eb46dd2bad
Carla Gomes,2017,,https://scholar.google.com/citations?user=3hdbdBoAAAAJ,unavailable,no_profile,,,,,https://dblp.org/pid/65/2687,Carla Gomes de Faria,,no_profile,,no_verified_profile; wrong_person_cleared; dblp_identity_review,Cornell computational sustainability Fellow; linked profile is a University of Lisbon social-science namesake.,,https://www.cs.cornell.edu/gomes/bio.php,,
Chengxiang Zhai,2017,https://scholar.google.com/citations?user=YU-baPIAAAAJ,,supported,name_and_2plus_dblp_titles,200,2026-09-16T20:02:44Z,ChengXiang Zhai,University of Illinois at Urbana-Champaign,https://dblp.org/pid/z/ChengXiangZhai,ChengXiang Zhai,19,historical,2026-04-30,,,,,/Users/jimmylin/workspace/bigcows-project/bigcows-crawler/.cache/acm-fellows-scholar-2026-09-16/cache.json,124ebd76270f48aef632df9f19fe72398efa6fbc84787d861fa5ccd55acedf68
Clifford A Lynch,2017,,,unavailable,no_profile,,,,,https://dblp.org/pid/l/CliffordALynch,Clifford A. Lynch,0,no_profile,,no_verified_profile,,,,,
Craig Knoblock,2017,https://scholar.google.com/citations?user=onXXy6MAAAAJ,,supported,name_and_2plus_dblp_titles,200,2026-09-16T20:02:50Z,Craig A. Knoblock,"Keston Executive Director, USC Information Sciences Institute",https://dblp.org/pid/k/CAKnoblock,Craig A. Knoblock,15,historical,2026-04-30,,,,,/Users/jimmylin/workspace/bigcows-project/bigcows-crawler/.cache/acm-fellows-scholar-2026-09-16/cache.json,617c26bb735749035843ad6e8065e3c7c9d43b15218c43c8424d750350be6ae8
Dan Gusfield,2017,https://scholar.google.com/citations?user=VoAHydgAAAAJ,,supported,name_and_2plus_dblp_titles,200,2026-09-16T20:02:58Z,dan gusfield,University of California Davis,https://dblp.org/pid/g/DanGusfield,Dan Gusfield,18,historical,2026-04-30,,,,,/Users/jimmylin/workspace/bigcows-project/bigcows-crawler/.cache/acm-fellows-scholar-2026-09-16/cache.json,9d5eb9e7bec805d93247b8c7af124a07e4e5af882b4dfa363cddc8537690bf62
Dorin Comaniciu,2017,https://scholar.google.com/citations?user=-XZ2HrAAAAAJ,,supported,name_and_2plus_dblp_titles,200,2026-09-16T20:03:04Z,Dorin Comaniciu,Siemens Healthineers,https://dblp.org/pid/54/4552,Dorin Comaniciu,15,historical,2026-04-30,,,,,/Users/jimmylin/workspace/bigcows-project/bigcows-crawler/.cache/acm-fellows-scholar-2026-09-16/cache.json,64f97756fd74633c5ab35fd0cc555d437f4624cf004eb988c1aaf39b4ec3843a
Edith Cohen,2017,https://scholar.google.com/citations?user=O-TV6OgAAAAJ,,supported,name_and_2plus_dblp_titles,200,2026-09-16T20:03:10Z,Edith Cohen,"Google, Tel Aviv University",https://dblp.org/pid/40/1039,Edith Cohen,18,historical,2026-04-30,,,,,/Users/jimmylin/workspace/bigcows-project/bigcows-crawler/.cache/acm-fellows-scholar-2026-09-16/cache.json,ce83345b8be91ca0e0e52fcfeb9418b0f1fcab5b901779b58e56a7a4f2212658
Edouard Bugnion,2017,https://scholar.google.com/citations?user=8ztj2yEAAAAJ,,supported,name_and_2plus_dblp_titles,200,2026-09-16T20:03:16Z,Edouard Bugnion,EPFL,https://dblp.org/pid/b/EBugnion,Edouard Bugnion,12,historical,2026-04-30,,,,,/Users/jimmylin/workspace/bigcows-project/bigcows-crawler/.cache/acm-fellows-scholar-2026-09-16/cache.json,a175b14227dcc24b672890cd8cc8f30e9c23178e32895d1234cb38e79d6c12c9
Edward Alan Fox,2017,https://scholar.google.com/citations?user=KcbSBrUAAAAJ,,supported,name_and_2plus_dblp_titles,200,2026-09-16T20:03:22Z,Edward Fox,"Professor of Computer Science, Virginia Tech, VPI&SU",https://dblp.org/pid/f/EdwardAFox,Edward A. Fox,17,missing,,,,,,/Users/jimmylin/workspace/bigcows-project/bigcows-crawler/.cache/acm-fellows-scholar-2026-09-16/cache.json,1b8f8194f82930be7d26e874aa1a90a07ad8507d9c3fefef614eb46d485b62fa
Edward Knightly,2017,https://scholar.google.com/citations?user=-0vALDMAAAAJ,,supported,name_and_2plus_dblp_titles,200,2026-09-16T20:03:29Z,Edward Knightly,"Sheafor-Lindsay Professor of Electrical and Computer Engineering and Computer Science, Rice",https://dblp.org/pid/k/EWKnightly,Edward W. Knightly,17,historical,2026-04-30,,,,,/Users/jimmylin/workspace/bigcows-project/bigcows-crawler/.cache/acm-fellows-scholar-2026-09-16/cache.json,0f93ccc4c92b6bf7052504b7772e78b0d14b4405e8a0d26ee938c83597181cb6
Gabriel H Loh,2017,https://scholar.google.com/citations?user=e_D2XsUAAAAJ,,supported,name_and_2plus_dblp_titles,200,2026-09-16T20:03:35Z,Gabriel H. Loh,AMD Research and Advanced Development (RAD),https://dblp.org/pid/03/2782,Gabriel H. Loh,20,historical,2026-04-30,,,,,/Users/jimmylin/workspace/bigcows-project/bigcows-crawler/.cache/acm-fellows-scholar-2026-09-16/cache.json,1ead50d70757d2f422b31f4b2b3406e2bfabb75d35afa46b199ef8b462396ab2
Gail C Murphy,2017,https://scholar.google.com/citations?user=EGA1deoAAAAJ,,supported,name_and_2plus_dblp_titles,200,2026-09-16T20:03:43Z,Gail Murphy,"Professor of Computer Science, University of British Columbia",https://dblp.org/pid/95/712,Gail C. Murphy,20,missing,,,,,,/Users/jimmylin/workspace/bigcows-project/bigcows-crawler/.cache/acm-fellows-scholar-2026-09-16/cache.json,83f5fca1b3055fc22262f8eb4d1eff76fffd5ccb5d0a3268d17461653ba37bb9
Geoffrey Voelker,2017,https://scholar.google.com/citations?user=45CJ-rgAAAAJ,,supported,metadata_and_publication_review,200,2026-09-16T20:03:49Z,Geoffrey M. Voelker,"University of California, San Diego",https://dblp.org/pid/v/GeoffreyMVoelker,,0,missing,,,,,,/Users/jimmylin/workspace/bigcows-project/bigcows-crawler/.cache/acm-fellows-scholar-2026-09-16/cache.json,87f763e91a614eca685bb8e2484eb9c669179030d9d4c787810b26d8ad95270d
Gregory Hager,2017,https://scholar.google.com/citations?user=ivApfKcAAAAJ,,supported,name_and_2plus_dblp_titles,200,2026-09-16T20:03:57Z,Gregory Hager,"Mandell Bellmore Professor of Computer Science, Johns Hopkins University",https://dblp.org/pid/12/5814,Gregory D. Hager,14,historical,2026-04-30,,,,,/Users/jimmylin/workspace/bigcows-project/bigcows-crawler/.cache/acm-fellows-scholar-2026-09-16/cache.json,b40f5284775b7507474cb80b74b5dc60a0622aa680f6a8f8502da65b6449898f
Insup Lee,2017,https://scholar.google.com/citations?user=qPlUgrgAAAAJ,,supported,name_and_2plus_dblp_titles,200,2026-09-16T20:04:04Z,Insup Lee,"Professor, Computer and Information Science, University of Pennsylvania",https://dblp.org/pid/l/InsupLee,Insup Lee 0001,20,historical,2026-04-30,,,,,/Users/jimmylin/workspace/bigcows-project/bigcows-crawler/.cache/acm-fellows-scholar-2026-09-16/cache.json,59518e7b47458ac26659b05555d24da7b1ac6ce10298c488b7066642e5f17eb1
K. K. Ramakrishnan,2017,https://scholar.google.com/citations?user=Da-s1FQAAAAJ,,supported,name_and_2plus_dblp_titles,200,2026-09-16T20:06:20Z,K. K. Ramakrishnan,"Distinguished Professor of Computer Science and Engineering, University of California, Riverside",https://dblp.org/pid/r/KKRamakrishnan,K. K. Ramakrishnan,13,historical,2026-04-30,,,,,/Users/jimmylin/workspace/bigcows-project/bigcows-crawler/.cache/acm-fellows-scholar-2026-09-16/cache.json,8ab8e38466a200fa22aefb0e6c3e97277d50ec65dc1b7586125bef6f13e2d067
Lars Birkedal,2017,https://scholar.google.com/citations?user=1rW-bi0AAAAJ,,supported,name_and_2plus_dblp_titles,200,2026-09-16T20:06:27Z,Lars Birkedal,"Dept. of Computer Science, Aarhus University",https://dblp.org/pid/31/910,Lars Birkedal,19,historical,2026-04-30,,,,,/Users/jimmylin/workspace/bigcows-project/bigcows-crawler/.cache/acm-fellows-scholar-2026-09-16/cache.json,35897313e8ef1c4edc58ead1790678e626a61b92d7091b65b455df7717fe4f21
Laxmikant Kale,2017,https://scholar.google.com/citations?user=TPOorDcAAAAJ,,supported,name_and_2plus_dblp_titles,200,2026-09-16T20:06:33Z,Laxmikant Kale,"Professor or Computer Science, University of Illinois",https://dblp.org/pid/k/LaxmikantVKale,Laxmikant V. Kalé,14,historical,2026-04-30,,,,,/Users/jimmylin/workspace/bigcows-project/bigcows-crawler/.cache/acm-fellows-scholar-2026-09-16/cache.json,3348b591be2608c1ab49ec1a1457249f2912d060e3179e155da563882681f80d
Li Erran Li,2017,https://scholar.google.com/citations?user=GkMfzy4AAAAJ,,supported,name_and_2plus_dblp_titles,200,2026-09-16T20:06:40Z,Li Erran Li,"IEEE Fellow and ACM Fellow, AWS AI, Amazon",https://dblp.org/pid/l/ErranLLi,Li Erran Li,16,historical,2026-04-30,,,,,/Users/jimmylin/workspace/bigcows-project/bigcows-crawler/.cache/acm-fellows-scholar-2026-09-16/cache.json,e0a14c1ffbdb5961b69a2a6c40726ae6eeba45a9692c734ad2a9cdb6170a3597
Mani B. Srivastava,2017,https://scholar.google.com/citations?user=X2Qs7XYAAAAJ,,supported,name_and_2plus_dblp_titles,200,2026-09-16T20:06:48Z,Mani Srivastava,"Professor of Electrical & Computer Engineering, and Professor of Computer Science, UCLA",https://dblp.org/pid/s/ManiBSrivastava,Mani Srivastava 0001,16,historical,2026-04-30,,,,,/Users/jimmylin/workspace/bigcows-project/bigcows-crawler/.cache/acm-fellows-scholar-2026-09-16/cache.json,dd87a6b9aab020c4d46f1902bd207185f6c13b001e7181b8d2295d5e60471325
Margaret Burnett,2017,https://scholar.google.com/citations?user=Vc58tYYAAAAJ,,supported,name_and_2plus_dblp_titles,200,2026-09-16T20:06:54Z,Margaret Burnett,"University Distinguished Professor of Computer Science, Oregon State University",https://dblp.org/pid/b/MMBurnett,Margaret M. Burnett,19,historical,2026-04-30,,,,,/Users/jimmylin/workspace/bigcows-project/bigcows-crawler/.cache/acm-fellows-scholar-2026-09-16/cache.json,d441984b03351242e1929e965698b055d86ad45d21aaff1117138c3e5a8abcb7
Martin Grohe,2017,https://scholar.google.com/citations?user=Sou5ih0AAAAJ,,supported,name_and_2plus_dblp_titles,200,2026-09-16T20:07:01Z,Martin Grohe,"Professor of Computer Science, RWTH Aachen University",https://dblp.org/pid/g/MGrohe,Martin Grohe,20,historical,2026-04-30,,,,,/Users/jimmylin/workspace/bigcows-project/bigcows-crawler/.cache/acm-fellows-scholar-2026-09-16/cache.json,d1b8dc7119e23dadb0168ac2a9e3bf37fae119e58e9cfd9bec81eb6f21d698ea
Martin Wong,2017,https://scholar.google.com/citations?user=WPhoQiUAAAAJ,,supported,metadata_and_publication_review,200,2026-09-16T20:07:08Z,Martin D. F. Wong,"Edward C. Jordan Professor of Electrical and Computer Engineering, University of Illinois at Urbana",https://dblp.org/pid/342/1326,Martin Chi-Sang Wong,0,historical,2026-04-30,possible_attribution_conflict,,Automated process planning book is credited to T. C. Chang and R. A. Wysk in this profile.,,/Users/jimmylin/workspace/bigcows-project/bigcows-crawler/.cache/acm-fellows-scholar-2026-09-16/cache.json,5024810fcab763c6de4dce9b67a528cc81ffc2c7fe91705143809ad26f412709
Michael Kass,2017,https://scholar.google.com/citations?user=ma2bi00AAAAJ,,supported,metadata_and_publication_review,200,2026-09-16T20:07:14Z,Michael Kass,NVIDIA,https://dblp.org/pid/46/6511,,0,historical,2026-04-30,,,,,/Users/jimmylin/workspace/bigcows-project/bigcows-crawler/.cache/acm-fellows-scholar-2026-09-16/cache.json,5bd1017d6a616adc33f68c687580c88b0453d23ea1888f7216fcdda641c37c9a
Michael Sipser,2017,,,unavailable,no_profile,,,,,https://dblp.org/pid/s/MichaelSipser,Michael Sipser,0,no_profile,,no_verified_profile,,,,,
Mor Harchol-Balter,2017,https://scholar.google.com/citations?user=Ooc7UNUAAAAJ,,supported,name_and_2plus_dblp_titles,200,2026-09-16T20:07:20Z,Mor Harchol-Balter,"Bruce J. Nelson Professor of Computer Science, Carnegie Mellon University",https://dblp.org/pid/01/3967,Mor Harchol-Balter,19,historical,2026-04-30,,,,,/Users/jimmylin/workspace/bigcows-project/bigcows-crawler/.cache/acm-fellows-scholar-2026-09-16/cache.json,c51bc0223be84a2bc87ed8582f5285b8b6851db218a45838c59dadfa86d6ac73
Nuria Oliver,2017,https://scholar.google.com/citations?user=VJlCMGYAAAAJ,,supported,name_and_2plus_dblp_titles,200,2026-09-16T20:07:26Z,Nuria Oliver,ELLIS Alicante; ACM Fellow; IEEE Fellow; EurAI Fellow; Co-founder of ELLIS,https://dblp.org/pid/o/NuriaOliver,Nuria Oliver,12,historical,2026-04-30,,,,,/Users/jimmylin/workspace/bigcows-project/bigcows-crawler/.cache/acm-fellows-scholar-2026-09-16/cache.json,51ababddf90b1083adcb9815f82b11692e46b3dc5f369238348285336370c1f7
Onur Mutlu,2017,https://scholar.google.com/citations?user=7XyGUGkAAAAJ,,supported,metadata_and_publication_review,200,2026-09-16T20:07:32Z,Onur Mutlu,ETH Zürich and Carnegie Mellon University,https://dblp.org/pid/m/OnurMutlu,,0,historical,2026-04-30,,,,,/Users/jimmylin/workspace/bigcows-project/bigcows-crawler/.cache/acm-fellows-scholar-2026-09-16/cache.json,2800da97fe49389a01e8f2b36bd25177d76b81f0e74e9a3602c2a70368476880
Qiang Yang,2017,https://scholar.google.com/citations?user=1LxWZLQAAAAJ,,supported,metadata_and_publication_review,200,2026-09-16T20:07:40Z,Qiang Yang,"Hong Kong Polytechnic University, Emeritus(Chair Prof. HKUST, CAIO WeBank), Artificial Intelligence",https://dblp.org/pid/82/6362-1,,0,historical,2026-04-30,,,,,/Users/jimmylin/workspace/bigcows-project/bigcows-crawler/.cache/acm-fellows-scholar-2026-09-16/cache.json,bba7b86261e8812077233b542e906785e9b63a05164598dc1766256245b04d32
Ravi Ramamoorthi,2017,https://scholar.google.com/citations?user=q0MzO6cAAAAJ,,supported,name_and_2plus_dblp_titles,200,2026-09-16T20:07:46Z,Ravi Ramamoorthi,"Professor of Computer Science, University of California, San Diego",https://dblp.org/pid/88/6919,Ravi Ramamoorthi,19,historical,2026-04-30,,,,,/Users/jimmylin/workspace/bigcows-project/bigcows-crawler/.cache/acm-fellows-scholar-2026-09-16/cache.json,2fb55148d963331b6a2b3105625a3e0b77c67ca77c09256a4638ed9baf877a31
Richard M Fujimoto,2017,https://scholar.google.com/citations?user=q1bkP7AAAAAJ,,supported,name_and_2plus_dblp_titles,200,2026-09-16T20:07:54Z,Richard Fujimoto,"Regents' Professor, Georgia Institute of Technology",https://dblp.org/pid/f/RichardMFujimoto,Richard M. Fujimoto,13,missing,,,,,,/Users/jimmylin/workspace/bigcows-project/bigcows-crawler/.cache/acm-fellows-scholar-2026-09-16/cache.json,0b39ae97d84c91491cb27ea9926550ff2527c7c0c85348158ca60019caa92afa
Shafi Goldwasser,2017,https://scholar.google.com/citations?user=KA8dgpMAAAAJ,,supported,name_and_2plus_dblp_titles,200,2026-09-16T20:08:00Z,Shafi Goldwasser,professor of computer science at UC Berkeley,https://dblp.org/pid/g/ShafiGoldwasser,Shafi Goldwasser,18,missing,,,,,,/Users/jimmylin/workspace/bigcows-project/bigcows-crawler/.cache/acm-fellows-scholar-2026-09-16/cache.json,cbcf3c2e3375d9ea14f2e32533c61175b33d99ea3ff0d3c99521572254a2c250
Shih Fu Chang,2017,https://scholar.google.com/citations?user=OMVTRscAAAAJ,,supported,name_and_2plus_dblp_titles,200,2026-09-16T20:08:06Z,Shih-Fu Chang,"Professor of Electrical Engineering and Computer Science, Columbia University",https://dblp.org/pid/c/ShihFuChang,Shih-Fu Chang,19,historical,2026-04-30,,,,,/Users/jimmylin/workspace/bigcows-project/bigcows-crawler/.cache/acm-fellows-scholar-2026-09-16/cache.json,aeb634f6a8be8b94d68e68c3c4b54c26b928a71f281a05fd88d81d61a4148f10
Silvio Micali,2017,,,unavailable,no_profile,,,,,https://dblp.org/pid/49/5661,Silvio Micali,0,no_profile,,no_verified_profile,,,,,
Steve Seitz,2017,https://scholar.google.com/citations?user=-6cOYcYAAAAJ,,supported,metadata_and_publication_review,200,2026-09-16T20:08:13Z,Steve Seitz,"Professor of Computer Science & Engineering, University of Washington; Google Corporation",https://dblp.org/pid/24/2152,Steve Seitz,0,historical,2026-04-30,,,,,/Users/jimmylin/workspace/bigcows-project/bigcows-crawler/.cache/acm-fellows-scholar-2026-09-16/cache.json,48bf3c2b0099c7bd9f7fa0fb296abe681b4eced95614769ee460826c855de9e8
Steven Michael Hand,2017,,,unavailable,no_profile,,,,,https://dblp.org/pid/69/6457,,0,no_profile,,no_verified_profile,,,,,
Susan Dray,2017,https://scholar.google.com/citations?user=8OQFLXgAAAAJ,,supported,name_and_2plus_dblp_titles,200,2026-09-16T20:08:19Z,Susan Dray,Dray & Associates,https://dblp.org/pid/19/4597,Susan M. Dray,11,historical,2026-04-30,,,,,/Users/jimmylin/workspace/bigcows-project/bigcows-crawler/.cache/acm-fellows-scholar-2026-09-16/cache.json,70e8ba46b3b12176944a13aa9eb39635a53c099ea62c0ec9931dd14bb82a4640
Tal Rabin,2017,https://scholar.google.com/citations?user=18exh0MAAAAJ,,supported,metadata_and_publication_review,200,2026-09-16T20:08:27Z,Tal Rabin,"University of Pennsylvania, Amazon Web Services",https://dblp.org/pid/r/TalRabin,,0,historical,2026-04-30,,,,,/Users/jimmylin/workspace/bigcows-project/bigcows-crawler/.cache/acm-fellows-scholar-2026-09-16/cache.json,078849bfb9fb80f0e8424aa11b34545ad893d5d1e6d22b36ea88a2453a957325
Tomas Lozano-Perez,2017,https://scholar.google.com/citations?user=gQOKAggAAAAJ,,supported,name_and_2plus_dblp_titles,200,2026-09-16T20:08:34Z,Tomas Lozano-Perez,"Professor of Computer Science, MIT",https://dblp.org/pid/90/752,Tomás Lozano-Pérez,15,historical,2026-04-30,,,,,/Users/jimmylin/workspace/bigcows-project/bigcows-crawler/.cache/acm-fellows-scholar-2026-09-16/cache.json,8eed979f53dc092f1422cb8f0b7baa20520c4398dd1ed3c57f29ff7afdb8a16b
Venkatesan Guruswami,2017,https://scholar.google.com/citations?user=Es6jE1kAAAAJ,,supported,name_and_2plus_dblp_titles,200,2026-09-16T20:08:41Z,Venkatesan Guruswami,"University of California, Berkeley",https://dblp.org/pid/g/VenkatesanGuruswami,Venkatesan Guruswami,19,historical,2026-04-30,,,,,/Users/jimmylin/workspace/bigcows-project/bigcows-crawler/.cache/acm-fellows-scholar-2026-09-16/cache.json,7dac8252601f376e99d2937df7c9eb612281f468cae560442a77cd6ffb6597b6
Wenke Lee,2017,https://scholar.google.com/citations?user=nfkH5V4AAAAJ,,supported,metadata_and_publication_review,200,2026-09-16T20:08:48Z,Wenke Lee,"Regents' Professor and John P. Imlay Jr. Chair, College of Computing, Georgia Tech",https://dblp.org/pid/29/5976,,0,historical,2026-04-30,,,,,/Users/jimmylin/workspace/bigcows-project/bigcows-crawler/.cache/acm-fellows-scholar-2026-09-16/cache.json,a3496981492957d8c67ad33804e74269b90f47ad3868f4cec2e479108ddccf51
Yi Ma,2017,https://scholar.google.com/citations?user=XqLiBQMAAAAJ,,supported,metadata_and_publication_review,200,2026-09-16T20:08:55Z,Yi Ma,"Director of School of Computing & Data Science, HKU; Visiting Professor of EECS, Berkeley",https://dblp.org/pid/69/1112-1,,0,historical,2026-04-30,,,,,/Users/jimmylin/workspace/bigcows-project/bigcows-crawler/.cache/acm-fellows-scholar-2026-09-16/cache.json,2b1b02e37a83f79c8153138cfa5d5742025c32f0743899479fce5f46bc2283d5
Yong Rui,2017,https://scholar.google.com/citations?user=rCGsLtcAAAAJ,,supported,metadata_and_publication_review,200,2026-09-16T20:09:02Z,Yong Rui,Lenovo Research and previously Microsoft Research,https://dblp.org/pid/r/YongRui,,0,historical,2026-04-30,,,,,/Users/jimmylin/workspace/bigcows-project/bigcows-crawler/.cache/acm-fellows-scholar-2026-09-16/cache.json,d52b7d217a68ba6008c6f519f44ee484fd9bcb18213fd21e053f724e7c488233
Yvonne Rogers,2017,https://scholar.google.com/citations?user=qzcYcEAAAAAJ,,supported,name_and_2plus_dblp_titles,200,2026-09-16T20:11:38Z,Yvonne Rogers,University College London,https://dblp.org/pid/r/YvonneRogers,Yvonne Rogers,14,historical,2026-04-30,,,,,/Users/jimmylin/workspace/bigcows-project/bigcows-crawler/.cache/acm-fellows-scholar-2026-09-16/cache.json,5be9f494bcac3fa888ca0c246e55c595e3ab4da20a619c6193ab30d14179f6de
Abigail Sellen,2016,https://scholar.google.com/citations?user=3UlxG6UAAAAJ,,supported,name_and_2plus_dblp_titles,200,2026-09-16T20:11:46Z,Abigail Sellen,"Lab Director, Microsoft Research Cambridge, UK",https://dblp.org/pid/s/AbigailSellen,Abigail Sellen,18,historical,2026-04-30,,,,,/Users/jimmylin/workspace/bigcows-project/bigcows-crawler/.cache/acm-fellows-scholar-2026-09-16/cache.json,5b08086394e779ff48423372bf8c71a413052758b32049c378ebd0fc3ef49d0a
Adrian Perrig,2016,https://scholar.google.com/citations?user=n-Oret4AAAAJ,,supported,name_and_2plus_dblp_titles,200,2026-09-16T20:11:52Z,Adrian Perrig,"Professor of Computer Science at ETH Zürich, Adjunct Professor of ECE at CMU, Cylab Fellow",https://dblp.org/pid/16/6873,Adrian Perrig,19,historical,2026-04-30,,,,,/Users/jimmylin/workspace/bigcows-project/bigcows-crawler/.cache/acm-fellows-scholar-2026-09-16/cache.json,a42aaf7d3be3a4270c04bf380cda6e883248e738009a27391db0bbe1df7e7220
Allison Druin,2016,https://scholar.google.com/citations?user=QpaGsuMAAAAJ,,supported,name_and_2plus_dblp_titles,200,2026-09-16T20:11:59Z,Allison Druin,"Chief Futurist, University of Maryland",https://dblp.org/pid/d/AllisonDruin,Allison Druin,11,historical,2026-04-30,,,,,/Users/jimmylin/workspace/bigcows-project/bigcows-crawler/.cache/acm-fellows-scholar-2026-09-16/cache.json,3e3a011523297f46f8b5ff26e13ffe7e55bb1ddb1112ba8d57493eb0f18a4bd1
Andre Seznec,2016,https://scholar.google.com/citations?user=BHupl5EAAAAJ,,supported,name_and_2plus_dblp_titles,200,2026-09-16T20:12:07Z,Seznec Andre,INRIA/IRISA,https://dblp.org/pid/08/6044,André Seznec,16,historical,2026-04-30,,,,,/Users/jimmylin/workspace/bigcows-project/bigcows-crawler/.cache/acm-fellows-scholar-2026-09-16/cache.json,11e68c7e62eaafdef0392b64438ae8ca26b1e0c8505276b91163403a0767421d
Anne-Marie Kermarrec,2016,https://scholar.google.com/citations?user=aIAy-qcAAAAJ,,supported,name_and_2plus_dblp_titles,200,2026-09-16T20:12:13Z,Anne-Marie Kermarrec,"Professor, EPFL",https://dblp.org/pid/86/676,Anne-Marie Kermarrec,19,historical,2026-04-30,,,,,/Users/jimmylin/workspace/bigcows-project/bigcows-crawler/.cache/acm-fellows-scholar-2026-09-16/cache.json,725a95e3c523cb352fc2400e0350a7e605e5022c993ce456b81a9bccede023cb
Anthony Hey,2016,https://scholar.google.com/citations?user=eyOUs-kAAAAJ,,supported,metadata_and_publication_review,200,2026-09-16T20:12:20Z,Tony Hey,Honorary Senior Data Scientist STFC,https://dblp.org/pid/h/AnthonyJGHey,Anthony J. G. Hey,9,missing,,,,,,/Users/jimmylin/workspace/bigcows-project/bigcows-crawler/.cache/acm-fellows-scholar-2026-09-16/cache.json,b16a76488b0ab0a3607049405c8cbb477bebe2e2bfe5c55b296d30b27382f0af
Carla Brodley,2016,https://scholar.google.com/citations?user=sQ8u6h4AAAAJ,,supported,name_and_2plus_dblp_titles,200,2026-09-16T20:12:26Z,Carla Brodley,Northeastern University,https://dblp.org/pid/24/1941,Carla E. Brodley,17,historical,2026-04-30,,,,,/Users/jimmylin/workspace/bigcows-project/bigcows-crawler/.cache/acm-fellows-scholar-2026-09-16/cache.json,8b6133cb36e14488b6c2d188fc91a850ed28387c41ef5eb72dc3e4aef051cdf6
Carlo Tomasi,2016,https://scholar.google.com/citations?user=xViwZ0QAAAAJ,,supported,name_and_2plus_dblp_titles,200,2026-09-16T20:12:34Z,Carlo Tomasi,"Professor of Computer Science, Duke University",https://dblp.org/pid/24/2162,Carlo Tomasi,14,historical,2026-04-30,,,,,/Users/jimmylin/workspace/bigcows-project/bigcows-crawler/.cache/acm-fellows-scholar-2026-09-16/cache.json,e989591dc6c47a8a91915522b984d10fadf72c94b55765be990b4be134e66138
Christos Kozyrakis,2016,https://scholar.google.com/citations?user=G2EJz5kAAAAJ,,supported,name_and_2plus_dblp_titles,200,2026-09-16T20:12:41Z,Christos Kozyrakis,Stanford University,https://dblp.org/pid/k/ChristoforosEKozyrakis,Christoforos E. Kozyrakis,18,historical,2026-04-30,,,,,/Users/jimmylin/workspace/bigcows-project/bigcows-crawler/.cache/acm-fellows-scholar-2026-09-16/cache.json,c997cbe271746c2bead3c7b9fb6aeb201a88c09cc6d90365e2784ae430b72368
Dan Boneh,2016,https://scholar.google.com/citations?user=MwLqCs4AAAAJ,,supported,name_and_2plus_dblp_titles,200,2026-09-16T20:12:48Z,Dan Boneh,"Professor of Computer Science, Stanford University",https://dblp.org/pid/b/DanBoneh,Dan Boneh,18,historical,2026-04-30,,,,,/Users/jimmylin/workspace/bigcows-project/bigcows-crawler/.cache/acm-fellows-scholar-2026-09-16/cache.json,f5b3160d1fa82dd914ad75e7628f7c91c9d579300387d0682c6e9cef548bef34
Daniel Jackson,2016,,,unavailable,no_profile,,,,,https://dblp.org/pid/80/1906-2,Daniel Jackson 0002,0,no_profile,,no_verified_profile,,,,,
David Peleg,2016,https://scholar.google.com/citations?user=wBVagosAAAAJ,,supported,name_and_2plus_dblp_titles,200,2026-09-16T20:13:01Z,David Peleg,"Professor of Computer Science, Weizmann Institute",https://dblp.org/pid/p/DavidPeleg,David Peleg,17,historical,2026-04-30,,,,,/Users/jimmylin/workspace/bigcows-project/bigcows-crawler/.cache/acm-fellows-scholar-2026-09-16/cache.json,d09dafb5724a8cf4133993e8e0d57554f9b24bb6828d9e801f4df5e6582471cb
Erik Demaine,2016,https://scholar.google.com/citations?user=6Ff2c8wAAAAJ,,supported,name_and_2plus_dblp_titles,200,2026-09-16T20:13:08Z,Erik Demaine,"Professor of Electrical Engineering and Computer Science, Massachusetts Institute of Technology",https://dblp.org/pid/d/ErikDDemaine,Erik D. Demaine,17,historical,2026-04-30,,,,,/Users/jimmylin/workspace/bigcows-project/bigcows-crawler/.cache/acm-fellows-scholar-2026-09-16/cache.json,41b218311ac13cacfbc5b47010eadd047fd65bb8bb52e26d4b21397b718fd506
Fredo Durand,2016,https://scholar.google.com/citations?user=NJ9c4ygAAAAJ,,supported,name_and_2plus_dblp_titles,200,2026-09-16T20:13:16Z,Fredo Durand,"Professor of Computer Science, MIT",https://dblp.org/pid/87/2617,Frédo Durand,19,historical,2026-04-30,,,,,/Users/jimmylin/workspace/bigcows-project/bigcows-crawler/.cache/acm-fellows-scholar-2026-09-16/cache.json,2d66a6cd54fc2cf8f42e368ebb235abede161450ee06f2eb27b2ff7aea3eedd1
Ganesan Ramalingam,2016,https://scholar.google.com/citations?user=PMZ1bA4AAAAJ,,supported,name_and_2plus_dblp_titles,200,2026-09-16T20:13:23Z,Ganesan Ramalingam,Microsoft Research India,https://dblp.org/pid/r/GRamalingam,G. Ramalingam,19,historical,2026-04-30,,,,,/Users/jimmylin/workspace/bigcows-project/bigcows-crawler/.cache/acm-fellows-scholar-2026-09-16/cache.json,5231642658309daa038b8daae8377d8cebd4cb7377f162a226111d6277078d81
Holly E Rushmeier,2016,https://scholar.google.com/citations?user=saY3qN5NWbcC,,supported,name_and_2plus_dblp_titles,200,2026-09-16T20:13:30Z,Holly Rushmeier,"Professor of Computer Science, Yale",https://dblp.org/pid/13/6571,Holly E. Rushmeier,16,missing,,,,,,/Users/jimmylin/workspace/bigcows-project/bigcows-crawler/.cache/acm-fellows-scholar-2026-09-16/cache.json,1932b63dbeb9fb4e8723d55a7c12a9470dc8814bc2b7f193564d350709b574eb
James Hendler,2016,https://scholar.google.com/citations?user=JNPbTdIAAAAJ,,supported,name_and_2plus_dblp_titles,200,2026-09-16T20:13:37Z,Jim Hendler,"Professor of computer science, RPI",https://dblp.org/pid/h/JamesAHendler,James A. Hendler,13,historical,2026-04-30,,,,,/Users/jimmylin/workspace/bigcows-project/bigcows-crawler/.cache/acm-fellows-scholar-2026-09-16/cache.json,6a210e105ebce35179d2c5afff75b7439f478e41c308c970687dd95fb631f42f
James Landay,2016,https://scholar.google.com/citations?user=oQsObk0AAAAJ,,supported,name_and_2plus_dblp_titles,200,2026-09-16T20:13:45Z,James Landay,"Professor of Computer Science, Stanford University",https://dblp.org/pid/l/JamesALanday,James A. Landay,18,historical,2026-04-30,,,,,/Users/jimmylin/workspace/bigcows-project/bigcows-crawler/.cache/acm-fellows-scholar-2026-09-16/cache.json,ef885f6581ff8a836d8bec5b2b85f64bb9f1c3ded7fe99534af10873001b9234
Jason Flinn,2016,https://scholar.google.com/citations?user=YxGHbuMAAAAJ,,supported,name_and_2plus_dblp_titles,200,2026-09-16T20:13:52Z,Jason Flinn,Facebook,https://dblp.org/pid/14/85,Jason Flinn,20,historical,2026-04-30,,,,,/Users/jimmylin/workspace/bigcows-project/bigcows-crawler/.cache/acm-fellows-scholar-2026-09-16/cache.json,1ebc3123a6a6843407040c1d5aa7d75f943e320ef056c7ad3a48f59860d1b4e2
Joseph Bryan Lyles,2016,https://scholar.google.com/citations?user=U12mxPQAAAAJ,,supported,metadata_and_publication_review,200,2026-09-16T20:13:58Z,J. Bryan Lyles,retired,,,0,missing,,,,,,/Users/jimmylin/workspace/bigcows-project/bigcows-crawler/.cache/acm-fellows-scholar-2026-09-16/cache.json,2f0a390062db990e224672c03c82695a78067287733e54a7096837343b744182
Justine Cassell,2016,https://scholar.google.com/citations?user=wkC9xHMAAAAJ,,supported,name_and_2plus_dblp_titles,200,2026-09-16T20:14:06Z,Justine Cassell,Inria Paris & Carnegie Mellon University,https://dblp.org/pid/61/1634,Justine Cassell,11,historical,2026-04-30,,,,,/Users/jimmylin/workspace/bigcows-project/bigcows-crawler/.cache/acm-fellows-scholar-2026-09-16/cache.json,375fa3d1675046a2f48467082b389e26439e1b511f326cf91cff310a1bb8d524
K. Rustan M. Leino,2016,,,unavailable,no_profile,,,,,https://dblp.org/pid/l/KRMLeino,K. Rustan M. Leino,0,no_profile,,no_verified_profile,,,,,
Louiqa Raschid,2016,https://scholar.google.com/citations?user=MD8nInYAAAAJ,,supported,name_and_2plus_dblp_titles,200,2026-09-16T20:14:13Z,Louiqa Raschid,"Professor, University of Maryland",https://dblp.org/pid/r/LouiqaRaschid,Louiqa Raschid,18,historical,2026-04-30,,,,,/Users/jimmylin/workspace/bigcows-project/bigcows-crawler/.cache/acm-fellows-scholar-2026-09-16/cache.json,57721482c28bdb07c6d0e68ad449c97fc5262b0a9c1213d6e3ad003f321bdb34
Luca Benini,2016,https://scholar.google.com/citations?user=8riq3sYAAAAJ,,supported,name_and_2plus_dblp_titles,200,2026-09-16T20:14:20Z,Luca Benini,"ETH Zürich, Università di Bologna",https://dblp.org/pid/b/LucaBenini,Luca Benini,18,historical,2026-04-30,,,,,/Users/jimmylin/workspace/bigcows-project/bigcows-crawler/.cache/acm-fellows-scholar-2026-09-16/cache.json,8f550d453f83a75b216e0945042b0c26156ea927a34bcbbe719e6aa80f4aa91b
Manuela Veloso,2016,https://scholar.google.com/citations?user=2FbkAzYAAAAJ,,supported,name_and_2plus_dblp_titles,200,2026-09-16T20:14:27Z,Manuela M. Veloso,"Herbert A. Simon University Professor of Computer Science, Carnegie Mellon University",https://dblp.org/pid/v/ManuelaMVeloso,Manuela M. Veloso,17,historical,2026-04-30,,,,,/Users/jimmylin/workspace/bigcows-project/bigcows-crawler/.cache/acm-fellows-scholar-2026-09-16/cache.json,d31e117de22b662a53717cad572aacc9b4f35d3bfe32c14949723a91c28842ae
Marta Kwiatkowska,2016,https://scholar.google.com/citations?user=ArcH6PkAAAAJ,,supported,name_and_2plus_dblp_titles,200,2026-09-16T20:16:49Z,Marta Kwiatkowska,"Professor of Computing Systems, University of Oxford",https://dblp.org/pid/k/MartaZKwiatkowska,Marta Z. Kwiatkowska,20,historical,2026-04-30,,,,,/Users/jimmylin/workspace/bigcows-project/bigcows-crawler/.cache/acm-fellows-scholar-2026-09-16/cache.json,3fc50df6df9739a2b63eb83f8ae32175a55c14056c4b8179e2bfeab7aa44750b
Martin Kersten,2016,https://scholar.google.com/citations?user=Kr6jppsAAAAJ,,supported,name_and_2plus_dblp_titles,200,2026-09-16T20:16:56Z,Martin Kersten,"Research Fellow, CWI, Amsterdam",https://dblp.org/pid/k/MartinLKersten,Martin L. Kersten,18,historical,2026-04-30,,,,,/Users/jimmylin/workspace/bigcows-project/bigcows-crawler/.cache/acm-fellows-scholar-2026-09-16/cache.json,839aa8efffab77e0e8c37302495216ec6f2d2a23e75600d749dec4d8477afce9
Michael Saks,2016,https://scholar.google.com/citations?user=mu2I688AAAAJ,,supported,name_and_2plus_dblp_titles,200,2026-09-16T20:17:04Z,Michael Saks,Rutgers University-New Brunswick,https://dblp.org/pid/s/MichaelESaks,Michael E. Saks,16,missing,,,,,,/Users/jimmylin/workspace/bigcows-project/bigcows-crawler/.cache/acm-fellows-scholar-2026-09-16/cache.json,db1c4ec948855e77e46846f42c78cb9e5437e98bacfb8868075485b8f0c7deea
Monika Henzinger,2016,https://scholar.google.com/citations?user=NXbggxYAAAAJ,,supported,name_and_2plus_dblp_titles,200,2026-09-16T20:17:11Z,Monika Henzinger,"Professor of Computer Science, Institute of Science and Technology Austria (ISTA)",https://dblp.org/pid/h/MonikaRauchHenzinger,Monika Henzinger,16,historical,2026-04-30,,,,,/Users/jimmylin/workspace/bigcows-project/bigcows-crawler/.cache/acm-fellows-scholar-2026-09-16/cache.json,221f227b743ab54d7a4ae4aa1acff49aa6623ccef2f10a7c6f5a796d06c9151c
Nick Feamster,2016,https://scholar.google.com/citations?user=xYfYnG4AAAAJ,,supported,name_and_2plus_dblp_titles,200,2026-09-16T20:17:17Z,Nick Feamster,"Neubauer Professor of Computer Science, University of Chicago",https://dblp.org/pid/87/840,Nick Feamster,16,historical,2026-04-30,,,,,/Users/jimmylin/workspace/bigcows-project/bigcows-crawler/.cache/acm-fellows-scholar-2026-09-16/cache.json,67ca0d04dc4650c275b08d710496a112a2805b40bffd27288925cfbb7f579f91
Noga Alon,2016,https://scholar.google.com/citations?user=vOYl40wAAAAJ,,supported,name_and_2plus_dblp_titles,200,2026-09-16T20:17:23Z,Noga Alon,Princeton University and Tel Aviv University,https://dblp.org/pid/a/NAlon,Noga Alon,18,historical,2026-04-30,,,,,/Users/jimmylin/workspace/bigcows-project/bigcows-crawler/.cache/acm-fellows-scholar-2026-09-16/cache.json,f1851e75d3ceda3916f8979de43b4243856a9b3c2c66a59fc4a0fde3e2786904
Paul Barford,2016,https://scholar.google.com/citations?user=4uypulQAAAAJ,,supported,name_and_2plus_dblp_titles,200,2026-09-16T20:17:30Z,Paul Barford,"Professor of Computer Science, University of Wisconsin - Madison",https://dblp.org/pid/b/PaulBarford,Paul Barford,20,historical,2026-04-30,,,,,/Users/jimmylin/workspace/bigcows-project/bigcows-crawler/.cache/acm-fellows-scholar-2026-09-16/cache.json,318e600dcf6254a3f99f995e7804cae63e73ad3a8ab51c7489b3b88301349d66
Paul Van Oorschot,2016,https://scholar.google.com/citations?user=CMRzTi8AAAAJ,,supported,metadata_and_publication_review,200,2026-09-16T20:17:37Z,Paul C. van Oorschot,"Professor of Computer Science, Carleton University, Canada",https://dblp.org/pid/o/PCvOorschot,,0,historical,2026-04-30,,,,,/Users/jimmylin/workspace/bigcows-project/bigcows-crawler/.cache/acm-fellows-scholar-2026-09-16/cache.json,96fb23304eee1e01362ef3285df5b7245e262d59588e3fa22122924183859949
Radia Perlman,2016,,,unavailable,no_profile,,,,,https://dblp.org/pid/87/2370,Radia J. Perlman,0,no_profile,,no_verified_profile,,,,,
Rajesh Gupta,2016,https://scholar.google.com/citations?user=I1w51gUAAAAJ,,supported,metadata_and_publication_review,200,2026-09-16T20:17:45Z,Rajesh K. Gupta,"Professor of Computer Science and Engineering, Halıcıoğlu Data Science Institute, UC San Diego",https://dblp.org/pid/213/9138-1,,0,historical,2026-04-30,,,,,/Users/jimmylin/workspace/bigcows-project/bigcows-crawler/.cache/acm-fellows-scholar-2026-09-16/cache.json,9d1a3e8559a2aa7aaa6a117162fde78d3422cdf3e382017ca67dc7edd70ba8d9
Ravi Kannan,2016,,,unavailable,no_profile,,,,,https://dblp.org/pid/k/RaviKannan,Ravi Kannan,0,no_profile,,no_verified_profile,,,,,
Ricardo Bianchini,2016,,,unavailable,no_profile,,,,,https://dblp.org/pid/85/2722,Ricardo Bianchini,0,no_profile,,no_verified_profile,,,,,
Robert J.K. Jacob,2016,https://scholar.google.com/citations?user=FWjqglcAAAAJ,,supported,name_and_2plus_dblp_titles,200,2026-09-16T20:17:53Z,Robert Jacob,"Professor of Computer Science, Tufts University",https://dblp.org/pid/j/RobertJKJacob,Robert J. K. Jacob,16,missing,,,,,,/Users/jimmylin/workspace/bigcows-project/bigcows-crawler/.cache/acm-fellows-scholar-2026-09-16/cache.json,35c63be4fc5aab3ebfae3b05af98a6a01a8346a90ccbff8a9d75f35c29aec951
Robert L. Grossman,2016,https://scholar.google.com/citations?user=3KG8arsAAAAJ,,supported,name_and_2plus_dblp_titles,200,2026-09-16T20:17:59Z,Robert L Grossman,"Frederick H. Rawson Professor of Medicine and Computer Science, University of Chicago",https://dblp.org/pid/g/RobertLGrossman,Robert L. Grossman,8,historical,2026-04-30,,,,,/Users/jimmylin/workspace/bigcows-project/bigcows-crawler/.cache/acm-fellows-scholar-2026-09-16/cache.json,acb08db04bfc45e1a8b9b05911d0ef23d46e8a5082e5f338ae221a9fd12348f8
Sachin S. Sapatnekar,2016,https://scholar.google.com/citations?user=RbDCxkpnnmsC,,supported,name_and_2plus_dblp_titles,200,2026-09-16T20:18:07Z,Sachin Sapatnekar,University of Minnesota,https://dblp.org/pid/s/SachinSSapatnekar,Sachin S. Sapatnekar,18,historical,2026-04-30,,,,,/Users/jimmylin/workspace/bigcows-project/bigcows-crawler/.cache/acm-fellows-scholar-2026-09-16/cache.json,5e065f43f0abeafe3a1b5a524cf9506bbe1a03843524d4007bd5f9270a1b0967
Sharon Oviatt,2016,https://scholar.google.com/citations?user=3CsBn00AAAAJ,,supported,name_and_2plus_dblp_titles,200,2026-09-16T20:18:13Z,Sharon Oviatt,"Professor of Human-centered A.I., Engineering, Monash University, Melbourne Australia",https://dblp.org/pid/o/SharonLOviatt,Sharon L. Oviatt,14,historical,2026-04-30,,,,,/Users/jimmylin/workspace/bigcows-project/bigcows-crawler/.cache/acm-fellows-scholar-2026-09-16/cache.json,90b2cbdabbcbee93456eda4263c395e6e416e169640a0181972e706cadbf7065
Shwetak N Patel,2016,https://scholar.google.com/citations?user=z4S5rC0AAAAJ,,supported,name_and_2plus_dblp_titles,200,2026-09-16T20:18:20Z,Shwetak Patel,"University of Washington, Washington Research Foundation Endowed Professor, Computer Science",https://dblp.org/pid/p/ShwetakNPatel,Shwetak N. Patel,18,missing,,,,,,/Users/jimmylin/workspace/bigcows-project/bigcows-crawler/.cache/acm-fellows-scholar-2026-09-16/cache.json,ba97a0cbc188b904c82665d0f605fd6b9a3d3cdba939c23da3cec94464a847d0
Somesh Jha,2016,https://scholar.google.com/citations?user=BaI7l8QAAAAJ,,supported,name_and_2plus_dblp_titles,200,2026-09-16T20:18:27Z,Somesh Jha,"Lubar Chair of Computer Science, University of Wisconsin",https://dblp.org/pid/j/SomeshJha,Somesh Jha,19,historical,2026-04-30,,,,,/Users/jimmylin/workspace/bigcows-project/bigcows-crawler/.cache/acm-fellows-scholar-2026-09-16/cache.json,c4cc66d47a20d7aa6bee97267614123bbe59e2115c007e3d3d977d07afd3a718
Steve Blackburn,2016,https://scholar.google.com/citations?user=HgSTO7oAAAAJ,,supported,name_and_2plus_dblp_titles,200,2026-09-16T20:18:35Z,Steve Blackburn,"Research Scientist, Google | Professor of Computer Science, Australian National University",https://dblp.org/pid/b/StephenMBlackburn,Steve Blackburn,19,historical,2026-04-30,,,,,/Users/jimmylin/workspace/bigcows-project/bigcows-crawler/.cache/acm-fellows-scholar-2026-09-16/cache.json,3838d7f4f427cf9b3f05e266c6251e7b968a31d1862346d31f6c0fa5ffe6463b
Sudipta Sengupta,2016,https://scholar.google.com/citations?user=h8M0U0oAAAAJ,,supported,name_and_2plus_dblp_titles,200,2026-09-16T20:18:42Z,Sudipta Sengupta,"Vice President & Distinguished Scientist, Amazon AWS",https://dblp.org/pid/88/4889,Sudipta Sengupta,13,historical,2026-04-30,,,,,/Users/jimmylin/workspace/bigcows-project/bigcows-crawler/.cache/acm-fellows-scholar-2026-09-16/cache.json,3281b30888d223a082cf4a7ef1bcf8746076822b850ba336b862b7aaa7833a1d
Todd C Mowry,2016,https://scholar.google.com/citations?user=MYsIXF4AAAAJ,,supported,name_and_2plus_dblp_titles,200,2026-09-16T20:18:48Z,Todd C. Mowry,"Professor of Computer Science, Carnegie Mellon University",https://dblp.org/pid/65/4120,Todd C. Mowry,19,historical,2026-04-30,,,,,/Users/jimmylin/workspace/bigcows-project/bigcows-crawler/.cache/acm-fellows-scholar-2026-09-16/cache.json,d0090cfd54ae65fe0af4374dcea8190b7b1aa5d063282e8f5eb7726d1bdd81b9
Trevor Mudge,2016,https://scholar.google.com/citations?user=d1KEK84AAAAJ,,supported,name_and_2plus_dblp_titles,200,2026-09-16T20:18:55Z,Trevor Mudge,"Bredt Family Professor of Engineering, University of Michigan",https://dblp.org/pid/m/TrevorNMudge,Trevor N. Mudge,19,historical,2026-04-30,,,,,/Users/jimmylin/workspace/bigcows-project/bigcows-crawler/.cache/acm-fellows-scholar-2026-09-16/cache.json,6095bb7041ca98f9c225f1e326782f5e73ec3a038be195c2b66fd7163211c3f9
Valerie Taylor,2016,https://scholar.google.com/citations?user=UUWrt60AAAAJ,,supported,name_and_2plus_dblp_titles,200,2026-09-16T20:19:02Z,Valerie Taylor,Argonne National Laboratory,https://dblp.org/pid/50/1380,Valerie Taylor 0001,13,missing,,,,,,/Users/jimmylin/workspace/bigcows-project/bigcows-crawler/.cache/acm-fellows-scholar-2026-09-16/cache.json,2c33460d93adcdac190ba13a1d7cd6ce44784c10118ab34b80a419091ab1e68c
Venkata Padmanabhan,2016,https://scholar.google.com/citations?user=ae1ve-EAAAAJ,,supported,name_and_2plus_dblp_titles,200,2026-09-16T20:19:09Z,Venkata N. Padmanabhan,Microsoft Research India,https://dblp.org/pid/p/VenkataNPadmanabhan,Venkat N. Padmanabhan,18,historical,2026-04-30,,,,,/Users/jimmylin/workspace/bigcows-project/bigcows-crawler/.cache/acm-fellows-scholar-2026-09-16/cache.json,95b2e430130237d262e9e17fcb7e4a01292ec948cb7bcda0a0a63b773d9e8753
William Freeman,2016,https://scholar.google.com/citations?user=0zZnyMEAAAAJ,,supported,name_and_2plus_dblp_titles,200,2026-09-16T20:19:15Z,William T. Freeman,"Professor of Computer Science, MIT",https://dblp.org/pid/86/6650,William T. Freeman,16,historical,2026-04-30,,,,,/Users/jimmylin/workspace/bigcows-project/bigcows-crawler/.cache/acm-fellows-scholar-2026-09-16/cache.json,7c581e4d76e347f5049370fc7a6ca2608333e5233106179c7883d7f70495524c
Xuedong Huang,2016,https://scholar.google.com/citations?user=xByATywAAAAJ,,supported,metadata_and_publication_review,200,2026-09-16T20:19:21Z,Xuedong D. Huang,Microsoft,https://dblp.org/pid/273/8161,Xue-Dong Huang,0,historical,2026-04-30,,,,,/Users/jimmylin/workspace/bigcows-project/bigcows-crawler/.cache/acm-fellows-scholar-2026-09-16/cache.json,396b242fee12923754a4ebeb8f61c62de4291a2b02eb192c640d9a1f5021dee8
Yolanda Gil,2016,https://scholar.google.com/citations?user=NDmGsCgAAAAJ,,supported,name_and_2plus_dblp_titles,200,2026-09-16T20:19:28Z,Yolanda Gil,"Research Professor of Computer Science, University of Southern California",https://dblp.org/pid/88/2686,Yolanda Gil,14,historical,2026-04-30,,,,,/Users/jimmylin/workspace/bigcows-project/bigcows-crawler/.cache/acm-fellows-scholar-2026-09-16/cache.json,16032096a0bfb5f8b85ad838e100ed4989253907e9f169bca205f344bdad6b68
Zhi-Hua Zhou,2016,https://scholar.google.com/citations?user=rSVIHasAAAAJ,,supported,name_and_2plus_dblp_titles,200,2026-09-16T20:19:35Z,Zhi-Hua Zhou,Nanjing University,https://dblp.org/pid/z/ZhiHuaZhou,Zhi-Hua Zhou,16,historical,2026-04-30,,,,,/Users/jimmylin/workspace/bigcows-project/bigcows-crawler/.cache/acm-fellows-scholar-2026-09-16/cache.json,5aa19cff090cd9bb8f8ea8d634c5a749cf5b94c487f0622cae58caeb4de7907d
Anastasia Ailamaki,2015,https://scholar.google.com/citations?user=YdrkeNwAAAAJ,,supported,name_and_2plus_dblp_titles,200,2026-09-16T20:22:09Z,Anastasia Ailamaki,Professor of Computer and Communication Sciences. EPFL,https://dblp.org/pid/a/AnastassiaAilamaki,Anastasia Ailamaki,19,historical,2026-04-30,,,,,/Users/jimmylin/workspace/bigcows-project/bigcows-crawler/.cache/acm-fellows-scholar-2026-09-16/cache.json,e3b8df4805a76c8ad74b92406dd8bba871b541543b142d5f2cad0fb5f350f8a6
Assaf Schuster,2015,https://scholar.google.com/citations?user=KfwgjswAAAAJ,,supported,name_and_2plus_dblp_titles,200,2026-09-16T20:22:16Z,Assaf Schuster,"Professor of Computer Science, Technion",https://dblp.org/pid/s/AssafSchuster,Assaf Schuster,18,historical,2026-04-30,,,,,/Users/jimmylin/workspace/bigcows-project/bigcows-crawler/.cache/acm-fellows-scholar-2026-09-16/cache.json,1c4ffdb1dd0d4af04d32bfd5ce16f535d2bdf3a1a7a47d7cd74a67308330568f
Babak Falsafi,2015,https://scholar.google.com/citations?user=LaNEuBUAAAAJ,,supported,name_and_2plus_dblp_titles,200,2026-09-16T20:22:24Z,Babak Falsafi,"Professor of Computer Science, EPFL",https://dblp.org/pid/f/BabakFalsafi,Babak Falsafi,20,historical,2026-04-30,,,,,/Users/jimmylin/workspace/bigcows-project/bigcows-crawler/.cache/acm-fellows-scholar-2026-09-16/cache.json,2651aebf500a3dcdd77b85a0c2286f3f789396caf1159e338a9d7d2fc33b9c5a
Bing Liu,2015,https://scholar.google.com/citations?user=Kt1bjZoAAAAJ,,supported,metadata_and_publication_review,200,2026-09-16T20:22:31Z,Bing Liu,"Distinguished Professor, University of Illinois at Chicago",https://dblp.org/pid/97/4797,Bing-Hong Liu,0,historical,2026-04-30,,,,,/Users/jimmylin/workspace/bigcows-project/bigcows-crawler/.cache/acm-fellows-scholar-2026-09-16/cache.json,22dfb71306ff8d23fa260467d4bc628512bd1a17de978c099f4cc658a316989d
Chih-Jen Lin,2015,https://scholar.google.com/citations?user=SLMkts8AAAAJ,,supported,name_and_2plus_dblp_titles,200,2026-09-16T20:22:39Z,Chih-Jen Lin,"Distinguished professor, National Taiwan University and affiliated professor, MBZUAI",https://dblp.org/pid/61/1218,Chih-Jen Lin,15,historical,2026-04-30,,,,,/Users/jimmylin/workspace/bigcows-project/bigcows-crawler/.cache/acm-fellows-scholar-2026-09-16/cache.json,1b4154ac10bad601a7f0b48eb8915c28193319b0ffb5f93e454753ade2f3a6d1
Cynthia Dwork,2015,,,unavailable,no_profile,,,,,https://dblp.org/pid/83/6616,Cynthia Dwork,0,no_profile,,no_verified_profile,,,,,
David M. Blei,2015,https://scholar.google.com/citations?user=8OYE6iEAAAAJ,,supported,name_and_2plus_dblp_titles,200,2026-09-16T20:22:53Z,David Blei,"Professor of Statistics and Computer Science, Columbia University",https://dblp.org/pid/86/1910,David M. Blei,17,missing,,,,,,/Users/jimmylin/workspace/bigcows-project/bigcows-crawler/.cache/acm-fellows-scholar-2026-09-16/cache.json,2ae57a596fb820f973bf1627cc13054d201b437b9a7d66ba204b9dd6d30f1871
Dragomir R Radev,2015,https://scholar.google.com/citations?user=vIqWvgwAAAAJ,,supported,name_and_2plus_dblp_titles,200,2026-09-16T20:23:00Z,Dragomir Radev,"Professor, Computer Science, Yale University",https://dblp.org/pid/r/DragomirRRadev,Dragomir R. Radev,15,missing,,,,,,/Users/jimmylin/workspace/bigcows-project/bigcows-crawler/.cache/acm-fellows-scholar-2026-09-16/cache.json,3f0593c3ae8c6e96aa21e7d428ca597f5bc4d4c29e740449f0c01b2633f2932d
Elizabeth D. Mynatt,2015,https://scholar.google.com/citations?user=l7nsfT4AAAAJ,,supported,name_and_2plus_dblp_titles,200,2026-09-16T20:23:07Z,Elizabeth D. Mynatt,"Dean, Khoury College of Computer Sciences, Northeastern University",https://dblp.org/pid/m/ElizabethDMynatt,Elizabeth D. Mynatt,14,historical,2026-04-30,,,,,/Users/jimmylin/workspace/bigcows-project/bigcows-crawler/.cache/acm-fellows-scholar-2026-09-16/cache.json,4e4fb8fcd11ca6b0efb0e2b019f2eb1e63735bbeb93d0f94f2ccb310d8c1a73c
Frank Pfenning,2015,https://scholar.google.com/citations?user=ghWKWBUAAAAJ,,supported,name_and_2plus_dblp_titles,200,2026-09-16T20:23:15Z,Frank Pfenning,"Professor of Computer Science, Carnegie Mellon University",https://dblp.org/pid/p/FPfenning,Frank Pfenning,18,historical,2026-04-30,,,,,/Users/jimmylin/workspace/bigcows-project/bigcows-crawler/.cache/acm-fellows-scholar-2026-09-16/cache.json,9c96f2afc804a279a2fe4523dce7c2cde9fa6715363445c400b27ceeba0d9670
Giuseppe De Giacomo,2015,https://scholar.google.com/citations?user=Sfo4K0oAAAAJ,,supported,name_and_2plus_dblp_titles,200,2026-09-16T20:23:21Z,Giuseppe De Giacomo,University of Oxford & Sapienza Università di Roma,https://dblp.org/pid/g/GDGiacomo,Giuseppe De Giacomo,19,historical,2026-04-30,,,,,/Users/jimmylin/workspace/bigcows-project/bigcows-crawler/.cache/acm-fellows-scholar-2026-09-16/cache.json,5c7bf180e7f49a2884be206b60a28e5a4f249dafb0e894ffd029dc9508c49c8d
Hsinchun Chen,2015,https://scholar.google.com/citations?user=ypvW54sAAAAJ,,supported,metadata_and_publication_review,200,2026-09-16T20:23:28Z,Hsinchun Chen,University of Arizona,https://dblp.org/pid/61/8513,Hsin-Chun Chen,0,historical,2026-04-30,,,,,/Users/jimmylin/workspace/bigcows-project/bigcows-crawler/.cache/acm-fellows-scholar-2026-09-16/cache.json,9dc4831f843adfa3039e5bc1f186c60ff0e8dbe9daf30c77fff6d6dde428d6d8
Jayant R Haritsa,2015,https://scholar.google.com/citations?user=dc626ewAAAAJ,,supported,name_and_2plus_dblp_titles,200,2026-09-16T20:23:35Z,Jayant Haritsa,Indian Institute of Science,https://dblp.org/pid/h/JayantRHaritsa,Jayant R. Haritsa,20,historical,2026-04-30,,,,,/Users/jimmylin/workspace/bigcows-project/bigcows-crawler/.cache/acm-fellows-scholar-2026-09-16/cache.json,1973fb83a9e69ca2f9703d6c18f9bfe2adc3dc09723491c88a08543fc5f1739f
Jian Pei,2015,https://scholar.google.com/citations?user=zIMEVKsAAAAJ,,supported,metadata_and_publication_review,200,2026-09-16T20:23:41Z,Jian Pei,"Arthur S. Pearse Distinguished Professor, Duke University",https://dblp.org/pid/p/JianPei,,0,historical,2026-04-30,,,,,/Users/jimmylin/workspace/bigcows-project/bigcows-crawler/.cache/acm-fellows-scholar-2026-09-16/cache.json,438a611d8dfaae3947048fb4670c44fca7429c4bec67e48d846981561ede69b5
Judea Pearl,2015,https://scholar.google.com/citations?user=bAipNH8AAAAJ,,supported,name_and_2plus_dblp_titles,200,2026-09-16T20:23:48Z,Judea Pearl,"Professor of Computer Science, University of California, Los Angeles",https://dblp.org/pid/p/JudeaPearl,Judea Pearl,13,historical,2026-04-30,,,,,/Users/jimmylin/workspace/bigcows-project/bigcows-crawler/.cache/acm-fellows-scholar-2026-09-16/cache.json,ca82d0390379b1c28aa1e04d994524d7b173bbfab55f721353b7cf0a9b781901
Julia Hirschberg,2015,https://scholar.google.com/citations?user=Qrd7FCoAAAAJ,,supported,name_and_2plus_dblp_titles,200,2026-09-16T20:23:55Z,Julia Hirschberg,Columbia University,https://dblp.org/pid/h/JuliaHirschberg,Julia Hirschberg,11,historical,2026-04-30,,,,,/Users/jimmylin/workspace/bigcows-project/bigcows-crawler/.cache/acm-fellows-scholar-2026-09-16/cache.json,1d86dd7f16a803ba4e83ddc61e5ba3ab04342caee8ba22e38497a5001cdbfe77
Kevin Fall,2015,,,unavailable,no_profile,,,,,https://dblp.org/pid/38/3635,Kevin R. Fall,0,no_profile,,no_verified_profile,,,,,
Kevin Skadron,2015,https://scholar.google.com/citations?user=Q-As1CEAAAAJ,,supported,name_and_2plus_dblp_titles,200,2026-09-16T20:24:03Z,Kevin Skadron,"Harry Douglas Forsyth Professor of Computer Science, University of Virginia",https://dblp.org/pid/s/KevinSkadron,Kevin Skadron,19,historical,2026-04-30,,,,,/Users/jimmylin/workspace/bigcows-project/bigcows-crawler/.cache/acm-fellows-scholar-2026-09-16/cache.json,490ffe031a06bda4dbc00cd27e2837275b68715f977d771f38aee719c007ccf0
Mary P. Czerwinski,2015,https://scholar.google.com/citations?user=LHkrpqEAAAAJ,,supported,name_and_2plus_dblp_titles,200,2026-09-16T20:24:09Z,Mary Czerwinski,Microsoft Research,https://dblp.org/pid/c/MaryCzerwinski,Mary Czerwinski,14,missing,,,,,,/Users/jimmylin/workspace/bigcows-project/bigcows-crawler/.cache/acm-fellows-scholar-2026-09-16/cache.json,c876fa19283111cbdbcf74772dadb75c095f144e5dd5dfc7fecf8f96a9e63d19
Michael Franz,2015,,,unavailable,no_profile,,,,,https://dblp.org/pid/f/MichaelFranz,,0,no_profile,,no_verified_profile,,,,,
Michael George Luby,2015,https://scholar.google.com/citations?user=OCzTJZ8AAAAJ,,supported,name_and_2plus_dblp_titles,200,2026-09-16T20:24:17Z,Michael Luby,BitRipple and ICSI,https://dblp.org/pid/l/MichaelLuby,Michael Luby,17,missing,,,,,,/Users/jimmylin/workspace/bigcows-project/bigcows-crawler/.cache/acm-fellows-scholar-2026-09-16/cache.json,9ede55ce557d2dd203387af78ec8e042a6f2dc9c8fbc75f9ccb495b2707ef1f9
Michael Rung-Tsong Lyu,2015,https://scholar.google.com/citations?user=uQnBgK0AAAAJ,,supported,name_and_2plus_dblp_titles,200,2026-09-16T20:24:24Z,Michael R. Lyu,"Professor of Computer Science & Engineering, The Chinese University of Hong Kong",https://dblp.org/pid/l/MichaelRLyu,Michael R. Lyu,19,missing,,,,,,/Users/jimmylin/workspace/bigcows-project/bigcows-crawler/.cache/acm-fellows-scholar-2026-09-16/cache.json,7da9f4d1c1aa1dfc3ada5f37ee2b5c8ee3c5ba86c42c714d911032327518a36d
Michael Wooldridge,2015,https://scholar.google.com/citations?user=JD8v9fkAAAAJ,,supported,metadata_and_publication_review,200,2026-09-16T20:24:31Z,Michael Wooldridge,University of Oxford,https://dblp.org/pid/56/389,Michael A. Wooldridge,0,historical,2026-04-30,,,,,/Users/jimmylin/workspace/bigcows-project/bigcows-crawler/.cache/acm-fellows-scholar-2026-09-16/cache.json,8d8b69106cb72b1df9e68d0364010a784b39bced52903d01937bbb90e85968e0
Naehyuck Chang,2015,https://scholar.google.com/citations?user=w0uiMd4AAAAJ,,supported,name_and_2plus_dblp_titles,200,2026-09-16T20:24:37Z,Naehyuck Chang,Samsung Electronics Device Solutions America,https://dblp.org/pid/84/5634,Naehyuck Chang,19,historical,2026-04-30,,,,,/Users/jimmylin/workspace/bigcows-project/bigcows-crawler/.cache/acm-fellows-scholar-2026-09-16/cache.json,ee5cc63a0de7827c54ff94054a336e5958af92ef701700c1ab2452dfe9d8329d
Nancy M Amato,2015,https://scholar.google.com/citations?user=AmaB9c4AAAAJ,,supported,name_and_2plus_dblp_titles,200,2026-09-16T20:24:43Z,Nancy M. Amato,"Abel Bliss Professor and Head, Computer Science, University of Illinois",https://dblp.org/pid/a/NMAmato,Nancy M. Amato,17,historical,2026-04-30,,,,,/Users/jimmylin/workspace/bigcows-project/bigcows-crawler/.cache/acm-fellows-scholar-2026-09-16/cache.json,cba252a51b2769efa45931335f68ac61bfbd641bbd9054b35df38b33e3414fc9
Orna Grumberg,2015,https://scholar.google.com/citations?user=ZPed8YYAAAAJ,,supported,name_and_2plus_dblp_titles,200,2026-09-16T20:24:50Z,Orna Grumberg,"Professor of Computer Science, Technion",https://dblp.org/pid/g/OrnaGrumberg,Orna Grumberg,19,historical,2026-04-30,,,,,/Users/jimmylin/workspace/bigcows-project/bigcows-crawler/.cache/acm-fellows-scholar-2026-09-16/cache.json,dafc1d065c572dcfd198bb78f1e4c0a1828eaf5ce7990b4031cd2e39b65fd3b9
Pablo Rodriguez,2015,https://scholar.google.com/citations?user=yetbFCsAAAAJ,,supported,name_and_2plus_dblp_titles,200,2026-09-16T20:24:57Z,Pablo Rodriguez Rodriguez,IEEE Fellow and ACM Fellow. Spain.,https://dblp.org/pid/r/PabloRodriguez,Pablo Rodriguez 0001,15,historical,2026-04-30,,,,,/Users/jimmylin/workspace/bigcows-project/bigcows-crawler/.cache/acm-fellows-scholar-2026-09-16/cache.json,f61ee8f5ebff46cf3b0f43cac2b95c9b1d76ba60ded900ebb7bea0589f0f80fd
Patrick McDaniel,2015,https://scholar.google.com/citations?user=AMGqrI0AAAAJ,,supported,name_and_2plus_dblp_titles,200,2026-09-16T20:27:34Z,Patrick McDaniel,"Tsun-Ming Shih Professor of Computer Sciences, University of Wisconsin-Madison",https://dblp.org/pid/m/PatrickDrewMcDaniel,Patrick D. McDaniel,20,historical,2026-04-30,,,,,/Users/jimmylin/workspace/bigcows-project/bigcows-crawler/.cache/acm-fellows-scholar-2026-09-16/cache.json,d47d4a6856336601719a084c5f6ad2715c2ffc92660124a27874f9321b3bb6c7
Paul Dourish,2015,https://scholar.google.com/citations?user=wyCIJfQAAAAJ,,supported,name_and_2plus_dblp_titles,200,2026-09-16T20:27:41Z,Paul Dourish,"Steckler Endowed Chair of Information and Computer Science, University of California, Irvine",https://dblp.org/pid/97/936,Paul Dourish,19,historical,2026-04-30,,,,,/Users/jimmylin/workspace/bigcows-project/bigcows-crawler/.cache/acm-fellows-scholar-2026-09-16/cache.json,fff6295e41f573143a0b1bde3c64a96cf7859d0c48f465fd6e5dd7ecfe860b60
Peter Schroeder,2015,https://scholar.google.com/citations?user=t3TgxNwAAAAJ,,supported,metadata_and_publication_review,200,2026-09-16T20:27:49Z,Peter Schröder,"Professor of Computer Science and Applied & Computational Mathematics, Caltech",https://dblp.org/pid/187/8118,Hans-Peter Schröder,0,historical,2026-04-30,dblp_identity_review,,,,/Users/jimmylin/workspace/bigcows-project/bigcows-crawler/.cache/acm-fellows-scholar-2026-09-16/cache.json,2cd2899036d522f2a0dd2b151d336d587df9dbd953beb307091fd5ae2ce1da37
Piotr Indyk,2015,https://scholar.google.com/citations?user=oOwNKsAAAAAJ,,supported,name_and_2plus_dblp_titles,200,2026-09-16T20:27:55Z,Piotr Indyk,"Thomas D. and Virginia W. Cabot Professor of Electrical Engineering and Computer Science, MIT",https://dblp.org/pid/i/PiotrIndyk,Piotr Indyk,19,historical,2026-04-30,,,,,/Users/jimmylin/workspace/bigcows-project/bigcows-crawler/.cache/acm-fellows-scholar-2026-09-16/cache.json,a1871c93bb6c6a7b3ef1b01777b2ea42b5986b6320efe7a4356e85ec4c5a1eb9
Ramanathan Guha,2015,,,unavailable,no_profile,,,,,https://dblp.org/pid/g/RamanathanVGuha,Ramanathan V. Guha,0,no_profile,,no_verified_profile,,,,,
Santosh Vempala,2015,https://scholar.google.com/citations?user=hRggMmIAAAAJ,,supported,name_and_2plus_dblp_titles,200,2026-09-16T20:28:02Z,Santosh S. Vempala,Georgia Tech,https://dblp.org/pid/v/SantoshVempala,Santosh S. Vempala,17,historical,2026-04-30,,,,,/Users/jimmylin/workspace/bigcows-project/bigcows-crawler/.cache/acm-fellows-scholar-2026-09-16/cache.json,9ed580e3ada96d898cfdf767f6f8f0761a76fe5a7f36a3c50e0a57650406d07a
Shmuel Sagiv,2015,https://scholar.google.com/citations?user=j4UuW80AAAAJ,,supported,metadata_and_publication_review,200,2026-09-16T20:28:09Z,Mooly Sagiv,Tel Aviv University,https://dblp.org/pid/s/SSagiv,Shmuel Sagiv,20,missing,,,,,,/Users/jimmylin/workspace/bigcows-project/bigcows-crawler/.cache/acm-fellows-scholar-2026-09-16/cache.json,535a47e36b2e8735850fb647e5c905e357ecdd5de7b369820d49aa61901ccdf3
Sriram Rajamani,2015,https://scholar.google.com/citations?user=o-EdErcAAAAJ,,supported,metadata_and_publication_review,200,2026-09-16T20:28:15Z,Sriram Rajamani,Microsoft Research,https://dblp.org/pid/335/3550,Sriram Rajamani,0,historical,2026-04-30,,,,,/Users/jimmylin/workspace/bigcows-project/bigcows-crawler/.cache/acm-fellows-scholar-2026-09-16/cache.json,9918c120b11269fcafdc64c226e35cb40c9f81b1cd6238c0ce26071e900da365
Tandy Warnow,2015,https://scholar.google.com/citations?user=BYZtDXEAAAAJ,,supported,name_and_2plus_dblp_titles,200,2026-09-16T20:28:22Z,Tandy Warnow,"University of Illinois Urbana-Champaign, Siebel School of Computing and Data Science",https://dblp.org/pid/w/TandyWarnow,Tandy J. Warnow,5,historical,2026-04-30,,,,,/Users/jimmylin/workspace/bigcows-project/bigcows-crawler/.cache/acm-fellows-scholar-2026-09-16/cache.json,37978a9b2d5956b057eeeaa1c74cd01423109a9f20f87a80d5eb3ecb72c05fbd
Tei-Wei Kuo,2015,https://scholar.google.com/citations?user=gBuHlIQAAAAJ,,supported,name_and_2plus_dblp_titles,200,2026-09-16T20:28:28Z,Tei-Wei Kuo,"CTO of Delta Electronics and Professor Emeritus of Computer Sci. & Info. Engr, National Taiwan Univ.",https://dblp.org/pid/07/3181,Tei-Wei Kuo,16,historical,2026-04-30,,,,,/Users/jimmylin/workspace/bigcows-project/bigcows-crawler/.cache/acm-fellows-scholar-2026-09-16/cache.json,65498a52b30a816fba25db20e488e6941f5a21173cbc3c7371cc7e9d15ac9218
Ueli M Maurer,2015,https://scholar.google.com/citations?user=TSsq3GMAAAAJ,,supported,name_and_2plus_dblp_titles,200,2026-09-16T20:28:35Z,Ueli Maurer,"Professor of Computer Science, ETH Zurich",https://dblp.org/pid/m/UMMaurer,Ueli Maurer,18,missing,,,,,,/Users/jimmylin/workspace/bigcows-project/bigcows-crawler/.cache/acm-fellows-scholar-2026-09-16/cache.json,6d38978a833540fcccb584bf63a411a02eeef57a1158e1724773057be1437e6d
Victor Miller,2015,https://scholar.google.com/citations?user=ewfv9nEAAAAJ,,supported,metadata_and_publication_review,200,2026-09-16T20:28:42Z,Victor Miller,SRI,https://dblp.org/pid/28/2651,Victor Miller,1,historical,2026-04-30,,,,,/Users/jimmylin/workspace/bigcows-project/bigcows-crawler/.cache/acm-fellows-scholar-2026-09-16/cache.json,7df1431f6b6623e767a6f18ee20066057cb956ebce70719ed2eab736f02fc327
Wang-Chiew Tan,2015,https://scholar.google.com/citations?user=sOY-wjkAAAAJ,,supported,name_and_2plus_dblp_titles,200,2026-09-16T20:28:48Z,Wang-Chiew Tan,Facebook AI,https://dblp.org/pid/t/WangChiewTan,Wang Chiew Tan,18,historical,2026-04-30,,,,,/Users/jimmylin/workspace/bigcows-project/bigcows-crawler/.cache/acm-fellows-scholar-2026-09-16/cache.json,2123c7c22484cc6a3b7dd99680e92741d258d19f90fa2c857adcc4312f4ee8a0
Xavier Leroy,2015,https://scholar.google.com/citations?user=K5yXAeAAAAAJ,,supported,name_and_2plus_dblp_titles,200,2026-09-16T20:28:55Z,Xavier Leroy,Collège de France,https://dblp.org/pid/03/352,Xavier Leroy,14,historical,2026-04-30,,,,,/Users/jimmylin/workspace/bigcows-project/bigcows-crawler/.cache/acm-fellows-scholar-2026-09-16/cache.json,b9750d5516638a54886321d69f8e8f8926c81d69f1c581990005e7479a578277
Yunhao Liu,2015,https://scholar.google.com/citations?user=hon00PIAAAAJ,,supported,metadata_and_publication_review,200,2026-09-16T20:29:02Z,Yunhao Liu,"ACM Fellow, IEEE Fellow, CCF Fellow, Tsinghua University",https://dblp.org/pid/342/2592,,0,historical,2026-04-30,,,,,/Users/jimmylin/workspace/bigcows-project/bigcows-crawler/.cache/acm-fellows-scholar-2026-09-16/cache.json,537227f1d3473b06294141f36e95fb340e4e2929a9d72b721af5cac81c955439
Adam Finkelstein,2014,https://scholar.google.com/citations?user=a959F6AAAAAJ,,supported,metadata_and_publication_review,200,2026-09-16T20:29:09Z,Adam Finkelstein,"Professor of Computer Science, Princeton University",https://dblp.org/pid/f/AdamFinkelstein,,0,historical,2026-04-30,,,,,/Users/jimmylin/workspace/bigcows-project/bigcows-crawler/.cache/acm-fellows-scholar-2026-09-16/cache.json,883d7c04a3e55b7569ce8729de846846ec37e6305491ceade1e437ad60e7870d
Alan Bundy,2014,https://scholar.google.com/citations?user=n7STZEYAAAAJ,,supported,name_and_2plus_dblp_titles,200,2026-09-16T20:29:16Z,Alan Bundy,"Professor of Automated Reasoning, University of Edinburgh",https://dblp.org/pid/b/AlanBundy,Alan Bundy,13,historical,2026-04-30,,,,,/Users/jimmylin/workspace/bigcows-project/bigcows-crawler/.cache/acm-fellows-scholar-2026-09-16/cache.json,8bbc53243a04a005f5b14b4b34d342730f84428a5c272e65c126e0a88e38b812
Alberto Luigi Sangiovanni Vincentelli,2014,https://scholar.google.com/citations?user=AhgjQ2QAAAAJ,,supported,metadata_and_publication_review,200,2026-09-16T20:29:22Z,Alberto Sangiovanni Vincentelli,"Professor of EECS, University of California, Berkeley",https://dblp.org/pid/s/ALSangiovanniV,,0,missing,,,,,,/Users/jimmylin/workspace/bigcows-project/bigcows-crawler/.cache/acm-fellows-scholar-2026-09-16/cache.json,12b02c7358ce882f44d08f61d07508870d833a80ce8194516f12bb8579b75783
Allan Borodin,2014,https://scholar.google.com/citations?user=VIFfuYgAAAAJ,,supported,name_and_2plus_dblp_titles,200,2026-09-16T20:29:30Z,Allan Borodin,"Professor of Computer Science, University of Toronto",https://dblp.org/pid/02/5164,Allan Borodin,19,historical,2026-04-30,,,,,/Users/jimmylin/workspace/bigcows-project/bigcows-crawler/.cache/acm-fellows-scholar-2026-09-16/cache.json,89a9b49b54c9c81ac7fc1f657fff0c3615527bc5adf5c37d4f588312aea093c3
Aravind Srinivasan,2014,https://scholar.google.com/citations?user=sPzla6IAAAAJ,,supported,name_and_2plus_dblp_titles,200,2026-09-16T20:29:37Z,Aravind Srinivasan,"Professor of Computer Science and Distinguished University Professor, University of Maryland",https://dblp.org/pid/s/AravindSrinivasan,Aravind Srinivasan,15,historical,2026-04-30,,,,,/Users/jimmylin/workspace/bigcows-project/bigcows-crawler/.cache/acm-fellows-scholar-2026-09-16/cache.json,c50a8a4f233eef48408cb25855ba85511a0fd2e542c7498f6f87ca781ea7e19b
Charles W Bachman,2014,,,unavailable,no_profile,,,,,https://dblp.org/pid/91/5139,Charles W. Bachman,0,no_profile,,no_verified_profile,,,,,
Daniela Rus,2014,https://scholar.google.com/citations?user=910z20QAAAAJ,,supported,name_and_2plus_dblp_titles,200,2026-09-16T20:29:45Z,Daniela Rus,"Andrew (1956) and Erna Viterbi Professor of Computer Science, MIT",https://dblp.org/pid/r/DanielaRus,Daniela Rus,11,historical,2026-04-30,,,,,/Users/jimmylin/workspace/bigcows-project/bigcows-crawler/.cache/acm-fellows-scholar-2026-09-16/cache.json,a8df9fe7de0e0ce37de089380473f4d2ea05188c0dba546a17b26917c12999f9
Eric Grimson,2014,https://scholar.google.com/citations?user=zZ0-4SUAAAAJ,,supported,name_and_2plus_dblp_titles,200,2026-09-16T20:29:52Z,Eric Grimson,MIT,https://dblp.org/pid/g/WEricLGrimson,W. Eric L. Grimson,13,historical,2026-04-30,,,,,/Users/jimmylin/workspace/bigcows-project/bigcows-crawler/.cache/acm-fellows-scholar-2026-09-16/cache.json,3ff07a3df14fb97a1f6d4aa7275a847ddde0e26ada7c6c402a176610ecc2540d
Eric Horvitz,2014,https://scholar.google.com/citations?user=V4OPEAgAAAAJ,,supported,name_and_2plus_dblp_titles,200,2026-09-16T20:29:58Z,Eric Horvitz,Microsoft,https://dblp.org/pid/h/EricHorvitz,Eric Horvitz,14,historical,2026-04-30,,,,,/Users/jimmylin/workspace/bigcows-project/bigcows-crawler/.cache/acm-fellows-scholar-2026-09-16/cache.json,9090eb9c2dc7ba2ce9caccd378c623fb6ab7597d0e400c3eb7f165a0779c130f
Faith Ellen,2014,,,unavailable,no_profile,,,,,https://dblp.org/pid/f/FEFich,Faith Ellen,0,no_profile,,no_verified_profile,,,,,
Foto Afrati,2014,https://scholar.google.com/citations?user=pU0dce0AAAAJ,,supported,name_and_2plus_dblp_titles,200,2026-09-16T20:30:06Z,Foto Afrati,"Professor of Computer Science, National Technical University of Athens",https://dblp.org/pid/a/FotoNAfrati,Foto N. Afrati,19,historical,2026-04-30,,,,,/Users/jimmylin/workspace/bigcows-project/bigcows-crawler/.cache/acm-fellows-scholar-2026-09-16/cache.json,c320d6c55553f574e22e9e6ac9ce3711a59a7494495524c027fed8d872a5d82a
Gene Tsudik,2014,https://scholar.google.com/citations?user=WLvuu74AAAAJ,,supported,metadata_and_publication_review,200,2026-09-16T20:30:13Z,Gene Tsudik,"Peter & Lois Griffin Professor, Jolly Good Fellow of This & That",https://dblp.org/pid/08/1183,,0,historical,2026-04-30,,,,,/Users/jimmylin/workspace/bigcows-project/bigcows-crawler/.cache/acm-fellows-scholar-2026-09-16/cache.json,c333704f7055c3f9252f3910aa6a5f7f1805b2e220f91a15f39b7bc6a7171648
Gernot Heiser,2014,https://scholar.google.com/citations?user=0e0Vw3kAAAAJ,,supported,name_and_2plus_dblp_titles,200,2026-09-16T20:30:21Z,Gernot Heiser,"Professor of Computer Science, University of New South Wales",https://dblp.org/pid/h/GernotHeiser,Gernot Heiser,13,historical,2026-04-30,,,,,/Users/jimmylin/workspace/bigcows-project/bigcows-crawler/.cache/acm-fellows-scholar-2026-09-16/cache.json,445d204fc5230a5f7a7000d00f63c519affd97fa880af199d08983b3a0234f17
Henning Schulzrinne,2014,https://scholar.google.com/citations?user=6IHX8J4AAAAJ,,supported,name_and_2plus_dblp_titles,200,2026-09-16T20:32:45Z,Henning Schulzrinne,"Professor of Computer Science, Columbia University",https://dblp.org/pid/s/HenningSchulzrinne,Henning Schulzrinne,17,historical,2026-04-30,,,,,/Users/jimmylin/workspace/bigcows-project/bigcows-crawler/.cache/acm-fellows-scholar-2026-09-16/cache.json,a4e92c0f4f1004c77b9b99f652cca96e631ca16718b679a1e303fa108d16dcfa
Inderjit Dhillon,2014,https://scholar.google.com/citations?user=xBv5ZfkAAAAJ,,supported,name_and_2plus_dblp_titles,200,2026-09-16T20:32:52Z,Inderjit S. Dhillon,"VP, Google Fellow at Google & Professor of Computer Science at UT Austin, Ex-VP at Amazon",https://dblp.org/pid/d/InderjitSDhillon,Inderjit S. Dhillon,17,historical,2026-04-30,,,,,/Users/jimmylin/workspace/bigcows-project/bigcows-crawler/.cache/acm-fellows-scholar-2026-09-16/cache.json,ce4f8ebb85323bd841d66252cb129e9d9efe93ba1c9df87b8e8d9ffe59b63c98
Jignesh M Patel,2014,https://scholar.google.com/citations?user=tOjfnFMAAAAJ,,supported,name_and_2plus_dblp_titles,200,2026-09-16T20:32:59Z,Jignesh M. Patel,Carnegie Mellon University,https://dblp.org/pid/p/JMPatel,Jignesh M. Patel,18,historical,2026-04-30,,,,,/Users/jimmylin/workspace/bigcows-project/bigcows-crawler/.cache/acm-fellows-scholar-2026-09-16/cache.json,00cc764b933d668f18029859ca07ebd7e76eefd95f8ef0300ecdeeca1835da84
Johannes Gehrke,2014,https://scholar.google.com/citations?user=FtbGhBQAAAAJ,,supported,name_and_2plus_dblp_titles,200,2026-09-16T20:33:06Z,Johannes Gehrke,Uber,https://dblp.org/pid/g/JohannesGehrke,Johannes Gehrke,19,historical,2026-04-30,,,,,/Users/jimmylin/workspace/bigcows-project/bigcows-crawler/.cache/acm-fellows-scholar-2026-09-16/cache.json,73b0556ce7fa31616fca635fae2a32d164770ebdc8a32d2548dd352252f811a5
Juliana Freire,2014,https://scholar.google.com/citations?user=sSzAlq0AAAAJ,,supported,name_and_2plus_dblp_titles,200,2026-09-16T20:33:13Z,Juliana Freire,New York University,https://dblp.org/pid/f/JulianaFreire,Juliana Freire,13,historical,2026-04-30,,,,,/Users/jimmylin/workspace/bigcows-project/bigcows-crawler/.cache/acm-fellows-scholar-2026-09-16/cache.json,bb1e417be6c2a258a1be17ea92aa144f985a046a3ec1223889a2840284a7c848
Leslie Lamport,2014,https://scholar.google.com/citations?user=uG3icVgAAAAJ,,supported,name_and_2plus_dblp_titles,200,2026-09-16T20:33:20Z,Leslie Lamport,Unknown affiliation,https://dblp.org/pid/l/LeslieLamport,Leslie Lamport,14,historical,2026-04-30,no_verified_email; limited_affiliation_metadata,,,,/Users/jimmylin/workspace/bigcows-project/bigcows-crawler/.cache/acm-fellows-scholar-2026-09-16/cache.json,1ea17d5a4a32937e8d565ba3df2eaf62e1572eb5e5a0be7e006131bf9b8b2c49
Lorrie Faith Cranor,2014,https://scholar.google.com/citations?user=kIUqgbcAAAAJ,,supported,name_and_2plus_dblp_titles,200,2026-09-16T20:33:27Z,Lorrie Faith Cranor,"FORE Systems Professor, Carnegie Mellon University",https://dblp.org/pid/03/1595,Lorrie Faith Cranor,16,historical,2026-04-30,,,,,/Users/jimmylin/workspace/bigcows-project/bigcows-crawler/.cache/acm-fellows-scholar-2026-09-16/cache.json,56dc385138b8633544bcb26ac4e66da327d697fbdb44b300d81374017c34dd5c
Mark Guzdial,2014,https://scholar.google.com/citations?user=iQV2L2IAAAAJ,,supported,name_and_2plus_dblp_titles,200,2026-09-16T20:33:34Z,Mark Guzdial,"Professor, Computer Science, Engineering Education Research, University of Michigan",https://dblp.org/pid/g/MarkGuzdial,Mark Guzdial,14,historical,2026-04-30,,,,,/Users/jimmylin/workspace/bigcows-project/bigcows-crawler/.cache/acm-fellows-scholar-2026-09-16/cache.json,2d546094b2699cf2e3a98899772e50a94e633b603bd37b5e0daf884d040035a9
Michael D Ernst,2014,https://scholar.google.com/citations?user=oQ6AeyEAAAAJ,,supported,name_and_2plus_dblp_titles,200,2026-09-16T20:33:41Z,Michael D. Ernst,"Professor of Computer Science & Engineering, University of Washington",https://dblp.org/pid/e/MDErnst,Michael D. Ernst,19,historical,2026-04-30,,,,,/Users/jimmylin/workspace/bigcows-project/bigcows-crawler/.cache/acm-fellows-scholar-2026-09-16/cache.json,55da693b3dbeefe07420efed2a36f7ba288c756333c922e5a77a062138cbe0ca
Michael Kearns,2014,https://scholar.google.com/citations?user=8iQk0DIAAAAJ,,supported,name_and_2plus_dblp_titles,200,2026-09-16T20:33:48Z,Michael Kearns,"Professor of Computer Science, University of Pennsylvania",https://dblp.org/pid/78/6858,Michael Kearns,18,historical,2026-04-30,,,,,/Users/jimmylin/workspace/bigcows-project/bigcows-crawler/.cache/acm-fellows-scholar-2026-09-16/cache.json,16e725574466c5852f230cd4ffb1f5a9dc25da0aa44e627ab5ea66f665fe9bff
Michael Mitzenmacher,2014,https://scholar.google.com/citations?user=e8aRmAsAAAAJ,,supported,name_and_2plus_dblp_titles,200,2026-09-16T20:33:54Z,Michael Mitzenmacher,"Professor of Computer Science, Harvard University",https://dblp.org/pid/74/838,Michael Mitzenmacher,15,historical,2026-04-30,,,,,/Users/jimmylin/workspace/bigcows-project/bigcows-crawler/.cache/acm-fellows-scholar-2026-09-16/cache.json,325dcf1976700429939203e2a60a0f8eb9bef311f79ecaba98349ce19d6bd02b
Nikil D. Dutt,2014,https://scholar.google.com/citations?user=CpBXPVoAAAAJ,,supported,name_and_2plus_dblp_titles,200,2026-09-16T20:34:00Z,Nikil Dutt,"Distinguished Professor, CS, EECS & Cognitive Sciences, University of California, Irvine",https://dblp.org/pid/d/NikilDDutt,Nikil D. Dutt,12,missing,,,,,,/Users/jimmylin/workspace/bigcows-project/bigcows-crawler/.cache/acm-fellows-scholar-2026-09-16/cache.json,d838284e2e95a17cebdee95249e4c916578b70544d64a0aeaaacaf5bace3ba75
Omer Reingold,2014,https://scholar.google.com/citations?user=TD9RhcgAAAAJ,,supported,name_and_2plus_dblp_titles,200,2026-09-16T20:34:07Z,Omer Reingold,Stanford University,https://dblp.org/pid/r/OmerReingold,Omer Reingold,18,historical,2026-04-30,,,,,/Users/jimmylin/workspace/bigcows-project/bigcows-crawler/.cache/acm-fellows-scholar-2026-09-16/cache.json,f30938c805123cc07dadc89883d587b0168d55ebbeb00ad71d40bff5a98ec730
Parthasarathy Ranganathan,2014,https://scholar.google.com/citations?user=S3gQoMgAAAAJ,,supported,name_and_2plus_dblp_titles,200,2026-09-16T20:34:14Z,Parthasarathy Ranganathan,Google,https://dblp.org/pid/12/6848,Parthasarathy Ranganathan,16,historical,2026-04-30,,,,,/Users/jimmylin/workspace/bigcows-project/bigcows-crawler/.cache/acm-fellows-scholar-2026-09-16/cache.json,4e57b6ce8250a117f4bdca94e09eb41813436fbfc207c31621eb5e044d0527ce
Paul Syverson,2014,https://scholar.google.com/citations?user=QDnC2nAAAAAJ,,supported,name_and_2plus_dblp_titles,200,2026-09-16T20:34:22Z,Paul Syverson,"Mathematician, U.S. Naval Research Laboratory",https://dblp.org/pid/81/5221,Paul F. Syverson,17,historical,2026-04-30,,,,,/Users/jimmylin/workspace/bigcows-project/bigcows-crawler/.cache/acm-fellows-scholar-2026-09-16/cache.json,9b64a4ee00fb097dd6ee8e3d8fd12124b8bcf5a9aa13a8ccf7a9efd828a8fc4f
Ramakrishnan Srikant,2014,https://scholar.google.com/citations?user=lxt0O5IAAAAJ,,supported,name_and_2plus_dblp_titles,200,2026-09-16T20:34:28Z,Ramakrishnan Srikant,"Google Fellow, Google",https://dblp.org/pid/s/RamSrikant,Ramakrishnan Srikant,19,historical,2026-04-30,,,,,/Users/jimmylin/workspace/bigcows-project/bigcows-crawler/.cache/acm-fellows-scholar-2026-09-16/cache.json,66a2c2f67015c38c5f13ba2e460a376b91b5c312097a370355d56ddf4ef44c80
Robert Morris,2014,https://scholar.google.com/citations?user=in6eBIwAAAAJ,,supported,metadata_and_publication_review,200,2026-09-16T20:34:36Z,Robert Morris,"Professor of Computer Science, MIT",https://dblp.org/pid/20/6501-2,Rob L. Morris,0,historical,2026-04-30,,,,,/Users/jimmylin/workspace/bigcows-project/bigcows-crawler/.cache/acm-fellows-scholar-2026-09-16/cache.json,73976562573bf114872d88390cf30dcbbe2260b825a6a14baebd3aebb381b426
Ronitt Rubinfeld,2014,https://scholar.google.com/citations?user=pZhZndYAAAAJ,,supported,name_and_2plus_dblp_titles,200,2026-09-16T20:34:42Z,Ronitt Rubinfeld,"Professor of Computer Science, MIT",https://dblp.org/pid/r/RonittRubinfeld,Ronitt Rubinfeld,20,historical,2026-04-30,,,,,/Users/jimmylin/workspace/bigcows-project/bigcows-crawler/.cache/acm-fellows-scholar-2026-09-16/cache.json,b3ea745013d87b677eaba6c27850b8a51fa616c0540657b835944f7b594cf10f
S. Sudarshan,2014,https://scholar.google.com/citations?user=KtP9-zYAAAAJ,,supported,metadata_and_publication_review,200,2026-09-16T20:34:50Z,S. Sudarshan,"Professor of Computer Science, Indian Institute of Technology, Bombay",https://dblp.org/pid/s/SSudarshan1,,0,missing,,,,,,/Users/jimmylin/workspace/bigcows-project/bigcows-crawler/.cache/acm-fellows-scholar-2026-09-16/cache.json,34923da7f4003d3808ffd876581384568a3ffb7202861e2e25a6d9311f84679f
Samson Abramsky,2014,https://scholar.google.com/citations?user=L2vmD3MAAAAJ,,supported,name_and_2plus_dblp_titles,200,2026-09-16T20:34:58Z,Samson Abramsky,"Professor of Computer Science, UCL",https://dblp.org/pid/a/SamsonAbramsky,Samson Abramsky,14,missing,,,,,,/Users/jimmylin/workspace/bigcows-project/bigcows-crawler/.cache/acm-fellows-scholar-2026-09-16/cache.json,053f97c2befae529f38f0b2eeafe7dcbf9226cce9966aaf2c596e5c6645b4d85
Sarit Kraus,2014,https://scholar.google.com/citations?user=PfgeYGwAAAAJ,,supported,name_and_2plus_dblp_titles,200,2026-09-16T20:35:05Z,Sarit Kraus,"Professor Of Computer Science, Bar-Ilan University",https://dblp.org/pid/k/SaritKraus,Sarit Kraus,17,historical,2026-04-30,,,,,/Users/jimmylin/workspace/bigcows-project/bigcows-crawler/.cache/acm-fellows-scholar-2026-09-16/cache.json,3e56cfc766d770bde042e0957fde81a8ff6a1ca42a5a7f7a9b37fbd9b02a8300
Shamkant Navathe,2014,https://scholar.google.com/citations?user=_Z12v2IAAAAJ,,supported,name_and_2plus_dblp_titles,200,2026-09-16T20:35:13Z,Shamkant B Navathe,"Professor of Computer Science, Georgia Institute of Technology",https://dblp.org/pid/n/ShamkantBNavathe,Shamkant B. Navathe,13,historical,2026-04-30,,,,,/Users/jimmylin/workspace/bigcows-project/bigcows-crawler/.cache/acm-fellows-scholar-2026-09-16/cache.json,bc313fe53adb96d1d9cfa87cf9df33710b41909bb890fe6ef047945a3e83788b
Sharad Malik,2014,https://scholar.google.com/citations?user=MV8KGT0AAAAJ,,supported,name_and_2plus_dblp_titles,200,2026-09-16T20:35:20Z,Sharad Malik,"Professor of Electrical and Computer Engineering, Princeton University",https://dblp.org/pid/79/6934,Sharad Malik,18,historical,2026-04-30,,,,,/Users/jimmylin/workspace/bigcows-project/bigcows-crawler/.cache/acm-fellows-scholar-2026-09-16/cache.json,754178575e8ee0909c034d06adac74a485e6082786319e4dbc65fc1c99ff6a49
Srinivas Devadas,2014,https://scholar.google.com/citations?user=y80AokkAAAAJ,,supported,name_and_2plus_dblp_titles,200,2026-09-16T20:35:26Z,Srinivas Devadas,"Edwin Sibley Webster Professor of Electrical Engineering and Computer Science, MIT",https://dblp.org/pid/14/3973,Srini Devadas,19,historical,2026-04-30,,,,,/Users/jimmylin/workspace/bigcows-project/bigcows-crawler/.cache/acm-fellows-scholar-2026-09-16/cache.json,f919ca01a03c1c2e7961821e92118b8601b241eabb871c9c7c4cbf6cca44525c
Stephen J Whittaker,2014,https://scholar.google.com/citations?user=TkVUIVsAAAAJ,,supported,metadata_and_publication_review,200,2026-09-16T20:35:34Z,Steve Whittaker,"Distinguished Professor of Computational Media, University of California at Santa Cruz",https://dblp.org/pid/41/2145-1,,0,missing,,,,,,/Users/jimmylin/workspace/bigcows-project/bigcows-crawler/.cache/acm-fellows-scholar-2026-09-16/cache.json,e9c6ca099eefb7639cee0fceaf4468005438eeef81876e37cae412d8c8d5abb1
Stuart Shieber,2014,https://scholar.google.com/citations?user=oq8WAwsAAAAJ,,supported,name_and_2plus_dblp_titles,200,2026-09-16T20:38:07Z,Stuart Shieber,Harvard University,https://dblp.org/pid/s/StuartMShieber,Stuart M. Shieber,15,historical,2026-04-30,,,,,/Users/jimmylin/workspace/bigcows-project/bigcows-crawler/.cache/acm-fellows-scholar-2026-09-16/cache.json,20af2e12a35b9346be2e617793c18aa41d892c897436bff120126206ded400ef
Subhasish Mitra,2014,https://scholar.google.com/citations?user=SCdhzWoAAAAJ,,supported,name_and_2plus_dblp_titles,200,2026-09-16T20:38:14Z,Subhasish Mitra,"William E. Ayer Endowed Chair Professor, Stanford University",https://dblp.org/pid/30/4561,Subhasish Mitra,14,historical,2026-04-30,,,,,/Users/jimmylin/workspace/bigcows-project/bigcows-crawler/.cache/acm-fellows-scholar-2026-09-16/cache.json,15120c779248cac4db3b4da08a224fe91d16612f4da34f8736e09c3d0a513db7
Thorsten Joachims,2014,https://scholar.google.com/citations?user=5tk1PV8AAAAJ,,supported,name_and_2plus_dblp_titles,200,2026-09-16T20:38:22Z,Thorsten Joachims,"Professor of Computer Science, Cornell University",https://dblp.org/pid/j/ThorstenJoachims,Thorsten Joachims,16,historical,2026-04-30,,,,,/Users/jimmylin/workspace/bigcows-project/bigcows-crawler/.cache/acm-fellows-scholar-2026-09-16/cache.json,a73d8298f138eefbc3f3c8db3db03d987f7236d43b096cc7c2a7b026ce616307
Timothy Alden Davis,2014,https://scholar.google.com/citations?user=gNMqz_4AAAAJ,,supported,metadata_and_publication_review,200,2026-09-16T20:38:30Z,Tim Davis,"Professor of Computer Science, Texas A&M. ACM/IEEE/SIAM Fellow",https://dblp.org/pid/81/2844-1,,0,missing,,,,,,/Users/jimmylin/workspace/bigcows-project/bigcows-crawler/.cache/acm-fellows-scholar-2026-09-16/cache.json,575bc821ada6ecd09d0bb1f3618d255a9a1b45a2b7c87bc404420f27da9b084c
Tom Rodden,2014,https://scholar.google.com/citations?user=gWbK0A0AAAAJ,,supported,name_and_2plus_dblp_titles,200,2026-09-16T20:38:37Z,Tom Rodden,"Professor of Computer Science, Nottingham University",https://dblp.org/pid/r/TomRodden,Tom Rodden,16,historical,2026-04-30,,,,,/Users/jimmylin/workspace/bigcows-project/bigcows-crawler/.cache/acm-fellows-scholar-2026-09-16/cache.json,303a741f2d5e18c76f9b42ef48b07988dc48ec5206c27f93aa8a184363d363c5
Valerie King,2014,https://scholar.google.com/citations?user=2-iEYMUAAAAJ,,supported,name_and_2plus_dblp_titles,200,2026-09-16T20:38:44Z,Valerie King,"Professor of Computer Science, University of Victoria",https://dblp.org/pid/k/ValerieKing,Valerie King,18,missing,,,,,,/Users/jimmylin/workspace/bigcows-project/bigcows-crawler/.cache/acm-fellows-scholar-2026-09-16/cache.json,85177da9fe69bdf01040f3ec1af23954356574b795a177fb634007036f36ebc8
Vijaykrishnan Narayanan,2014,https://scholar.google.com/citations?user=UyeTBeoAAAAJ,,supported,name_and_2plus_dblp_titles,200,2026-09-16T20:38:50Z,Vijaykrishnan Narayanan,Jae S. Lin Professor at Georgia Tech and Atherton Professor at The Pennsylvania State University,https://dblp.org/pid/v/NarayananVijaykrishnan,Narayanan Vijaykrishnan,18,historical,2026-04-30,,,,,/Users/jimmylin/workspace/bigcows-project/bigcows-crawler/.cache/acm-fellows-scholar-2026-09-16/cache.json,86ca7686685c58e6d16b045ed5129a672d006779279b5d488804dc493ed6cca9
Vikram Adve,2014,https://scholar.google.com/citations?user=VbruE20AAAAJ,,supported,name_and_2plus_dblp_titles,200,2026-09-16T20:38:58Z,Vikram Adve,University of Illinois at Urbana-Champaign,https://dblp.org/pid/78/4438,Vikram S. Adve,19,historical,2026-04-30,,,,,/Users/jimmylin/workspace/bigcows-project/bigcows-crawler/.cache/acm-fellows-scholar-2026-09-16/cache.json,b98c8f40be446c00c84a11a6e24cf6e732414acb5dbdd220e6dac5ba9a12c20b
Yishay Mansour,2014,https://scholar.google.com/citations?user=OEJUgwkAAAAJ,,supported,name_and_2plus_dblp_titles,200,2026-09-16T20:39:04Z,Yishay Mansour,Tel Aviv University,https://dblp.org/pid/m/YishayMansour,Yishay Mansour,19,historical,2026-04-30,,,,,/Users/jimmylin/workspace/bigcows-project/bigcows-crawler/.cache/acm-fellows-scholar-2026-09-16/cache.json,53f4002ed59280e911541322286e4f41adb39e1407dbde25abce6402ba267af1
Andrew Myers,2013,https://scholar.google.com/citations?user=ovlpa_IAAAAJ,,supported,name_and_2plus_dblp_titles,200,2026-09-16T20:39:11Z,Andrew C. Myers,"Class of 1912 Professor of Engineering, Dept. of Computer Science, Cornell University",https://dblp.org/pid/m/AndrewCMyers,Andrew C. Myers,18,historical,2026-04-30,,,,,/Users/jimmylin/workspace/bigcows-project/bigcows-crawler/.cache/acm-fellows-scholar-2026-09-16/cache.json,2dfaf5ea26ea5fed516a31bf1bf6629c55029ec688edf8f3978814e69d2fdffe
Carlos J P De Lucena,2013,https://scholar.google.com/citations?user=BCW5XGIAAAAJ,,supported,name_and_2plus_dblp_titles,200,2026-09-16T20:39:18Z,Carlos José Pereira de Lucena,"Professor de Ciência da Computação, PUC-Rio",https://dblp.org/pid/l/CarlosJosePereiradeLucena,Carlos José Pereira de Lucena,10,missing,,,,,,/Users/jimmylin/workspace/bigcows-project/bigcows-crawler/.cache/acm-fellows-scholar-2026-09-16/cache.json,84fdde17aba5774256ed5dd7dc70a5a41befa473ad37de4216a5e13250f4cf55
Charu Chandra Aggarwal,2013,https://scholar.google.com/citations?user=x_wsduUAAAAJ,,supported,metadata_and_publication_review,200,2026-09-16T20:39:26Z,Charu Aggarwal,"Distinguished Research Staff Member, IBM T. J. Watson Research Center",https://dblp.org/pid/a/CharuCAggarwal,,0,missing,,,,,,/Users/jimmylin/workspace/bigcows-project/bigcows-crawler/.cache/acm-fellows-scholar-2026-09-16/cache.json,ee56aa3158d3dd75fe4af01cf99493fc5ab32a1a48a425625ebef3e9ac409948
Chip Elliott,2013,,,unavailable,no_profile,,,,,https://dblp.org/pid/78/115,Chip Elliott,0,no_profile,,no_verified_profile,,,,,
Christine L Borgman,2013,https://scholar.google.com/citations?user=e1y6CcQAAAAJ,,supported,name_and_2plus_dblp_titles,200,2026-09-16T20:39:33Z,Christine L. Borgman,"Distinguished Professor of Information Studies, UCLA",https://dblp.org/pid/b/CLBorgman,Christine L. Borgman,14,historical,2026-04-30,,,,,/Users/jimmylin/workspace/bigcows-project/bigcows-crawler/.cache/acm-fellows-scholar-2026-09-16/cache.json,1708ea4cf4185f299090bea205192ca2b5dcdc5214663bf5ffa85d965c5cc811
Christopher Manning,2013,https://scholar.google.com/citations?user=1zmDOdwAAAAJ,,supported,name_and_2plus_dblp_titles,200,2026-09-16T20:39:40Z,Christopher D Manning,"Professor of Computer Science and Linguistics, Stanford University",https://dblp.org/pid/m/ChristopherDManning,Christopher D. Manning,19,historical,2026-04-30,,,,,/Users/jimmylin/workspace/bigcows-project/bigcows-crawler/.cache/acm-fellows-scholar-2026-09-16/cache.json,e257a719f00c220da62781f6552d8f4c0311318a5bf7c36f90fb8061e1f24a4d
Dana Nau,2013,https://scholar.google.com/citations?user=fez4ulcAAAAJ,,supported,name_and_2plus_dblp_titles,200,2026-09-16T20:39:47Z,Dana Nau,University of Maryland,https://dblp.org/pid/n/DanaSNau,Dana S. Nau,15,historical,2026-04-30,,,,,/Users/jimmylin/workspace/bigcows-project/bigcows-crawler/.cache/acm-fellows-scholar-2026-09-16/cache.json,3fa518846b0d297ef047a899466e4c06848139d6502513998df7677d57b8e2d7
David Forsyth,2013,https://scholar.google.com/citations?user=5H0arvkAAAAJ,,supported,name_and_2plus_dblp_titles,200,2026-09-16T20:39:55Z,David Forsyth,"Professor of Computer Science, University of Illinois, Urbana Champaign",https://dblp.org/pid/f/DavidAForsyth,David A. Forsyth,19,historical,2026-04-30,,,,,/Users/jimmylin/workspace/bigcows-project/bigcows-crawler/.cache/acm-fellows-scholar-2026-09-16/cache.json,cf8dc32c9a6a6b5f8cd6badf8f52c17546300b6ca86aaa1f7e5ad85c94dee477
David Garlan,2013,https://scholar.google.com/citations?user=saLJmksAAAAJ,,supported,name_and_2plus_dblp_titles,200,2026-09-16T20:40:03Z,David Garlan,"Professor of Computer Science, Carnegie Mellon University",https://dblp.org/pid/01/2201,David Garlan,18,historical,2026-04-30,,,,,/Users/jimmylin/workspace/bigcows-project/bigcows-crawler/.cache/acm-fellows-scholar-2026-09-16/cache.json,d809a37c4ad6c54426e3ea23ece650d2f3f5faa78b43f146ef5b705d9257cfe5
David J Kasik,2013,,,unavailable,no_profile,,,,,https://dblp.org/pid/32/2190,David J. Kasik,0,no_profile,,no_verified_profile,,,,,
David Williamson,2013,https://scholar.google.com/citations?user=pOd2M64AAAAJ,,supported,metadata_and_publication_review,200,2026-09-16T20:40:09Z,David P. Williamson,"Professor of Operations Research, Cornell University",https://dblp.org/pid/88/7487,,0,historical,2026-04-30,,,,,/Users/jimmylin/workspace/bigcows-project/bigcows-crawler/.cache/acm-fellows-scholar-2026-09-16/cache.json,791d611bcdbd1a5187714b4ae8333f38a83d3f397a12ccb343964a42ecdf6fc5
David Zuckerman,2013,https://scholar.google.com/citations?user=MCe-I6wAAAAJ,,supported,name_and_2plus_dblp_titles,200,2026-09-16T20:40:17Z,David Zuckerman,"Regents Chair in Computer Science, University of Texas at Austin",https://dblp.org/pid/z/DZuckerman,David Zuckerman,19,historical,2026-04-30,,,,,/Users/jimmylin/workspace/bigcows-project/bigcows-crawler/.cache/acm-fellows-scholar-2026-09-16/cache.json,81cceac0619a9c5e94650c42d23dac806ae312854f22029303c1edcd5159d32e
Dennis E. Shasha,2013,https://scholar.google.com/citations?user=UH3qseUAAAAJ,,supported,name_and_2plus_dblp_titles,200,2026-09-16T20:40:24Z,Dennis Shasha,"Professor of Computer Science, New York University/ Associate Director, NYU WIRELESS",https://dblp.org/pid/s/DennisShasha,Dennis E. Shasha,13,missing,,,,,,/Users/jimmylin/workspace/bigcows-project/bigcows-crawler/.cache/acm-fellows-scholar-2026-09-16/cache.json,16a7ed22b70066a1f3e2f484777ad178a4c133211f27d92c7d779f75ef57156b
Dina Katabi,2013,https://scholar.google.com/citations?user=nst5fHgAAAAJ,,supported,name_and_2plus_dblp_titles,200,2026-09-16T20:40:31Z,Dina Katabi,"Thuan and Nicole Pham Professor, MIT",https://dblp.org/pid/k/DinaKatabi,Dina Katabi,19,historical,2026-04-30,,,,,/Users/jimmylin/workspace/bigcows-project/bigcows-crawler/.cache/acm-fellows-scholar-2026-09-16/cache.json,6a883a14f61eeefb8703642d65f36613a4b8916951e1dcefa2996eab1457e686
Douglas Lea,2013,https://scholar.google.com/citations?user=7yk1kw4AAAAJ,,supported,metadata_and_publication_review,200,2026-09-16T20:40:38Z,Doug Lea,"Professor of Computer Science, SUNY Oswego",https://dblp.org/pid/l/DougLea,,0,missing,,,,,,/Users/jimmylin/workspace/bigcows-project/bigcows-crawler/.cache/acm-fellows-scholar-2026-09-16/cache.json,80d48475d94b02e86d97a661adc1fff038552661b417237db1bab1747f5e76d8
Ellen Zegura,2013,https://scholar.google.com/citations?user=Z6EHuGcAAAAJ,,supported,name_and_2plus_dblp_titles,200,2026-09-16T20:40:46Z,Ellen Zegura,"Professor of Computer Science, Georgia Tech",https://dblp.org/pid/z/EllenWZegura,Ellen Zegura,17,historical,2026-04-30,,,,,/Users/jimmylin/workspace/bigcows-project/bigcows-crawler/.cache/acm-fellows-scholar-2026-09-16/cache.json,4f03101bb9f03e32d49527f2dca5bf470419e12f5db96bd51cce9e7144c95831
Greg Morrisett,2013,https://scholar.google.com/citations?user=Dswus94AAAAJ,,supported,name_and_2plus_dblp_titles,200,2026-09-16T20:40:53Z,Greg Morrisett,"Dean and Professor, Cornell University",https://dblp.org/pid/m/JGMorrisett,J. Gregory Morrisett,18,historical,2026-04-30,,,,,/Users/jimmylin/workspace/bigcows-project/bigcows-crawler/.cache/acm-fellows-scholar-2026-09-16/cache.json,56389d6101622c09f5be64cff3592b4afd2ad7cf258104ce62dc8aba78def0bd
Henry A Kautz,2013,https://scholar.google.com/citations?user=WxQyOYQAAAAJ,,supported,name_and_2plus_dblp_titles,200,2026-09-16T20:40:59Z,Henry Kautz,University of Viriginia,https://dblp.org/pid/k/HenryAKautz,Henry A. Kautz,17,missing,,,,,,/Users/jimmylin/workspace/bigcows-project/bigcows-crawler/.cache/acm-fellows-scholar-2026-09-16/cache.json,43beec96d93f48bc8797c7bd27356c1346822476dfb94c80ef31f177b57d1414
Ingemar J. Cox,2013,https://scholar.google.com/citations?user=b88nUpYAAAAJ,,supported,name_and_2plus_dblp_titles,200,2026-09-16T20:43:18Z,Ingemar J. Cox,"Department of Computer Science, University College London / University of Copenhagen",https://dblp.org/pid/c/IngemarJCox,Ingemar J. Cox,14,historical,2026-04-30,,,,,/Users/jimmylin/workspace/bigcows-project/bigcows-crawler/.cache/acm-fellows-scholar-2026-09-16/cache.json,1449a6cb7e353d621cac407491188efc1c14e9ec12e1a9ebeb928e8f70590728
James Gosling,2013,,,unavailable,no_profile,,,,,https://dblp.org/pid/92/3710,James Gosling,0,no_profile,,no_verified_profile,,,,,
James H Anderson,2013,https://scholar.google.com/citations?user=mIZu9oQAAAAJ,,supported,name_and_2plus_dblp_titles,200,2026-09-16T20:43:25Z,James H. Anderson,"Kenan Professor of Computer Science, The University of North Carolina at Chapel Hill",https://dblp.org/pid/a/JamesHAnderson,James H. Anderson,15,historical,2026-04-30,,,,,/Users/jimmylin/workspace/bigcows-project/bigcows-crawler/.cache/acm-fellows-scholar-2026-09-16/cache.json,6f119021eae843bb132eff8e375b0fd73a99976e22220b5cb9fbc3d582573b76
John Mellor-Crummey,2013,https://scholar.google.com/citations?user=wX0XpxMAAAAJ,,supported,name_and_2plus_dblp_titles,200,2026-09-16T20:43:32Z,John Mellor-Crummey,"Professor of Computer Science, Rice University",https://dblp.org/pid/m/JMMellorCrummey,John M. Mellor-Crummey,18,historical,2026-04-30,,,,,/Users/jimmylin/workspace/bigcows-project/bigcows-crawler/.cache/acm-fellows-scholar-2026-09-16/cache.json,6cc35febf449d1d3f7ddcbe12a9e677672641a4ee8b1bc86af196f7108534774
Jon Kleinberg,2013,https://scholar.google.com/citations?user=VX7d5EQAAAAJ,,supported,name_and_2plus_dblp_titles,200,2026-09-16T20:43:39Z,Jon Kleinberg,"Professor of Computer Science, Cornell University",https://dblp.org/pid/k/JonMKleinberg,Jon M. Kleinberg,18,historical,2026-04-30,,,,,/Users/jimmylin/workspace/bigcows-project/bigcows-crawler/.cache/acm-fellows-scholar-2026-09-16/cache.json,67e0bcedc021802ca02372d2c246347a4666204a9755b666fea7448e5e1424a8
Krishnendu Chakrabarty,2013,https://scholar.google.com/citations?user=R_VPUyEAAAAJ,,supported,name_and_2plus_dblp_titles,200,2026-09-16T20:43:47Z,Krishnendu Chakrabarty,"Fulton Professor of Microelectronics, School of Electrical and Computer and Energy Engineering",https://dblp.org/pid/c/KrishnenduChakrabarty,Krishnendu Chakrabarty,17,historical,2026-04-30,,,,,/Users/jimmylin/workspace/bigcows-project/bigcows-crawler/.cache/acm-fellows-scholar-2026-09-16/cache.json,b2e4c6ded28c3b07ca38d2b9fb91e377ebef0c5de544bc743b855b37fb70ce54
Kyuseok Shim,2013,https://scholar.google.com/citations?user=3Y254i4AAAAJ,,supported,metadata_and_publication_review,200,2026-09-16T20:43:55Z,Kyuseok Shim,"Professor of Electrical and Computer Engineering Department, Seoul National University, Korea",https://dblp.org/pid/156/3851,Kyu-Seok Shim,0,historical,2026-04-30,,,,,/Users/jimmylin/workspace/bigcows-project/bigcows-crawler/.cache/acm-fellows-scholar-2026-09-16/cache.json,86c86b2588a7c303872b4ff6ddd95eaf16576442e75943efed546d395db9dcf0
Limsoon Wong,2013,https://scholar.google.com/citations?user=Inqu8SkAAAAJ,,supported,name_and_2plus_dblp_titles,200,2026-09-16T20:44:01Z,Limsoon Wong 黄任祥,"KITHCT Professor of Computer Science & Professor of Pathology, National University of Singapore",https://dblp.org/pid/w/LimsoonWong,Limsoon Wong,13,historical,2026-04-30,,,,,/Users/jimmylin/workspace/bigcows-project/bigcows-crawler/.cache/acm-fellows-scholar-2026-09-16/cache.json,05f4820f83b81f23057360ffea4dccf0f42187ec3ff7a423fbd8b83eddbf8692
Madhav Marathe,2013,https://scholar.google.com/citations?user=diIore8AAAAJ,,supported,name_and_2plus_dblp_titles,200,2026-09-16T20:44:08Z,Madhav Marathe,"Distinguished Professor, Biocomplexity-Institute, Dept. Computer Science, University of Virginia",https://dblp.org/pid/52/991,Madhav V. Marathe,13,historical,2026-04-30,,,,,/Users/jimmylin/workspace/bigcows-project/bigcows-crawler/.cache/acm-fellows-scholar-2026-09-16/cache.json,199b790cd9a9fa301bbd80d5415d53116fec7c9077fdab6c696900e58fb9bf6d
Mark S Ackerman,2013,https://scholar.google.com/citations?user=qBTbnEQAAAAJ,,supported,name_and_2plus_dblp_titles,200,2026-09-16T20:44:15Z,Mark Ackerman,"University of Michigan, Ann Arbor",https://dblp.org/pid/a/MSAckerman,Mark S. Ackerman,19,missing,,,,,,/Users/jimmylin/workspace/bigcows-project/bigcows-crawler/.cache/acm-fellows-scholar-2026-09-16/cache.json,73673c39f12c6ca663b27e0b05fd0f2cf41970ff9f15a2cf26c0a4550450fc09
Marti Hearst,2013,https://scholar.google.com/citations?user=664NOb0AAAAJ,,supported,name_and_2plus_dblp_titles,200,2026-09-16T20:44:21Z,Marti A Hearst,"Professor, University of California, Berkeley",https://dblp.org/pid/h/MartiAHearst,Marti A. Hearst,14,historical,2026-04-30,,,,,/Users/jimmylin/workspace/bigcows-project/bigcows-crawler/.cache/acm-fellows-scholar-2026-09-16/cache.json,76082655b013032f31e9d44e83b9023646ef7bc76257dd6572b1d218bb54333f
Matthias Jarke,2013,https://scholar.google.com/citations?user=JbioEFgAAAAJ,,supported,name_and_2plus_dblp_titles,200,2026-09-16T20:44:27Z,Matthias Jarke,"Professor of Information Systems, RWTH Aachen University",https://dblp.org/pid/j/MatthiasJarke,Matthias Jarke,14,historical,2026-04-30,,,,,/Users/jimmylin/workspace/bigcows-project/bigcows-crawler/.cache/acm-fellows-scholar-2026-09-16/cache.json,fd97ad4b9ed36f290b7d5871f2e7345f22a990f4dec72407bb6cd416978e520c
Mihir Bellare,2013,https://scholar.google.com/citations?user=td_5W1cAAAAJ,,supported,name_and_2plus_dblp_titles,200,2026-09-16T20:44:34Z,Mihir Bellare,"Professor, Dept. of Computer Science and Engineering, University of California San Diego (UCSD)",https://dblp.org/pid/b/MBellare,Mihir Bellare,20,historical,2026-04-30,,,,,/Users/jimmylin/workspace/bigcows-project/bigcows-crawler/.cache/acm-fellows-scholar-2026-09-16/cache.json,17d50d60bf3010346a1e128a6d68fb97c4255922a13c9663a9a0dab4f80ceb4b
Milind Tambe,2013,https://scholar.google.com/citations?user=YOVZiJkAAAAJ,,supported,name_and_2plus_dblp_titles,200,2026-09-16T20:44:42Z,Milind Tambe,"Professor; Director ""AI for Social Good"" @Google Research",https://dblp.org/pid/67/2667,Milind Tambe,14,historical,2026-04-30,,,,,/Users/jimmylin/workspace/bigcows-project/bigcows-crawler/.cache/acm-fellows-scholar-2026-09-16/cache.json,49504eb8b6ba8a950a28bdaf59d3c97bdb57f45018e672fa3e7ffa855ff68d77
Moti Yung,2013,https://scholar.google.com/citations?user=ScL8iFQAAAAJ,,supported,name_and_2plus_dblp_titles,200,2026-09-16T20:44:49Z,Moti Yung,Distinguished Research Scientist Google; Adjunct Research Prof. Columbia U.,https://dblp.org/pid/y/MotiYung,Moti Yung,11,historical,2026-04-30,,,,,/Users/jimmylin/workspace/bigcows-project/bigcows-crawler/.cache/acm-fellows-scholar-2026-09-16/cache.json,790d54db13662359c3a6d585c14f77907166d390c71ea00fc7e8ff28be3b4cb3
Nir N Shavit,2013,,,unavailable,no_profile,,,,,https://dblp.org/pid/s/NirShavit,Nir Shavit,0,no_profile,,no_verified_profile,,,,,
Padhraic Smyth,2013,https://scholar.google.com/citations?user=OsoQ-dcAAAAJ,,supported,name_and_2plus_dblp_titles,200,2026-09-16T20:45:03Z,Padhraic Smyth,"Distinguished Professor, Computer Science, University of California Irvine",https://dblp.org/pid/s/PadhraicSmyth,Padhraic Smyth,16,historical,2026-04-30,,,,,/Users/jimmylin/workspace/bigcows-project/bigcows-crawler/.cache/acm-fellows-scholar-2026-09-16/cache.json,b2a8f7d94a773f01654bed57fb6178f8ea97fa9ccacd301b498d1310da022384
Panganamala Kumar,2013,https://scholar.google.com/citations?user=qGUpTVwAAAAJ,,supported,name_and_2plus_dblp_titles,200,2026-09-16T20:45:10Z,P. R. Kumar,Texas A&M University,https://dblp.org/pid/83/4027,P. R. Kumar 0001,12,missing,,,,,,/Users/jimmylin/workspace/bigcows-project/bigcows-crawler/.cache/acm-fellows-scholar-2026-09-16/cache.json,6dfb559c1d6125fd2366182377fbf77ed8e35aaab8b7d28f28203aea39215d22
Peter Haas,2013,https://scholar.google.com/citations?user=PeCI8KcAAAAJ,,supported,metadata_and_publication_review,200,2026-09-16T20:45:18Z,Peter J Haas,"College of Information and Computer Sciences, University of Massachusetts Amherst",https://dblp.org/pid/46/1252,Peter Haas 0001,0,missing,,,,,,/Users/jimmylin/workspace/bigcows-project/bigcows-crawler/.cache/acm-fellows-scholar-2026-09-16/cache.json,cba9fb91fc79a5c40e919bf0687e4d04f0a8efdf5d5f13e6d067ae2f4da966d0
Ramalingam Chellappa,2013,https://scholar.google.com/citations?user=L60tuywAAAAJ,,supported,name_and_2plus_dblp_titles,200,2026-09-16T20:45:24Z,Rama Chellappa,"Bloomberg Distinguished Professor, Johns Hopkins University",https://dblp.org/pid/c/RamaChellappa,Rama Chellappa,19,historical,2026-04-30,,,,,/Users/jimmylin/workspace/bigcows-project/bigcows-crawler/.cache/acm-fellows-scholar-2026-09-16/cache.json,39a9fe6a700ce2fb837fc35a42a318e36253e82afbf6800ccc947d2590fa5b33
Rina Dechter,2013,https://scholar.google.com/citations?user=PI_3bqEAAAAJ,,supported,name_and_2plus_dblp_titles,200,2026-09-16T20:45:30Z,Rina Dechter,"University of California, Irvine",https://dblp.org/pid/d/RDechter,Rina Dechter,19,historical,2026-04-30,,,,,/Users/jimmylin/workspace/bigcows-project/bigcows-crawler/.cache/acm-fellows-scholar-2026-09-16/cache.json,4ba90663a16308cf3a603983defdd61041781b0133edb2d55702c2eca42a3276
S E Robertson,2013,,,unavailable,no_profile,,,,,https://dblp.org/pid/r/SERobertson,Stephen E. Robertson,0,no_profile,,no_verified_profile,,,,,
Sampath Kumar Kannan,2013,https://scholar.google.com/citations?user=WhvtccoAAAAJ,,supported,metadata_and_publication_review,200,2026-09-16T20:45:36Z,Sampath Kannan,"Professor, Computer and Information Science, University of Pennsylvania",https://dblp.org/pid/86/5425,,0,missing,,,,,,/Users/jimmylin/workspace/bigcows-project/bigcows-crawler/.cache/acm-fellows-scholar-2026-09-16/cache.json,d157ec0c87ee032a225c645b6cd3a6a0d20536a7c888ec40b57a4938703a5c46
Satish Rao,2013,https://scholar.google.com/citations?user=62Uqu6wAAAAJ,https://scholar.google.com/citations?user=x_cgL6gAAAAJ,supported,fresh_replacement_verified,200,2026-09-17T00:56:24Z,Satish B Rao,Unknown affiliation,https://dblp.org/pid/278/7880,Sangeeta Satish Rao,,fresh,2026-09-17,identity_corrected; limited_affiliation_metadata; dblp_identity_review,"Replaced UES materials-science namesake with Satish B Rao; graph partitioning, metric embeddings and multicommodity flow papers match Berkeley research and coauthors.",,https://people.eecs.berkeley.edu/~satishr/,/Users/jimmylin/workspace/bigcows-project/cs-big-cows/tmp/scholar-full-sweep-2026-09-16/verified-cache.json,ee619667c9cef23f1412fc7c01af815bfe81b03108c9c4861c8ca1e8ce4594ea
Stefano Ceri,2013,https://scholar.google.com/citations?user=aiulJmIAAAAJ,,supported,name_and_2plus_dblp_titles,200,2026-09-16T20:45:50Z,Stefano Ceri,"Professor, Politecnico di Milano",https://dblp.org/pid/c/StefanoCeri,Stefano Ceri,15,historical,2026-04-30,,,,,/Users/jimmylin/workspace/bigcows-project/bigcows-crawler/.cache/acm-fellows-scholar-2026-09-16/cache.json,3f3bb361f7e5955faff3902f5223ef8b823bebbc5a571af0354779891c623dc3
Timoleon Sellis,2013,https://scholar.google.com/citations?user=G1Iux80AAAAJ,,supported,metadata_and_publication_review,200,2026-09-16T20:45:58Z,Timos Sellis,Athena Research Center,https://dblp.org/pid/s/TimosKSellis,,0,missing,,,,,,/Users/jimmylin/workspace/bigcows-project/bigcows-crawler/.cache/acm-fellows-scholar-2026-09-16/cache.json,3aac3b2ac6c28a122032bef47a4cb6cfc530b2df7f116e912813d6fd322611ae
Timothy Roscoe,2013,https://scholar.google.com/citations?user=QfVWndgAAAAJ,,supported,name_and_2plus_dblp_titles,200,2026-09-16T20:46:04Z,Timothy Roscoe,"Professor of Computer Science, ETH Zurich",https://dblp.org/pid/r/TimothyRoscoe,Timothy Roscoe,19,historical,2026-04-30,,,,,/Users/jimmylin/workspace/bigcows-project/bigcows-crawler/.cache/acm-fellows-scholar-2026-09-16/cache.json,3392dfaf5541cc0a803896e668440d5d8ecd3c3ad376e1df2b9692fd75ab802e
Val Tannen,2013,https://scholar.google.com/citations?user=3Jus1k0AAAAJ,,supported,name_and_2plus_dblp_titles,200,2026-09-16T20:48:32Z,Val Tannen,University of Pennsylvania,https://dblp.org/pid/t/ValTannen,Val Tannen,18,missing,,,,,,/Users/jimmylin/workspace/bigcows-project/bigcows-crawler/.cache/acm-fellows-scholar-2026-09-16/cache.json,a0783032091268492ae550847caf271152db36f1c1574c0a22077120ef69f47f
Wen Gao,2013,https://scholar.google.com/citations?user=u9aw5o8AAAAJ,,supported,metadata_and_publication_review,200,2026-09-16T20:48:39Z,Wen Gao,"Peking University, Pengcheng Laboratory",https://dblp.org/pid/18/7486,Wen-jing Gao,0,historical,2026-04-30,,,,,/Users/jimmylin/workspace/bigcows-project/bigcows-crawler/.cache/acm-fellows-scholar-2026-09-16/cache.json,f88294c8e5aab00ee6e1420a6301ed7b2b9d4293d553f236c077e05c502a78f2
Yoelle Maarek,2013,https://scholar.google.com/citations?user=foccT34AAAAJ,,supported,name_and_2plus_dblp_titles,200,2026-09-16T20:48:46Z,Yoelle Maarek,"Chief Researcher AI/IR, TII",https://dblp.org/pid/m/YoelleSMaarek,Yoelle Maarek,13,historical,2026-04-30,,,,,/Users/jimmylin/workspace/bigcows-project/bigcows-crawler/.cache/acm-fellows-scholar-2026-09-16/cache.json,49c70b1a710080c411dc593a0b4bb59d23bef43b1cf50714f72a9318cd689e13
Yuanyuan Zhou,2013,https://scholar.google.com/citations?user=jJ_9TvEAAAAJ,,supported,recent_verified_resolution,200,2026-09-17T00:34:03Z,Yuanyuan Zhou,"Professor of Computer Science, University of California, San Diego",https://dblp.org/pid/46/7346,Yuan-Yuan Zhou,0,missing,,,,,,tmp/scholar-45-resolution/verified-cache.json,9b8530dc1c9740f32ccde8f17dd6367611a22ffcd48998c3728a4d6a3276f13f
Zhengyou Zhang,2013,https://scholar.google.com/citations?user=1I-DKy8AAAAJ,,supported,metadata_and_publication_review,200,2026-09-16T20:48:59Z,Zhengyou Zhang,Tencent AI Lab & Tencent Robotics X,https://dblp.org/pid/307/0125,Zheng-You Zhang,0,historical,2026-04-30,,,,,/Users/jimmylin/workspace/bigcows-project/bigcows-crawler/.cache/acm-fellows-scholar-2026-09-16/cache.json,0e27ec18858473bfbdac6e5b6e1a580df82c4f788da3ecab312be250429ab354
Ahmed Elmagarmid,2012,https://scholar.google.com/citations?user=Cb9BDJkAAAAJ,,supported,metadata_and_publication_review,200,2026-09-16T20:49:05Z,Ahmed Elmagarmid,"Executive Director, Qatar Computing Research Institute",https://dblp.org/pid/134/2356,,0,historical,2026-04-30,,,,,/Users/jimmylin/workspace/bigcows-project/bigcows-crawler/.cache/acm-fellows-scholar-2026-09-16/cache.json,affe3b31c73d95e77582c9f9624682e30024491dcbd6d7b44a2573d8c219099c
Alistair Sinclair,2012,,,unavailable,no_profile,,,,,https://dblp.org/pid/s/AlistairSinclair,Alistair Sinclair,0,no_profile,,no_verified_profile,,,,,
Andrew B. Kahng,2012,https://scholar.google.com/citations?user=zQ9GU2EAAAAJ,,supported,recent_verified_resolution,200,2026-09-17T00:35:32Z,Andrew Kahng,"Professor of CSE and ECE, UC San Diego",https://dblp.org/pid/k/AndrewBKahng,Andrew B. Kahng,18,fresh,2026-09-17,,,,,tmp/scholar-45-resolution/verified-cache.json,63918328048b8752e7a838cc660d12fe4293289de66f17c7a9160cd54cfb36b3
Andrew M Pitts,2012,https://scholar.google.com/citations?user=J1wRn3oAAAAJ,,supported,name_and_2plus_dblp_titles,200,2026-09-16T20:49:18Z,Andrew M Pitts FRS FACM,"Emeritus Professor of Theoretical Computer Science, University of Cambridge",https://dblp.org/pid/p/AMPitts,Andrew M. Pitts,13,historical,2026-04-30,,,,,/Users/jimmylin/workspace/bigcows-project/bigcows-crawler/.cache/acm-fellows-scholar-2026-09-16/cache.json,b1606d7c4848f9543dba448abe2c2f38046a03e4c57bf0034c38f6f92bc90692
Anna Karlin,2012,https://scholar.google.com/citations?user=9ZGqm5QAAAAJ,,supported,name_and_2plus_dblp_titles,200,2026-09-16T20:49:25Z,Anna R. Karlin,"Bill & Melinda Gates Chair and Professor of Computer Science and Engineering, University of",https://dblp.org/pid/k/AnnaRKarlin,Anna R. Karlin,19,historical,2026-04-30,,,,,/Users/jimmylin/workspace/bigcows-project/bigcows-crawler/.cache/acm-fellows-scholar-2026-09-16/cache.json,4ba2c9a68bad33c94ee519ec5250cad7076dc96fd056a16b4f4c1d8f52ff1a74
Bart Selman,2012,https://scholar.google.com/citations?user=pJ28HA0AAAAJ,,supported,name_and_2plus_dblp_titles,200,2026-09-16T20:49:32Z,Bart Selman,"Professor of Computer Science, Cornell University",https://dblp.org/pid/s/BartSelman,Bart Selman,16,historical,2026-04-30,,,,,/Users/jimmylin/workspace/bigcows-project/bigcows-crawler/.cache/acm-fellows-scholar-2026-09-16/cache.json,b487bdae18e322dced986b1089170d5425ea950a3929730dbbdfe60568977497
Benjamin Pierce,2012,https://scholar.google.com/citations?user=2kkddh0AAAAJ,,supported,name_and_2plus_dblp_titles,200,2026-09-16T20:49:40Z,Benjamin C. Pierce,"Professor of Computer and Information Science, University of Pennsylvania",https://dblp.org/pid/p/BenjaminCPierce,Benjamin C. Pierce,19,historical,2026-04-30,,,,,/Users/jimmylin/workspace/bigcows-project/bigcows-crawler/.cache/acm-fellows-scholar-2026-09-16/cache.json,f1d9e3eea8e4f6b6ba89708d22115edd2e6160c1acd5107ef5b5634d95d152b9
Clifford Stein,2012,https://scholar.google.com/citations?user=r49_E2cAAAAJ,,supported,name_and_2plus_dblp_titles,200,2026-09-16T20:49:47Z,Clifford Stein,"Professor of IEOR and CS, Columbia University",https://dblp.org/pid/s/CliffordStein,Clifford Stein 0001,12,historical,2026-04-30,,,,,/Users/jimmylin/workspace/bigcows-project/bigcows-crawler/.cache/acm-fellows-scholar-2026-09-16/cache.json,82c34a2058e3bbb50cb08ba776841dfb078931adb39f114e0f5f8cb5f730f410
Craig Boutilier,2012,https://scholar.google.com/citations?user=cXkm3rsAAAAJ,,supported,name_and_2plus_dblp_titles,200,2026-09-16T20:49:53Z,Craig Boutilier,"Principal Scientist, Google",https://dblp.org/pid/10/3411,Craig Boutilier,20,historical,2026-04-30,,,,,/Users/jimmylin/workspace/bigcows-project/bigcows-crawler/.cache/acm-fellows-scholar-2026-09-16/cache.json,da0b147cc33adacde88c0cf6b18ed8797d9c6c98c0e3d7644e226531a0c31bb0
David Paul Grove,2012,https://scholar.google.com/citations?user=iU8ijrYAAAAJ,,supported,metadata_and_publication_review,200,2026-09-16T20:50:01Z,David Grove,IBM Research,https://dblp.org/pid/65/2846,,0,missing,,,,,,/Users/jimmylin/workspace/bigcows-project/bigcows-crawler/.cache/acm-fellows-scholar-2026-09-16/cache.json,07ede54afd8891f725ecc9e1df8c30ce29624ff05160ca5cdde9a4e31d3735fb
Garth A Gibson,2012,https://scholar.google.com/citations?user=WYctQAQAAAAJ,,supported,name_and_2plus_dblp_titles,200,2026-09-16T20:50:08Z,Garth Alan Gibson,"CTO & CAIO, Vdura Inc., Consulting Professor of Computer Science, Carnegie Mellon",https://dblp.org/pid/g/GarthAGibson,Garth A. Gibson,17,historical,2026-04-30,,,,,/Users/jimmylin/workspace/bigcows-project/bigcows-crawler/.cache/acm-fellows-scholar-2026-09-16/cache.json,2d5a28d83b2fd0723eaa9dcb7eca12baf45180569e18012dc581675b73c38e34
Gregor Kiczales,2012,https://scholar.google.com/citations?user=Odh4GSYAAAAJ,,supported,name_and_2plus_dblp_titles,200,2026-09-16T20:50:15Z,Gregor Kiczales,"Professor of Computer Science, University of British Columbia",https://dblp.org/pid/k/GregorKiczales,Gregor Kiczales,15,historical,2026-04-30,,,,,/Users/jimmylin/workspace/bigcows-project/bigcows-crawler/.cache/acm-fellows-scholar-2026-09-16/cache.json,6b0029a943a8beafe322c3cff2e99439709dabcf51334cd9b15bd1c06f1b37d6
Gustavo Alonso,2012,https://scholar.google.com/citations?user=fkNjVcIAAAAJ,,supported,metadata_and_publication_review,200,2026-09-16T20:50:22Z,Gustavo Alonso,"Professor of Computer Science, ETH Zürich, Switzerland",https://dblp.org/pid/a/GustavoAlonso,,0,historical,2026-04-30,,,,,/Users/jimmylin/workspace/bigcows-project/bigcows-crawler/.cache/acm-fellows-scholar-2026-09-16/cache.json,6e1421bb12fc7ffb8f15e6f35e4089aebf9453d8c687a1fa58fc3ff1faac2660
Hans Boehm,2012,https://scholar.google.com/citations?user=gqkpV2kAAAAJ,,supported,metadata_and_publication_review,200,2026-09-16T20:50:29Z,Hans-J. Boehm,Google,https://dblp.org/pid/232/5517,,0,historical,2026-04-30,,,,,/Users/jimmylin/workspace/bigcows-project/bigcows-crawler/.cache/acm-fellows-scholar-2026-09-16/cache.json,9cf01bc19e2055130b2393d49fff9dbef0208e7dc8418dc57385bd1dd6f4ab0b
Ion Stoica,2012,https://scholar.google.com/citations?user=vN-is70AAAAJ,,supported,name_and_2plus_dblp_titles,200,2026-09-16T20:50:36Z,Ion Stoica,"Professor of Computer Science, UC Berkeley",https://dblp.org/pid/s/IonStoica,Ion Stoica,16,historical,2026-04-30,,,,,/Users/jimmylin/workspace/bigcows-project/bigcows-crawler/.cache/acm-fellows-scholar-2026-09-16/cache.json,af22c9e230a598654a0904ea7e9d01238fa0c265492030afe38fe223b07aa6fe
John Hershberger,2012,,,unavailable,no_profile,,,,,https://dblp.org/pid/56/510,John Hershberger 0001,0,no_profile,,no_verified_profile,,,,,
Jonathan Grudin,2012,,,unavailable,no_profile,,,,,https://dblp.org/pid/g/JonathanGrudin,Jonathan Grudin,0,no_profile,,no_verified_profile,,,,,
Joseph O'Rourke,2012,https://scholar.google.com/citations?user=AdrTURsAAAAJ,,supported,name_and_2plus_dblp_titles,200,2026-09-16T20:50:43Z,Joseph O'Rourke,"Professor of Computer Science, and of Mathematics, Smith College",https://dblp.org/pid/o/JosephORourke,Joseph O'Rourke,12,historical,2026-04-30,,,,,/Users/jimmylin/workspace/bigcows-project/bigcows-crawler/.cache/acm-fellows-scholar-2026-09-16/cache.json,7d212262b2c68a3a280b753991f41dce77048cc7735f0a4074f70f27df44eda4
Joseph Sifakis,2012,https://scholar.google.com/citations?user=8jCwk4EAAAAJ,,supported,name_and_2plus_dblp_titles,200,2026-09-16T20:50:50Z,Joseph Sifakis,"Reseracher at Verimag laboratory, Grenoble",https://dblp.org/pid/s/JosephSifakis,Joseph Sifakis,18,historical,2026-04-30,,,,,/Users/jimmylin/workspace/bigcows-project/bigcows-crawler/.cache/acm-fellows-scholar-2026-09-16/cache.json,297c922b4b9e21ddfb272021800b20d964597bf2cf1cfb9c012ed7b64d278b52
Karem Sakallah,2012,https://scholar.google.com/citations?user=M441iZ8AAAAJ,,supported,name_and_2plus_dblp_titles,200,2026-09-16T20:50:56Z,Karem A Sakallah,University of Michigan,https://dblp.org/pid/34/5374,Karem A. Sakallah,19,historical,2026-04-30,,,,,/Users/jimmylin/workspace/bigcows-project/bigcows-crawler/.cache/acm-fellows-scholar-2026-09-16/cache.json,5653edad07b2f3052be8c61bb80597cab8e2aa18d2034d497a61b1dc61518943
Katherine Yelick,2012,https://scholar.google.com/citations?user=93yNuV0AAAAJ,,supported,name_and_2plus_dblp_titles,200,2026-09-16T20:51:04Z,Katherine Yelick,"Vice Chancellor for Research and EECS Professor, UC Berkeley and Sr. Faculty Scientist, LBNL",https://dblp.org/pid/y/KAYelick,Katherine A. Yelick,12,historical,2026-04-30,,,,,/Users/jimmylin/workspace/bigcows-project/bigcows-crawler/.cache/acm-fellows-scholar-2026-09-16/cache.json,847d7d0644bf3b4e5f9296cfd73b8738eed8c0b7cec9ec7aace13fd987032bc5
Keith Ross,2012,https://scholar.google.com/citations?user=RhUcYmQAAAAJ,,supported,name_and_2plus_dblp_titles,200,2026-09-16T20:51:12Z,Keith Ross,"Professor of Computer Science, NYU Abu Dhabi",https://dblp.org/pid/151/6229,Keith Ross,2,historical,2026-04-30,,,,,/Users/jimmylin/workspace/bigcows-project/bigcows-crawler/.cache/acm-fellows-scholar-2026-09-16/cache.json,3e064995084cb66d4d780628a778f53141cfbfe3ff8edd6efe6015d16bfbe31a
Keshav K Pingali,2012,https://scholar.google.com/citations?user=02UU6wgAAAAJ,,supported,name_and_2plus_dblp_titles,200,2026-09-16T20:51:19Z,Keshav Pingali,"Professor of Computer Science, The University of Texas at Austin",https://dblp.org/pid/71/5735,Keshav Pingali,19,historical,2026-04-30,,,,,/Users/jimmylin/workspace/bigcows-project/bigcows-crawler/.cache/acm-fellows-scholar-2026-09-16/cache.json,17c2e123d44900c3cacd1d7345266734ef6a7a573f68a0f5d3e0d0b86bad6cf1
Klara Nahrstedt,2012,https://scholar.google.com/citations?user=TW0t25AAAAAJ,,supported,name_and_2plus_dblp_titles,200,2026-09-16T20:53:39Z,Klara Nahrstedt,"Computer Science, University of Illinois, Urbana-Champaign",https://dblp.org/pid/45/3224,Klara Nahrstedt,15,historical,2026-04-30,,,,,/Users/jimmylin/workspace/bigcows-project/bigcows-crawler/.cache/acm-fellows-scholar-2026-09-16/cache.json,056aac5d1a1fa5f55a05cfeb9b5c8b52010d7e0650d1c87e4c0486eecb3e130a
Larry S Davis,2012,https://scholar.google.com/citations?user=lc0ARagAAAAJ,,supported,name_and_2plus_dblp_titles,200,2026-09-16T20:53:47Z,Larry Davis,"Professor of Computer Science, University of Maryland",https://dblp.org/pid/d/LarrySDavis,Larry Davis 0001,15,missing,,,,,,/Users/jimmylin/workspace/bigcows-project/bigcows-crawler/.cache/acm-fellows-scholar-2026-09-16/cache.json,152ea5052c06961cb8b87d1e577633c715dbffdf11d65d7866c6b90ce302ab7e
Lars Arge,2012,https://scholar.google.com/citations?user=MgdxxbAAAAAJ,,supported,name_and_2plus_dblp_titles,200,2026-09-16T20:53:54Z,Lars Arge,"Professor of Computer Science and MADALGO center director, Aarhus University",https://dblp.org/pid/a/LArge,Lars Arge,11,historical,2026-04-30,,,,,/Users/jimmylin/workspace/bigcows-project/bigcows-crawler/.cache/acm-fellows-scholar-2026-09-16/cache.json,f531807ac5f005e3f249512a4b9245abd3d9e374aee2c234d67e9505cfca8510
Leonid Libkin,2012,https://scholar.google.com/citations?user=4q-MIB0AAAAJ,,supported,name_and_2plus_dblp_titles,200,2026-09-16T20:54:02Z,Leonid Libkin,"Professor of Computer Science, University of Edinburgh",https://dblp.org/pid/l/LeonidLibkin,Leonid Libkin,20,historical,2026-04-30,,,,,/Users/jimmylin/workspace/bigcows-project/bigcows-crawler/.cache/acm-fellows-scholar-2026-09-16/cache.json,8aad0febc42f2274f4e28e66f0ce7dca8a3c55a49c6d6a951338d5d727ffbb04
Leslie G Valiant,2012,https://scholar.google.com/citations?user=H509xdsAAAAJ,,supported,name_and_2plus_dblp_titles,200,2026-09-16T20:54:08Z,Leslie Valiant,Unknown affiliation,https://dblp.org/pid/v/LeslieGValiant,Leslie G. Valiant,20,historical,2026-04-30,no_verified_email; limited_affiliation_metadata,,,,/Users/jimmylin/workspace/bigcows-project/bigcows-crawler/.cache/acm-fellows-scholar-2026-09-16/cache.json,5326b080c80de9721d283b8b1396f5ce483cddb73fcef42524c4922fb981e504
Lixin Gao,2012,https://scholar.google.com/citations?user=bOKmjf8AAAAJ,,supported,metadata_and_publication_review,200,2026-09-16T20:54:15Z,Lixin Gao,"Distinguished Professor, Univ. of Massachusetts",https://dblp.org/pid/69/3480,Lixin Gao,0,historical,2026-04-30,,,,,/Users/jimmylin/workspace/bigcows-project/bigcows-crawler/.cache/acm-fellows-scholar-2026-09-16/cache.json,41c5e235867b7714207f4c5ff061e3a0e7ad8168868fa291c38f4a6df8ae09e4
Manish Gupta,2012,https://scholar.google.com/citations?user=fHISoWoAAAAJ,https://scholar.google.com/citations?user=vPUzENEAAAAJ,supported,fresh_replacement_verified,200,2026-09-17T00:56:32Z,Manish Gupta,Google DeepMind,https://dblp.org/pid/g/ManishGupta2,Manish Gupta 0002,,fresh,2026-09-17,identity_corrected,"Replaced an unverified mixed-author profile with Google DeepMind profile; Blue Gene, Java escape analysis and compiler publications match the Fellow and official biography.",,https://research.google/people/106704/,/Users/jimmylin/workspace/bigcows-project/cs-big-cows/tmp/scholar-full-sweep-2026-09-16/verified-cache.json,9aa54d53ccf27039d455fbdd3dd556bc5b282117f13bb6a801e32f8b494e20dd
Markus Gross,2012,https://scholar.google.com/citations?user=uxk0GmUAAAAJ,,supported,name_and_2plus_dblp_titles,200,2026-09-16T20:54:31Z,Markus Gross,"ETH Zurich, Disney Research Zurich",https://dblp.org/pid/g/MarkusHGross,Markus Gross 0001,20,historical,2026-04-30,,,,,/Users/jimmylin/workspace/bigcows-project/bigcows-crawler/.cache/acm-fellows-scholar-2026-09-16/cache.json,65628051a3896a1ca0181b13e962a758fcf0b63d13fa6640776184b65ab79e75
Masaru Kitsuregawa,2012,,,unavailable,no_profile,,,,,https://dblp.org/pid/k/MasaruKitsuregawa,Masaru Kitsuregawa,0,no_profile,,no_verified_profile,,,,,
Patrick Valduriez,2012,https://scholar.google.com/citations?user=Vj0m2A0AAAAJ,,supported,name_and_2plus_dblp_titles,200,2026-09-16T20:54:38Z,Patrick Valduriez,Inria,https://dblp.org/pid/v/PatrickValduriez,Patrick Valduriez,18,historical,2026-04-30,,,,,/Users/jimmylin/workspace/bigcows-project/bigcows-crawler/.cache/acm-fellows-scholar-2026-09-16/cache.json,3c81d271c73a50d55f17e2f668e6d62139f7c88cf9c09c739b55af9f7713fae3
Pierre Baldi,2012,https://scholar.google.com/citations?user=RhFhIIgAAAAJ,,supported,name_and_2plus_dblp_titles,200,2026-09-16T20:54:45Z,Pierre Baldi,"Professor, University of California, Irvine",https://dblp.org/pid/54/1564,Pierre Baldi,13,historical,2026-04-30,,,,,/Users/jimmylin/workspace/bigcows-project/bigcows-crawler/.cache/acm-fellows-scholar-2026-09-16/cache.json,2f9562a2c07b1b0d6b3c33d78e003e8f93c5e17000034b3f9a27632b2bb57948
Rachid Guerraoui,2012,https://scholar.google.com/citations?user=_TR-7CEAAAAJ,,supported,name_and_2plus_dblp_titles,200,2026-09-16T20:54:51Z,rachid guerraoui,"Professor of Computer and Communication Systems, EPFL",https://dblp.org/pid/g/RachidGuerraoui,Rachid Guerraoui,18,historical,2026-04-30,,,,,/Users/jimmylin/workspace/bigcows-project/bigcows-crawler/.cache/acm-fellows-scholar-2026-09-16/cache.json,a8e501b20629279c16803dc8c627aed4bbd840ee085d6d760f2f3af6615f0461
Raj Reddy,2012,https://scholar.google.com/citations?user=mYu2uuIAAAAJ,,supported,name_and_2plus_dblp_titles,200,2026-09-16T20:54:58Z,Raj Reddy,"University Professor of Computer Science and Robotics, Carnegie Mellon University",https://dblp.org/pid/r/RajReddy,Raj Reddy,14,missing,,,,,,/Users/jimmylin/workspace/bigcows-project/bigcows-crawler/.cache/acm-fellows-scholar-2026-09-16/cache.json,4ed2ceee06a91298780573f50439807c210968ccdbb06df28b73e9ba2c0feefa
Rajeev Ramnarain Rastogi,2012,https://scholar.google.com/citations?user=3ggE9SkAAAAJ,,supported,metadata_and_publication_review,200,2026-09-16T20:55:05Z,Rajeev Rastogi,Amazon,https://dblp.org/pid/r/RajeevRastogi,,0,missing,,,,,,/Users/jimmylin/workspace/bigcows-project/bigcows-crawler/.cache/acm-fellows-scholar-2026-09-16/cache.json,1bbc2437a19139a09f5812649c1070578ad5d4f4e48ab4be947b9b7f1092b163
Ramin Zabih,2012,https://scholar.google.com/citations?user=8Lp0W54AAAAJ,,supported,name_and_2plus_dblp_titles,200,2026-09-16T20:55:12Z,Ramin Zabih,"Professor of Computer Science, Cornell University",https://dblp.org/pid/z/RaminZabih,Ramin Zabih,17,historical,2026-04-30,,,,,/Users/jimmylin/workspace/bigcows-project/bigcows-crawler/.cache/acm-fellows-scholar-2026-09-16/cache.json,253d60b23bedcd9382bffe916c4bd17fb4da110cae5d851a1fc3dad7284d9add
Rick Cattell,2012,https://scholar.google.com/citations?user=Kc64bEcAAAAJ,,supported,metadata_and_publication_review,200,2026-09-16T20:55:19Z,Rick (Roderic G. G.) Cattell,Cattell.Net,https://dblp.org/pid/91/9532,Rick Cattell,0,historical,2026-04-30,,,,,/Users/jimmylin/workspace/bigcows-project/bigcows-crawler/.cache/acm-fellows-scholar-2026-09-16/cache.json,28bdf17ec3fdf7edb8474019a2f8fb6788a7126a1fd6e60e3cb0ffb6b58dd1af
Robert Schreiber,2012,https://scholar.google.com/citations?user=APiItS4AAAAJ,,supported,name_and_2plus_dblp_titles,200,2026-09-16T20:55:26Z,Rob Schreiber,Cerebras Systems,https://dblp.org/pid/69/2277,Robert Schreiber,10,missing,,,,,,/Users/jimmylin/workspace/bigcows-project/bigcows-crawler/.cache/acm-fellows-scholar-2026-09-16/cache.json,69fc806e2cb0cd55de0f8f0aaf059ca1b9b9ca634ea1a2ecc147b4eb5e92782e
Roberto Tamassia,2012,https://scholar.google.com/citations?user=eEYPTKUAAAAJ,,supported,name_and_2plus_dblp_titles,200,2026-09-16T20:55:33Z,Roberto Tamassia,"Plastech Professor of Computer Science, Brown University",https://dblp.org/pid/t/RobertoTamassia,Roberto Tamassia,15,historical,2026-04-30,,,,,/Users/jimmylin/workspace/bigcows-project/bigcows-crawler/.cache/acm-fellows-scholar-2026-09-16/cache.json,2eddd3e2cd874da8c35a40e7d79b5f5ee70e335a64652da00b7af4895fd724a3
Ron Shamir,2012,https://scholar.google.com/citations?user=ri4rEPMAAAAJ,,supported,name_and_2plus_dblp_titles,200,2026-09-16T20:55:40Z,Ron Shamir,"Professor of Computer Science and Bioinformatics, Tel Aviv University",https://dblp.org/pid/66/6913,Ron Shamir,6,historical,2026-04-30,,,,,/Users/jimmylin/workspace/bigcows-project/bigcows-crawler/.cache/acm-fellows-scholar-2026-09-16/cache.json,bf51882f8d6b80efa6d88afdf439589660d8984d582bde6585a761a9a63ac6d6
Saul Greenberg,2012,https://scholar.google.com/citations?user=TthhUuoAAAAJ,,supported,name_and_2plus_dblp_titles,200,2026-09-16T20:55:46Z,Saul Greenberg,"Emeritus Professor, Computer Science, University of Calgary",https://dblp.org/pid/g/SaulGreenberg,Saul Greenberg,18,historical,2026-04-30,,,,,/Users/jimmylin/workspace/bigcows-project/bigcows-crawler/.cache/acm-fellows-scholar-2026-09-16/cache.json,58559736cc303d5bae35c21a823fa1e22c092e02010855b281ddb98f1fcf5e77
Simson L Garfinkel,2012,https://scholar.google.com/citations?user=87fGQ0AAAAAJ,,supported,name_and_2plus_dblp_titles,200,2026-09-16T20:55:54Z,Simson Garfinkel,"BasisTech, LLC",https://dblp.org/pid/70/2101,Simson L. Garfinkel,9,missing,,,,,,/Users/jimmylin/workspace/bigcows-project/bigcows-crawler/.cache/acm-fellows-scholar-2026-09-16/cache.json,5e01edbe7a3651097512cdae03110d13d717742a3c382523bcf1417f9b6e20c5
Srinivasan Keshav,2012,https://scholar.google.com/citations?user=-EMkK7QAAAAJ,,supported,name_and_2plus_dblp_titles,200,2026-09-16T20:56:00Z,Srinivasan Keshav,"Professor of Computer Science, University of Cambridge",https://dblp.org/pid/59/739,Srinivasan Keshav,11,historical,2026-04-30,,,,,/Users/jimmylin/workspace/bigcows-project/bigcows-crawler/.cache/acm-fellows-scholar-2026-09-16/cache.json,0b4f2d2af71cc7f7ca6d75a5c055935f708c00d0d4e8f94a91c033128f804acb
Steven Scott,2012,,,unavailable,no_profile,,,,,https://dblp.org/pid/313/4438,Steven Alan Scott,0,no_profile,,no_verified_profile,,,,,
Tova Milo,2012,https://scholar.google.com/citations?user=X1-ovCkAAAAJ,,supported,name_and_2plus_dblp_titles,200,2026-09-16T20:56:07Z,Tova Milo,"Professor of Computer Science, Tel Aviv University",https://dblp.org/pid/m/TovaMilo,Tova Milo,19,historical,2026-04-30,,,,,/Users/jimmylin/workspace/bigcows-project/bigcows-crawler/.cache/acm-fellows-scholar-2026-09-16/cache.json,b2c2cf90563c32f3bcae0b6e86cc8d9b999bffd45ece30da5896a81e8d7a0f6e
Tracy Camp,2012,https://scholar.google.com/citations?user=8TyIlFgAAAAJ,,supported,name_and_2plus_dblp_titles,200,2026-09-16T20:56:14Z,Tracy Camp,"Department Head and Professor of Computer Science, Colorado School of Mines",https://dblp.org/pid/91/2315,Tracy Camp,17,historical,2026-04-30,,,,,/Users/jimmylin/workspace/bigcows-project/bigcows-crawler/.cache/acm-fellows-scholar-2026-09-16/cache.json,3eed010bd2621893c44e4493c1b633d5f66570c81ad2605032da9541171c6e28
Walter F. Tichy,2012,https://scholar.google.com/citations?user=23RPQBQAAAAJ,,supported,name_and_2plus_dblp_titles,200,2026-09-16T20:56:20Z,Walter F. Tichy,"Professor em. Karlsruhe Institute of Technology, professor Kutaisi International Univ., Georgia",https://dblp.org/pid/t/WalterFTichy,Walter F. Tichy,19,historical,2026-04-30,,,,,/Users/jimmylin/workspace/bigcows-project/bigcows-crawler/.cache/acm-fellows-scholar-2026-09-16/cache.json,69cc6d9be22672659e997fc9cd79f5d93a3ab3ff80d1f7c316b1d23f8ae162ba
Wenfei Fan,2012,https://scholar.google.com/citations?user=u0S6ofAAAAAJ,,supported,name_and_2plus_dblp_titles,200,2026-09-16T20:56:27Z,Wenfei Fan,"Professor of Web Data Management, University of Edinburgh",https://dblp.org/pid/94/2372,Wenfei Fan,20,historical,2026-04-30,,,,,/Users/jimmylin/workspace/bigcows-project/bigcows-crawler/.cache/acm-fellows-scholar-2026-09-16/cache.json,09eb1acfdd969d1cdd3e5f7ce570f6a03d0f135f80a426ef8a1dfeb9372d5826
Xiaodong Zhang,2012,https://scholar.google.com/citations?user=qFiMLsIAAAAJ,,supported,metadata_and_publication_review,200,2026-09-16T20:58:51Z,Xiaodong Zhang,The Ohio State University,https://dblp.org/pid/37/4356,Xiaodong Zhang,0,historical,2026-04-30,,,,,/Users/jimmylin/workspace/bigcows-project/bigcows-crawler/.cache/acm-fellows-scholar-2026-09-16/cache.json,19b0a16db0936d2987e52f37fa77a40209e92c70f03f24a8502dfecd6be3d5e4
Yoav Shoham,2012,https://scholar.google.com/citations?user=fV5P_6MAAAAJ,,supported,name_and_2plus_dblp_titles,200,2026-09-16T20:58:59Z,Yoav Shoham,Professor (emeritus),https://dblp.org/pid/s/YoavShoham,Yoav Shoham,12,historical,2026-04-30,,,,,/Users/jimmylin/workspace/bigcows-project/bigcows-crawler/.cache/acm-fellows-scholar-2026-09-16/cache.json,cb02e9270bf8d8074ac0721a087ebb199d8c4f24e9f453a4b670f2743ae2cfff
Amin Vahdat,2011,https://scholar.google.com/citations?user=r3aWCRUAAAAJ,,supported,name_and_2plus_dblp_titles,200,2026-09-16T20:59:06Z,Amin Vahdat,Google,https://dblp.org/pid/v/AminVahdat,Amin Vahdat,16,historical,2026-04-30,,,,,/Users/jimmylin/workspace/bigcows-project/bigcows-crawler/.cache/acm-fellows-scholar-2026-09-16/cache.json,8b98f4030ebec799f5f1c093bbfe94a0686eae3661f0343975ea746f73301c44
Amit Singhal,2011,,,unavailable,no_profile,,,,,https://dblp.org/pid/s/AmitSinghal,Amit Singhal 0001,0,no_profile,,no_verified_profile,,,,,
Baining Guo,2011,https://scholar.google.com/citations?user=h4kYmRYAAAAJ,,supported,name_and_2plus_dblp_titles,200,2026-09-16T20:59:13Z,Baining Guo,"Distinguished Scientist, Microsoft Research",https://dblp.org/pid/44/3946,Baining Guo,18,historical,2026-04-30,,,,,/Users/jimmylin/workspace/bigcows-project/bigcows-crawler/.cache/acm-fellows-scholar-2026-09-16/cache.json,9c9c1ae0ad19f9c31f091a6e975494896cbba9b39dc9742a80660d46ba55a866
Beng Chin Ooi,2011,https://scholar.google.com/citations?user=9560QjYAAAAJ,,supported,name_and_2plus_dblp_titles,200,2026-09-16T20:59:20Z,Beng Chin OOI,Zhejiang University,https://dblp.org/pid/o/BengChinOoi,Beng Chin Ooi,20,historical,2026-04-30,,,,,/Users/jimmylin/workspace/bigcows-project/bigcows-crawler/.cache/acm-fellows-scholar-2026-09-16/cache.json,2f837dc23f0cb07f9627276ace4c20e1787a539e4842fd72a7295e92606a935d
Carl Ebeling,2011,,,unavailable,no_profile,,,,,https://dblp.org/pid/e/CarlEbeling,Carl Ebeling,0,no_profile,,no_verified_profile,,,,,
Christian S. Jensen,2011,https://scholar.google.com/citations?user=wo20cPYAAAAJ,,supported,metadata_and_publication_review,200,2026-09-16T20:59:27Z,Christian S. Jensen,"Aalborg University, Department of Computer Science",https://dblp.org/pid/262/0478,Bjørn Christian Skov Jensen,0,historical,2026-04-30,,,,,/Users/jimmylin/workspace/bigcows-project/bigcows-crawler/.cache/acm-fellows-scholar-2026-09-16/cache.json,ff44d20e795c06d67cc3c4cd34b14f28e713cf79a2db8b1b5734f19eb866ec32
Dahlia Malkhi,2011,https://scholar.google.com/citations?user=A_VZ7N0AAAAJ,,supported,name_and_2plus_dblp_titles,200,2026-09-16T20:59:35Z,Dahlia malkhi,"University of California, Santa Barbara",https://dblp.org/pid/m/DahliaMalkhi,Dahlia Malkhi,17,historical,2026-04-30,,,,,/Users/jimmylin/workspace/bigcows-project/bigcows-crawler/.cache/acm-fellows-scholar-2026-09-16/cache.json,8f1938ed61f5ce88f565cc0145d4bdd9587d951315d9013db3a17779c81b7eec
Dan Roth,2011,https://scholar.google.com/citations?user=E-bpPWgAAAAJ,,supported,metadata_and_publication_review,200,2026-09-16T20:59:43Z,Dan Roth,"Professor of Computer Science, University of Pennsylvania",https://dblp.org/pid/59/857,Dana L. Roth,0,historical,2026-04-30,,,,,/Users/jimmylin/workspace/bigcows-project/bigcows-crawler/.cache/acm-fellows-scholar-2026-09-16/cache.json,453deaba04e45f4eb4aa89d0e25768b12707571d328a681920d4c5ce9e088ef8
Dan Suciu,2011,https://scholar.google.com/citations?user=SIxd6jgAAAAJ,,supported,metadata_and_publication_review,200,2026-09-16T20:59:49Z,Dan Suciu,University of Washington,https://dblp.org/pid/71/7833,Dan-Mircea Suciu,0,historical,2026-04-30,,,,,/Users/jimmylin/workspace/bigcows-project/bigcows-crawler/.cache/acm-fellows-scholar-2026-09-16/cache.json,c8d5f51a651658e0a0b152f2d3cda3c015ba0ccd0176b076e289e83f7c69a92b
David Eppstein,2011,https://scholar.google.com/citations?user=QSY7ufMAAAAJ,,supported,name_and_2plus_dblp_titles,200,2026-09-16T20:59:55Z,David Eppstein,"Distinguished Professor of Computer Science, University of California, Irvine",https://dblp.org/pid/e/DEppstein,David Eppstein,19,historical,2026-04-30,,,,,/Users/jimmylin/workspace/bigcows-project/bigcows-crawler/.cache/acm-fellows-scholar-2026-09-16/cache.json,af5359a85ca4a2ca2b4e8f967372bcbb0657564688d5b6998c3ee033763ff0b6
David Heckerman,2011,https://scholar.google.com/citations?user=VTGXKrYAAAAJ,,supported,name_and_2plus_dblp_titles,200,2026-09-16T21:00:02Z,David Heckerman,Microsoft Research,https://dblp.org/pid/h/DavidHeckerman,David Heckerman,7,historical,2026-04-30,,,,,/Users/jimmylin/workspace/bigcows-project/bigcows-crawler/.cache/acm-fellows-scholar-2026-09-16/cache.json,5fea82a34c8d6ad5261bdbe3bc630f63ad93324d86d4a5c9d8e8a56a9439308a
David K Gifford,2011,,,unavailable,no_profile,,,,,https://dblp.org/pid/g/DavidKGifford,David K. Gifford,0,no_profile,,no_verified_profile,,,,,
David Wetherall,2011,https://scholar.google.com/citations?user=HeEBacsAAAAJ,,supported,name_and_2plus_dblp_titles,200,2026-09-16T21:00:09Z,David Wetherall,"Professor of Computer Science & Engineering, University of Washington",https://dblp.org/pid/w/DavidWetherall,David Wetherall,17,historical,2026-04-30,,,,,/Users/jimmylin/workspace/bigcows-project/bigcows-crawler/.cache/acm-fellows-scholar-2026-09-16/cache.json,97fce9a6065ed502047eeffd6f44fbfe081eb761e296caecb5feb4d54e4c41dd
Dean Tullsen,2011,https://scholar.google.com/citations?user=h8wSTmMAAAAJ,,supported,recent_verified_resolution,200,2026-09-17T00:40:39Z,Dean Tullsen,"Department of Computer Science and Engineering, UC San Diego",https://dblp.org/pid/t/DeanMTullsen,Dean M. Tullsen,19,missing,,,,,,tmp/scholar-45-resolution/verified-cache.json,d72efc7282db62b620951afb722de8cfbccae298e9361696caa516aa79975033
Diane L Souvaine,2011,https://scholar.google.com/citations?user=QTRDjTUAAAAJ,,supported,name_and_2plus_dblp_titles,200,2026-09-16T21:00:22Z,Diane Souvaine,"Professor of Computer Science & Vice Provost for Research, Tufts University",https://dblp.org/pid/s/DLSouvaine,Diane L. Souvaine,15,missing,,,,,,/Users/jimmylin/workspace/bigcows-project/bigcows-crawler/.cache/acm-fellows-scholar-2026-09-16/cache.json,24629b174da361bf80dccc86fcf399c0ca83051e6cc4d196b85b5d007c88e6ec
Divesh Srivastava,2011,https://scholar.google.com/citations?user=kGKlHp0AAAAJ,,supported,name_and_2plus_dblp_titles,200,2026-09-16T21:00:29Z,Divesh Srivastava,AT&T Labs-Research,https://dblp.org/pid/s/DiveshSrivastava,Divesh Srivastava,17,historical,2026-04-30,,,,,/Users/jimmylin/workspace/bigcows-project/bigcows-crawler/.cache/acm-fellows-scholar-2026-09-16/cache.json,4aaa33a0187bd97191d0d395230c05586e86b308c76a14610645a4e06560aea9
Divyakant Agrawal,2011,https://scholar.google.com/citations?user=XcaEg-cAAAAJ,,supported,name_and_2plus_dblp_titles,200,2026-09-16T21:00:36Z,Divyakant Agrawal,"Distinguished Professor of Computer Science, UCSB",https://dblp.org/pid/a/DivyakantAgrawal,Divyakant Agrawal,18,historical,2026-04-30,,,,,/Users/jimmylin/workspace/bigcows-project/bigcows-crawler/.cache/acm-fellows-scholar-2026-09-16/cache.json,6d9509bb3905f970d1de5b79ce2bb8f25a6c97e4c6780f04a75a7223d41389b0
Frank Kenneth Zadeck,2011,,,unavailable,no_profile,,,,,https://dblp.org/pid/73/4688,F. Kenneth Zadeck,0,no_profile,,no_verified_profile,,,,,
Geoffrey Fox,2011,https://scholar.google.com/citations?user=dJ-fD-sAAAAJ,,supported,name_and_2plus_dblp_titles,200,2026-09-16T21:00:44Z,Geoffrey Fox,"Professor of Computer Science, University of Virginia, Biocomplexity Institute",https://dblp.org/pid/f/GeoffreyFox,Geoffrey C. Fox,8,historical,2026-04-30,,,,,/Users/jimmylin/workspace/bigcows-project/bigcows-crawler/.cache/acm-fellows-scholar-2026-09-16/cache.json,3d0182c5ff2a793b900b67090cab5c904903306734cae985e3ee3ee00e710347
George Furnas,2011,https://scholar.google.com/citations?user=9tzvo38AAAAJ,,supported,name_and_2plus_dblp_titles,200,2026-09-16T21:00:51Z,George Furnas,"Professor of Information, Professor of Computer Science, Professor of Psychology, University of Michigan",https://dblp.org/pid/52/3166,George W. Furnas,14,historical,2026-04-30,,,,,/Users/jimmylin/workspace/bigcows-project/bigcows-crawler/.cache/acm-fellows-scholar-2026-09-16/cache.json,e9d042ffb4c88d7db868730dcb47cbda67aaf4a2300558463c5a04e4b8d7527b
Gerard J. Holzmann,2011,https://scholar.google.com/citations?user=thNT9QYAAAAJ,,supported,name_and_2plus_dblp_titles,200,2026-09-16T21:00:58Z,Gerard Holzmann,Nimble Research,https://dblp.org/pid/h/GerardJHolzmann,Gerard J. Holzmann,16,historical,2026-04-30,,,,,/Users/jimmylin/workspace/bigcows-project/bigcows-crawler/.cache/acm-fellows-scholar-2026-09-16/cache.json,ad4bc4c596e3a4571cb8fc7570d75aff4231f9c918834efe0edf54e05c0d5d62
Guy Blelloch,2011,https://scholar.google.com/citations?user=Z6nLCukAAAAJ,,supported,name_and_2plus_dblp_titles,200,2026-09-16T21:01:05Z,Guy Blelloch,"Professor of Computer Science, Carnegie Mellon University",https://dblp.org/pid/b/GEBlelloch,Guy E. Blelloch,16,historical,2026-04-30,,,,,/Users/jimmylin/workspace/bigcows-project/bigcows-crawler/.cache/acm-fellows-scholar-2026-09-16/cache.json,0c4805f2f5c180eb430f295fee6778642cd21815d3f70b2c81e83c698baf0a49
Howard J Karloff,2011,https://scholar.google.com/citations?user=i5PazXwAAAAJ,,supported,name_and_2plus_dblp_titles,200,2026-09-16T21:01:13Z,Howard Karloff,Goldman Sachs,https://dblp.org/pid/44/5186,Howard J. Karloff,19,missing,,,,,,/Users/jimmylin/workspace/bigcows-project/bigcows-crawler/.cache/acm-fellows-scholar-2026-09-16/cache.json,7ad4a2330f5ff9b00b93327d51149126ed2a6ef29f6a9532587293fd4b151306
Hugues Hoppe,2011,https://scholar.google.com/citations?user=RXrifC8AAAAJ,,supported,name_and_2plus_dblp_titles,200,2026-09-16T21:01:20Z,Hugues Hoppe,Computer science researcher,https://dblp.org/pid/25/6720,Hugues Hoppe,19,historical,2026-04-30,,,,,/Users/jimmylin/workspace/bigcows-project/bigcows-crawler/.cache/acm-fellows-scholar-2026-09-16/cache.json,5c5897a8b38f92c4ecabc48e8e86343197e6651f9e8033c7cd603660c15df98b
Janos Pach,2011,https://scholar.google.com/citations?user=uOC_Z8QAAAAJ,,supported,name_and_2plus_dblp_titles,200,2026-09-16T21:01:26Z,Janos Pach,Ecole Polytechnique Federale de Lausanne and Renyi Institute Budapest,https://dblp.org/pid/18/2119,János Pach,16,historical,2026-04-30,,,,,/Users/jimmylin/workspace/bigcows-project/bigcows-crawler/.cache/acm-fellows-scholar-2026-09-16/cache.json,33ca632ef62ab5d448a65ca8d060113ef776931c7f1c44bd444cee109f40bec5
John Sanguinetti,2011,,,unavailable,no_profile,,,,,https://dblp.org/pid/60/6393,John Sanguinetti,0,no_profile,,no_verified_profile,,,,,
Joseph Mitchell,2011,https://scholar.google.com/citations?user=KICA5DoAAAAJ,,supported,metadata_and_publication_review,200,2026-09-16T21:01:33Z,Joseph S. B. Mitchell,"Distinguished Professor, Applied Mathematics and Computer Science, Stony Brook University",https://dblp.org/pid/167/3247,,0,historical,2026-04-30,,,,,/Users/jimmylin/workspace/bigcows-project/bigcows-crawler/.cache/acm-fellows-scholar-2026-09-16/cache.json,c60250c6300532762167ac6ed2676ea356ba142366e6c7937e9fdda6e279e808
Keith Marzullo,2011,https://scholar.google.com/citations?user=hWzTk6MAAAAJ,,supported,name_and_2plus_dblp_titles,200,2026-09-16T21:01:40Z,Keith Marzullo,"Dean, College of Information and Computer Science, UMass Amherst",https://dblp.org/pid/m/KMarzullo,Keith Marzullo,15,historical,2026-04-30,,,,,/Users/jimmylin/workspace/bigcows-project/bigcows-crawler/.cache/acm-fellows-scholar-2026-09-16/cache.json,dff28d441e3f2efea78a394fd6c12662548416a6d921a1886b3c41b66b106470
Linda Petzold,2011,https://scholar.google.com/citations?user=6IxWYR0AAAAJ,,supported,name_and_2plus_dblp_titles,200,2026-09-16T21:04:01Z,Linda Petzold,"Professor, University of California Santa Barbara",https://dblp.org/pid/03/3669,Linda R. Petzold,6,historical,2026-04-30,,,,,/Users/jimmylin/workspace/bigcows-project/bigcows-crawler/.cache/acm-fellows-scholar-2026-09-16/cache.json,d193288ed30fe983176ced9acca3f1117ae57285f43b713d7dcf40cb56615730
Margo Seltzer,2011,https://scholar.google.com/citations?user=XeyiyUYAAAAJ,,supported,name_and_2plus_dblp_titles,200,2026-09-16T21:04:08Z,Margo Seltzer,University of British Columbia,https://dblp.org/pid/s/MargoISeltzer,Margo I. Seltzer,17,historical,2026-04-30,,,,,/Users/jimmylin/workspace/bigcows-project/bigcows-crawler/.cache/acm-fellows-scholar-2026-09-16/cache.json,2b81478730adeb5e92d78f2ab8cc4e48d05f05d8c3a26d68b24349e763c46d0f
Martha Pollack,2011,https://scholar.google.com/citations?user=5oU0wxcAAAAJ,,supported,name_and_2plus_dblp_titles,200,2026-09-16T21:04:15Z,Martha E. Pollack,"President Emerita, Cornell University",https://dblp.org/pid/p/MEPollack,Martha E. Pollack,15,historical,2026-04-30,,,,,/Users/jimmylin/workspace/bigcows-project/bigcows-crawler/.cache/acm-fellows-scholar-2026-09-16/cache.json,356efd7004773c9022d506cabed23a43b3841b504fed7073ee89fbb6e4c742a2
Ming C Lin,2011,https://scholar.google.com/citations?user=ugFNit4AAAAJ,,supported,metadata_and_publication_review,200,2026-09-16T21:04:23Z,Ming Lin,Distinguished University Professor of University of Maryland at College Park & Amazon,https://dblp.org/pid/289/3331,Ming-Chan Lin,0,missing,,,,,,/Users/jimmylin/workspace/bigcows-project/bigcows-crawler/.cache/acm-fellows-scholar-2026-09-16/cache.json,967488438141cce1d464db0136006905471b2b44fd2fdca3bb803e65e50092c1
Nelson Max,2011,https://scholar.google.com/citations?user=di1ip9IAAAAJ,,supported,name_and_2plus_dblp_titles,200,2026-09-16T21:04:30Z,Nelson Max,"University of California, Davis",https://dblp.org/pid/06/3255,Nelson L. Max,15,historical,2026-04-30,,,,,/Users/jimmylin/workspace/bigcows-project/bigcows-crawler/.cache/acm-fellows-scholar-2026-09-16/cache.json,3d1b387332f9d8309972ed860ba1f43f76eb9334e15969d6013f710b46f4ab01
Peter B. Key,2011,https://scholar.google.com/citations?user=muWfggEAAAAJ,,supported,name_and_2plus_dblp_titles,200,2026-09-16T21:04:37Z,Peter Key,Consultant researcher,https://dblp.org/pid/22/3458,Peter B. Key,13,missing,,,,,,/Users/jimmylin/workspace/bigcows-project/bigcows-crawler/.cache/acm-fellows-scholar-2026-09-16/cache.json,574e0a2b0bf47932ecb998782f78cfa883367da6c745addbe179ae4317ea3e91
Peter Magnusson,2011,,,unavailable,no_profile,,,,,https://dblp.org/pid/63/6851,Peter Magnusson,0,no_profile,,no_verified_profile,,,,,
Ramesh Govindan,2011,https://scholar.google.com/citations?user=ZTkRs84AAAAJ,,supported,name_and_2plus_dblp_titles,200,2026-09-16T21:04:44Z,Ramesh Govindan,"Professor of Computer Science, University of Southern California",https://dblp.org/pid/g/RameshGovindan,Ramesh Govindan,19,historical,2026-04-30,,,,,/Users/jimmylin/workspace/bigcows-project/bigcows-crawler/.cache/acm-fellows-scholar-2026-09-16/cache.json,292825f689b3e0747153a8eeb79f43505aa1ff49ba7ca26a8ae01569ce73ad6d
Robert Kraut,2011,https://scholar.google.com/citations?user=HKGYvu4AAAAJ,,supported,name_and_2plus_dblp_titles,200,2026-09-16T21:04:50Z,Robert E. Kraut,"Herbert Simon University Professor Emeritus, Carnegie Mellon University,",https://dblp.org/pid/k/RobertEKraut,Robert E. Kraut,9,historical,2026-04-30,,,,,/Users/jimmylin/workspace/bigcows-project/bigcows-crawler/.cache/acm-fellows-scholar-2026-09-16/cache.json,782fd45cb44a9475fdc9b8c5d692c66cdbf7b6e0636ee784f2782919d77c5aef
Ronald M Baecker,2011,https://scholar.google.com/citations?user=-X6Rj5EAAAAJ,,supported,name_and_2plus_dblp_titles,200,2026-09-16T21:04:57Z,Ron Baecker,"Professor of Computer Science, University of Toronto",https://dblp.org/pid/b/RonaldBaecker,Ronald Baecker,12,missing,,,,,,/Users/jimmylin/workspace/bigcows-project/bigcows-crawler/.cache/acm-fellows-scholar-2026-09-16/cache.json,8509223990fec4245c6bad95d2aefc09f27665c23c60642efdf6c5bcd5cbf305
Satoshi Matsuoka,2011,https://scholar.google.com/citations?user=UcWOl8YAAAAJ,,supported,name_and_2plus_dblp_titles,200,2026-09-16T21:05:04Z,Satoshi Matsuoka,RIKEN Center for Computational Science (R-CCS),https://dblp.org/pid/57/4464,Satoshi Matsuoka,17,historical,2026-04-30,,,,,/Users/jimmylin/workspace/bigcows-project/bigcows-crawler/.cache/acm-fellows-scholar-2026-09-16/cache.json,8603a0f5e3bf1b0175f3ca5f3929357754e070e9c304cc1fcd9a2c37b06117bb
Scott Kirkpatrick,2011,https://scholar.google.com/citations?user=qlKWTsUAAAAJ,,supported,metadata_and_publication_review,200,2026-09-16T21:05:11Z,Scott Kirkpatrick,"Professor, School of Engineering and Computer Science, Hebrew University",https://dblp.org/pid/85/6022,E. Scott Kirkpatrick,0,historical,2026-04-30,,,,,/Users/jimmylin/workspace/bigcows-project/bigcows-crawler/.cache/acm-fellows-scholar-2026-09-16/cache.json,d7e16c534be5a71216fa0346ae673febd09f3534aa6665d2b8b7319528214fbe
Serge Abiteboul,2011,https://scholar.google.com/citations?user=lk_jn24AAAAJ,,supported,name_and_2plus_dblp_titles,200,2026-09-16T21:05:17Z,Serge Abiteboul,INRIA Saclay,https://dblp.org/pid/a/SergeAbiteboul,Serge Abiteboul,20,historical,2026-04-30,,,,,/Users/jimmylin/workspace/bigcows-project/bigcows-crawler/.cache/acm-fellows-scholar-2026-09-16/cache.json,797afc71b633867d6db688a76769a52976f5b9c884c76cbd7df80c005ba600c8
Shubu Mukherjee,2011,https://scholar.google.com/citations?user=tRaNOv4AAAAJ,,supported,metadata_and_publication_review,200,2026-09-16T21:05:25Z,Shubu Mukherjee,"Vice President, Architecture, SiFive, Inc.",https://dblp.org/pid/64/992,Shubu Mukherjee,0,missing,,,,,,/Users/jimmylin/workspace/bigcows-project/bigcows-crawler/.cache/acm-fellows-scholar-2026-09-16/cache.json,5ec64d05959f5f557f0455c23dabe805f207433c4d775df443061a10a0596411
Stephen Keckler,2011,https://scholar.google.com/citations?user=PpjjRvoAAAAJ,,supported,name_and_2plus_dblp_titles,200,2026-09-16T21:05:32Z,Steve Keckler,"Vice President of Architecture Research, NVIDIA",https://dblp.org/pid/k/StephenWKeckler,Stephen W. Keckler,17,historical,2026-04-30,,,,,/Users/jimmylin/workspace/bigcows-project/bigcows-crawler/.cache/acm-fellows-scholar-2026-09-16/cache.json,2442d91c8816f0517d17b5d7e3aed3639f6f8de4725690ae73d09b0a9dbff743
Susan Landau,2011,https://scholar.google.com/citations?user=6emSUYoAAAAJ,,supported,name_and_2plus_dblp_titles,200,2026-09-16T21:05:40Z,Susan Landau,Tufts University,https://dblp.org/pid/44/6965,Susan Landau 0001,12,missing,,,,,,/Users/jimmylin/workspace/bigcows-project/bigcows-crawler/.cache/acm-fellows-scholar-2026-09-16/cache.json,aab973865d9c644d6049b6af97697a9de3604dc7c9069c495d7f0e9c1392faed
Thomas Ball,2011,https://scholar.google.com/citations?user=d2f0VUQAAAAJ,,supported,name_and_2plus_dblp_titles,200,2026-09-16T21:05:46Z,Thomas Ball,Univ. Washington & Lancaster Univ.,https://dblp.org/pid/b/ThomasBall,Thomas Ball 0001,19,historical,2026-04-30,,,,,/Users/jimmylin/workspace/bigcows-project/bigcows-crawler/.cache/acm-fellows-scholar-2026-09-16/cache.json,d85abbdd836c2c747ce3509f3bd73381c3a9524e1e8217aff2814a75df230f8e
Zehra Ozsoyoglu,2011,https://scholar.google.com/citations?user=QRrrUU0AAAAJ,,supported,name_and_2plus_dblp_titles,200,2026-09-16T21:05:52Z,Z. Meral Ozsoyoglu,"Professor of Computer Science, Case Western Reserve University",https://dblp.org/pid/o/ZMeralOzsoyoglu,Z. Meral Özsoyoglu,19,missing,,,,,,/Users/jimmylin/workspace/bigcows-project/bigcows-crawler/.cache/acm-fellows-scholar-2026-09-16/cache.json,027734b317d60cb0601f03b5c999a5d22a91f406cc21e4d24e1bd2d0bf94c1c1
Amr El Abbadi,2010,https://scholar.google.com/citations?user=tNmIw4MAAAAJ,,supported,name_and_2plus_dblp_titles,200,2026-09-16T21:06:00Z,Amr El Abbadi,"Professor of Computer Science, UC Santa Barbara",https://dblp.org/pid/a/AmrElAbbadi,Amr El Abbadi,19,historical,2026-04-30,,,,,/Users/jimmylin/workspace/bigcows-project/bigcows-crawler/.cache/acm-fellows-scholar-2026-09-16/cache.json,8402fefe7d82e48d3b22f466be45be2c6684ffc0aeccac8278021471b7e9349a
Andreas Zeller,2010,https://scholar.google.com/citations?user=-Qytr_YAAAAJ,,supported,name_and_2plus_dblp_titles,200,2026-09-16T21:06:07Z,Andreas Zeller,"Faculty, CISPA Helmholtz Center for Information Security • Professor, Saarland University",https://dblp.org/pid/z/AndreasZeller,Andreas Zeller,19,historical,2026-04-30,,,,,/Users/jimmylin/workspace/bigcows-project/bigcows-crawler/.cache/acm-fellows-scholar-2026-09-16/cache.json,ba0645a8122d0e3d90f54cd4d5e10f14ace063b14d015bf4b3c7f09fef388690
Anne Condon,2010,https://scholar.google.com/citations?user=SO_j4zwAAAAJ,,supported,name_and_2plus_dblp_titles,200,2026-09-16T21:06:14Z,Anne Condon,"Professor of Computer Science, University of British Columbia",https://dblp.org/pid/c/AnneCondon,Anne Condon,11,historical,2026-04-30,,,,,/Users/jimmylin/workspace/bigcows-project/bigcows-crawler/.cache/acm-fellows-scholar-2026-09-16/cache.json,3878fc9a67f25ef09d77262554e7d61c877bb4b28878a794623cea94cafe914f
Carla S. Ellis,2010,,,unavailable,no_profile,,,,,https://dblp.org/pid/e/CSEllis,Carla Schlatter Ellis,0,no_profile,,no_verified_profile,,,,,
Christos Faloutsos,2010,https://scholar.google.com/citations?user=nd8lQQIAAAAJ,,supported,name_and_2plus_dblp_titles,200,2026-09-16T21:06:21Z,Christos Faloutsos,CMU,https://dblp.org/pid/f/CFaloutsos,Christos Faloutsos,19,historical,2026-04-30,,,,,/Users/jimmylin/workspace/bigcows-project/bigcows-crawler/.cache/acm-fellows-scholar-2026-09-16/cache.json,ed0aebe41c5a9380c8bab5d9cc8f1315cefa55e123df0c8de744c686b65b8efa
Daniel A Spielman,2010,https://scholar.google.com/citations?user=L82mYv8AAAAJ,,supported,name_and_2plus_dblp_titles,200,2026-09-16T21:06:28Z,Daniel Spielman,"Professor of Computer Science, Yale University",https://dblp.org/pid/s/DanielASpielman,Daniel A. Spielman,18,missing,,,,,,/Users/jimmylin/workspace/bigcows-project/bigcows-crawler/.cache/acm-fellows-scholar-2026-09-16/cache.json,1796237bbe6d039b55a550adb23b905f8413f87fee7841cfdda678cf5366ab59
David A Abramson,2010,,,unavailable,no_profile,,,,,https://dblp.org/pid/09/6203,David Abramson 0001,0,no_profile,,no_verified_profile,,,,,
David M Ungar,2010,https://scholar.google.com/citations?user=wmKyC-EAAAAJ,,supported,name_and_2plus_dblp_titles,200,2026-09-16T21:06:35Z,David Ungar,Apple,https://dblp.org/pid/84/5937,David M. Ungar,16,missing,,,,,,/Users/jimmylin/workspace/bigcows-project/bigcows-crawler/.cache/acm-fellows-scholar-2026-09-16/cache.json,e69800c63aa76d75f8387377f2d311582eb8434aac945352d46542f761ee0eae
David S. Rosenblum,2010,https://scholar.google.com/citations?user=FyUQvCoAAAAJ,,supported,name_and_2plus_dblp_titles,200,2026-09-16T21:06:42Z,David S. Rosenblum,"Vice President for Research, Constructor University",https://dblp.org/pid/r/DSRosenblum,David S. Rosenblum,19,historical,2026-04-30,,,,,/Users/jimmylin/workspace/bigcows-project/bigcows-crawler/.cache/acm-fellows-scholar-2026-09-16/cache.json,59dd6704b12d108eb245ac6ce756d61b490b5f4c5f8a41ee5e0d32f73bfa2493
Dieter Rombach,2010,https://scholar.google.com/citations?user=T_618nIAAAAJ,,supported,name_and_2plus_dblp_titles,200,2026-09-16T21:06:49Z,Dieter Rombach,"Professor of Computer Science, University of Kaiserslautern",https://dblp.org/pid/r/HDRombach,H. Dieter Rombach,12,historical,2026-04-30,,,,,/Users/jimmylin/workspace/bigcows-project/bigcows-crawler/.cache/acm-fellows-scholar-2026-09-16/cache.json,6e593b179ed5e977af30630177655628954fbbc862896faa14c495a7bcae44cf
Donald Kossmann,2010,,,unavailable,no_profile,,,,,https://dblp.org/pid/k/DonaldKossmann,Donald Kossmann,0,no_profile,,no_verified_profile,,,,,
Douglas C Burger,2010,https://scholar.google.com/citations?user=5JtQbw0AAAAJ,,supported,name_and_2plus_dblp_titles,200,2026-09-16T21:09:15Z,Doug Burger,"Corporate VP, Managing Director, Microsoft Research Core",https://dblp.org/pid/b/DougBurger,Doug Burger,17,missing,,,,,,/Users/jimmylin/workspace/bigcows-project/bigcows-crawler/.cache/acm-fellows-scholar-2026-09-16/cache.json,a78186a8c26215cdc1da8ed4cff9b7fcde7e39b40448bd207a1c176930140f3b
Fernando Pereira,2010,https://scholar.google.com/citations?user=qWDmIgIAAAAJ,,supported,metadata_and_publication_review,200,2026-09-16T21:09:23Z,Fernando Pereira,"VP, Google",https://dblp.org/pid/95/3955,Fernando M. Lobo Pereira,0,historical,2026-04-30,,,,,/Users/jimmylin/workspace/bigcows-project/bigcows-crawler/.cache/acm-fellows-scholar-2026-09-16/cache.json,0bbd6126582269bd314081f7100086466debb317cfbfa11f498840f19b77b27f
Frank Wm Tompa,2010,https://scholar.google.com/citations?user=sOl6-dEAAAAJ,,supported,name_and_2plus_dblp_titles,200,2026-09-16T21:09:29Z,Frank Tompa,"Distinguished Professor Emeritus, University of Waterloo",https://dblp.org/pid/t/FrankWmTompa,Frank Wm. Tompa,18,historical,2026-04-30,,,,,/Users/jimmylin/workspace/bigcows-project/bigcows-crawler/.cache/acm-fellows-scholar-2026-09-16/cache.json,432b1c2cd05c42394f0d03f3330dc1dd0968aa56a326f43d7440350b893b5126
James Goodman,2010,https://scholar.google.com/citations?user=Qef1aiAAAAAJ,,supported,metadata_and_publication_review,200,2026-09-16T21:09:37Z,James Goodman,"Professor Emeritus of Computer Science, University of Wisconsin-Madison",https://dblp.org/pid/g/JamesRGoodman,,0,historical,2026-04-30,,,,,/Users/jimmylin/workspace/bigcows-project/bigcows-crawler/.cache/acm-fellows-scholar-2026-09-16/cache.json,5a80d396310a59940c1f6d15aac3a553b75fde5fb67023e5ac96a541759bcb53
Jean-Pierre Hubaux,2010,https://scholar.google.com/citations?user=W7YBLlEAAAAJ,,supported,name_and_2plus_dblp_titles,200,2026-09-16T21:09:43Z,Jean-Pierre Hubaux,"Professor, EPFL",https://dblp.org/pid/h/JPHubaux,Jean-Pierre Hubaux,19,historical,2026-04-30,,,,,/Users/jimmylin/workspace/bigcows-project/bigcows-crawler/.cache/acm-fellows-scholar-2026-09-16/cache.json,335e5adef958f1b6372fc937c54bd8a463626859245e777f250ab0df82774e77
Jennifer Chayes,2010,https://scholar.google.com/citations?user=YAHWbtkAAAAJ,,supported,name_and_2plus_dblp_titles,200,2026-09-16T21:09:50Z,Jennifer Chayes,"Professor, UC Berkeley",https://dblp.org/pid/c/JenniferTChayes,Jennifer T. Chayes,12,historical,2026-04-30,,,,,/Users/jimmylin/workspace/bigcows-project/bigcows-crawler/.cache/acm-fellows-scholar-2026-09-16/cache.json,1c3f0d327609ae51897cc001c8cf8f3b87f54d989ab8377197fcf28053a0a5ac
John Launchbury,2010,https://scholar.google.com/citations?user=00kXvqYAAAAJ,,supported,name_and_2plus_dblp_titles,200,2026-09-16T21:09:57Z,John Launchbury,"Chief Scientist, Galois",https://dblp.org/pid/l/JLaunchbury,John Launchbury,14,historical,2026-04-30,,,,,/Users/jimmylin/workspace/bigcows-project/bigcows-crawler/.cache/acm-fellows-scholar-2026-09-16/cache.json,0827310c8293a4a4f0e43b45b704d60a58b2a36d1e8f4c83017a00f9e6c7a6cd
Josep Torrellas,2010,https://scholar.google.com/citations?user=zdnAkgsAAAAJ,,supported,name_and_2plus_dblp_titles,200,2026-09-16T21:10:04Z,Josep Torrellas,"Professor of Computer Science, University of Illinois Urbana-Champaign",https://dblp.org/pid/t/JosepTorrellas,Josep Torrellas,17,historical,2026-04-30,,,,,/Users/jimmylin/workspace/bigcows-project/bigcows-crawler/.cache/acm-fellows-scholar-2026-09-16/cache.json,533238dcb68ec58494e464504d0561b2c248545fb65161f2770d6374fefc51a3
Kathleen S Fisher,2010,https://scholar.google.com/citations?user=8mi-oYYAAAAJ,,supported,metadata_and_publication_review,200,2026-09-16T21:10:11Z,Kathleen Fisher,"Adjunct Professor of Computer Science, Tufts University",https://dblp.org/pid/83/5986,,0,missing,,,,,,/Users/jimmylin/workspace/bigcows-project/bigcows-crawler/.cache/acm-fellows-scholar-2026-09-16/cache.json,7e80c985be7eec016c59919e706c9a35923915f2951b2f3447b8de5d5dd4f4e9
Lorenzo Alvisi,2010,https://scholar.google.com/citations?user=TIGS4c8AAAAJ,,supported,name_and_2plus_dblp_titles,200,2026-09-16T21:10:18Z,Lorenzo Alvisi,"Tisch University Professor of Computer Science, Cornell University",https://dblp.org/pid/a/LAlvisi,Lorenzo Alvisi,20,historical,2026-04-30,,,,,/Users/jimmylin/workspace/bigcows-project/bigcows-crawler/.cache/acm-fellows-scholar-2026-09-16/cache.json,7d930683900adc3b3f7d84926106729c49406d47487b0d0ba548691a289a6bba
Luiz Andre Barroso,2010,,,unavailable,no_profile,,,,,https://dblp.org/pid/210/3777,André Luíz Barroso Almeida,0,no_profile,,no_verified_profile; dblp_identity_review,,,,,
Lydia Kavraki,2010,https://scholar.google.com/citations?user=Q6pxNZYAAAAJ,,supported,name_and_2plus_dblp_titles,200,2026-09-16T21:10:25Z,Lydia E. Kavraki,Rice University,https://dblp.org/pid/k/LydiaEKavraki,Lydia E. Kavraki,16,historical,2026-04-30,,,,,/Users/jimmylin/workspace/bigcows-project/bigcows-crawler/.cache/acm-fellows-scholar-2026-09-16/cache.json,0bd89ab9b402849da965516a8a4899f6a351f1604a54bba689197781921db50a
Mark Crovella,2010,https://scholar.google.com/citations?user=vrHhOlUAAAAJ,,supported,name_and_2plus_dblp_titles,200,2026-09-16T21:10:31Z,Mark Crovella,"Professor of Computer Science and Computing & Data Sciences, Boston University",https://dblp.org/pid/c/MarkCrovella,Mark Crovella,16,historical,2026-04-30,,,,,/Users/jimmylin/workspace/bigcows-project/bigcows-crawler/.cache/acm-fellows-scholar-2026-09-16/cache.json,4def3ff3cd93e2ee98111b50e1b7b19315f3fe2e9e26a8a34698dfe8b1a47254
Michael D Dahlin,2010,https://scholar.google.com/citations?user=hdXvVdgAAAAJ,,supported,name_and_2plus_dblp_titles,200,2026-09-16T21:10:38Z,M Dahlin,Professor of Computer Science University of Texas,https://dblp.org/pid/d/MDahlin,Michael Dahlin,18,missing,,,,,,/Users/jimmylin/workspace/bigcows-project/bigcows-crawler/.cache/acm-fellows-scholar-2026-09-16/cache.json,1feea215c08f4fc4d07efed6ba5e547e4cff0a95d9d1956464fa85ac38b2ab04
Michael I. Jordan,2010,https://scholar.google.com/citations?user=yxUduqMAAAAJ,,supported,name_and_2plus_dblp_titles,200,2026-09-16T21:10:45Z,Michael I. Jordan,"Professor of Electrical Engineering and Computer Sciences and Professor of Statistics, UC Berkeley",https://dblp.org/pid/j/MichaelIJordan,Michael I. Jordan,16,historical,2026-04-30,,,,,/Users/jimmylin/workspace/bigcows-project/bigcows-crawler/.cache/acm-fellows-scholar-2026-09-16/cache.json,d6049cdad10580fa8f8b44df55d9cb6ad40f3d626b7e1075c399855669076ee6
Pavel Pevzner,2010,https://scholar.google.com/citations?user=rfS5yTMAAAAJ,,supported,recent_verified_resolution,200,2026-09-17T00:34:23Z,Pavel Pevzner,University of California at San Diego,https://dblp.org/pid/p/PAPevzner,Pavel A. Pevzner,7,missing,,,,,,tmp/scholar-45-resolution/verified-cache.json,375448198fe91c6f5b3373d82b61440efd9147ba28c576ac4f4aaccb785feb29
Peter Chen,2010,https://scholar.google.com/citations?user=dVZNQqUAAAAJ,,supported,metadata_and_publication_review,200,2026-09-16T21:11:00Z,Peter M. Chen,University of Michigan,https://dblp.org/pid/c/PeterMChen,,0,missing,,,,,,/Users/jimmylin/workspace/bigcows-project/bigcows-crawler/.cache/acm-fellows-scholar-2026-09-16/cache.json,a26f5d2ba299117d3d2efb24e8686b6971c748277e1f00e153df43f51b15b658
Philip N Klein,2010,https://scholar.google.com/citations?user=gVUD47sAAAAJ,,supported,name_and_2plus_dblp_titles,200,2026-09-16T21:11:07Z,Philip Klein,"Professor of Computer Science, Brown University",https://dblp.org/pid/k/PhilipNKlein,Philip N. Klein,19,missing,,,,,,/Users/jimmylin/workspace/bigcows-project/bigcows-crawler/.cache/acm-fellows-scholar-2026-09-16/cache.json,a3818fd98a1ee0bbc7f1ed4c5a69403ed568b815600f5b417061e928d4347910
Raymond Mooney,2010,https://scholar.google.com/citations?user=p9RsPG4AAAAJ,,supported,name_and_2plus_dblp_titles,200,2026-09-16T21:11:14Z,Raymond Mooney,"Professor of Computer Science, University of Texas at Austin",https://dblp.org/pid/m/RaymondJMooney,Raymond J. Mooney,19,historical,2026-04-30,,,,,/Users/jimmylin/workspace/bigcows-project/bigcows-crawler/.cache/acm-fellows-scholar-2026-09-16/cache.json,88426a83cd5330e9e27f24482b078cd3009b118c919ac1448daeadb0cdd04ed7
Richard F Lyon,2010,https://scholar.google.com/citations?user=sJJamz4AAAAJ,,supported,name_and_2plus_dblp_titles,200,2026-09-16T21:11:21Z,Richard F. Lyon,"Research Scientist, Google Inc.",https://dblp.org/pid/48/3021,Richard F. Lyon,11,missing,,,,,,/Users/jimmylin/workspace/bigcows-project/bigcows-crawler/.cache/acm-fellows-scholar-2026-09-16/cache.json,9126aa325c026e7bd310c79d9ac8d31886dca0f4b6bf8927404f6af0b363cdeb
Robert B Schnabel,2010,,,unavailable,no_profile,,,,,https://dblp.org/pid/01/2335,Bobby Schnabel,0,no_profile,,no_verified_profile; dblp_identity_review,,,,,
Ron Cytron,2010,,,unavailable,no_profile,,,,,https://dblp.org/pid/c/RCytron,Ron Cytron,0,no_profile,,no_verified_profile,,,,,
S. Muthukrishnan,2010,https://scholar.google.com/citations?user=MvyO9jAAAAAJ,,supported,name_and_2plus_dblp_titles,200,2026-09-16T21:11:28Z,S Muthukrishnan,Rutgers Univ,https://dblp.org/pid/m/SMuthukrishnan,S. Muthukrishnan 0001,18,historical,2026-04-30,,,,,/Users/jimmylin/workspace/bigcows-project/bigcows-crawler/.cache/acm-fellows-scholar-2026-09-16/cache.json,447613306c2aab22d059822e29677c86674d8021f05a90f76d54bc7c8aba9034
Sara Kiesler,2010,https://scholar.google.com/citations?user=8Qu_gAMAAAAJ,,supported,name_and_2plus_dblp_titles,200,2026-09-16T21:11:35Z,Sara Kiesler,"Emeritus Hillman Professor of Computer Science and Human Computer Interaction, Carnegie Mellon",https://dblp.org/pid/k/SaraBKiesler,Sara B. Kiesler,3,historical,2026-04-30,,,,,/Users/jimmylin/workspace/bigcows-project/bigcows-crawler/.cache/acm-fellows-scholar-2026-09-16/cache.json,bac48caaaa5f9340d936b9710ce252c77d6e4741b59ecdc0b18ec80297659a0c
Sarita Adve,2010,https://scholar.google.com/citations?user=5m-oAesAAAAJ,,supported,name_and_2plus_dblp_titles,200,2026-09-16T21:11:42Z,Sarita Adve,"Professor of Computer Science, University of Illinois at Urbana-Champaign",https://dblp.org/pid/97/4181,Sarita V. Adve,18,historical,2026-04-30,,,,,/Users/jimmylin/workspace/bigcows-project/bigcows-crawler/.cache/acm-fellows-scholar-2026-09-16/cache.json,729d537048fbdc935421bf1e55e1c2b6bf93da543402be1b24fb540c7ce4a193
Shumin Zhai,2010,https://scholar.google.com/citations?user=jJLvY8AAAAAJ,,supported,name_and_2plus_dblp_titles,200,2026-09-16T21:11:49Z,Shumin Zhai,Google,https://dblp.org/pid/z/ShuminZhai,Shumin Zhai,15,historical,2026-04-30,,,,,/Users/jimmylin/workspace/bigcows-project/bigcows-crawler/.cache/acm-fellows-scholar-2026-09-16/cache.json,8ba36c4328921de85fd4a6f8f37dfda80b7f08d830e6ac50497cbd54c9f67788
Stefan Savage,2010,https://scholar.google.com/citations?user=_JhgbioAAAAJ,,supported,metadata_and_publication_review,200,2026-09-16T21:11:55Z,Stefan Savage,"Professor of Computer Science and Engineering, UC San Diego",https://dblp.org/pid/s/StefanSavage,,0,historical,2026-04-30,,,,,/Users/jimmylin/workspace/bigcows-project/bigcows-crawler/.cache/acm-fellows-scholar-2026-09-16/cache.json,8c18a3a29bbea7a473e2a2599d297c9ea2214dd7ab3394545064cf44af91ad8b
Stephen Trimberger,2010,,,unavailable,no_profile,,,,,https://dblp.org/pid/98/1488,Steven Trimberger,0,no_profile,,no_verified_profile,,,,,
Subhash Suri,2010,https://scholar.google.com/citations?user=VgrH9A8AAAAJ,,supported,name_and_2plus_dblp_titles,200,2026-09-16T21:12:03Z,Subhash Suri,"Professor of Computer Science, University of California, Santa Barbara",https://dblp.org/pid/s/SubhashSuri,Subhash Suri,19,historical,2026-04-30,,,,,/Users/jimmylin/workspace/bigcows-project/bigcows-crawler/.cache/acm-fellows-scholar-2026-09-16/cache.json,e3d5ee2134d8d65291b4dad16ae3dfc01385d829e38de5a3664f2b222660cd5f
Wendy Hall,2010,https://scholar.google.com/citations?user=9NaDv3oAAAAJ,,supported,name_and_2plus_dblp_titles,200,2026-09-16T21:14:32Z,Wendy Hall,"University of Southampton, UK",https://dblp.org/pid/h/WendyHall,Wendy Hall 0001,13,missing,,,,,,/Users/jimmylin/workspace/bigcows-project/bigcows-crawler/.cache/acm-fellows-scholar-2026-09-16/cache.json,07117667fc40fa041846fd328c3843328086a590722ad9ae1d3cfdbfb2ff1c55
Alok Choudhary,2009,https://scholar.google.com/citations?user=6nvFl5sAAAAJ,,supported,metadata_and_publication_review,200,2026-09-16T21:14:38Z,Alok Choudhary,Professor Northwestern University,https://dblp.org/pid/73/11067,Alok Choudhary,0,historical,2026-04-30,,,,,/Users/jimmylin/workspace/bigcows-project/bigcows-crawler/.cache/acm-fellows-scholar-2026-09-16/cache.json,1cf6946e3991bac800cf320ac04249600e83576796874a7843e5a13d359ed056
Andrew V Goldberg,2009,https://scholar.google.com/citations?user=U5iFVowAAAAJ,,supported,name_and_2plus_dblp_titles,200,2026-09-16T21:14:45Z,Andrew V. Goldberg,"Endowed Chair Professor, ISE, Lehigh University",https://dblp.org/pid/g/AndrewVGoldberg,Andrew V. Goldberg,18,historical,2026-04-30,,,,,/Users/jimmylin/workspace/bigcows-project/bigcows-crawler/.cache/acm-fellows-scholar-2026-09-16/cache.json,343c1686a6d1a92804013ebb13dde5b1b3548889b66039cbd4b047496ca100c1
Arie E Kaufman,2009,https://scholar.google.com/citations?user=fDdcWBEAAAAJ,,supported,name_and_2plus_dblp_titles,200,2026-09-16T21:14:53Z,Arie Kaufman,"Distinguished Professor and Chair of Computer Science, Stony Brook University",https://dblp.org/pid/k/ArieEKaufman,Arie E. Kaufman,16,missing,,,,,,/Users/jimmylin/workspace/bigcows-project/bigcows-crawler/.cache/acm-fellows-scholar-2026-09-16/cache.json,a36191777c03fc497c70fa7ae68b12cb6ab33b147df736f921eab3190bb203e5
Baba C Vemuri,2009,https://scholar.google.com/citations?user=1fEZ_osAAAAJ,,supported,name_and_2plus_dblp_titles,200,2026-09-16T21:15:01Z,Baba C Vemuri,"Distinguished Professor, Dept. of CISE, University of Florida",https://dblp.org/pid/93/1847,Baba C. Vemuri,16,historical,2026-04-30,,,,,/Users/jimmylin/workspace/bigcows-project/bigcows-crawler/.cache/acm-fellows-scholar-2026-09-16/cache.json,3fe28402a2c186f2a13ceff51888ace07385e7f3caf53c4c18e54715c1f7bf33
Bruce Davie,2009,https://scholar.google.com/citations?user=NzwUAfIAAAAJ,,supported,name_and_2plus_dblp_titles,200,2026-09-16T21:15:08Z,Bruce Davie,"Founder, Systems Approach, LLC",https://dblp.org/pid/99/3875,Bruce S. Davie,12,historical,2026-04-30,,,,,/Users/jimmylin/workspace/bigcows-project/bigcows-crawler/.cache/acm-fellows-scholar-2026-09-16/cache.json,d1690d509d3f6ea538550302ce788544d2b1be168ac8f20dbafd6184ff29bb25
Bruce R. Donald,2009,https://scholar.google.com/citations?user=TkayRqQAAAAJ,,supported,metadata_and_publication_review,200,2026-09-16T21:15:16Z,Bruce Donald,"Professor of Computer Science, Mathematics, Chemistry, and Biochemistry, Duke University",https://dblp.org/pid/320/6037,,0,missing,,,,,,/Users/jimmylin/workspace/bigcows-project/bigcows-crawler/.cache/acm-fellows-scholar-2026-09-16/cache.json,9469bd48d814b5105c13a94031fb932257a5b1b4394b1ddc8ee5dfc2487f273b
Chandrajit L. Bajaj,2009,https://scholar.google.com/citations?user=gyL3CZ0AAAAJ,,supported,name_and_2plus_dblp_titles,200,2026-09-16T21:15:24Z,Chandrajit Bajaj,"Computational Applied Mathematics Chair, Professor of Computer Science,",https://dblp.org/pid/b/ChandrajitLBajaj,Chandrajit L. Bajaj,11,missing,,,,,,/Users/jimmylin/workspace/bigcows-project/bigcows-crawler/.cache/acm-fellows-scholar-2026-09-16/cache.json,20710ca939fbe93b7ac426a33e467a11e944d615b49611b8e096fe65b3aae026
Chandramohan A Thekkath,2009,,,unavailable,no_profile,,,,,https://dblp.org/pid/13/3927,Chandramohan A. Thekkath,0,no_profile,,no_verified_profile,,,,,
David F Bacon,2009,https://scholar.google.com/citations?user=guNVlmIAAAAJ,,supported,name_and_2plus_dblp_titles,200,2026-09-16T21:15:36Z,David F. Bacon,Google,https://dblp.org/pid/b/DavidFBacon,David F. Bacon,18,historical,2026-04-30,,,,,/Users/jimmylin/workspace/bigcows-project/bigcows-crawler/.cache/acm-fellows-scholar-2026-09-16/cache.json,d15b2982f67f20bdd3b60fe4a5df9eec71c829f765d5552087d5dc2b760dc81e
David Karger,2009,https://scholar.google.com/citations?user=2vQRGrYAAAAJ,,supported,name_and_2plus_dblp_titles,200,2026-09-16T21:15:44Z,David Karger,"Professor of Computer Science, MIT",https://dblp.org/pid/k/DavidRKarger,David R. Karger,17,historical,2026-04-30,,,,,/Users/jimmylin/workspace/bigcows-project/bigcows-crawler/.cache/acm-fellows-scholar-2026-09-16/cache.json,65152711e917f65ac841d1d5f9dafb8f31649f9827b80b3070711aea94772d58
Dinesh Manocha,2009,https://scholar.google.com/citations?user=Nqawxa0AAAAJ,,supported,recent_verified_resolution,200,2026-09-17T00:34:28Z,Dinesh Manocha,University of Maryland,https://dblp.org/pid/m/DineshManocha,Dinesh Manocha,15,fresh,2026-09-17,,,,,tmp/scholar-45-resolution/verified-cache.json,5d47d6a556dd03eca9dcd7667c799e93519abd891b0a3ed4628572032d486601
Erich L Kaltofen,2009,https://scholar.google.com/citations?user=irht4jgAAAAJ,,supported,name_and_2plus_dblp_titles,200,2026-09-16T21:15:58Z,Erich Kaltofen,NCSU,https://dblp.org/pid/k/ErichKaltofen,Erich L. Kaltofen,18,missing,,,,,,/Users/jimmylin/workspace/bigcows-project/bigcows-crawler/.cache/acm-fellows-scholar-2026-09-16/cache.json,17544591f825444b99058fcb856c3362718f7fee8567666c7d405a44d449014d
Farnam Jahanian,2009,,,unavailable,no_profile,,,,,https://dblp.org/pid/90/6277,Farnam Jahanian,0,no_profile,,no_verified_profile,,,,,
Gaetano Borriello,2009,,,unavailable,no_profile,,,,,https://dblp.org/pid/b/GBorriello,Gaetano Borriello,0,no_profile,,no_verified_profile,,,,,
Gerhard Fischer,2009,,,unavailable,no_profile,,,,,https://dblp.org/pid/f/GerhardFischer,,0,no_profile,,no_verified_profile,,,,,
Hagit Attiya,2009,https://scholar.google.com/citations?user=eoMK92MAAAAJ,,supported,name_and_2plus_dblp_titles,200,2026-09-16T21:16:10Z,Hagit Attiya,"Department of Computer Science, Technion",https://dblp.org/pid/a/HagitAttiya,Hagit Attiya,19,historical,2026-04-30,,,,,/Users/jimmylin/workspace/bigcows-project/bigcows-crawler/.cache/acm-fellows-scholar-2026-09-16/cache.json,b41a0a7588c70dc02a364d149ab43a6c6a8a258d00ee45887ebcc7b525353c97
Hans-Peter Kriegel,2009,https://scholar.google.com/citations?user=DBf9LC4AAAAJ,,supported,name_and_2plus_dblp_titles,200,2026-09-16T21:16:17Z,Hans-Peter Kriegel,"Professor für Informatik, Ludwig-Maximilians-University Munich",https://dblp.org/pid/k/HansPeterKriegel,Hans-Peter Kriegel,20,historical,2026-04-30,,,,,/Users/jimmylin/workspace/bigcows-project/bigcows-crawler/.cache/acm-fellows-scholar-2026-09-16/cache.json,a16e9341e3f0f6384a6b964b494d58c3e9b48b1c53740c83256e2342d66a08cb
Ian T Foster,2009,https://scholar.google.com/citations?user=VGoSakQAAAAJ,,supported,name_and_2plus_dblp_titles,200,2026-09-16T21:16:25Z,Ian T. Foster,University of Chicago and Argonne National Laboratory,https://dblp.org/pid/f/IanTFoster,Ian T. Foster,14,historical,2026-04-30,,,,,/Users/jimmylin/workspace/bigcows-project/bigcows-crawler/.cache/acm-fellows-scholar-2026-09-16/cache.json,faf511032bfe2eeda741bec6fdd376f6a4d79594b832f851b1120e5ed627b7cd
Jeffrey A Dean,2009,,,unavailable,no_profile,,,,,https://dblp.org/pid/d/JeffreyDean,,0,no_profile,,no_verified_profile,,,,,
John Chi-Shing Lui,2009,,,unavailable,no_profile,,,,,https://dblp.org/pid/l/JohnCSLui,John C. S. Lui,0,no_profile,,no_verified_profile,,,,,
John T Riedl,2009,https://scholar.google.com/citations?user=iFWaKtMAAAAJ,,supported,name_and_2plus_dblp_titles,200,2026-09-16T21:16:45Z,John Riedl,"Professor of Computer Science, University of Minnesota",https://dblp.org/pid/r/JRiedl,John Riedl,17,missing,,,,,,/Users/jimmylin/workspace/bigcows-project/bigcows-crawler/.cache/acm-fellows-scholar-2026-09-16/cache.json,d3d80756487c8983151363379530dc630da3fd69a93cc20e8e877d2e1230568a
Jose A Blakeley,2009,https://scholar.google.com/citations?user=VV3ByXUAAAAJ,,supported,name_and_2plus_dblp_titles,200,2026-09-16T21:16:52Z,Jose Blakeley,Microsoft Corporation,https://dblp.org/pid/79/2594,José A. Blakeley,9,missing,,,,,,/Users/jimmylin/workspace/bigcows-project/bigcows-crawler/.cache/acm-fellows-scholar-2026-09-16/cache.json,2ed4914cd5c1f311c1b9498e3ab351723d7ca2ba2be30ef5cfff9910dcccc6e1
Joseph M Hellerstein,2009,https://scholar.google.com/citations?user=uFJi3IUAAAAJ,,supported,name_and_2plus_dblp_titles,200,2026-09-16T21:17:01Z,Joseph Hellerstein,"Jim Gray Professor of the Graduate School, UC Berkeley",https://dblp.org/pid/h/JosephMHellerstein,Joseph M. Hellerstein,20,missing,,,,,,/Users/jimmylin/workspace/bigcows-project/bigcows-crawler/.cache/acm-fellows-scholar-2026-09-16/cache.json,36f4f57a441bdcdc5d8557aa7793acc5fbcc42811492fbf78c274b71f6b862fc
Kyu-Young Whang,2009,https://scholar.google.com/citations?user=LZSo1YEAAAAJ,,supported,name_and_2plus_dblp_titles,200,2026-09-16T21:17:07Z,Kyu-Young Whang,"Distinguished Professor Emeritus of Computer Science, KAIST",https://dblp.org/pid/w/KyuYoungWhang,Kyu-Young Whang,18,historical,2026-04-30,,,,,/Users/jimmylin/workspace/bigcows-project/bigcows-crawler/.cache/acm-fellows-scholar-2026-09-16/cache.json,042625d4b0b0b3830203ebb2f96b6d3742b6cd16ea35534dba5fb9a4200665e4
Laurie J Hendren,2009,,,unavailable,no_profile,,,,,https://dblp.org/pid/h/LaurieJHendren,Laurie J. Hendren,0,no_profile,,no_verified_profile,,,,,
Margaret Martonosi,2009,https://scholar.google.com/citations?user=tgYsFS0AAAAJ,,supported,name_and_2plus_dblp_titles,200,2026-09-16T21:17:21Z,Margaret Martonosi,"Professor of Computer Science, Princeton University",https://dblp.org/pid/m/MargaretMartonosi,Margaret Martonosi,19,historical,2026-04-30,,,,,/Users/jimmylin/workspace/bigcows-project/bigcows-crawler/.cache/acm-fellows-scholar-2026-09-16/cache.json,f7064e7211a99b0d6c6f636bf6b79e61bd2d8c5ca31cf13b36a5545f9834846e
Martin Rinard,2009,https://scholar.google.com/citations?user=hxlxVEUAAAAJ,,supported,name_and_2plus_dblp_titles,200,2026-09-16T21:19:33Z,martin rinard,MIT,https://dblp.org/pid/r/MartinCRinard,Martin C. Rinard,18,historical,2026-04-30,,,,,/Users/jimmylin/workspace/bigcows-project/bigcows-crawler/.cache/acm-fellows-scholar-2026-09-16/cache.json,6ddedb992af3b7f25f08ca13f397623b056d6ee142c4be0fa99f7164bb34ce07
Martin Vetterli,2009,https://scholar.google.com/citations?user=YQcU3NYAAAAJ,,supported,name_and_2plus_dblp_titles,200,2026-09-16T21:19:40Z,martin vetterli,"Professor of computer and communication science, Ecole Polytechnique Federale Lausanne",https://dblp.org/pid/v/MVetterli,Martin Vetterli,17,historical,2026-04-30,,,,,/Users/jimmylin/workspace/bigcows-project/bigcows-crawler/.cache/acm-fellows-scholar-2026-09-16/cache.json,b9ff1878820ac40fa743f0212974ae38fdf50a5d3106e75f512bd22c552e7fdc
Maurizio Lenzerini,2009,https://scholar.google.com/citations?user=EYxaICEAAAAJ,,supported,name_and_2plus_dblp_titles,200,2026-09-16T21:19:48Z,Maurizio Lenzerini,"Professor of Computer Science, Sapienza University of Rome",https://dblp.org/pid/l/MLenzerini,Maurizio Lenzerini,18,historical,2026-04-30,,,,,/Users/jimmylin/workspace/bigcows-project/bigcows-crawler/.cache/acm-fellows-scholar-2026-09-16/cache.json,612bf371fb57410f34a27bcd77abdbf7dee244eee6aed8ff0071b435f79ed991
Michael T Goodrich,2009,https://scholar.google.com/citations?user=sSS9gSoAAAAJ,,supported,name_and_2plus_dblp_titles,200,2026-09-16T21:19:55Z,Michael T. Goodrich,"Professor of Computer Science, University of California, Irvine",https://dblp.org/pid/g/MichaelTGoodrich,Michael T. Goodrich,16,historical,2026-04-30,,,,,/Users/jimmylin/workspace/bigcows-project/bigcows-crawler/.cache/acm-fellows-scholar-2026-09-16/cache.json,6c96c76474fdc834516a28c7f8529b16f0b6f2caca41dec7dc1457d13b9725ad
Nell B. Dale,2009,,,unavailable,no_profile,,,,,https://dblp.org/pid/13/1761,Nell B. Dale,0,no_profile,,no_verified_profile,,,,,
Patricia G. Selinger,2009,,,unavailable,no_profile,,,,,https://dblp.org/pid/48/1954,Patricia G. Selinger,0,no_profile,,no_verified_profile,,,,,
Paulo Esteves-Verissimo,2009,https://scholar.google.com/citations?user=aMHx8aUAAAAJ,,supported,name_and_2plus_dblp_titles,200,2026-09-16T21:20:03Z,Paulo Esteves-Verissimo,"Former Professor of Computer Science and RC3 Center Director, CEMSE -- KAUST",https://dblp.org/pid/v/PauloVerissimo,Paulo Veríssimo,19,missing,,,,,,/Users/jimmylin/workspace/bigcows-project/bigcows-crawler/.cache/acm-fellows-scholar-2026-09-16/cache.json,7c42cdf3f5e830367009d2469ba171c3463ac0eacbb9bbf12e380553da883693
Rajiv Gupta,2009,https://scholar.google.com/citations?user=6P4bGWAAAAAJ,,supported,metadata_and_publication_review,200,2026-09-16T21:20:11Z,Rajiv Gupta,"Distinguished Professor & Amrik Singh Poonian Chair, University of California, Riverside",https://dblp.org/pid/181/2697,Rajiv Gupta,0,missing,,,,,,/Users/jimmylin/workspace/bigcows-project/bigcows-crawler/.cache/acm-fellows-scholar-2026-09-16/cache.json,a2b04e0fef3fdf49d8d6d0867ceb1cd985e6af31c04977be540c758ca8440090
Ricardo A Baeza-Yates,2009,https://scholar.google.com/citations?user=v9xULZwAAAAJ,,supported,name_and_2plus_dblp_titles,200,2026-09-16T21:20:17Z,Ricardo Baeza-Yates,"KTH - Univ. Pompeu Fabra - Univ. de Chile; Sweden, Spain & Chile",https://dblp.org/pid/b/RABaezaYates,Ricardo Baeza-Yates,15,missing,,,,,,/Users/jimmylin/workspace/bigcows-project/bigcows-crawler/.cache/acm-fellows-scholar-2026-09-16/cache.json,ed03e7e3360b622fbb502cd22ba8763921b126ecaf6776073066962e16860d8a
RJ Miller,2009,https://scholar.google.com/citations?user=NjeM1LsAAAAJ,,supported,metadata_and_publication_review,200,2026-09-16T21:20:24Z,Renee Miller,University of Waterloo,https://dblp.org/pid/m/RJMiller,,0,missing,,,,,,/Users/jimmylin/workspace/bigcows-project/bigcows-crawler/.cache/acm-fellows-scholar-2026-09-16/cache.json,da72fbe9f3c8a8bf5e88404209a3b9cec55ea2df438a3445e23689ec4196fbb3
Robbert Van Renesse,2009,https://scholar.google.com/citations?user=uJbM58UAAAAJ,,supported,name_and_2plus_dblp_titles,200,2026-09-16T21:20:33Z,Robbert van Renesse,"Professor of Computer Science, Cornell University",https://dblp.org/pid/r/RvRenesse,Robbert van Renesse,16,historical,2026-04-30,,,,,/Users/jimmylin/workspace/bigcows-project/bigcows-crawler/.cache/acm-fellows-scholar-2026-09-16/cache.json,e16576008b90a1e98a821d828aa0951dc28b987fbafa6913bf872105fd7e13f2
Rudrapatna K Shyamasundar,2009,https://scholar.google.com/citations?user=gNhIpRwAAAAJ,,supported,metadata_and_publication_review,200,2026-09-16T21:20:41Z,R K Shyamasundar,Indian institute of Technology Bombay,https://dblp.org/pid/s/RKShyamasundar,R. K. Shyamasundar,0,missing,,only_3_publications_in_capture,,,,/Users/jimmylin/workspace/bigcows-project/bigcows-crawler/.cache/acm-fellows-scholar-2026-09-16/cache.json,561f0c1626e6a226aa557ae1ac2bd012daea6ac93c433a372d2e30f4c2b56902
Shang-Hua Teng,2009,https://scholar.google.com/citations?user=JknkZcQAAAAJ,,supported,recent_verified_resolution,200,2026-09-17T00:33:57Z,Shang-Hua Teng,"University Professor of Computer Science and Math, USC",https://dblp.org/pid/t/ShangHuaTeng,Shang-Hua Teng,17,missing,,,,,,tmp/scholar-45-resolution/verified-cache.json,4e3fee7c4206e19bb6fac4222df75cf2d45c6c60fb634d72662ef06ef000553a
Terry Winograd,2009,,,unavailable,no_profile,,,,,https://dblp.org/pid/w/TerryWinograd,Terry Winograd,0,no_profile,,no_verified_profile,,,,,
Thomas D Erickson,2009,https://scholar.google.com/citations?user=e5yN9ewAAAAJ,,supported,metadata_and_publication_review,200,2026-09-16T21:20:54Z,Thomas Erickson,retired@Minneapolis,https://dblp.org/pid/e/ThomasErickson,,0,missing,,,,,,/Users/jimmylin/workspace/bigcows-project/bigcows-crawler/.cache/acm-fellows-scholar-2026-09-16/cache.json,83aff28c167aca12493c037aad854c719256857317ac08c8c7abe14b7f721ac0
Thomas L Dean,2009,https://scholar.google.com/citations?user=zJd3D4YAAAAJ,,supported,name_and_2plus_dblp_titles,200,2026-09-16T21:21:02Z,Thomas Dean,Brown University,https://dblp.org/pid/71/9415,Thomas L. Dean,16,missing,,,,,,/Users/jimmylin/workspace/bigcows-project/bigcows-crawler/.cache/acm-fellows-scholar-2026-09-16/cache.json,2a64c11c0d63da720edf721b68c400522f15b3c83a42c9b6649573704f210d1a
Urs Hoelzle,2009,https://scholar.google.com/citations?user=3ox8XlUAAAAJ,,supported,metadata_and_publication_review,200,2026-09-16T21:21:10Z,Urs Hölzle,Google Inc,https://dblp.org/pid/h/UrsHolzle,Urs Hölzle,16,historical,2026-04-30,,,,,/Users/jimmylin/workspace/bigcows-project/bigcows-crawler/.cache/acm-fellows-scholar-2026-09-16/cache.json,beab334f2589262b3878cd80f5ea1b319be9ad1ba79e0eeee9c95d1908f98f95
Venu Govindaraju,2009,https://scholar.google.com/citations?user=ruIgbscAAAAJ,,supported,metadata_and_publication_review,200,2026-09-16T21:21:16Z,Venu Govindaraju,"SUNY Distinguished Professor, State University of New York, Buffalo",https://dblp.org/pid/g/VenuGovindaraju,,0,historical,2026-04-30,,,,,/Users/jimmylin/workspace/bigcows-project/bigcows-crawler/.cache/acm-fellows-scholar-2026-09-16/cache.json,cd4bec9f8afb66dca479239b555b9cd38b5d0b70daa1a2f512b706235d3c33ca
Vijay P Bhatkar,2009,,,unavailable,no_profile,,,,,https://dblp.org/pid/18/4677,Vijay P. Bhatkar,0,no_profile,,no_verified_profile,,,,,
Yorick Wilks,2009,https://scholar.google.com/citations?user=NsHFYDcAAAAJ,,supported,name_and_2plus_dblp_titles,200,2026-09-16T21:21:24Z,Yorick Wilks,"Senior Research Scientist, IHMC, Florida",https://dblp.org/pid/w/YorickWilks,Yorick Wilks,10,historical,2026-04-30,,,,,/Users/jimmylin/workspace/bigcows-project/bigcows-crawler/.cache/acm-fellows-scholar-2026-09-16/cache.json,7746daad86ee4862627714b76b79f6f0b7d286e1cf793373f3fc4827dee198b1
Yossi Matias,2009,https://scholar.google.com/citations?user=IwSe1-MAAAAJ,,supported,name_and_2plus_dblp_titles,200,2026-09-16T21:21:31Z,Yossi Matias,Google,https://dblp.org/pid/m/YossiMatias,Yossi Matias,12,historical,2026-04-30,,,,,/Users/jimmylin/workspace/bigcows-project/bigcows-crawler/.cache/acm-fellows-scholar-2026-09-16/cache.json,a9503ef9aee72fc34c885ba1589519dfb773f112a145b896aa3bb8ab4efe8f83
Alan Kay,2008,,,unavailable,no_profile,,,,,https://dblp.org/pid/k/AlanCKay,Alan C. Kay,0,no_profile,,no_verified_profile,,,,,
Alex Aiken,2008,https://scholar.google.com/citations?user=3vKjkoQAAAAJ,,supported,name_and_2plus_dblp_titles,200,2026-09-16T21:21:39Z,Alex Aiken,"Professor of Computer Science, Stanford University",https://dblp.org/pid/a/AAiken,Alex Aiken,20,historical,2026-04-30,,,,,/Users/jimmylin/workspace/bigcows-project/bigcows-crawler/.cache/acm-fellows-scholar-2026-09-16/cache.json,133d9f5a5c93da7ef2ec21154c9b66360a326439db23c492dcdaa5ecce1a34f6
Bertrand Meyer,2008,https://scholar.google.com/citations?user=W8nOgCwAAAAJ,,supported,name_and_2plus_dblp_titles,200,2026-09-16T21:21:47Z,Bertrand Meyer,"Professor of Software Engineering, Constructor Institute of Technology",https://dblp.org/pid/m/BertrandMeyer,Bertrand Meyer 0001,18,historical,2026-04-30,,,,,/Users/jimmylin/workspace/bigcows-project/bigcows-crawler/.cache/acm-fellows-scholar-2026-09-16/cache.json,bce478932456b0d190966c25b9aaeba315c840f8f4e7411822f3e09b80e7c2b8
Brian Randell,2008,https://scholar.google.com/citations?user=5sqk-sYAAAAJ,,supported,name_and_2plus_dblp_titles,200,2026-09-16T21:21:53Z,Brian Randell,"Emeritus Professor of Computing Science, Newcastle University",https://dblp.org/pid/r/BrianRandell,Brian Randell,11,historical,2026-04-30,,,,,/Users/jimmylin/workspace/bigcows-project/bigcows-crawler/.cache/acm-fellows-scholar-2026-09-16/cache.json,37baba6247e53d3e04a70439134aa5401f8d0e8c6bc4a5f211041b7fb309d9fe
Charles H House,2008,,,unavailable,no_profile,,,,,https://dblp.org/pid/47/1089,Charles H. House,0,no_profile,,no_verified_profile,,,,,
Douglas B Terry,2008,https://scholar.google.com/citations?user=4ZYEiVEAAAAJ,,supported,name_and_2plus_dblp_titles,200,2026-09-16T21:22:01Z,Douglas Terry,Former Distinguished Scientist at Amazon Web Services,https://dblp.org/pid/06/965,Douglas B. Terry,12,missing,,,,,,/Users/jimmylin/workspace/bigcows-project/bigcows-crawler/.cache/acm-fellows-scholar-2026-09-16/cache.json,c0f12bb3f03b0d244b2babe0b5fc24386c759c1d8c51e75d89d65b8fb1637cbe
Gregory D. Abowd,2008,https://scholar.google.com/citations?user=gb8sbdcAAAAJ,,supported,name_and_2plus_dblp_titles,200,2026-09-16T21:22:07Z,Gregory D. Abowd,"Professor, Dept of Electrical and Computer Engineering, Northeastern University",https://dblp.org/pid/a/GDAbowd,Gregory D. Abowd,16,historical,2026-04-30,,,,,/Users/jimmylin/workspace/bigcows-project/bigcows-crawler/.cache/acm-fellows-scholar-2026-09-16/cache.json,85f12f0f0d35edb0343ecd7aa1b1622dbca77ecff2ef4b5693bbaf211d02859d
Hamid Pirahesh,2008,https://scholar.google.com/citations?user=QQVlcOUAAAAJ,,supported,name_and_2plus_dblp_titles,200,2026-09-16T21:22:15Z,hamid pirahesh,IBM,https://dblp.org/pid/p/HamidPirahesh,Hamid Pirahesh,18,historical,2026-04-30,,,,,/Users/jimmylin/workspace/bigcows-project/bigcows-crawler/.cache/acm-fellows-scholar-2026-09-16/cache.json,93508e0b490eafae176f6018bf7af829413271db41c301de6ad5f50e2866c1a9
Hari Balakrishnan,2008,https://scholar.google.com/citations?user=Qf4bw4UAAAAJ,,supported,name_and_2plus_dblp_titles,200,2026-09-16T21:22:22Z,Hari Balakrishnan,MIT,https://dblp.org/pid/b/HariBalakrishnan,Hari Balakrishnan,18,historical,2026-04-30,,,,,/Users/jimmylin/workspace/bigcows-project/bigcows-crawler/.cache/acm-fellows-scholar-2026-09-16/cache.json,51b8a9c6e33a6c7f12bca602d8c16dcfd85f25e74b3aace7991987deb513c902
Ian Munro,2008,https://scholar.google.com/citations?user=O55rM6QAAAAJ,,supported,name_and_2plus_dblp_titles,200,2026-09-16T21:22:30Z,Ian Munro,"University Professor, University of Waterloo",https://dblp.org/pid/m/JIanMunro,J. Ian Munro,18,historical,2026-04-30,,,,,/Users/jimmylin/workspace/bigcows-project/bigcows-crawler/.cache/acm-fellows-scholar-2026-09-16/cache.json,901d8912b9c5d3986f05d64b65281f576810b694e6bf6b12a988990f44730054
J.J. Garcia-Luna-Aceves,2008,https://scholar.google.com/citations?user=wLtmXGQAAAAJ,,supported,name_and_2plus_dblp_titles,200,2026-09-16T21:25:06Z,J.J. Garcia-Luna-Aceves,"Professor & CERC, University of Toronto; Distinguished Professor Emeritus, UC Santa Cruz",https://dblp.org/pid/g/JJGarciaLunaAceves,J. J. Garcia-Luna-Aceves,13,historical,2026-04-30,,,,,/Users/jimmylin/workspace/bigcows-project/bigcows-crawler/.cache/acm-fellows-scholar-2026-09-16/cache.json,6facf11fe94aef58c103ba8097d5bdca14cc3d27ae4f24ed0809dab4009b8e03
Jack Davidson,2008,,,unavailable,no_profile,,,,,https://dblp.org/pid/d/JWDavidson,Jack W. Davidson,0,no_profile,,no_verified_profile,,,,,
Jason Cong,2008,https://scholar.google.com/citations?user=UVGe0gQAAAAJ,,supported,name_and_2plus_dblp_titles,200,2026-09-16T21:25:20Z,Jingsheng Jason Cong,"Volgenau Chair for Engineering Excellence, Computer Science and Electrical Engineering, University",https://dblp.org/pid/c/JasonCong,Jason Cong,19,historical,2026-04-30,,,,,/Users/jimmylin/workspace/bigcows-project/bigcows-crawler/.cache/acm-fellows-scholar-2026-09-16/cache.json,ea934913dc31ce884b0b5815cb5c2ebb226d3e90c1cd648f1d1506bac43cf558
Jennifer Rexford,2008,https://scholar.google.com/citations?user=07ds-DAAAAAJ,,supported,name_and_2plus_dblp_titles,200,2026-09-16T21:25:28Z,Jennifer Rexford,"Professor of Computer Science, Princeton University",https://dblp.org/pid/r/JenniferRexford,Jennifer Rexford,20,historical,2026-04-30,,,,,/Users/jimmylin/workspace/bigcows-project/bigcows-crawler/.cache/acm-fellows-scholar-2026-09-16/cache.json,e06c624173564e947e9d06bfa48292529defb29116ec34bea3cca5c01c3d05f5
Jitendra Malik,2008,https://scholar.google.com/citations?user=aOklxsQAAAAJ,,supported,recent_verified_resolution,200,2026-09-17T00:39:57Z,Jitendra MALIK,"Professor of EECS, UC Berkeley",https://dblp.org/pid/58/2944,,0,missing,,,,,,tmp/scholar-45-resolution/verified-cache.json,b1a81419586bf5d6c3b053912c4bd6a91620725476c9a9909de0c550a0bef495
Joel Moses,2008,,,unavailable,no_profile,,,,,https://dblp.org/pid/62/5917,,0,no_profile,,no_verified_profile,,,,,
John C. Mitchell,2008,https://scholar.google.com/citations?user=1_kJPIEAAAAJ,,supported,metadata_and_publication_review,200,2026-09-16T21:25:43Z,John C Mitchell,"Professor of Computer Science, Stanford University",https://dblp.org/pid/93/6977,Craig John Mitchell,0,historical,2026-04-30,possible_attribution_conflict,,TRNSYS solar-energy software leads this computer-security profile; displayed author is J. W. Mitchell.,,/Users/jimmylin/workspace/bigcows-project/bigcows-crawler/.cache/acm-fellows-scholar-2026-09-16/cache.json,2c96689d26cbbf786a7d76f77b8215ea9a66712ca87cfb3d7805bdc6b17503e9
Jonathan Rose,2008,https://scholar.google.com/citations?user=Icox8ecAAAAJ,,supported,metadata_and_publication_review,200,2026-09-16T21:25:50Z,Jonathan Rose,"Professor of Electrical and Computer Engineering, University of Toronto",https://dblp.org/pid/r/JonathanRose,,0,historical,2026-04-30,,,,,/Users/jimmylin/workspace/bigcows-project/bigcows-crawler/.cache/acm-fellows-scholar-2026-09-16/cache.json,21654cb635f770f4824bed4f24550f848e6f1d33fdd9226a3c87d6982a0a7f0e
Joseph Konstan,2008,https://scholar.google.com/citations?user=PH4mytYAAAAJ,,supported,name_and_2plus_dblp_titles,200,2026-09-16T21:25:57Z,Joseph A. Konstan,University of Minnesota,https://dblp.org/pid/09/3004,Joseph A. Konstan,18,historical,2026-04-30,,,,,/Users/jimmylin/workspace/bigcows-project/bigcows-crawler/.cache/acm-fellows-scholar-2026-09-16/cache.json,74e217b28ce6cb4ae0c905d887150d2f5a47fd30fd45f90f5a56582dabd706ae
Judith S Olson,2008,https://scholar.google.com/citations?user=xfwOz_kAAAAJ,,supported,name_and_2plus_dblp_titles,200,2026-09-16T21:26:04Z,Judith Olson,"Professor of Informatics, University of California Irvine",https://dblp.org/pid/04/1690,Judith S. Olson,12,missing,,,,,,/Users/jimmylin/workspace/bigcows-project/bigcows-crawler/.cache/acm-fellows-scholar-2026-09-16/cache.json,9de83d5974441bbfc02f2643575932edc2560656fc2992be3f5376840d4cf582
Kathryn S McKinley,2008,https://scholar.google.com/citations?user=Rt1a5-6vh4UC,,supported,name_and_2plus_dblp_titles,200,2026-09-16T21:26:11Z,Kathryn S McKinley,Google,https://dblp.org/pid/m/KSMcKinley,Kathryn S. McKinley,19,historical,2026-04-30,,,,,/Users/jimmylin/workspace/bigcows-project/bigcows-crawler/.cache/acm-fellows-scholar-2026-09-16/cache.json,e7bc1a27407830b360b299a06e9cd267196a7c04798967c2cbebd54287f83fe5
Kenneth L Clarkson,2008,https://scholar.google.com/citations?user=F7ODi8QAAAAJ,,supported,metadata_and_publication_review,200,2026-09-16T21:26:18Z,Kenneth L. Clarkson,IBM Research,https://dblp.org/pid/220/3513,,0,historical,2026-04-30,,,,,/Users/jimmylin/workspace/bigcows-project/bigcows-crawler/.cache/acm-fellows-scholar-2026-09-16/cache.json,6d94a693928089de52882ad7a8266b8b199821df65524c265abd255ce5253565
Lawrence C Paulson,2008,,,unavailable,no_profile,,,,,https://dblp.org/pid/p/LCPaulson,Lawrence C. Paulson,0,no_profile,,no_verified_profile,,,,,
Madhu Sudan,2008,https://scholar.google.com/citations?user=D-RwB3YAAAAJ,,supported,metadata_and_publication_review,200,2026-09-16T21:26:31Z,Madhu Sudan,"Gordon McKay Professor of Computer Science, Harvard University",https://dblp.org/pid/s/MadhuSudan,,0,historical,2026-04-30,,,,,/Users/jimmylin/workspace/bigcows-project/bigcows-crawler/.cache/acm-fellows-scholar-2026-09-16/cache.json,f17f25bd73996e656571d694fe65ad026274154df8bb97ce830fdfbcf634375b
Mark S Squillante,2008,https://scholar.google.com/citations?user=ScmX2AcAAAAJ,,supported,name_and_2plus_dblp_titles,200,2026-09-16T21:26:38Z,Mark S. Squillante,"Mathematical Sciences Department, IBM Research",https://dblp.org/pid/67/3865,Mark S. Squillante,13,historical,2026-04-30,,,,,/Users/jimmylin/workspace/bigcows-project/bigcows-crawler/.cache/acm-fellows-scholar-2026-09-16/cache.json,e6a4ffb8c0c36300ae3579a1d8059ae5baf24075be4c89f3bec5ab89c8c1c784
Martin Abadi,2008,https://scholar.google.com/citations?user=vWTI60AAAAAJ,,supported,name_and_2plus_dblp_titles,200,2026-09-16T21:26:46Z,Martin Abadi,"Research Scientist, Google, and Professor Emeritus, UC Santa Cruz",https://dblp.org/pid/a/MartinAbadi,Martín Abadi,18,historical,2026-04-30,,,,,/Users/jimmylin/workspace/bigcows-project/bigcows-crawler/.cache/acm-fellows-scholar-2026-09-16/cache.json,f8f48d3f442f5fe0419979278c204cd283474a491dde221936f5c5bee6faff1b
Mendel Rosenblum,2008,,,unavailable,no_profile,,,,,https://dblp.org/pid/r/MendelRosenblum,Mendel Rosenblum,0,no_profile,,no_verified_profile,,,,,
Michael Reiter,2008,https://scholar.google.com/citations?user=GaRxukMAAAAJ,,supported,metadata_and_publication_review,200,2026-09-16T21:26:52Z,Michael Reiter,"James B. Duke Distinguished Professor, Duke University",https://dblp.org/pid/72/6232,Michael Reiter,0,historical,2026-04-30,,,,,/Users/jimmylin/workspace/bigcows-project/bigcows-crawler/.cache/acm-fellows-scholar-2026-09-16/cache.json,c28fd8d5963714e8720a31b76682fdcc15ab305f7f3f47a955192f7f24e2a5f0
Michel X Goemans,2008,https://scholar.google.com/citations?user=nf_EnbAAAAAJ,,supported,name_and_2plus_dblp_titles,200,2026-09-16T21:26:59Z,Michel Goemans,"RSA Professor of Mathematics, MIT",https://dblp.org/pid/g/MichelXGoemans,Michel X. Goemans,17,missing,,,,,,/Users/jimmylin/workspace/bigcows-project/bigcows-crawler/.cache/acm-fellows-scholar-2026-09-16/cache.json,43a3a68feb43a0ad261ba17810eb4e341990c7a9289c2f4910964f7314e3e745
Pat Hanrahan,2008,https://scholar.google.com/citations?user=RzEnQmgAAAAJ,,supported,name_and_2plus_dblp_titles,200,2026-09-16T21:27:06Z,Patrick Hanrahan,Stanford University,https://dblp.org/pid/h/PatHanrahan,Pat Hanrahan,17,historical,2026-04-30,,,,,/Users/jimmylin/workspace/bigcows-project/bigcows-crawler/.cache/acm-fellows-scholar-2026-09-16/cache.json,05bed383b5440f0be3f7e414076b14f48ee9d2bc7e175911fba06d5880283d5a
Paul G Lowney,2008,,,unavailable,no_profile,,,,,https://dblp.org/pid/07/3011,,0,no_profile,,no_verified_profile,,,,,
Per O Stenstrom,2008,https://scholar.google.com/citations?user=wsMoM6cAAAAJ,,supported,metadata_and_publication_review,200,2026-09-16T21:27:14Z,Per Stenström,Chalmers University of Technology,https://dblp.org/pid/48/2905,,0,historical,2026-04-30,,,,,/Users/jimmylin/workspace/bigcows-project/bigcows-crawler/.cache/acm-fellows-scholar-2026-09-16/cache.json,c1391079d5550bf797ba3e24b5ef32b394a84798a1d135b87645fc9ab594de65
Perry Cook,2008,,,unavailable,no_profile,,,,,https://dblp.org/pid/33/6929,Perry R. Cook,0,no_profile,,no_verified_profile,,,,,
Richard Szeliski,2008,https://scholar.google.com/citations?user=3_u1jHQAAAAJ,,supported,name_and_2plus_dblp_titles,200,2026-09-16T21:27:29Z,Richard Szeliski,"Google DeepMind + CSE, The University of Washington",https://dblp.org/pid/46/2186,Richard Szeliski,20,historical,2026-04-30,,,,,/Users/jimmylin/workspace/bigcows-project/bigcows-crawler/.cache/acm-fellows-scholar-2026-09-16/cache.json,a08f4c05f3a5829b42e488805a58ecc7f7af8a7a4f6d31058dfe30d60425ff49
Rob A Rutenbar,2008,https://scholar.google.com/citations?user=avq8-1QAAAAJ,,supported,name_and_2plus_dblp_titles,200,2026-09-16T21:27:37Z,Rob A. Rutenbar,"Professor of Computer Science and Electrical and Computer Engineering, University of Pittsburgh",https://dblp.org/pid/r/RobARutenbar,Rob A. Rutenbar,17,historical,2026-04-30,,,,,/Users/jimmylin/workspace/bigcows-project/bigcows-crawler/.cache/acm-fellows-scholar-2026-09-16/cache.json,f9ec1f90c614f8b800a7e0380934354732e5cdec3ae9bcbe380550b6f291279a
Roy Levin,2008,,https://scholar.google.com/citations?user=XO-_j40AAAAJ,unavailable,no_profile,,,,,https://dblp.org/pid/83/749,Roy Levin,,no_profile,,no_verified_profile; wrong_person_cleared; dblp_identity_review,Linked route-search researcher completed a Technion PhD in 2014; Fellow is the older CMU/DEC/Microsoft systems researcher. DBLP also points to the namesake.,,https://www.cs.technion.ac.il/news/view-new.php?nwid=688,,
Sanjeev Arora,2008,https://scholar.google.com/citations?user=RUP4S68AAAAJ,,supported,name_and_2plus_dblp_titles,200,2026-09-16T21:27:53Z,Sanjeev Arora,"Professor of Computer Science, Princeton University",https://dblp.org/pid/a/SArora,Sanjeev Arora,20,historical,2026-04-30,,,,,/Users/jimmylin/workspace/bigcows-project/bigcows-crawler/.cache/acm-fellows-scholar-2026-09-16/cache.json,7b982aaf0160544e360705f142ba2a15637da6735923556c1b4512479bdb143c
Stephen A Cook,2008,https://scholar.google.com/citations?user=VGxPtzIAAAAJ,,supported,name_and_2plus_dblp_titles,200,2026-09-16T21:28:00Z,Stephen Cook,"Department of Computer Science, University of Toronto",https://dblp.org/pid/c/StephenACook,Stephen A. Cook,15,missing,,,,,,/Users/jimmylin/workspace/bigcows-project/bigcows-crawler/.cache/acm-fellows-scholar-2026-09-16/cache.json,d6a57a79a8158af590f1a8fd7df5fdf1027caed51110e03997cb98ee372465ae
Tuomas Sandholm,2008,https://scholar.google.com/citations?user=0DpK1EMAAAAJ,,supported,name_and_2plus_dblp_titles,200,2026-09-16T21:30:15Z,Tuomas Sandholm,"Angel Jordan University Professor of Computer Science, Carnegie Mellon University",https://dblp.org/pid/s/TuomasSandholm,Tuomas Sandholm,15,historical,2026-04-30,,,,,/Users/jimmylin/workspace/bigcows-project/bigcows-crawler/.cache/acm-fellows-scholar-2026-09-16/cache.json,c029d62429b70a101dd20134ad1ce609ef9af0b38a823d26f0f1dc36411766ba
Umeshwar Dayal,2008,,,unavailable,no_profile,,,,,https://dblp.org/pid/76/2198,Umeshwar Dayal,0,no_profile,,no_verified_profile,,,,,
Vivek Sarkar,2008,https://scholar.google.com/citations?user=XjeIqxYAAAAJ,,supported,name_and_2plus_dblp_titles,200,2026-09-16T21:30:22Z,Vivek Sarkar,"School of Computer Science, Georgia Institute of Technology",https://dblp.org/pid/s/VivekSarkar,Vivek Sarkar,19,historical,2026-04-30,,,,,/Users/jimmylin/workspace/bigcows-project/bigcows-crawler/.cache/acm-fellows-scholar-2026-09-16/cache.json,24f7de936b1ba33f3b9606129d2fa6c52219c30e5eaae2f758810c61d6953059
Watts S. Humphrey,2008,,,unavailable,no_profile,,,,,https://dblp.org/pid/63/1672,Watts S. Humphrey,0,no_profile,,no_verified_profile,,,,,
William A.S. Buxton,2008,https://scholar.google.com/citations?user=yrWgTM8AAAAJ,,supported,metadata_and_publication_review,200,2026-09-16T21:30:29Z,Bill Buxton,Microsoft Research,https://dblp.org/pid/b/WilliamBuxton,William Buxton,15,missing,,,,,,/Users/jimmylin/workspace/bigcows-project/bigcows-crawler/.cache/acm-fellows-scholar-2026-09-16/cache.json,9c6b58fa7cd2c4fe43d0f7ef53763e10cd1a7e58e6a6df9e0fcac30e330b9bd5
Xiaotie Deng,2008,https://scholar.google.com/citations?user=OBUwP_oAAAAJ,,supported,name_and_2plus_dblp_titles,200,2026-09-16T21:30:37Z,Xiaotie Deng,"Chair Professor of Computer Science, Peking University, Beijing, China",https://dblp.org/pid/d/XiaotieDeng,Xiaotie Deng,20,historical,2026-04-30,,,,,/Users/jimmylin/workspace/bigcows-project/bigcows-crawler/.cache/acm-fellows-scholar-2026-09-16/cache.json,36e52586943899b7c51d7bfc3fe46161425d1ef25850d460bf1e103bbcbeb2a2
Amir Pnueli,2007,,,unavailable,no_profile,,,,,https://dblp.org/pid/p/AmirPnueli,Amir Pnueli,0,no_profile,,no_verified_profile,,,,,
Anant Agarwal,2007,https://scholar.google.com/citations?user=E6XXUFcAAAAJ,,supported,name_and_2plus_dblp_titles,200,2026-09-16T21:30:45Z,Anant Agarwal,"Founder and CEO of edX, Professor of Electrical Engineering and Computer Science at MIT",https://dblp.org/pid/a/AAgarwal,Anant Agarwal,17,historical,2026-04-30,,,,,/Users/jimmylin/workspace/bigcows-project/bigcows-crawler/.cache/acm-fellows-scholar-2026-09-16/cache.json,64e9fc5ef21053f9e0bea783e7f9bdce852e8e9d98bbc3276505f1b2a7f58721
Andrei Broder,2007,https://scholar.google.com/citations?user=7b858c0AAAAJ,,supported,name_and_2plus_dblp_titles,200,2026-09-16T21:30:51Z,Andrei Broder,"Distinguished Scientist, Google",https://dblp.org/pid/09/4301,Andrei Z. Broder,16,historical,2026-04-30,,,,,/Users/jimmylin/workspace/bigcows-project/bigcows-crawler/.cache/acm-fellows-scholar-2026-09-16/cache.json,c2281a520e2a993c1c203456f2093461ec8510a4d4cf21689baa77218535ac83
Aristides Requicha,2007,,,unavailable,no_profile,,,,,https://dblp.org/pid/42/417,Aristides A. G. Requicha,0,no_profile,,no_verified_profile,,,,,
Avrim Blum,2007,https://scholar.google.com/citations?user=Jlv4MR4AAAAJ,,supported,name_and_2plus_dblp_titles,200,2026-09-16T21:30:59Z,Avrim Blum,"Professor and Chief Academic Officer, Toyota Technological Institute at Chicago",https://dblp.org/pid/b/AvrimBlum,Avrim Blum,19,historical,2026-04-30,,,,,/Users/jimmylin/workspace/bigcows-project/bigcows-crawler/.cache/acm-fellows-scholar-2026-09-16/cache.json,5e919aa48117ebf4f0dac7be4eb494c298577c74ebc63f61061596635942e445
Bud Mishra,2007,https://scholar.google.com/citations?user=kXVBr20AAAAJ,,supported,name_and_2plus_dblp_titles,200,2026-09-16T21:31:05Z,Bud Mishra,Professor of Computer Science and Mathematics,https://dblp.org/pid/m/BhubaneswarMishra,Bud Mishra,6,historical,2026-04-30,,,,,/Users/jimmylin/workspace/bigcows-project/bigcows-crawler/.cache/acm-fellows-scholar-2026-09-16/cache.json,f340f7aded40adf37a0c95aa573dab8141a86b60422d3aa207a42800f7758038
Catriel Beeri,2007,,,unavailable,no_profile,,,,,https://dblp.org/pid/b/CBeeri,Catriel Beeri,0,no_profile,,no_verified_profile,,,,,
Daniel Huttenlocher,2007,https://scholar.google.com/citations?user=q16KVs0AAAAJ,,supported,name_and_2plus_dblp_titles,200,2026-09-16T21:31:12Z,Daniel Huttenlocher,Massachusetts Institute of Technology,https://dblp.org/pid/h/DPHuttenlocher,Daniel P. Huttenlocher,17,historical,2026-04-30,,,,,/Users/jimmylin/workspace/bigcows-project/bigcows-crawler/.cache/acm-fellows-scholar-2026-09-16/cache.json,4b3830ce0b8508a363633b2d75a2dc6889330354f18800e4f73c556a57925bf9
Danny Dolev,2007,https://scholar.google.com/citations?user=RAt7zSUAAAAJ,,supported,name_and_2plus_dblp_titles,200,2026-09-16T21:31:20Z,Danny Dolev,"Professor of Computer Science, The Hebrew University",https://dblp.org/pid/d/DannyDolev,Danny Dolev,20,historical,2026-04-30,,,,,/Users/jimmylin/workspace/bigcows-project/bigcows-crawler/.cache/acm-fellows-scholar-2026-09-16/cache.json,a50ce55b582d86aac53a6d6d181530c442e25e7cc591adf504715e870b4af461
David Padua,2007,https://scholar.google.com/citations?user=QaLf6bEAAAAJ,,supported,name_and_2plus_dblp_titles,200,2026-09-16T21:31:28Z,David Padua,"Professor Emeritus, University of Illinois at Urbana-Champaign",https://dblp.org/pid/p/DavidAPadua,David A. Padua,19,historical,2026-04-30,,,,,/Users/jimmylin/workspace/bigcows-project/bigcows-crawler/.cache/acm-fellows-scholar-2026-09-16/cache.json,ae005ad1823d1822155c6cbf41001788c2a236ad5057c3e5d52ad2ffae4381be
Demetri Terzopoulos,2007,https://scholar.google.com/citations?user=pKuBFaQAAAAJ,,supported,name_and_2plus_dblp_titles,200,2026-09-16T21:31:36Z,Demetri Terzopoulos,"Distinguished Professor & Chancellor's Professor of Computer Science, UCLA",https://dblp.org/pid/85/4738,Demetri Terzopoulos,17,historical,2026-04-30,,,,,/Users/jimmylin/workspace/bigcows-project/bigcows-crawler/.cache/acm-fellows-scholar-2026-09-16/cache.json,4011f92523172d5060c14e5c3d64197e1e4345de4fd0eab119bc88561c8d6bda
Donald E Thomas,2007,,,unavailable,no_profile,,,,,https://dblp.org/pid/t/DonaldEThomas,Donald E. Thomas,0,no_profile,,no_verified_profile,,,,,
Edward A Feigenbaum,2007,,,unavailable,no_profile,,,,,https://dblp.org/pid/f/EdwardAFeigenbaum,Edward A. Feigenbaum,0,no_profile,,no_verified_profile,,,,,
Edward Felten,2007,https://scholar.google.com/citations?user=watx0IAAAAAJ,,supported,name_and_2plus_dblp_titles,200,2026-09-16T21:31:44Z,Edward W. Felten,"Robert E. Kahn Professor of Computer Science and Public Affairs, Princeton University",https://dblp.org/pid/f/EdwardWFelten,Edward W. Felten,14,historical,2026-04-30,,,,,/Users/jimmylin/workspace/bigcows-project/bigcows-crawler/.cache/acm-fellows-scholar-2026-09-16/cache.json,302bdd361375383a0aa5e4dd7cf60ff2cfea4eeee3e14f8c47c5be2d39ee6472
Eliot Moss,2007,https://scholar.google.com/citations?user=yYtaDFUAAAAJ,,supported,name_and_2plus_dblp_titles,200,2026-09-16T21:31:50Z,J. Eliot B. Moss,"Professor Emeritus of Information and Computer Sciences, University of Massachusetts Amherst",https://dblp.org/pid/m/JEliotBMoss,J. Eliot B. Moss,15,historical,2026-04-30,,,,,/Users/jimmylin/workspace/bigcows-project/bigcows-crawler/.cache/acm-fellows-scholar-2026-09-16/cache.json,977a9748470478c1ce402287f2fcc9a40e2d08efec20097fdd266f6d677b07c0
Eric A. Brewer,2007,https://scholar.google.com/citations?user=BbzYzsgAAAAJ,,supported,name_and_2plus_dblp_titles,200,2026-09-16T21:31:57Z,Eric Brewer,Google and UC Berkeley,https://dblp.org/pid/b/EricABrewer,Eric A. Brewer,16,missing,,,,,,/Users/jimmylin/workspace/bigcows-project/bigcows-crawler/.cache/acm-fellows-scholar-2026-09-16/cache.json,5e66577acc64e46215ee18ac99de274385f75c49e40584b391e96b07a89cdccf
Eric S Roberts,2007,,,unavailable,no_profile,,,,,https://dblp.org/pid/75/4255,Eric Roberts 0001,0,no_profile,,no_verified_profile,,,,,
Gary M Olson,2007,https://scholar.google.com/citations?user=4XyoYbAAAAAJ,,supported,name_and_2plus_dblp_titles,200,2026-09-16T21:32:03Z,Gary M. Olson,"Dept. of Informatics, University of California, Irvine",https://dblp.org/pid/o/GaryMOlson,Gary M. Olson,11,historical,2026-04-30,,,,,/Users/jimmylin/workspace/bigcows-project/bigcows-crawler/.cache/acm-fellows-scholar-2026-09-16/cache.json,307459d2bc60aaa9042c52148330f327d24803db4808d28414aeac7b30824af6
Georg Gottlob,2007,https://scholar.google.com/citations?user=i72_SkUAAAAJ,,supported,name_and_2plus_dblp_titles,200,2026-09-16T21:32:10Z,Georg Gottlob,"Professor of Informatics, University of Calabria",https://dblp.org/pid/g/GeorgGottlob,Georg Gottlob,18,historical,2026-04-30,,,,,/Users/jimmylin/workspace/bigcows-project/bigcows-crawler/.cache/acm-fellows-scholar-2026-09-16/cache.json,c1b0c9c9fadbaf021e647ef56ddb2bd321d7560caf2a864625c746701e90e9b5
Guang Gao,2007,,,unavailable,no_profile,,,,,https://dblp.org/pid/79/2281,,0,no_profile,,no_verified_profile,,,,,
HongJiang Zhang,2007,https://scholar.google.com/citations?user=u6wmNbQAAAAJ,,supported,name_and_2plus_dblp_titles,200,2026-09-16T21:32:26Z,HongJiang Zhang,Sourcecode Capital,https://dblp.org/pid/z/HongJiangZhang,HongJiang Zhang,19,historical,2026-04-30,,,,,/Users/jimmylin/workspace/bigcows-project/bigcows-crawler/.cache/acm-fellows-scholar-2026-09-16/cache.json,77d90ef565d6f064e7e769dfcbd0cf528dc590fd311bb242a6b159241904479e
John C Klensin,2007,,,unavailable,no_profile,,,,,https://dblp.org/pid/20/1355,John C. Klensin,0,no_profile,,no_verified_profile,,,,,
Lance Fortnow,2007,https://scholar.google.com/citations?user=Yf5wVssAAAAJ,,supported,name_and_2plus_dblp_titles,200,2026-09-16T21:32:33Z,Lance Fortnow,Illinois Institute of Technology,https://dblp.org/pid/f/LanceFortnow,Lance Fortnow,19,historical,2026-04-30,,,,,/Users/jimmylin/workspace/bigcows-project/bigcows-crawler/.cache/acm-fellows-scholar-2026-09-16/cache.json,de675f4ae9f5e46401c60300092a63b94a5352dd248aa2015af689c04edfe983
Larry Constantine,2007,https://scholar.google.com/citations?user=sDomS30AAAAJ,,supported,name_and_2plus_dblp_titles,200,2026-09-16T21:32:41Z,Larry Constantine,"Professor (ret.), University of Madeira",https://dblp.org/pid/81/6587,Larry L. Constantine,8,missing,,,,,,/Users/jimmylin/workspace/bigcows-project/bigcows-crawler/.cache/acm-fellows-scholar-2026-09-16/cache.json,6ef781b9df12d3cd1c1371e64eeaac929064e2818c72711d2a4d801442a866fd
Marc Levoy,2007,https://scholar.google.com/citations?user=gbVh3PEAAAAJ,,supported,name_and_2plus_dblp_titles,200,2026-09-16T21:32:48Z,Marc Levoy,"Professor of Computer Science, Emeritus, Stanford University",https://dblp.org/pid/l/MarcLevoy,Marc Levoy,18,historical,2026-04-30,,,,,/Users/jimmylin/workspace/bigcows-project/bigcows-crawler/.cache/acm-fellows-scholar-2026-09-16/cache.json,422370aac5515f979813a4f64722542530400d8c8f4548d16f6f1701ab367126
Martin Odersky,2007,https://scholar.google.com/citations?user=LbRD9tEAAAAJ,,supported,name_and_2plus_dblp_titles,200,2026-09-16T21:32:55Z,Martin Odersky,EPFL,https://dblp.org/pid/o/MartinOdersky,Martin Odersky,15,historical,2026-04-30,,,,,/Users/jimmylin/workspace/bigcows-project/bigcows-crawler/.cache/acm-fellows-scholar-2026-09-16/cache.json,b56a0da7ab05904357e69e6d5925633b759f98b771c1c88b611480ad5451b3fe
Michael F. Cohen,2007,https://scholar.google.com/citations?user=YAtwLpwAAAAJ,,supported,name_and_2plus_dblp_titles,200,2026-09-16T21:33:02Z,Michael F Cohen,Facebook,https://dblp.org/pid/07/1994,Michael F. Cohen,16,historical,2026-04-30,,,,,/Users/jimmylin/workspace/bigcows-project/bigcows-crawler/.cache/acm-fellows-scholar-2026-09-16/cache.json,3dbe4a54614e20c3ad54e6ee4659215919b2930201a5a64c0da2b3da8b3a4e6a
Mitchell Wand,2007,https://scholar.google.com/citations?user=Y0E0lsgAAAAJ,,supported,name_and_2plus_dblp_titles,200,2026-09-16T21:33:09Z,Mitchell Wand,"Professor of Computer Science, Northeastern University",https://dblp.org/pid/w/MitchellWand,Mitchell Wand,17,historical,2026-04-30,,,,,/Users/jimmylin/workspace/bigcows-project/bigcows-crawler/.cache/acm-fellows-scholar-2026-09-16/cache.json,1f4397beca45b038cef6243b7033d40c1226e2dacc40076812300fa82ff2a98d
Monica Lam,2007,https://scholar.google.com/citations?user=4hS0jZ8AAAAJ,,supported,name_and_2plus_dblp_titles,200,2026-09-16T21:35:44Z,Monica S. Lam,"Professor of Computer Science, Stanford University",https://dblp.org/pid/l/MonicaSLam,Monica S. Lam,17,historical,2026-04-30,,,,,/Users/jimmylin/workspace/bigcows-project/bigcows-crawler/.cache/acm-fellows-scholar-2026-09-16/cache.json,9b23a70d1a5ee61755cb82843d0c4dad61a0f52f47cb1e74f3682b8aecc20beb
Philip Wadler,2007,https://scholar.google.com/citations?user=Iz-3VFQAAAAJ,,supported,name_and_2plus_dblp_titles,200,2026-09-16T21:35:51Z,Philip Wadler,University of Edinburgh and IOHK/IOG,https://dblp.org/pid/w/PhilipWadler,Philip Wadler,18,historical,2026-04-30,,,,,/Users/jimmylin/workspace/bigcows-project/bigcows-crawler/.cache/acm-fellows-scholar-2026-09-16/cache.json,5b01c7a1a02c40df3ddcc876952f0f4b8ac81cf57e43a4f2fd2b68bc2b1541dd
Rajeev Alur,2007,https://scholar.google.com/citations?user=ZvLa1RIAAAAJ,,supported,name_and_2plus_dblp_titles,200,2026-09-16T21:35:58Z,Rajeev Alur,"Zisman Family Professor of Computer and Information Science, University of Pennsylvania",https://dblp.org/pid/a/RAlur,Rajeev Alur,19,historical,2026-04-30,,,,,/Users/jimmylin/workspace/bigcows-project/bigcows-crawler/.cache/acm-fellows-scholar-2026-09-16/cache.json,68e0eb62427608b22a64bb81f9d50bb60eaec18be018bb41e60eecc5bb9962e4
Rajeev Motwani,2007,,,unavailable,no_profile,,,,,https://dblp.org/pid/m/RajeevMotwani,Rajeev Motwani 0001,0,no_profile,,no_verified_profile,,,,,
Randy Pausch,2007,,,unavailable,no_profile,,,,,https://dblp.org/pid/p/RandyFPausch,Randy F. Pausch,0,no_profile,,no_verified_profile,,,,,
Richard Hull,2007,https://scholar.google.com/citations?user=Yd6uJAgAAAAJ,,supported,name_and_2plus_dblp_titles,200,2026-09-16T21:36:05Z,Richard Hull,"Principal Scientist, IC-FOODS",https://dblp.org/pid/h/RichardHull,Richard Hull 0001,19,historical,2026-04-30,,,,,/Users/jimmylin/workspace/bigcows-project/bigcows-crawler/.cache/acm-fellows-scholar-2026-09-16/cache.json,ae12bb1ec5230a8242ed1dcb0f9f2b58d75c426a765fa2372203a506c025396e
Rodney Downey,2007,https://scholar.google.com/citations?user=9xo0qlMAAAAJ,,supported,name_and_2plus_dblp_titles,200,2026-09-16T21:36:12Z,rod downey,"Victoria University, Wellington",https://dblp.org/pid/d/RodneyGDowney,Rodney G. Downey,14,missing,,,,,,/Users/jimmylin/workspace/bigcows-project/bigcows-crawler/.cache/acm-fellows-scholar-2026-09-16/cache.json,8d921ad589391ebd099628dda3f42cd1477805397e2422665551e1a888a34d81
Tao Jiang,2007,https://scholar.google.com/citations?user=XUhsCZwAAAAJ,,supported,metadata_and_publication_review,200,2026-09-16T21:36:20Z,Tao Jiang,UC Riverside,https://dblp.org/pid/j/TaoJiang-1,,0,missing,,,,,,/Users/jimmylin/workspace/bigcows-project/bigcows-crawler/.cache/acm-fellows-scholar-2026-09-16/cache.json,89fb4539204d8647778ff481c522ca062019d73a718cd1d622d2842cc0f11e3e
Utpal Banerjee,2007,,,unavailable,no_profile,,,,,https://dblp.org/pid/78/4723,Utpal Banerjee,0,no_profile,,no_verified_profile,,,,,
Viktor Prasanna,2007,https://scholar.google.com/citations?user=4FQXSP8AAAAJ,,supported,name_and_2plus_dblp_titles,200,2026-09-16T21:36:27Z,Viktor K. Prasanna,University of Southern California,https://dblp.org/pid/p/ViktorKPrasanna,Viktor K. Prasanna,19,historical,2026-04-30,,,,,/Users/jimmylin/workspace/bigcows-project/bigcows-crawler/.cache/acm-fellows-scholar-2026-09-16/cache.json,d6cd55f002d6f2e0f687e15fea9098309678debbc4b8fad68b4ed543237e18a6
Alan Newell,2006,,,unavailable,no_profile,,,,,https://dblp.org/pid/132/1811,Alan C. Newell,0,no_profile,,no_verified_profile,,,,,
Albert G Greenberg,2006,,,unavailable,no_profile,,,,,https://dblp.org/pid/g/AlbertGGreenberg,Albert G. Greenberg,0,no_profile,,no_verified_profile,,,,,
Alexander L Wolf,2006,https://scholar.google.com/citations?user=21FXjJgAAAAJ,,supported,name_and_2plus_dblp_titles,200,2026-09-16T21:36:35Z,Alexander L Wolf,"Dean of Engineering, University of California, Santa Cruz",https://dblp.org/pid/w/AlexanderLWolf,Alexander L. Wolf,16,historical,2026-04-30,,,,,/Users/jimmylin/workspace/bigcows-project/bigcows-crawler/.cache/acm-fellows-scholar-2026-09-16/cache.json,38d13d24ed1615ec4de8b2c5999e9e87c06e390083bca5dfadcfab24a74ee3ad
Alfred Z Spector,2006,,,unavailable,no_profile,,,,,https://dblp.org/pid/s/AlfredZSpector,Alfred Z. Spector,0,no_profile,,no_verified_profile,,,,,
Alon Yitzchak Halevy,2006,https://scholar.google.com/citations?user=F_MI0pcAAAAJ,,supported,metadata_and_publication_review,200,2026-09-16T21:36:43Z,Alon Halevy,Google,https://dblp.org/pid/h/AlonYHalevy,,0,missing,,,,,,/Users/jimmylin/workspace/bigcows-project/bigcows-crawler/.cache/acm-fellows-scholar-2026-09-16/cache.json,1ea507dbdc642a185b6e395e93bab4240f95d3e677c95262f07d6141e92ce8d8
Anthony C Hearn,2006,,,unavailable,no_profile,,,,,https://dblp.org/pid/87/1081,Anthony C. Hearn,0,no_profile,,no_verified_profile,,,,,
Arvind,2006,https://scholar.google.com/citations?user=_BqpjCgAAAAJ,,supported,metadata_and_publication_review,200,2026-09-16T21:36:49Z,Arvind,MIT,https://dblp.org/pid/243/1137,Arvind Arvind,0,missing,,,,,,/Users/jimmylin/workspace/bigcows-project/bigcows-crawler/.cache/acm-fellows-scholar-2026-09-16/cache.json,c9a2c2838096f00ffc4a47b5ac18987707e3e8f0797e595e2f0363bfe5d8c3f5
Bryant W York,2006,,,unavailable,no_profile,,,,,https://dblp.org/pid/y/BryantWYork,Bryant W. York,0,no_profile,,no_verified_profile,,,,,
Charles E Leiserson,2006,https://scholar.google.com/citations?user=gWBoNCsAAAAJ,,supported,name_and_2plus_dblp_titles,200,2026-09-16T21:36:56Z,Charles E. Leiserson,MIT,https://dblp.org/pid/l/CELeiserson,Charles E. Leiserson,14,historical,2026-04-30,,,,,/Users/jimmylin/workspace/bigcows-project/bigcows-crawler/.cache/acm-fellows-scholar-2026-09-16/cache.json,c18ec5202add5aa09d5a291ca55043267e00ae9e0d6d1bdb3bb68eea3ef36523
Dan R Olsen,2006,,,unavailable,no_profile,,,,,https://dblp.org/pid/o/DanROlsen,Dan R. Olsen,0,no_profile,,no_verified_profile,,,,,
Dianne Prost O'Leary,2006,https://scholar.google.com/citations?user=5mXaSbgAAAAJ,,supported,metadata_and_publication_review,200,2026-09-16T21:37:02Z,Dianne P O'Leary,"Professor of Computer Science, University of Maryland",https://dblp.org/pid/o/DiannePOLeary,,0,missing,,,,,,/Users/jimmylin/workspace/bigcows-project/bigcows-crawler/.cache/acm-fellows-scholar-2026-09-16/cache.json,08e1b3a15b9b3e21097c61be7579026594d01b538c70cea3b89c0d6389d737ec
Eric Allender,2006,https://scholar.google.com/citations?user=dQwv9e4AAAAJ,,supported,name_and_2plus_dblp_titles,200,2026-09-16T21:37:09Z,Eric Allender,Rutgers University,https://dblp.org/pid/a/EAllender,Eric Allender,18,historical,2026-04-30,,,,,/Users/jimmylin/workspace/bigcows-project/bigcows-crawler/.cache/acm-fellows-scholar-2026-09-16/cache.json,0a1cba7cb5542193376ad3d4a50ddc0954f9037059d53a38d93e0d672d08b67c
Heung-Yeung Shum,2006,https://scholar.google.com/citations?user=9akH-n8AAAAJ,,supported,name_and_2plus_dblp_titles,200,2026-09-16T21:37:16Z,Heung-Yeung Shum,Microsoft,https://dblp.org/pid/s/HarryShum,Harry Shum,20,missing,,,,,,/Users/jimmylin/workspace/bigcows-project/bigcows-crawler/.cache/acm-fellows-scholar-2026-09-16/cache.json,ef3c36b4303fc68f4610f0508153744984e91038a4ab70d0c3a5a87a737349dc
J Strother Moore,2006,https://scholar.google.com/citations?user=91fyr68AAAAJ,,supported,name_and_2plus_dblp_titles,200,2026-09-16T21:37:23Z,jstrother moore,"Computer Science Dept, University of Texas at Austin",https://dblp.org/pid/m/JStrotherMoore,J Strother Moore,9,missing,,,,,,/Users/jimmylin/workspace/bigcows-project/bigcows-crawler/.cache/acm-fellows-scholar-2026-09-16/cache.json,62bfa9cf92eda1c40570b56a66a5269cfaa1ea1a084b5eb583295979b7090032
James Larus,2006,https://scholar.google.com/citations?user=xWZTGPUAAAAJ,,supported,name_and_2plus_dblp_titles,200,2026-09-16T21:37:31Z,James R Larus,"Professor Emeritus, EPFL",https://dblp.org/pid/l/JamesRLarus,James R. Larus,17,historical,2026-04-30,,,,,/Users/jimmylin/workspace/bigcows-project/bigcows-crawler/.cache/acm-fellows-scholar-2026-09-16/cache.json,f8c625a14618c2e9392dcd34c6f05088a8d4ee15f493f69786c744e2892def80
John E. Laird,2006,https://scholar.google.com/citations?user=ea6cjVUAAAAJ,,supported,name_and_2plus_dblp_titles,200,2026-09-16T21:37:38Z,John Laird,"Emeritus Professor of Computer Science and Engineering, University of Michigan",https://dblp.org/pid/l/JohnELaird,John E. Laird,14,missing,,,,,,/Users/jimmylin/workspace/bigcows-project/bigcows-crawler/.cache/acm-fellows-scholar-2026-09-16/cache.json,9c9e1e81c856b322455ae13ac2bed9e95db806bac74d61654655098eed260ba4
John Guttag,2006,https://scholar.google.com/citations?user=TvyZkdwAAAAJ,,supported,metadata_and_publication_review,200,2026-09-16T21:37:45Z,John Guttag,Unknown affiliation,https://dblp.org/pid/344/9799,,0,historical,2026-04-30,limited_affiliation_metadata,,,,/Users/jimmylin/workspace/bigcows-project/bigcows-crawler/.cache/acm-fellows-scholar-2026-09-16/cache.json,08eb510aa555ceef805b8d2f75ca484d0e82d624f673e56b03c0822578b4e12e
Kenneth Forbus,2006,https://scholar.google.com/citations?user=IdRYT-8AAAAJ,,supported,name_and_2plus_dblp_titles,200,2026-09-16T21:37:52Z,Kenneth D. Forbus,"Professor of Computer Science, Northwestern University",https://dblp.org/pid/f/KDForbus,Kenneth D. Forbus,12,historical,2026-04-30,,,,,/Users/jimmylin/workspace/bigcows-project/bigcows-crawler/.cache/acm-fellows-scholar-2026-09-16/cache.json,f79478d58a2f0d3c1a83ee4e288ebbe745b1c4b3c24881e14270dbc369600615
Laura M Haas,2006,https://scholar.google.com/citations?user=e9qUUSgAAAAJ,,supported,name_and_2plus_dblp_titles,200,2026-09-16T21:37:59Z,Laura Haas,University of Massachusetts Amherst,https://dblp.org/pid/h/LauraMHaas,Laura M. Haas,17,missing,,,,,,/Users/jimmylin/workspace/bigcows-project/bigcows-crawler/.cache/acm-fellows-scholar-2026-09-16/cache.json,e8c59a287d1c113b15dacffa5d9153beb1ec9b466a6f898fbd5727abb2fb320e
Lee Giles,2006,https://scholar.google.com/citations?user=sAkg9T8AAAAJ,,supported,name_and_2plus_dblp_titles,200,2026-09-16T21:38:07Z,C Lee Giles,Pennsylvania State University,https://dblp.org/pid/g/CLeeGiles,C. Lee Giles,16,historical,2026-04-30,,,,,/Users/jimmylin/workspace/bigcows-project/bigcows-crawler/.cache/acm-fellows-scholar-2026-09-16/cache.json,bef9595ed39e2d9725b8526b7658f635f9e10baeb7835ec482856c084312ec72
Lixia Zhang,2006,https://scholar.google.com/citations?user=CZyWk8kAAAAJ,,supported,metadata_and_publication_review,200,2026-09-16T21:38:13Z,Lixia Zhang,"Professor of Computer Science, UCLA",https://dblp.org/pid/122/9694,Lixia Zhang,1,historical,2026-04-30,,,,,/Users/jimmylin/workspace/bigcows-project/bigcows-crawler/.cache/acm-fellows-scholar-2026-09-16/cache.json,6ca3d9cdb3f5217cf222898d17544e68eda8beb260aef1b1eeac311b0f1dd6db
M. Tamer Ozsu,2006,https://scholar.google.com/citations?user=dwxm_CoAAAAJ,,supported,metadata_and_publication_review,200,2026-09-16T21:38:20Z,M. Tamer Özsu,"University Professor, University of Waterloo",https://dblp.org/pid/o/MTamerOzsu,M. Tamer Özsu,20,historical,2026-04-30,,,,,/Users/jimmylin/workspace/bigcows-project/bigcows-crawler/.cache/acm-fellows-scholar-2026-09-16/cache.json,aa6e00d48469c13d834ca6052b8e28da40059b1916e4f05676fac2965384f4b7
Marianne Winslett,2006,https://scholar.google.com/citations?user=v5LmxOQAAAAJ,,supported,name_and_2plus_dblp_titles,200,2026-09-16T21:38:27Z,Marianne Winslett,"Department of Computer Science, University of Illinois at Urbana-Champaign",https://dblp.org/pid/w/MarianneWinslett,Marianne Winslett,19,historical,2026-04-30,,,,,/Users/jimmylin/workspace/bigcows-project/bigcows-crawler/.cache/acm-fellows-scholar-2026-09-16/cache.json,c170fd4fa488b69c50266bc4bc63ed046bad0245d6d0205b9e6dca4a5cec9e4f
Matthias Felleisen,2006,https://scholar.google.com/citations?user=KP-Vo44AAAAJ,,supported,name_and_2plus_dblp_titles,200,2026-09-16T21:38:33Z,Matthias Felleisen,none,https://dblp.org/pid/f/MFelleisen,Matthias Felleisen,17,historical,2026-04-30,limited_affiliation_metadata,,,,/Users/jimmylin/workspace/bigcows-project/bigcows-crawler/.cache/acm-fellows-scholar-2026-09-16/cache.json,1ed1f8eb91b03d052ef4d3b6c854071538dafd464005f4dcbcb5455fb2164229
Michael Scott,2006,https://scholar.google.com/citations?user=PzaBy-UAAAAJ,,supported,metadata_and_publication_review,200,2026-09-16T21:40:56Z,Michael L. Scott,"Arthur Gould Yates Professor Emeritus, Computer Science, Univ. of Rochester",https://dblp.org/pid/123/4969,Michael 'Adrir' Scott,0,missing,,,,,,/Users/jimmylin/workspace/bigcows-project/bigcows-crawler/.cache/acm-fellows-scholar-2026-09-16/cache.json,9266a7f733109b59d0664008405bde422daaa1109e5843f594888a041070d4fb
Mikhail Atallah,2006,https://scholar.google.com/citations?user=uc8_eH0AAAAJ,,supported,metadata_and_publication_review,200,2026-09-16T21:41:03Z,Mikhail Atallah,Distinguished Professor of Computer Science,https://dblp.org/pid/313/8986,,0,historical,2026-04-30,,,,,/Users/jimmylin/workspace/bigcows-project/bigcows-crawler/.cache/acm-fellows-scholar-2026-09-16/cache.json,893303867264f3272c6d9d22f4157bdb32eae04ac49ece13705e2a3dc775f2b5
Ming Li,2006,https://scholar.google.com/citations?user=j1xcTB4AAAAJ,,supported,metadata_and_publication_review,200,2026-09-16T21:41:11Z,Ming Li,"University Professor, University of Waterloo",https://dblp.org/pid/l/MingLi1,,0,missing,,,,,,/Users/jimmylin/workspace/bigcows-project/bigcows-crawler/.cache/acm-fellows-scholar-2026-09-16/cache.json,4fdf111e7a265ba289c056fdeda23bdde6fe1cfcd05d175ae43d50a20c85dcd5
Ming-Syan Chen,2006,https://scholar.google.com/citations?user=KTmCrFkAAAAJ,,supported,name_and_2plus_dblp_titles,200,2026-09-16T21:41:20Z,Ming-Syan Chen,"National Taiwan University, Taiwan",https://dblp.org/pid/c/MingSyanChen,Ming-Syan Chen,15,historical,2026-04-30,,,,,/Users/jimmylin/workspace/bigcows-project/bigcows-crawler/.cache/acm-fellows-scholar-2026-09-16/cache.json,c4c66ec87f98f6c31c652ca1d7fadccc39d373b35d2d240d834995835a61c522
Nick McKeown,2006,https://scholar.google.com/citations?user=SqMUez0AAAAJ,,supported,name_and_2plus_dblp_titles,200,2026-09-16T21:41:28Z,Nick McKeown,Stanford University,https://dblp.org/pid/m/NickMcKeown,Nick McKeown,18,missing,,,,,,/Users/jimmylin/workspace/bigcows-project/bigcows-crawler/.cache/acm-fellows-scholar-2026-09-16/cache.json,7a1d5c7cf53ee6fee8a395acd78403d6835258370495d4b5099f263327547cd7
Norman Jouppi,2006,https://scholar.google.com/citations?user=GObyQBIAAAAJ,,supported,name_and_2plus_dblp_titles,200,2026-09-16T21:41:35Z,Norman P. Jouppi,Google,https://dblp.org/pid/j/NormanPJouppi,Norman P. Jouppi,14,historical,2026-04-30,,,,,/Users/jimmylin/workspace/bigcows-project/bigcows-crawler/.cache/acm-fellows-scholar-2026-09-16/cache.json,9be059302ef5d4627c36c868e430c60666105b49d97c6d132cf5078ddf1ac4f4
Oyekunle Olukotun,2006,https://scholar.google.com/citations?user=IzXDyR8AAAAJ,,supported,metadata_and_publication_review,200,2026-09-16T21:41:43Z,Kunle Olukotun,"Cadence Design Systems Professor of Computer Science, Stanford University",https://dblp.org/pid/o/KunleOlukotun,Kunle Olukotun,17,missing,,,,,,/Users/jimmylin/workspace/bigcows-project/bigcows-crawler/.cache/acm-fellows-scholar-2026-09-16/cache.json,151d2230172d7687a54203d80f1db16603c6ee8680e041e1a32e957e659a8b3c
Peter Norvig,2006,,,unavailable,no_profile,,,,,https://dblp.org/pid/n/PeterNorvig,Peter Norvig,0,no_profile,,no_verified_profile,,,,,
Phillip B Gibbons,2006,https://scholar.google.com/citations?user=F9kqUXkAAAAJ,,supported,name_and_2plus_dblp_titles,200,2026-09-16T21:41:50Z,Phillip Gibbons,Carnegie Mellon University,https://dblp.org/pid/g/PhillipBGibbons,Phillip B. Gibbons,18,missing,,,,,,/Users/jimmylin/workspace/bigcows-project/bigcows-crawler/.cache/acm-fellows-scholar-2026-09-16/cache.json,6407fe97c099fd5bc97295464e2e2d7e11249de719c2915454d0b6a4b78f7946
Roch Guerin,2006,https://scholar.google.com/citations?user=54w2_AcAAAAJ,,supported,name_and_2plus_dblp_titles,200,2026-09-16T21:41:57Z,Roch Guerin,"Professor or Computer Science & Engineering, Washington University in St. Louis",https://dblp.org/pid/15/745,Roch Guérin,16,historical,2026-04-30,,,,,/Users/jimmylin/workspace/bigcows-project/bigcows-crawler/.cache/acm-fellows-scholar-2026-09-16/cache.json,3eac21a394dc121d8e7c8035f96ee15e743d26f802c81a6e88ea529898081cdd
Stanley Zdonik,2006,https://scholar.google.com/citations?user=k3YaoIEAAAAJ,,supported,name_and_2plus_dblp_titles,200,2026-09-16T21:42:04Z,Stanley Zdonik,Brown University,https://dblp.org/pid/z/SBZdonik,Stanley B. Zdonik,19,historical,2026-04-30,,,,,/Users/jimmylin/workspace/bigcows-project/bigcows-crawler/.cache/acm-fellows-scholar-2026-09-16/cache.json,e7b83a0c965b474a49f2d16e27ec417bcad6aa4b1856159023bf970cef92034e
Susan T Dumais,2006,https://scholar.google.com/citations?user=x8dED5cAAAAJ,,supported,name_and_2plus_dblp_titles,200,2026-09-16T21:42:11Z,Susan Dumais,"Technical Fellow, Microsoft Research",https://dblp.org/pid/d/SusanTDumais,Susan T. Dumais,13,missing,,,,,,/Users/jimmylin/workspace/bigcows-project/bigcows-crawler/.cache/acm-fellows-scholar-2026-09-16/cache.json,f2ac30ecb1eeef7be523310b4a818f6398e35e14327cd059d2fd5d1545665e0a
Thomas A Henzinger,2006,https://scholar.google.com/citations?user=jpgplxUAAAAJ,,supported,name_and_2plus_dblp_titles,200,2026-09-16T21:42:18Z,Thomas Henzinger,IST Austria,https://dblp.org/pid/h/ThomasAHenzinger,Thomas A. Henzinger,19,missing,,,,,,/Users/jimmylin/workspace/bigcows-project/bigcows-crawler/.cache/acm-fellows-scholar-2026-09-16/cache.json,f23a7648fecad9b1499f462259366315b88c92ecdcdf0c636ecb3f728fbf9bad
Usama M Fayyad,2006,,,unavailable,no_profile,,,,,https://dblp.org/pid/f/UsamaMFayyad,Usama M. Fayyad,0,no_profile,,no_verified_profile,,,,,
Vern Paxson,2006,https://scholar.google.com/citations?user=HvwPRJ0AAAAJ,,supported,name_and_2plus_dblp_titles,200,2026-09-16T21:42:26Z,Vern Paxson,"Professor, EECS, University of California, Berkeley",https://dblp.org/pid/p/VernPaxson,Vern Paxson,17,historical,2026-04-30,,,,,/Users/jimmylin/workspace/bigcows-project/bigcows-crawler/.cache/acm-fellows-scholar-2026-09-16/cache.json,35fb392ed8d9885af57225d2bf71a0dbcd248bf7ff06ca537ff635849d25cfe3
Victor Vianu,2006,,,unavailable,no_profile,,,,,https://dblp.org/pid/v/VictorVianu,Victor Vianu,0,no_profile,,no_verified_profile,,,,,
William D Gropp,2006,https://scholar.google.com/citations?user=vB96fX8AAAAJ,,supported,name_and_2plus_dblp_titles,200,2026-09-16T21:42:40Z,William Gropp,"Professor of Computer Science, University of Illinois",https://dblp.org/pid/g/WilliamGropp,William Gropp,9,missing,,,,,,/Users/jimmylin/workspace/bigcows-project/bigcows-crawler/.cache/acm-fellows-scholar-2026-09-16/cache.json,fcd6885539f4d84cd63b9631127bbb519fd5ace4f7b3cd65909c80a75d1b1317
Brad A Myers,2005,https://scholar.google.com/citations?user=E1cp_aYAAAAJ,,supported,name_and_2plus_dblp_titles,200,2026-09-16T21:42:47Z,Brad A. Myers,"Charles M. Geschke Director and Professor of Human-Computer Interaction, Carnegie Mellon University",https://dblp.org/pid/54/1970,Brad A. Myers,19,historical,2026-04-30,,,,,/Users/jimmylin/workspace/bigcows-project/bigcows-crawler/.cache/acm-fellows-scholar-2026-09-16/cache.json,cd492d90aae871bf86bfebe50b498704dd310512002b3836e50992d9faec9cec
Christophe Diot,2005,https://scholar.google.com/citations?user=wtMGHCQAAAAJ,,supported,name_and_2plus_dblp_titles,200,2026-09-16T21:42:55Z,Christophe Diot,Data Nomad,https://dblp.org/pid/98/739,Christophe Diot,16,historical,2026-04-30,no_verified_email,,,,/Users/jimmylin/workspace/bigcows-project/bigcows-crawler/.cache/acm-fellows-scholar-2026-09-16/cache.json,af59598d07e69ed61d88eee108390835901412de6cc40bcccd9681857d7ac781
Daniel Weld,2005,https://scholar.google.com/citations?user=IUZgJogAAAAJ,,supported,name_and_2plus_dblp_titles,200,2026-09-16T21:43:01Z,Daniel Weld,Allen Institute for AI & University of Washington,https://dblp.org/pid/w/DanielSWeld,Daniel S. Weld,18,historical,2026-04-30,,,,,/Users/jimmylin/workspace/bigcows-project/bigcows-crawler/.cache/acm-fellows-scholar-2026-09-16/cache.json,07caefc92e5b1460b30cded90bec756e9d63a61840dab8cba2f599129efbbf96
David A Wood,2005,https://scholar.google.com/citations?user=UCiXhq4AAAAJ,,supported,name_and_2plus_dblp_titles,200,2026-09-16T21:43:09Z,David A. Wood,"University of Wisconsin, Madison",https://dblp.org/pid/w/DavidAWood,David A. Wood 0001,19,historical,2026-04-30,,,,,/Users/jimmylin/workspace/bigcows-project/bigcows-crawler/.cache/acm-fellows-scholar-2026-09-16/cache.json,0533f4d17c1da6befdeba77feb4d55914fe5edb8e035b7ddfe994e0eb2b22894
David Dill,2005,https://scholar.google.com/citations?user=uy8T6BYAAAAJ,,supported,metadata_and_publication_review,200,2026-09-16T21:43:15Z,David L. Dill,"Professor, Emeritus, of Computer Science, Stanford University",https://dblp.org/pid/430/9070,,0,historical,2026-04-30,,,,,/Users/jimmylin/workspace/bigcows-project/bigcows-crawler/.cache/acm-fellows-scholar-2026-09-16/cache.json,fa3ef0b3d78792393799e4dcc22f2af26d0e7aa110bddedc316923b2a73f8375
David M Nicol,2005,https://scholar.google.com/citations?user=HIJ4KNgAAAAJ,,supported,name_and_2plus_dblp_titles,200,2026-09-16T21:43:22Z,David Nicol,"William and Mary, Dartmouth, University of Illinois",https://dblp.org/pid/n/DavidMNicol,David M. Nicol,14,missing,,,,,,/Users/jimmylin/workspace/bigcows-project/bigcows-crawler/.cache/acm-fellows-scholar-2026-09-16/cache.json,6ca644863af03eba28b36868c86aa9526c249d378d8ff88b47a44af2fd68e6d5
Dines Bjorner,2005,https://scholar.google.com/citations?user=Ln22tW4AAAAJ,,supported,name_and_2plus_dblp_titles,200,2026-09-16T21:43:29Z,Dines Bjorner,"Professor Emeritus, DTU Informatics, Denmark",https://dblp.org/pid/b/DinesBjorner,Dines Bjørner,10,historical,2026-04-30,,,,,/Users/jimmylin/workspace/bigcows-project/bigcows-crawler/.cache/acm-fellows-scholar-2026-09-16/cache.json,f28768bf90d9b54d46dfce2a2af925593dad24bc35f402be47e9abdc70434696
Eli Upfal,2005,https://scholar.google.com/citations?user=O_7MVDIAAAAJ,,supported,name_and_2plus_dblp_titles,200,2026-09-16T21:43:36Z,Eli Upfal,"Computer Science Professor, Brown University",https://dblp.org/pid/u/EliUpfal,Eli Upfal,17,historical,2026-04-30,,,,,/Users/jimmylin/workspace/bigcows-project/bigcows-crawler/.cache/acm-fellows-scholar-2026-09-16/cache.json,68cc931714a7a1b7ee4cddb700b2c464b3cb890e111ddf9475afd0e7df3eeca1
Gerhard Weikum,2005,https://scholar.google.com/citations?user=vNAD0mAAAAAJ,,supported,name_and_2plus_dblp_titles,200,2026-09-16T21:43:43Z,Gerhard Weikum,"Professor of Computer Science, Max Planck Institute for Informatics, Saarland Informatics Campus",https://dblp.org/pid/w/GerhardWeikum,Gerhard Weikum,19,historical,2026-04-30,,,,,/Users/jimmylin/workspace/bigcows-project/bigcows-crawler/.cache/acm-fellows-scholar-2026-09-16/cache.json,c5675a9382f0bef38abfb533c30cacc4770eb5e9f7d5e045d8363c27da7b5212
Hui Zhang,2005,https://scholar.google.com/citations?user=UMll0FcAAAAJ,,supported,metadata_and_publication_review,200,2026-09-16T21:43:50Z,Hui Zhang,"Carnegie Mellon University, Conviva",https://dblp.org/pid/57/1907-2,,0,missing,,,,,,/Users/jimmylin/workspace/bigcows-project/bigcows-crawler/.cache/acm-fellows-scholar-2026-09-16/cache.json,e71b463ba8935ee320541ac612095909c5fdaf0a4a521d0d1bc311fae198df0e
Jennifer Widom,2005,https://scholar.google.com/citations?user=zdKmnYwAAAAJ,,supported,name_and_2plus_dblp_titles,200,2026-09-16T21:46:06Z,Jennifer Widom,"Professor of Computer Science, Stanford University",https://dblp.org/pid/w/JenniferWidom,Jennifer Widom,18,historical,2026-04-30,,,,,/Users/jimmylin/workspace/bigcows-project/bigcows-crawler/.cache/acm-fellows-scholar-2026-09-16/cache.json,141b5d14f9e0d060ed89530bafae3d3a9e1be24dc67984684560db5721d0e9f5
Keith D Cooper,2005,https://scholar.google.com/citations?user=ubiUvvgAAAAJ,,supported,name_and_2plus_dblp_titles,200,2026-09-16T21:46:14Z,Keith Cooper,"Professor of Computer Science, Rice University",https://dblp.org/pid/c/KeithDCooper,Keith D. Cooper,18,missing,,,,,,/Users/jimmylin/workspace/bigcows-project/bigcows-crawler/.cache/acm-fellows-scholar-2026-09-16/cache.json,7e74c959206b5045074faed380c0d629ccf6234604aca0659ca93929c91f770d
Krishna Palem,2005,https://scholar.google.com/citations?user=TW6dnZUAAAAJ,,supported,metadata_and_publication_review,200,2026-09-16T21:46:21Z,Krishna Palem,Ken and Audrey Kennedy Professor,https://dblp.org/pid/342/6347,,0,historical,2026-04-30,,,,,/Users/jimmylin/workspace/bigcows-project/bigcows-crawler/.cache/acm-fellows-scholar-2026-09-16/cache.json,6651d3ad0fa52c54ff78756c9297d2ad3bf0dc7a955af48a7cae47ad39752a2c
Lui Sha,2005,https://scholar.google.com/citations?user=SlXqNooAAAAJ,,supported,metadata_and_publication_review,200,2026-09-16T21:46:29Z,Lui Sha,"Professor of Computer Sceince, University of Illinois",https://dblp.org/pid/67/5282,,0,historical,2026-04-30,,,,,/Users/jimmylin/workspace/bigcows-project/bigcows-crawler/.cache/acm-fellows-scholar-2026-09-16/cache.json,244b25c69e9f78e100cbb3dbddc555bd39c6cede315df257188537cae2366517
Maurice Herlihy,2005,https://scholar.google.com/citations?user=Ezrt3pkAAAAJ,,supported,name_and_2plus_dblp_titles,200,2026-09-16T21:46:36Z,Maurice Herlihy,"An Wang Professor of Computer Science, Brown University",https://dblp.org/pid/h/MauriceHerlihy,Maurice Herlihy,18,historical,2026-04-30,,,,,/Users/jimmylin/workspace/bigcows-project/bigcows-crawler/.cache/acm-fellows-scholar-2026-09-16/cache.json,63db7dc8fa7ee135d06c56a7f55ccc7e46d2ff4392c030327fd90fcbe9555c7c
Michael J Franklin,2005,https://scholar.google.com/citations?user=p0sQC6sAAAAJ,,supported,name_and_2plus_dblp_titles,200,2026-09-16T21:46:43Z,Michael Franklin,University of Chicago,https://dblp.org/pid/f/MJFranklin,Michael J. Franklin,20,missing,,,,,,/Users/jimmylin/workspace/bigcows-project/bigcows-crawler/.cache/acm-fellows-scholar-2026-09-16/cache.json,f43142288d45d6d09cea7cf52f8591be4d2975117e0c1fb9f87e7b4049a421e8
Michael Wellman,2005,https://scholar.google.com/citations?user=UruIct4AAAAJ,,supported,name_and_2plus_dblp_titles,200,2026-09-16T21:46:49Z,Michael Wellman,"Professor of Computer Science & Engineering, University of Michigan",https://dblp.org/pid/w/MichaelPWellman,Michael P. Wellman,15,historical,2026-04-30,,,,,/Users/jimmylin/workspace/bigcows-project/bigcows-crawler/.cache/acm-fellows-scholar-2026-09-16/cache.json,68ce13aca0f89084f9f31c42fcdc93f87774730c3ab60456127f3caf20fc47df
Michel Dubois,2005,,,unavailable,no_profile,,,,,https://dblp.org/pid/80/1836,Michel Dubois,0,no_profile,,no_verified_profile,,,,,
Mikkel Thorup,2005,https://scholar.google.com/citations?user=UPBuOPIAAAAJ,,supported,name_and_2plus_dblp_titles,200,2026-09-16T21:46:57Z,Mikkel Thorup,University of Copenhagen,https://dblp.org/pid/t/MikkelThorup,Mikkel Thorup,20,historical,2026-04-30,,,,,/Users/jimmylin/workspace/bigcows-project/bigcows-crawler/.cache/acm-fellows-scholar-2026-09-16/cache.json,47db097640b7fe5cac6eb4587dd3a14b8d1007ac6bbbc499ca885c6a4eeaa866
Ophir Frieder,2005,https://scholar.google.com/citations?user=uUXCSMkAAAAJ,,supported,name_and_2plus_dblp_titles,200,2026-09-16T21:47:05Z,Ophir Frieder,Georgetown University,https://dblp.org/pid/f/OphirFrieder,Ophir Frieder,15,historical,2026-04-30,,,,,/Users/jimmylin/workspace/bigcows-project/bigcows-crawler/.cache/acm-fellows-scholar-2026-09-16/cache.json,1c44eba95582bd16c39c7476cd80f46c6066f804e4097c340c29f8a3fcee536d
Phokion Kolaitis,2005,https://scholar.google.com/citations?user=cqnovfEAAAAJ,,supported,name_and_2plus_dblp_titles,200,2026-09-16T21:47:11Z,Phokion Kolaitis,"Distinguished Professor Emeritus, University of California Santa Cuz",https://dblp.org/pid/k/PGKolaitis,Phokion G. Kolaitis,19,historical,2026-04-30,,,,,/Users/jimmylin/workspace/bigcows-project/bigcows-crawler/.cache/acm-fellows-scholar-2026-09-16/cache.json,8c9ff1662e7409511ec904b08d073e239b2bdd84236bf713ce8031d2f720cdd3
Robert Harper,2005,https://scholar.google.com/citations?user=sCPRIK0AAAAJ,,supported,name_and_2plus_dblp_titles,200,2026-09-16T21:47:18Z,Robert Harper,"Professor of Computer Science, Carnegie Mellon University",https://dblp.org/pid/h/RobertHarper,Robert Harper 0001,14,historical,2026-04-30,,,,,/Users/jimmylin/workspace/bigcows-project/bigcows-crawler/.cache/acm-fellows-scholar-2026-09-16/cache.json,756f7f87fb8da710ce5a52da9bb2ef9984b1c5bc1cbe691c438445aa5ed0d5a2
Rodney A Brooks,2005,,,unavailable,no_profile,,,,,https://dblp.org/pid/b/RodneyABrooks,Rodney A. Brooks,0,no_profile,,no_verified_profile,,,,,
Roy Want,2005,https://scholar.google.com/citations?user=z_p2Kr8AAAAJ,,supported,name_and_2plus_dblp_titles,200,2026-09-16T21:47:25Z,Roy Want,"Principal Scientist, Google",https://dblp.org/pid/05/1220,Roy Want,10,historical,2026-04-30,,,,,/Users/jimmylin/workspace/bigcows-project/bigcows-crawler/.cache/acm-fellows-scholar-2026-09-16/cache.json,9eb445f7766b5e7b749217ac7166ea6069f133990e1b8b983180fb0aabf9251a
Stephen Bourne,2005,,,unavailable,no_profile,,,,,https://dblp.org/pid/b/StephenRBourne,Stephen R. Bourne,0,no_profile,,no_verified_profile,,,,,
Surajit Chaudhuri,2005,https://scholar.google.com/citations?user=ermwnH0AAAAJ,,supported,name_and_2plus_dblp_titles,200,2026-09-16T21:47:32Z,Surajit Chaudhuri,Microsoft Research,https://dblp.org/pid/c/SurajitChaudhuri,Surajit Chaudhuri,20,historical,2026-04-30,,,,,/Users/jimmylin/workspace/bigcows-project/bigcows-crawler/.cache/acm-fellows-scholar-2026-09-16/cache.json,53e027d49c2c9835a3b0ee422844335a0b0b2dbed5fc32869ec3fe967bde1c70
T V Lakshman,2005,https://scholar.google.com/citations?user=EzDbOKoAAAAJ,,supported,name_and_2plus_dblp_titles,200,2026-09-16T21:47:40Z,T. V. Lakshman,"Bell Labs, Nokia",https://dblp.org/pid/43/2247,T. V. Lakshman,16,historical,2026-04-30,,,,,/Users/jimmylin/workspace/bigcows-project/bigcows-crawler/.cache/acm-fellows-scholar-2026-09-16/cache.json,49dce034771cc857d49790b2f9d7094631508dc5646c64db47457b2059ee9acd
Thomas Anderson,2005,https://scholar.google.com/citations?user=MYqlcPgAAAAJ,,supported,name_and_2plus_dblp_titles,200,2026-09-16T21:47:47Z,Thomas Anderson,"Warren Francis and Wilma Kolm Bradley Chair, CSE, University of Washington",https://dblp.org/pid/a/ThomasEAnderson,Thomas E. Anderson,18,historical,2026-04-30,,,,,/Users/jimmylin/workspace/bigcows-project/bigcows-crawler/.cache/acm-fellows-scholar-2026-09-16/cache.json,31d42e29bf3dd573ba7922ab57ee4398976fe7de9df4948739708fef22ed0462
Thomas Reps,2005,https://scholar.google.com/citations?user=pwhyTq0AAAAJ,,supported,name_and_2plus_dblp_titles,200,2026-09-16T21:47:54Z,Thomas Reps,"J. Barkley Rosser Professor & Rajiv and Ritu Batra Chair Emeritus, CS Dept., Univ. of Wisconsin",https://dblp.org/pid/r/TWReps,Thomas W. Reps,20,historical,2026-04-30,,,,,/Users/jimmylin/workspace/bigcows-project/bigcows-crawler/.cache/acm-fellows-scholar-2026-09-16/cache.json,f666e1f0e876485b4320c84d3bdb447d2016da162decea35f536f2b019204aa5
Umesh Vazirani,2005,,,unavailable,no_profile,,,,,https://dblp.org/pid/v/UVVazirani,Umesh V. Vazirani,0,no_profile,,no_verified_profile,,,,,
Uri Weiser,2005,https://scholar.google.com/citations?user=ctN8BtoAAAAJ,,supported,name_and_2plus_dblp_titles,200,2026-09-16T21:48:01Z,Uri Weiser,"Professor, Technion",https://dblp.org/pid/35/1243,Uri C. Weiser,13,historical,2026-04-30,,,,,/Users/jimmylin/workspace/bigcows-project/bigcows-crawler/.cache/acm-fellows-scholar-2026-09-16/cache.json,75078675a0aa63cc3119cf6e756d32b1ed9680dc90656eda5b80ca5eade666f9
Vijay V Vazirani,2005,https://scholar.google.com/citations?user=8eB7Q1kAAAAJ,,supported,name_and_2plus_dblp_titles,200,2026-09-16T21:48:07Z,Vijay Vazirani,"Distinguished Professor, Dept. of Computer Science, University of California, Irvine.",https://dblp.org/pid/84/5806,Vijay V. Vazirani,18,historical,2026-04-30,,,,,/Users/jimmylin/workspace/bigcows-project/bigcows-crawler/.cache/acm-fellows-scholar-2026-09-16/cache.json,52fe126dd5a5522fc285558ce07613496a07eac773444d545880bbc715847cf4
Vipin Kumar,2005,https://scholar.google.com/citations?user=BnxU9TEAAAAJ,,supported,metadata_and_publication_review,200,2026-09-16T21:48:14Z,Vipin Kumar,University of Minnesota,https://dblp.org/pid/k/VipinKumar-1,,0,historical,2026-04-30,,,,,/Users/jimmylin/workspace/bigcows-project/bigcows-crawler/.cache/acm-fellows-scholar-2026-09-16/cache.json,99d87171969da4a83356c2d7ed7ec52b4abfed4d5a16a592b80359fc02acd25e
Walter Willinger,2005,https://scholar.google.com/citations?user=q33fP9sAAAAJ,,supported,name_and_2plus_dblp_titles,200,2026-09-16T21:48:21Z,Walter Willinger,"NIKSUN, Inc., Northwestern University",https://dblp.org/pid/w/WalterWillinger,Walter Willinger,14,historical,2026-04-30,,,,,/Users/jimmylin/workspace/bigcows-project/bigcows-crawler/.cache/acm-fellows-scholar-2026-09-16/cache.json,04f9c63fe0e4661ffdd89dae1ccc2141e4a524fec787f117b1fd94062ad376cf
Allan Gottlieb,2004,https://scholar.google.com/citations?user=0i78Y_EAAAAJ,,supported,name_and_2plus_dblp_titles,200,2026-09-16T21:48:28Z,Allan Gottlieb,"Professor of Computer Science, NYU",https://dblp.org/pid/46/6176,Allan Gottlieb,12,historical,2026-04-30,,,,,/Users/jimmylin/workspace/bigcows-project/bigcows-crawler/.cache/acm-fellows-scholar-2026-09-16/cache.json,fb48f8c031f3de18a2190904d96d266091db2e084cdaef935f0432815a250986
Andrew A Chien,2004,https://scholar.google.com/citations?user=zkqz0_0AAAAJ,,supported,metadata_and_publication_review,200,2026-09-16T21:48:34Z,Andrew A. Chien,"William Eckhardt Distinguished Service Professor of Computer Science, University of Chicago",https://dblp.org/pid/75/6169,Andrew Chien,0,missing,,,,,,/Users/jimmylin/workspace/bigcows-project/bigcows-crawler/.cache/acm-fellows-scholar-2026-09-16/cache.json,16a3774c534c46b9c8bbfebd8382f7e3f595e4a99b2df261680c9cc5a0ab1a16
Bella Bose,2004,https://scholar.google.com/citations?user=aFFq934AAAAJ,,supported,name_and_2plus_dblp_titles,200,2026-09-16T21:48:42Z,Bella Bose,Oregon State University,https://dblp.org/pid/b/BellaBose,Bella Bose,18,historical,2026-04-30,no_verified_email,,,,/Users/jimmylin/workspace/bigcows-project/bigcows-crawler/.cache/acm-fellows-scholar-2026-09-16/cache.json,d9069ba6ed1a79bfe43e6b392e91cdcd3194a93489580b74d84870bfe63334ca
Benjamin W. Wah,2004,https://scholar.google.com/citations?user=WL8igVEAAAAJ,,supported,name_and_2plus_dblp_titles,200,2026-09-16T21:48:51Z,Benjamin W. Wah,Chinese University of Hong Kong,https://dblp.org/pid/w/BenjaminWWah,Benjamin W. Wah,19,historical,2026-04-30,,,,,/Users/jimmylin/workspace/bigcows-project/bigcows-crawler/.cache/acm-fellows-scholar-2026-09-16/cache.json,4deb3fab5f582ce360281dbeb1bd74941d063c32fae375d1743fd67272c08f48
David S Wise,2004,,,unavailable,no_profile,,,,,https://dblp.org/pid/56/4545,David S. Wise,0,no_profile,,no_verified_profile,,,,,
Frans Kaashoek,2004,https://scholar.google.com/citations?user=YCoLskoAAAAJ,,supported,name_and_2plus_dblp_titles,200,2026-09-16T21:48:58Z,Frans Kaashoek,Massuchesetts Institute of Technology (MIT),https://dblp.org/pid/k/MFransKaashoek,M. Frans Kaashoek,19,historical,2026-04-30,,,,,/Users/jimmylin/workspace/bigcows-project/bigcows-crawler/.cache/acm-fellows-scholar-2026-09-16/cache.json,eae871b57ba9611390c5be0c080abfc8b620612408fc7e08c76bb7301fb70da2
George E. Collins,2004,,,unavailable,no_profile,,,,,https://dblp.org/pid/15/3541,George E. Collins,0,no_profile,,no_verified_profile,,,,,
Janis A Bubenko,2004,,,unavailable,no_profile,,,,,https://dblp.org/pid/b/JABubenko,Janis A. Bubenko Jr.,0,no_profile,,no_verified_profile,,,,,
Joel Emer,2004,https://scholar.google.com/citations?user=mI3mfHcAAAAJ,,supported,name_and_2plus_dblp_titles,200,2026-09-16T21:51:09Z,Joel Emer,"Professor of the Practice, MIT - Sr. Distinguished Research Scientist, Nvidia",https://dblp.org/pid/73/2231,Joel S. Emer,18,historical,2026-04-30,,,,,/Users/jimmylin/workspace/bigcows-project/bigcows-crawler/.cache/acm-fellows-scholar-2026-09-16/cache.json,ebf6c333fa2e25c19b89d6ff54bb7cbba3f06d75e9aeb901251726e3087ee2ad
Luca Cardelli,2004,https://scholar.google.com/citations?user=npBTgSsAAAAJ,,supported,name_and_2plus_dblp_titles,200,2026-09-16T21:51:15Z,Luca Cardelli,University of Oxford,https://dblp.org/pid/c/LucaCardelli,Luca Cardelli,18,historical,2026-04-30,,,,,/Users/jimmylin/workspace/bigcows-project/bigcows-crawler/.cache/acm-fellows-scholar-2026-09-16/cache.json,a19ce14a93db70134477506510536e9895307a57688ef0c8e7fa4e4577216b80
Mark D. Hill,2004,https://scholar.google.com/citations?user=7lVfIWYAAAAJ,,supported,name_and_2plus_dblp_titles,200,2026-09-16T21:51:24Z,Mark D. Hill,University of Wisconsin-Madison Professor Emeritus,https://dblp.org/pid/h/MarkDHill,Mark D. Hill,19,historical,2026-04-30,,,,,/Users/jimmylin/workspace/bigcows-project/bigcows-crawler/.cache/acm-fellows-scholar-2026-09-16/cache.json,3da0f1d8be54aad7adf9d6cf771e23da7831fcd6a6bbb203f4d87d8acc54b777
Michael D Schroeder,2004,,,unavailable,no_profile,,,,,https://dblp.org/pid/s/MichaelDSchroeder,Michael D. Schroeder,0,no_profile,,no_verified_profile,,,,,
Paul Mockapetris,2004,,,unavailable,no_profile,,,,,https://dblp.org/pid/m/PaulVMockapetris,Paul V. Mockapetris,0,no_profile,,no_verified_profile,,,,,
Per-Ake Larson,2004,https://scholar.google.com/citations?user=V0lHiEoAAAAJ,,supported,name_and_2plus_dblp_titles,200,2026-09-16T21:51:38Z,Per-Ake Larson,University of Waterloo,https://dblp.org/pid/l/PALarson,Per-Åke Larson,17,historical,2026-04-30,,,,,/Users/jimmylin/workspace/bigcows-project/bigcows-crawler/.cache/acm-fellows-scholar-2026-09-16/cache.json,50b78143dec035988908d84ad4e17f9915853e0fcb299c066836b787b8cccf9d
Peter Lee,2004,,,unavailable,no_profile,,,,,https://dblp.org/pid/122/7785-6,Peter Lee 0006,0,no_profile,,no_verified_profile,,,,,
Richard Schantz,2004,,,unavailable,no_profile,,,,,https://dblp.org/pid/49/617,Richard E. Schantz,0,no_profile,,no_verified_profile,,,,,
Simon Peyton-Jones,2004,https://scholar.google.com/citations?user=QsX7G-cAAAAJ,,supported,metadata_and_publication_review,200,2026-09-16T21:51:46Z,Simon Peyton Jones,Epic Games,https://dblp.org/pid/j/SimonLPeytonJones,Simon L. Peyton Jones,14,historical,2026-04-30,,,,,/Users/jimmylin/workspace/bigcows-project/bigcows-crawler/.cache/acm-fellows-scholar-2026-09-16/cache.json,63f36ec5d9c9a605308de6d601c6844a74d9aa424d8845c429a3aa705bb05211
Stamatis Vassiliadis,2004,,,unavailable,no_profile,,,,,https://dblp.org/pid/v/SVassiliadis,Stamatis Vassiliadis,0,no_profile,,no_verified_profile,,,,,
Vicki Hanson,2004,,,unavailable,no_profile,,,,,https://dblp.org/pid/38/3540,Vicki L. Hanson,0,no_profile,,no_verified_profile,,,,,
Yannis Ioannidis,2004,https://scholar.google.com/citations?user=MIfpzUQAAAAJ,,supported,name_and_2plus_dblp_titles,200,2026-09-16T21:52:00Z,Yannis Ioannidis,University of Athens // Athena Research Center,https://dblp.org/pid/i/YEIoannidis,Yannis E. Ioannidis,18,historical,2026-04-30,,,,,/Users/jimmylin/workspace/bigcows-project/bigcows-crawler/.cache/acm-fellows-scholar-2026-09-16/cache.json,785151bec8817879c1c04c0474be74fdc67349e9155929ef52bc399916576be3
Anil K. Jain,2003,https://scholar.google.com/citations?user=g-_ZXGsAAAAJ,,supported,name_and_2plus_dblp_titles,200,2026-09-16T21:52:07Z,Anil K. Jain,Michigan State University,https://dblp.org/pid/j/AnilKJain,Anil K. Jain 0001,15,historical,2026-04-30,,,,,/Users/jimmylin/workspace/bigcows-project/bigcows-crawler/.cache/acm-fellows-scholar-2026-09-16/cache.json,1789c8be521d09db2dbdec8f064f71232ea95cf685c64feb363aeeff8448ead7
Barbara J Grosz,2003,,,unavailable,no_profile,,,,,https://dblp.org/pid/g/BarbaraJGrosz,Barbara J. Grosz,0,no_profile,,no_verified_profile,,,,,
Bonnie Berger,2003,https://scholar.google.com/citations?user=bYjKaowAAAAJ,,supported,name_and_2plus_dblp_titles,200,2026-09-16T21:52:14Z,Bonnie Berger,MIT,https://dblp.org/pid/b/BonnieBerger,Bonnie Berger,5,historical,2026-04-30,,,,,/Users/jimmylin/workspace/bigcows-project/bigcows-crawler/.cache/acm-fellows-scholar-2026-09-16/cache.json,811445a7bc4708dd7ed2221f384100e39ae9051848e237f9fefd6007086ed9af
Brent T Hailpern,2003,https://scholar.google.com/citations?user=0uJuWigAAAAJ,,supported,metadata_and_publication_review,200,2026-09-16T21:52:21Z,Brent Hailpern,"Part-Time Instructor, Northeastern University",https://dblp.org/pid/h/BrentHailpern,,0,missing,,,,,,/Users/jimmylin/workspace/bigcows-project/bigcows-crawler/.cache/acm-fellows-scholar-2026-09-16/cache.json,405c40bd261e7a34c1ef65f66cd229c2fea9dad8223c255f24347dfd42fcb62d
C J Van Rijsbergen,2003,,,unavailable,no_profile,,,,,https://dblp.org/pid/r/CJvanRijsbergen,C. J. van Rijsbergen,0,no_profile,,no_verified_profile,,,,,
Craig Partridge,2003,https://scholar.google.com/citations?user=f-E5nFEAAAAJ,,supported,name_and_2plus_dblp_titles,200,2026-09-16T21:52:29Z,Craig Partridge,"Professor and Department Chair, Colorado State University",https://dblp.org/pid/45/6587,Craig Partridge,16,historical,2026-04-30,,,,,/Users/jimmylin/workspace/bigcows-project/bigcows-crawler/.cache/acm-fellows-scholar-2026-09-16/cache.json,a64e9fc6b30e84faf0f4b92d69a3cb0e21ef9cc924b8cc352cea6da994e55551
Daniel A Reed,2003,https://scholar.google.com/citations?user=YCw2r14AAAAJ,,supported,name_and_2plus_dblp_titles,200,2026-09-16T21:52:37Z,Dan Reed,Illinois/UNC/Microsoft/Iowa/Utah,https://dblp.org/pid/87/2101,Daniel A. Reed,16,missing,,,,,,/Users/jimmylin/workspace/bigcows-project/bigcows-crawler/.cache/acm-fellows-scholar-2026-09-16/cache.json,7cdba54c8368c5f3ecd421aeaad2a92056637764b572c63b424ea6fe8849d774
Dexter Kozen,2003,https://scholar.google.com/citations?user=LV1qWjgAAAAJ,,supported,name_and_2plus_dblp_titles,200,2026-09-16T21:52:44Z,Dexter Kozen,"Professor of Computer Science, Cornell University",https://dblp.org/pid/k/DexterKozen,Dexter Kozen,18,historical,2026-04-30,,,,,/Users/jimmylin/workspace/bigcows-project/bigcows-crawler/.cache/acm-fellows-scholar-2026-09-16/cache.json,bfe0d25d753fa821f4988d4280b55ec8706db1096e5ca8076c028c8bd10e03aa
Elisa Bertino,2003,https://scholar.google.com/citations?user=EfuT9RoAAAAJ,,supported,name_and_2plus_dblp_titles,200,2026-09-16T21:52:51Z,Elisa Bertino,"Professor of Computer Science, Purdue University",https://dblp.org/pid/b/ElisaBertino,Elisa Bertino,16,historical,2026-04-30,,,,,/Users/jimmylin/workspace/bigcows-project/bigcows-crawler/.cache/acm-fellows-scholar-2026-09-16/cache.json,e50a99e18d5b811490fb033fef6a3b8a341ddaa099e6941947b7dac66162cb61
Eugene Myers,2003,https://scholar.google.com/citations?user=jlas1aMAAAAJ,,supported,metadata_and_publication_review,200,2026-09-16T21:52:58Z,Gene Myers,Max-Planck Institute for Molecular Cell Biology & Genetics,https://dblp.org/pid/m/EugeneWMyers,Eugene W. Myers,5,missing,,,,,,/Users/jimmylin/workspace/bigcows-project/bigcows-crawler/.cache/acm-fellows-scholar-2026-09-16/cache.json,1af34e5279ff72bfdc36f4a3ad120a3a1a8bceb3bf3ed227bf9faef801226923
Gurindar S Sohi,2003,,,unavailable,no_profile,,,,,https://dblp.org/pid/s/GurindarSSohi,Gurindar S. Sohi,0,no_profile,,no_verified_profile,,,,,
H V Jagadish,2003,https://scholar.google.com/citations?user=SKVnHakAAAAJ,,supported,name_and_2plus_dblp_titles,200,2026-09-16T21:53:05Z,H. V. Jagadish,University of Michigan,https://dblp.org/pid/j/HVJagadish,H. V. Jagadish,16,historical,2026-04-30,,,,,/Users/jimmylin/workspace/bigcows-project/bigcows-crawler/.cache/acm-fellows-scholar-2026-09-16/cache.json,7a7eccd5a7cb1f467eb17ee3f831d9f6fefeaf88f97fa8ed01a326f55f5cbd6b
Jiawei Han,2003,https://scholar.google.com/citations?user=Kv9AbjMAAAAJ,,supported,metadata_and_publication_review,200,2026-09-16T21:53:12Z,Jiawei Han,"Abel Bliss Professor of Computer Science, University of Illinois",https://dblp.org/pid/254/0385,Jia-Wei Han 0009,0,historical,2026-04-30,dblp_identity_review,,,,/Users/jimmylin/workspace/bigcows-project/bigcows-crawler/.cache/acm-fellows-scholar-2026-09-16/cache.json,9961d38d8afa318545dd05431d75e9dcebdb09dafebad43f1776a4c71ffd49e8
John Millar Carroll,2003,https://scholar.google.com/citations?user=7Mg8JZMAAAAJ,,supported,metadata_and_publication_review,200,2026-09-16T21:53:20Z,John M. Carroll,"Distinguished Professor of Information Sciences and Technology, Pennsylvania State University",https://dblp.org/pid/c/JohnACarroll,John Carroll 0001,0,historical,2026-04-30,,,,,/Users/jimmylin/workspace/bigcows-project/bigcows-crawler/.cache/acm-fellows-scholar-2026-09-16/cache.json,a619ca2b2b3fa0b4a778b379108e0669790cb484661d92fedf9f5af9daff05ef
Kathleen McKeown,2003,https://scholar.google.com/citations?user=ujDhg2sAAAAJ,,supported,name_and_2plus_dblp_titles,200,2026-09-16T21:53:27Z,Kathleen McKeown,"Professor of Computer Science and Director, Data Science Institute, Columbia University",https://dblp.org/pid/m/KathleenMcKeown,Kathy McKeown,17,historical,2026-04-30,,,,,/Users/jimmylin/workspace/bigcows-project/bigcows-crawler/.cache/acm-fellows-scholar-2026-09-16/cache.json,ebd9fefc83d4c8487fad2f92f720834671a3ec9be8314c26c34fd933fde3ea8f
Mark A Horowitz,2003,https://scholar.google.com/citations?user=e7V7-gEAAAAJ,,supported,name_and_2plus_dblp_titles,200,2026-09-16T21:53:34Z,Mark Horowitz,Professor of Electrical Engineering and Computer Science,https://dblp.org/pid/h/MarkHorowitz,Mark Horowitz,15,missing,,,,,,/Users/jimmylin/workspace/bigcows-project/bigcows-crawler/.cache/acm-fellows-scholar-2026-09-16/cache.json,5277f7d0d69c8d3804fb99f4abd5aa56b49a65817252504c646588afa8df6880
Mary Harrold,2003,,,unavailable,no_profile,,,,,https://dblp.org/pid/h/MaryJeanHarrold,Mary Jean Harrold,0,no_profile,,no_verified_profile,,,,,
Mostafa Ammar,2003,https://scholar.google.com/citations?user=OT79Y9UAAAAJ,,supported,name_and_2plus_dblp_titles,200,2026-09-16T21:53:42Z,Mostafa Ammar,"Regents' Professor, School of Computer Science, Georgia Tech",https://dblp.org/pid/a/MHAmmar,Mostafa H. Ammar,19,historical,2026-04-30,,,,,/Users/jimmylin/workspace/bigcows-project/bigcows-crawler/.cache/acm-fellows-scholar-2026-09-16/cache.json,b93405df687e6f21a92a87a0ad0eb34b05f2adadb8bb47d3a55f3eee419507ef
Niraj K. Jha,2003,https://scholar.google.com/citations?user=R-z1R84AAAAJ,,supported,name_and_2plus_dblp_titles,200,2026-09-16T21:53:50Z,Niraj Jha,"Professor of Electrical and Computer Engineering, Princeton University",https://dblp.org/pid/j/NirajKJha,Niraj K. Jha,15,historical,2026-04-30,,,,,/Users/jimmylin/workspace/bigcows-project/bigcows-crawler/.cache/acm-fellows-scholar-2026-09-16/cache.json,948baa17d510476ff2ec31c59c6bcfb3a6b349853d2bdd5b49caf322c813c7e5
Paul Hudak,2003,https://scholar.google.com/citations?user=W6Mk2KwAAAAJ,,supported,name_and_2plus_dblp_titles,200,2026-09-16T21:53:56Z,Paul Hudak,"Professor of Computer Science, Yale University",https://dblp.org/pid/h/PaulHudak,Paul Hudak,15,historical,2026-04-30,,,,,/Users/jimmylin/workspace/bigcows-project/bigcows-crawler/.cache/acm-fellows-scholar-2026-09-16/cache.json,396f5c2aa66fe1aff00cb12cb45e04a2e3a9a0557610b9089abf8203b76326e7
Peter Hart,2003,https://scholar.google.com/citations?user=EmP8sFQAAAAJ,,supported,metadata_and_publication_review,200,2026-09-16T21:54:03Z,Peter E. Hart,Consultant,https://dblp.org/pid/88/6083,,0,historical,2026-04-30,,,,,/Users/jimmylin/workspace/bigcows-project/bigcows-crawler/.cache/acm-fellows-scholar-2026-09-16/cache.json,06941e51d37bd8cec6f69886531a48c092ad29f91d26933b7e1169886de450d4
Rakesh Agrawal,2003,https://scholar.google.com/citations?user=4XSG7v4AAAAJ,,supported,name_and_2plus_dblp_titles,200,2026-09-16T21:56:28Z,Rakesh Agrawal,Data Insights Laboratories,https://dblp.org/pid/a/RAgrawal,Rakesh Agrawal 0001,17,historical,2026-04-30,,,,,/Users/jimmylin/workspace/bigcows-project/bigcows-crawler/.cache/acm-fellows-scholar-2026-09-16/cache.json,30c8216736b814c6d26f5019cd6798a12b40262516bc03ed42aed3f5ac4e2f15
Ramesh C Jain,2003,https://scholar.google.com/citations?user=wOYUPpwAAAAJ,,supported,name_and_2plus_dblp_titles,200,2026-09-16T21:56:36Z,Ramesh Jain,"Professor of Computer Science, University of California, Irvine",https://dblp.org/pid/j/RameshJain,Ramesh Jain 0001,9,missing,,possible_attribution_conflict,,Diabetes burden and membrane-transporter papers appear alongside multimedia work; attribution needs checking.,,/Users/jimmylin/workspace/bigcows-project/bigcows-crawler/.cache/acm-fellows-scholar-2026-09-16/cache.json,c89788f05d93e218e57a79f5722b723917bfa86bb18592ba2e2229d9afe88975
Richard DeMillo,2003,,,unavailable,no_profile,,,,,https://dblp.org/pid/10/3823,Richard A. DeMillo,0,no_profile,,no_verified_profile,,,,,
Scott J Shenker,2003,https://scholar.google.com/citations?user=hcSDlh4AAAAJ,,supported,metadata_and_publication_review,200,2026-09-16T21:56:43Z,Scott Shenker,UC Berkeley and ICSI,https://dblp.org/pid/34/5593,,0,missing,,,,,,/Users/jimmylin/workspace/bigcows-project/bigcows-crawler/.cache/acm-fellows-scholar-2026-09-16/cache.json,9386d3b3174906b7a255f1b1d9355c87d226877f629af815840e3a768fd71311
Stuart Russell,2003,https://scholar.google.com/citations?user=2oy3OXYAAAAJ,,supported,name_and_2plus_dblp_titles,200,2026-09-16T21:56:50Z,Stuart Russell,"Professor of Computer Science, University of California, Berkeley",https://dblp.org/pid/r/SJRussell,Stuart Russell 0001,11,historical,2026-04-30,,,,,/Users/jimmylin/workspace/bigcows-project/bigcows-crawler/.cache/acm-fellows-scholar-2026-09-16/cache.json,d1efb4def70ece2ebcca8c6b297292b1f39366023774b67984316ca1a290e195
Thomas Moran,2003,https://scholar.google.com/citations?user=f7fHl8sAAAAJ,,supported,metadata_and_publication_review,200,2026-09-16T21:56:57Z,Thomas P. Moran,Retired,https://dblp.org/pid/218/4887,Thomas Moran,0,historical,2026-04-30,,,,,/Users/jimmylin/workspace/bigcows-project/bigcows-crawler/.cache/acm-fellows-scholar-2026-09-16/cache.json,d705d0be14f70885399a33795645f8a7585e6f6f6b6c06183f2d4ff23cfe9a7a
Victor Bahl,2003,https://scholar.google.com/citations?user=BBKfx4oAAAAJ,,supported,name_and_2plus_dblp_titles,200,2026-09-16T21:57:04Z,Victor Bahl,"Technical Fellow & CTO Azure For Operators, Microsoft Corporation",https://dblp.org/pid/b/ParamvirBahl,Paramvir Bahl,16,historical,2026-04-30,,,,,/Users/jimmylin/workspace/bigcows-project/bigcows-crawler/.cache/acm-fellows-scholar-2026-09-16/cache.json,06edf2673b1210aa2b5f57bb084a9cd030c68c2c89fdf588cefe0974cc427659
William Sanders,2003,https://scholar.google.com/citations?user=FClnlsgAAAAJ,,supported,metadata_and_publication_review,200,2026-09-16T21:57:12Z,William H Sanders,Carnegie Mellon University,https://dblp.org/pid/255/9392,,0,historical,2026-04-30,,,,,/Users/jimmylin/workspace/bigcows-project/bigcows-crawler/.cache/acm-fellows-scholar-2026-09-16/cache.json,2d3a56d4a9fd653cd3219042be002556fbc407efcce6e67a701b0fd3e338bbdc
Yi-Bing Lin,2003,https://scholar.google.com/citations?user=DxFQ14MAAAAJ,,supported,name_and_2plus_dblp_titles,200,2026-09-16T21:57:20Z,Yi-Bing Lin,National Chiao Tung University,https://dblp.org/pid/l/YiBingLin,Yi-Bing Lin,15,historical,2026-04-30,,,,,/Users/jimmylin/workspace/bigcows-project/bigcows-crawler/.cache/acm-fellows-scholar-2026-09-16/cache.json,c1a50ad5cd6372f73f6f46f0c9b94c888e20e6d0ccc8377b2e68f222fa672cf3
Adolfo Guzman,2002,https://scholar.google.com/citations?user=Nw5lSdEAAAAJ,,supported,metadata_and_publication_review,200,2026-09-16T21:57:28Z,Adolfo Guzman-Arenas,"Computer Science Professor (emeritus), Instituto Politécnico Nacional",https://dblp.org/pid/g/AdolfoGuzmanArenas,Adolfo Guzmán-Arenas,11,historical,2026-04-30,,,,,/Users/jimmylin/workspace/bigcows-project/bigcows-crawler/.cache/acm-fellows-scholar-2026-09-16/cache.json,aac2043cdfa97af641844d86ce972d7ae205c8a60ba13cf7deec0176b4cd52f7
Ambuj Goyal,2002,,,unavailable,no_profile,,,,,https://dblp.org/pid/12/2219,Ambuj Goyal,0,no_profile,,no_verified_profile,,,,,
Bantwal R Rau,2002,,,unavailable,no_profile,,,,,https://dblp.org/pid/83/5996,,0,no_profile,,no_verified_profile,,,,,
C. Mohan,2002,https://scholar.google.com/citations?user=D5K6DDcAAAAJ,,supported,metadata_and_publication_review,200,2026-09-16T21:57:35Z,C. Mohan,"Visiting Professor, Tsinghua & HKBU; Retired IBM Fellow, IBM Research",https://dblp.org/pid/30/4639,C. Krishna Mohan,0,historical,2026-04-30,,,,,/Users/jimmylin/workspace/bigcows-project/bigcows-crawler/.cache/acm-fellows-scholar-2026-09-16/cache.json,4ce5bd3bd48fa510aaa16d4458b3e9f6d9616338823e0481aa2be3b027b292bc
David B Lomet,2002,,,unavailable,no_profile,,,,,https://dblp.org/pid/l/DavidBLomet,David B. Lomet,0,no_profile,,no_verified_profile,,,,,
David Culler,2002,https://scholar.google.com/citations?user=urTiL7QAAAAJ,,supported,name_and_2plus_dblp_titles,200,2026-09-16T21:57:43Z,David CULLER,"University of California, Berkeley",https://dblp.org/pid/c/DavidECuller,David E. Culler,18,historical,2026-04-30,,,,,/Users/jimmylin/workspace/bigcows-project/bigcows-crawler/.cache/acm-fellows-scholar-2026-09-16/cache.json,1f8bf20840ba673a8f57bb36a5f25c1c97220219986ad369d33b706808cbf908
David H Salesin,2002,https://scholar.google.com/citations?user=8E442bkAAAAJ,,supported,name_and_2plus_dblp_titles,200,2026-09-16T21:57:50Z,David Salesin,Google,https://dblp.org/pid/s/DavidSalesin,David Salesin,20,missing,,,,,,/Users/jimmylin/workspace/bigcows-project/bigcows-crawler/.cache/acm-fellows-scholar-2026-09-16/cache.json,6986e56dd35ef12e36866f4ea8c74ee11e361fa1d4e79be60b5042dde638ec51
Gary L. Miller,2002,https://scholar.google.com/citations?user=umm-i20AAAAJ,,supported,name_and_2plus_dblp_titles,200,2026-09-16T21:57:58Z,Gary L. Miller,Carnegie Mellon University,https://dblp.org/pid/m/GaryLMiller,Gary L. Miller,16,historical,2026-04-30,,,,,/Users/jimmylin/workspace/bigcows-project/bigcows-crawler/.cache/acm-fellows-scholar-2026-09-16/cache.json,f75e96390b37fed35fa4c204565d0496c52a6ca6d1bc53916ed965c789d40e08
George Varghese,2002,https://scholar.google.com/citations?user=SEnY0XQAAAAJ,,supported,metadata_and_publication_review,200,2026-09-16T21:58:05Z,GEORGE VARGHESE,"Professor of Computer Science, UCLA",https://dblp.org/pid/v/GeorgeVarghese,,0,missing,,,,,,/Users/jimmylin/workspace/bigcows-project/bigcows-crawler/.cache/acm-fellows-scholar-2026-09-16/cache.json,5ef106cd7b1ff9f4cf6ffaa6d0abaa9e561f0dec823156c0bba059b2295bb836
Harold N Gabow,2002,,,unavailable,no_profile,,,,,https://dblp.org/pid/g/HaroldNGabow,Harold N. Gabow,0,no_profile,,no_verified_profile,,,,,
Jeffrey F Naughton,2002,https://scholar.google.com/citations?user=H-VmFU4AAAAJ,,supported,name_and_2plus_dblp_titles,200,2026-09-16T21:58:11Z,Jeffrey Naughton,Celonis,https://dblp.org/pid/n/JeffreyFNaughton,Jeffrey F. Naughton,19,missing,,,,,,/Users/jimmylin/workspace/bigcows-project/bigcows-crawler/.cache/acm-fellows-scholar-2026-09-16/cache.json,cdc0d626083d2bcb421617c1dbd3dccf304fe88902e3cc1ef53269f204177139
John Wilkes,2002,https://scholar.google.com/citations?user=YSxdVBEAAAAJ,,supported,name_and_2plus_dblp_titles,200,2026-09-16T21:58:19Z,john wilkes,Google,https://dblp.org/pid/w/JohnWilkes,John Wilkes,17,historical,2026-04-30,,,,,/Users/jimmylin/workspace/bigcows-project/bigcows-crawler/.cache/acm-fellows-scholar-2026-09-16/cache.json,70d87017109b08f8b2cbcf7262c776942b972943fafea0751933247c7b7ec579
Jon Crowcroft,2002,https://scholar.google.com/citations?user=qnMs-XYAAAAJ,,supported,name_and_2plus_dblp_titles,200,2026-09-16T21:58:26Z,Jon Crowcroft,University of Cambridge,https://dblp.org/pid/c/JonCrowcroft,Jon Crowcroft,13,historical,2026-04-30,,,,,/Users/jimmylin/workspace/bigcows-project/bigcows-crawler/.cache/acm-fellows-scholar-2026-09-16/cache.json,6185d3b437429418df7eb5d9ea92327186952d7b8419c7b612f023ff06f2d62b
Joseph Halpern,2002,https://scholar.google.com/citations?user=FsBCAfgAAAAJ,,supported,name_and_2plus_dblp_titles,200,2026-09-16T21:58:34Z,Joseph Halpern,"Professor of Computer Science, Cornell University",https://dblp.org/pid/h/JosephYHalpern,Joseph Y. Halpern,18,historical,2026-04-30,,,,,/Users/jimmylin/workspace/bigcows-project/bigcows-crawler/.cache/acm-fellows-scholar-2026-09-16/cache.json,ca32cef2c8469adf6c08a7e21e0460cedfb70844475412a0167d1dc74ed5ea9f
Mahadev Satyanarayanan,2002,https://scholar.google.com/citations?user=0y6JDD4AAAAJ,,supported,name_and_2plus_dblp_titles,200,2026-09-16T21:58:42Z,Mahadev Satyanarayanan,"Jaime Carbonell University Professor of Computer Science, Carnegie Mellon University",https://dblp.org/pid/s/MahadevSatyanarayanan,Mahadev Satyanarayanan,17,historical,2026-04-30,,,,,/Users/jimmylin/workspace/bigcows-project/bigcows-crawler/.cache/acm-fellows-scholar-2026-09-16/cache.json,c875c19e44be6782d3bacb2fe9f16d7299730450758aa3bd82314669a866b921
Mateo Valero,2002,https://scholar.google.com/citations?user=MyT3cHQAAAAJ,,supported,name_and_2plus_dblp_titles,200,2026-09-16T21:58:49Z,Mateo Valero,Professor at UPC and director of the Barcelona Supercomputing Center,https://dblp.org/pid/v/MateoValero,Mateo Valero,17,historical,2026-04-30,,,,,/Users/jimmylin/workspace/bigcows-project/bigcows-crawler/.cache/acm-fellows-scholar-2026-09-16/cache.json,26e68f9ebd8524751ff9fc85fb88a0e0346907ec5062e8b614117149b8092bf5
Neil Immerman,2002,https://scholar.google.com/citations?user=DbZWZr8AAAAJ,,supported,name_and_2plus_dblp_titles,200,2026-09-16T21:58:56Z,Neil Immerman,"College of Computer and Information Sciences, UMass, Amherst",https://dblp.org/pid/i/NeilImmerman,Neil Immerman,17,historical,2026-04-30,,,,,/Users/jimmylin/workspace/bigcows-project/bigcows-crawler/.cache/acm-fellows-scholar-2026-09-16/cache.json,d69af103ecf29351a35067974cf49a346f2061ae7d4f40b9f3b77c95d1e38028
Ozalp Babaoglu,2002,https://scholar.google.com/citations?user=r3bG1AUAAAAJ,,supported,name_and_2plus_dblp_titles,200,2026-09-16T21:59:02Z,Ozalp Babaoglu,"Professore Alma Mater, University of Bologna",https://dblp.org/pid/b/OBabaoglu,Özalp Babaoglu,16,historical,2026-04-30,,,,,/Users/jimmylin/workspace/bigcows-project/bigcows-crawler/.cache/acm-fellows-scholar-2026-09-16/cache.json,7a9ab5bd718c0168a8e3a7a83b2cc1af2afe674d3216e120977ef306a28c5b3e
Pankaj Agarwal,2002,https://scholar.google.com/citations?user=xe0eVksAAAAJ,,supported,name_and_2plus_dblp_titles,200,2026-09-16T21:59:10Z,Pankaj K. Agarwal,Duke University,https://dblp.org/pid/a/PankajKAgarwal,Pankaj K. Agarwal,16,historical,2026-04-30,,,,,/Users/jimmylin/workspace/bigcows-project/bigcows-crawler/.cache/acm-fellows-scholar-2026-09-16/cache.json,64f6075a8a722cdcf1e07de7d80ebd4fc3615e991b338c84e0a53494195c440f
Sidney Karin,2002,,,unavailable,no_profile,,,,,https://dblp.org/pid/53/1118,Sidney Karin,0,no_profile,,no_verified_profile,,,,,
Susan Eggers,2002,https://scholar.google.com/citations?user=CWpgflIAAAAJ,,supported,name_and_2plus_dblp_titles,200,2026-09-16T21:59:17Z,Susan J Eggers,"Professor of Computer Science, University of Washington",https://dblp.org/pid/e/SJEggers,Susan J. Eggers,18,historical,2026-04-30,,,,,/Users/jimmylin/workspace/bigcows-project/bigcows-crawler/.cache/acm-fellows-scholar-2026-09-16/cache.json,f0dadb55b0ae16dd1313bde2ccb50b6dcf22c5d5a7e194ac90f4c62795133c6b
Thomas G Dietterich,2002,https://scholar.google.com/citations?user=09kJn28AAAAJ,,supported,name_and_2plus_dblp_titles,200,2026-09-16T21:59:24Z,Thomas Dietterich,"Distinguished Professor (Emeritus), Computer Science, Oregon State University",https://dblp.org/pid/d/TGDietterich,Thomas G. Dietterich,16,missing,,,,,,/Users/jimmylin/workspace/bigcows-project/bigcows-crawler/.cache/acm-fellows-scholar-2026-09-16/cache.json,94b7091a7c581c64a7fb5afb2a0b5a80cce319b1bdc7a2dad76188ed289bb9b3
Vishwani D Agrawal,2002,,,unavailable,no_profile,,,,,https://dblp.org/pid/59/2845,Vishwani D. Agrawal,0,no_profile,,no_verified_profile,,,,,
Wen-Mei Hwu,2002,https://scholar.google.com/citations?user=ohjQPx8AAAAJ,,supported,name_and_2plus_dblp_titles,200,2026-09-16T22:01:48Z,Wen-mei W. Hwu,"Senior Distinguished Research Scientist, NVIDIA; Professor and Sanders-AMD Chair of Electrical and",https://dblp.org/pid/03/4630,Wen-Mei W. Hwu,17,historical,2026-04-30,,,,,/Users/jimmylin/workspace/bigcows-project/bigcows-crawler/.cache/acm-fellows-scholar-2026-09-16/cache.json,b8674ac75877417b8fdbf11daa634d1b6e4858256442f9cfbb651d0676e1e054
Wendy A Kellogg,2002,https://scholar.google.com/citations?user=VKYDwfIAAAAJ,,supported,name_and_2plus_dblp_titles,200,2026-09-16T22:01:55Z,Wendy A. Kellogg,IBM T.J. Watson Research Center,https://dblp.org/pid/k/WendyAKellogg,Wendy A. Kellogg,13,historical,2026-04-30,,,,,/Users/jimmylin/workspace/bigcows-project/bigcows-crawler/.cache/acm-fellows-scholar-2026-09-16/cache.json,ce2ceed7bc2dbf6f0db978b19f61721ebe19093d2c8199e62edcaddfa90e868d
William Dally,2002,https://scholar.google.com/citations?user=YZHj-Y4AAAAJ,,supported,name_and_2plus_dblp_titles,200,2026-09-16T22:02:02Z,William Dally,"Chief Scientist, NVIDIA; Adjunct Professor of CS and EE, Stanford University;",https://dblp.org/pid/d/WJDally,William J. Dally,14,historical,2026-04-30,,,,,/Users/jimmylin/workspace/bigcows-project/bigcows-crawler/.cache/acm-fellows-scholar-2026-09-16/cache.json,b5c3604b1e5d76f7dfe1e3a21bfd92f1e287c41f81206a504863c88ad1f5e107
Alan H Borning,2001,,,unavailable,no_profile,,,,,https://dblp.org/pid/b/AlanBorning,,0,no_profile,,no_verified_profile,,,,,
Alan Smith,2001,,,unavailable,no_profile,,,,,https://dblp.org/pid/s/AlanJaySmith,,0,no_profile,,no_verified_profile,,,,,
Barton P Miller,2001,https://scholar.google.com/citations?user=dywFuRMAAAAJ,,supported,name_and_2plus_dblp_titles,200,2026-09-16T22:02:09Z,Barton Miller,"Vilas Distinguished Achievement Professor, University of Wisconsin-Madison",https://dblp.org/pid/m/BartonPMiller,Barton P. Miller,17,missing,,,,,,/Users/jimmylin/workspace/bigcows-project/bigcows-crawler/.cache/acm-fellows-scholar-2026-09-16/cache.json,c485c3a54028e038989a33aff0dfea6fa504faf9294e2970992e2e4775f0d068
Cherri M Pancake,2001,,,unavailable,no_profile,,,,,https://dblp.org/pid/25/2235,Cherri M. Pancake,0,no_profile,,no_verified_profile,,,,,
Christos Papadimitriou,2001,https://scholar.google.com/citations?user=rXYLXJMAAAAJ,,supported,name_and_2plus_dblp_titles,200,2026-09-16T22:02:16Z,Christos H PAPADIMITRIOU,Columbia University,https://dblp.org/pid/p/CHPapadimitriou,Christos H. Papadimitriou,19,historical,2026-04-30,,,,,/Users/jimmylin/workspace/bigcows-project/bigcows-crawler/.cache/acm-fellows-scholar-2026-09-16/cache.json,9a5a032e8dce0717542d676bab576f358847e700de2f88bacc94cd3a98aeacc4
David Bernard Shmoys,2001,https://scholar.google.com/citations?user=rD8a4hQAAAAJ,,supported,metadata_and_publication_review,200,2026-09-16T22:02:24Z,David Shmoys,Professor of Operations Research & Information Engineering and of Computer Science,https://dblp.org/pid/s/DavidBShmoys,,0,missing,,,,,,/Users/jimmylin/workspace/bigcows-project/bigcows-crawler/.cache/acm-fellows-scholar-2026-09-16/cache.json,b9d0e874d41eaf92b839bc2f6e052997f516c271de370cc53f88ed2abe71e918
David D Clark,2001,https://scholar.google.com/citations?user=9s9o-JcAAAAJ,,supported,metadata_and_publication_review,200,2026-09-16T22:02:32Z,David Clark,"Senior Research Scientist, Computer Science and AI Lab, MIT",https://dblp.org/pid/c/DavidDClark,,0,missing,,,,,,/Users/jimmylin/workspace/bigcows-project/bigcows-crawler/.cache/acm-fellows-scholar-2026-09-16/cache.json,092d897e8f1441be583f63b8e93802c901e73d6f027f2e2d933408d26fe1b7da
David J. Farber,2001,,,unavailable,no_profile,,,,,https://dblp.org/pid/f/DavidJFarber,David J. Farber,0,no_profile,,no_verified_profile,,,,,
Domenico Ferrari,2001,,,unavailable,no_profile,,,,,https://dblp.org/pid/98/2580,Domenico Ferrari,0,no_profile,,no_verified_profile,,,,,
Donald A. Norman,2001,https://scholar.google.com/citations?user=h-2JebwAAAAJ,,supported,name_and_2plus_dblp_titles,200,2026-09-16T22:02:38Z,Don Norman,"Honorary Prof. and Founding Director Emeritus, The Design Lab, University of California, San Diego",https://dblp.org/pid/50/784,Donald A. Norman,4,historical,2026-04-30,,,,,/Users/jimmylin/workspace/bigcows-project/bigcows-crawler/.cache/acm-fellows-scholar-2026-09-16/cache.json,c3aae34df56f259f614f368566eabf491617cc8d1cb57370090025051faab044
Donn B Parker,2001,,,unavailable,no_profile,,,,,https://dblp.org/pid/80/4293,Donn B. Parker,0,no_profile,,no_verified_profile,,,,,
Erol Gelenbe,2001,https://scholar.google.com/citations?user=TShlArwAAAAJ,,supported,name_and_2plus_dblp_titles,200,2026-09-16T22:02:46Z,Erol Gelenbe,"Institute of Theoretical and Applied Informatics, Polish Acad. Science",https://dblp.org/pid/g/ErolGelenbe,Erol Gelenbe,14,historical,2026-04-30,,,,,/Users/jimmylin/workspace/bigcows-project/bigcows-crawler/.cache/acm-fellows-scholar-2026-09-16/cache.json,f03a1c023f2145335631ec144ce36aa4f86850cbcdd907386d11d632dcf9c5c6
George Robertson,2001,,,unavailable,no_profile,,,,,https://dblp.org/pid/175/9203,George Robertson,0,no_profile,,no_verified_profile,,,,,
Giovanni De Micheli,2001,https://scholar.google.com/citations?user=7SUnVDsAAAAJ,,supported,metadata_and_publication_review,200,2026-09-16T22:02:54Z,Giovanni De Micheli,"EPFL, Stanford",https://dblp.org/pid/d/GDeMicheli,,0,missing,,,,,,/Users/jimmylin/workspace/bigcows-project/bigcows-crawler/.cache/acm-fellows-scholar-2026-09-16/cache.json,87403e2306ee9f11b270feb3ec2b5f1919fb0fd1fc6156ea6e507a529e1fc4f9
Hans-Joerg Schek,2001,https://scholar.google.com/citations?user=RnabX4gAAAAJ,,supported,name_and_2plus_dblp_titles,200,2026-09-16T22:03:00Z,HJ Schek,"ETH Zürich and UMIT Innsbruck, Emeritus since 2005",https://dblp.org/pid/s/HansJorgSchek,Hans-Jörg Schek,16,historical,2026-04-30,,,,,/Users/jimmylin/workspace/bigcows-project/bigcows-crawler/.cache/acm-fellows-scholar-2026-09-16/cache.json,dd0036f53ea36cca5a5e58a6a933b232304b1e4764f5ca2bb2cee99d36117ac1
Ira Pohl,2001,,,unavailable,no_profile,,,,,https://dblp.org/pid/37/476,Ira Pohl,0,no_profile,,no_verified_profile,,,,,
Jack Dongarra,2001,https://scholar.google.com/citations?user=X4SbSTAAAAAJ,,supported,name_and_2plus_dblp_titles,200,2026-09-16T22:03:08Z,Jack Dongarra,University of Tennessee; Oak Ridge National Laboratory; University of Manchester,https://dblp.org/pid/d/JackDongarra,Jack J. Dongarra,9,historical,2026-04-30,,,,,/Users/jimmylin/workspace/bigcows-project/bigcows-crawler/.cache/acm-fellows-scholar-2026-09-16/cache.json,497572227d2d14ebb34dcda45e7fb2bfa1453f3f118d6b6734e0a438302e5b9d
Jacob Abraham,2001,https://scholar.google.com/citations?user=rmkFbFsAAAAJ,,supported,metadata_and_publication_review,200,2026-09-16T22:03:15Z,Jacob Abraham,"Professor, University of Texas",https://dblp.org/pid/36/1196,Jacob Abraham,0,historical,2026-04-30,,,,,/Users/jimmylin/workspace/bigcows-project/bigcows-crawler/.cache/acm-fellows-scholar-2026-09-16/cache.json,783f6220a1fb7259a516dcb332e05166f5763271ce94d47e91f11dd8f92710f5
James Kurose,2001,https://scholar.google.com/citations?user=219_uIcAAAAJ,,supported,name_and_2plus_dblp_titles,200,2026-09-16T22:03:21Z,James Kurose,U. Massachusetts,https://dblp.org/pid/k/JamesFKurose,James F. Kurose,13,historical,2026-04-30,,,,,/Users/jimmylin/workspace/bigcows-project/bigcows-crawler/.cache/acm-fellows-scholar-2026-09-16/cache.json,737e3e6699d4ac03402fe3f9ebec8e78b8e1205e2f81ddd6cbec36460ae23898
Janak H Patel,2001,https://scholar.google.com/citations?user=z-T4bO0AAAAJ,,supported,name_and_2plus_dblp_titles,200,2026-09-16T22:03:29Z,Janak H. Patel,"Electrical and Computer Engineering, University of Illinois at Urbana-Champaign",https://dblp.org/pid/21/127,Janak H. Patel,18,historical,2026-04-30,,,,,/Users/jimmylin/workspace/bigcows-project/bigcows-crawler/.cache/acm-fellows-scholar-2026-09-16/cache.json,2b857fdd0c32fb9242437f3c95bbfb54121467d7e96f4d8de040cef360f0f7ca
Jeffrey C Mogul,2001,https://scholar.google.com/citations?user=1pAVdtwAAAAJ,,supported,name_and_2plus_dblp_titles,200,2026-09-16T22:03:36Z,Jeff Mogul,Google,https://dblp.org/pid/m/JeffreyCMogul,Jeffrey C. Mogul,17,missing,,,,,,/Users/jimmylin/workspace/bigcows-project/bigcows-crawler/.cache/acm-fellows-scholar-2026-09-16/cache.json,cc78830133fe8b20bb03473b5d00c6808eae223bfd094fbf33e6753f50df44f7
Jeffrey Kramer,2001,https://scholar.google.com/citations?user=t-fuDjMAAAAJ,,supported,name_and_2plus_dblp_titles,200,2026-09-16T22:03:43Z,Jeff Kramer,"Professor of Computing, Imperial College",https://dblp.org/pid/k/JeffKramer,Jeff Kramer,19,historical,2026-04-30,,,,,/Users/jimmylin/workspace/bigcows-project/bigcows-crawler/.cache/acm-fellows-scholar-2026-09-16/cache.json,ed31bcdf0b362e5341e9f2e2605af43b5e05cabfcb549cb790b998345b35800c
Jin-Yi Cai,2001,https://scholar.google.com/citations?user=Yn-Lm_QAAAAJ,,supported,name_and_2plus_dblp_titles,200,2026-09-16T22:03:51Z,Jin-Yi Cai,University of Wisconsin - Madison,https://dblp.org/pid/c/JinyiCai,Jin-Yi Cai,17,historical,2026-04-30,,,,,/Users/jimmylin/workspace/bigcows-project/bigcows-crawler/.cache/acm-fellows-scholar-2026-09-16/cache.json,619d4c360ddccefe588fefe373754df0b0ff8d323dd26aa1b2a91326ee260a8d
Joan Feigenbaum,2001,https://scholar.google.com/citations?user=IAeKTGsAAAAJ,,supported,name_and_2plus_dblp_titles,200,2026-09-16T22:03:58Z,Joan Feigenbaum,"Grace Murray Hopper Professor of Computer Science, Yale University",https://dblp.org/pid/f/JoanFeigenbaum,Joan Feigenbaum,19,historical,2026-04-30,,,,,/Users/jimmylin/workspace/bigcows-project/bigcows-crawler/.cache/acm-fellows-scholar-2026-09-16/cache.json,08300b7e0ee44de7f7dc71af9374e1cdafe74adb7d74f43eaecee3cd9e7183bf
Joel S Birnbaum,2001,,,unavailable,no_profile,,,,,https://dblp.org/pid/78/640,Joel S. Birnbaum,0,no_profile,,no_verified_profile,,,,,
Johan de Kleer,2001,https://scholar.google.com/citations?user=CwZjyjIAAAAJ,,supported,metadata_and_publication_review,200,2026-09-16T22:04:05Z,Johan de Kleer,c-infinity,https://dblp.org/pid/212/2931,Johann DeKleer,0,historical,2026-04-30,dblp_identity_review,,,,/Users/jimmylin/workspace/bigcows-project/bigcows-crawler/.cache/acm-fellows-scholar-2026-09-16/cache.json,9ac031af6a1b9fd28ca1cbb6eeace29ecf73de8744e8a96396b2254187d2934b
John C Reynolds,2001,,,unavailable,no_profile,,,,,https://dblp.org/pid/185/2080,Cian John Reynolds,0,no_profile,,no_verified_profile,,,,,
John Mark Pullen,2001,https://scholar.google.com/citations?user=FvTjg7cAAAAJ,,supported,name_and_2plus_dblp_titles,200,2026-09-16T22:04:12Z,J Mark Pullen,"Professor of Computer Science, George Mason University",https://dblp.org/pid/07/1554,J. Mark Pullen,12,historical,2026-04-30,,,,,/Users/jimmylin/workspace/bigcows-project/bigcows-crawler/.cache/acm-fellows-scholar-2026-09-16/cache.json,ec2ba9a8568aa236a01005e10bab614377248c4b256574dd41167953e98fb3f0
John P Hayes,2001,https://scholar.google.com/citations?user=a-qMWpwAAAAJ,,supported,name_and_2plus_dblp_titles,200,2026-09-16T22:04:21Z,John P Hayes,"Professor of EECS, University of Michigan",https://dblp.org/pid/92/2628,John P. Hayes,16,historical,2026-04-30,,,,,/Users/jimmylin/workspace/bigcows-project/bigcows-crawler/.cache/acm-fellows-scholar-2026-09-16/cache.json,f2b1cc4b7a391c03e71f5337ac28d54d770754ee8e59be22051f06b09c5c07e0
Jonathan Turner,2001,https://scholar.google.com/citations?user=Cgx9W6UAAAAJ,,supported,metadata_and_publication_review,200,2026-09-16T22:04:29Z,Jonathan Turner,"Senior Professor of Computer Science, Washington University in St. Louis",https://dblp.org/pid/78/2489,Jonathan Turner,0,historical,2026-04-30,,,,,/Users/jimmylin/workspace/bigcows-project/bigcows-crawler/.cache/acm-fellows-scholar-2026-09-16/cache.json,c4f10e0def9c57ec88e469de179d4dd91c645d6c7fcc65443fae36510b0a6faa
Joseph F Jaja,2001,,,unavailable,no_profile,,,,,https://dblp.org/pid/j/JosephJaJa,Joseph F. JáJá,0,no_profile,,no_verified_profile; dblp_identity_review,,,,,
Kang Shin,2001,https://scholar.google.com/citations?user=vY7MdLYAAAAJ,,supported,metadata_and_publication_review,200,2026-09-16T22:04:37Z,Kang G. Shin,"Kevin & Nancy O'Connor Professor of Computer Science, University of Michigan",https://dblp.org/pid/s/KangGShin,,0,historical,2026-04-30,,,,,/Users/jimmylin/workspace/bigcows-project/bigcows-crawler/.cache/acm-fellows-scholar-2026-09-16/cache.json,ab0ce96e9090709246da733264695e8b69ac87f9f3aa30946cb22e5eec2ea059
Krishan K. Sabnani,2001,https://scholar.google.com/citations?user=OWfYfb4AAAAJ,,supported,name_and_2plus_dblp_titles,200,2026-09-16T22:04:44Z,Krishan Sabnani,"Professor of Computer Science, Johns Hopkins University",https://dblp.org/pid/79/718,Krishan K. Sabnani,4,historical,2026-04-30,,,,,/Users/jimmylin/workspace/bigcows-project/bigcows-crawler/.cache/acm-fellows-scholar-2026-09-16/cache.json,057ad2da3c7c5cb09b1b3f51078fbbf6373b0495137a5771f9d71a0267d0a7d6
Krithivasan Ramamritham,2001,https://scholar.google.com/citations?user=LFLG5pcAAAAJ,,supported,metadata_and_publication_review,200,2026-09-16T22:07:20Z,Krithivasan Ramamritham,"India (previously Dean R&D and Rekhi Chair Professor, IIT Bombay)",https://dblp.org/pid/241/7559,Krithivasan Ramamritham,0,missing,,possible_attribution_conflict,,Dragon2000 standard-cell placement paper is credited to X. Yang and M. Sarrafzadeh.,,/Users/jimmylin/workspace/bigcows-project/bigcows-crawler/.cache/acm-fellows-scholar-2026-09-16/cache.json,d255fe02bd78281d056700f877386574970bae40d8ad663d154d6d9506e1d9b1
Marilyn Claire Wolf,2001,https://scholar.google.com/citations?user=dA88kLYAAAAJ,,supported,name_and_2plus_dblp_titles,200,2026-09-16T22:07:27Z,Marilyn Wolf,"Koch Professor of Engineering and Director, School of Computing",https://dblp.org/pid/w/WayneWolf,Marilyn Wolf,14,missing,,,,,,/Users/jimmylin/workspace/bigcows-project/bigcows-crawler/.cache/acm-fellows-scholar-2026-09-16/cache.json,22af2d0c8dad2992b47040fc43c7a5f4f53d3a0821e44b354aa21eb64b30b50f
Nick Roussopoulos,2001,https://scholar.google.com/citations?user=tia0DoIE6XUJ,,supported,name_and_2plus_dblp_titles,200,2026-09-16T22:07:35Z,Nick Roussopoulos,"Professor of Computer Science, University of Maryland",https://dblp.org/pid/r/NickRoussopoulos,Nick Roussopoulos,19,historical,2026-04-30,,,,,/Users/jimmylin/workspace/bigcows-project/bigcows-crawler/.cache/acm-fellows-scholar-2026-09-16/cache.json,601e866be7b1cd59a167bc3644acaf11dd44c51d770e011c9e66728c4e932804
Ouri Wolfson,2001,https://scholar.google.com/citations?user=zGSP_osAAAAJ,,supported,name_and_2plus_dblp_titles,200,2026-09-16T22:07:42Z,Ouri Wolfson,"Professor of Computer Science, University of Illinois, Chicago, Fellow ACM, Fellow IEEE, Fellow AAAS",https://dblp.org/pid/w/OuriWolfson,Ouri Wolfson,17,historical,2026-04-30,,,,,/Users/jimmylin/workspace/bigcows-project/bigcows-crawler/.cache/acm-fellows-scholar-2026-09-16/cache.json,913f65934821d2db6120f3db0cde3558ef640c61f062abcde4051914a050fc0d
Pamela Zave,2001,https://scholar.google.com/citations?user=QqvUgJsAAAAJ,,supported,name_and_2plus_dblp_titles,200,2026-09-16T22:07:50Z,Pamela Zave,AT&T Labs--Research,https://dblp.org/pid/z/PamelaZave,Pamela Zave,17,historical,2026-04-30,,,,,/Users/jimmylin/workspace/bigcows-project/bigcows-crawler/.cache/acm-fellows-scholar-2026-09-16/cache.json,5a98b567f484504d39b59204f4678bbe2e7f5c87d2b6add66dc21fe2dd26a69a
Philip A Bernstein,2001,https://scholar.google.com/citations?user=6OEYXEIAAAAJ,,supported,name_and_2plus_dblp_titles,200,2026-09-16T22:07:56Z,Philip A. Bernstein,Microsoft Research,https://dblp.org/pid/b/PhilipABernstein,Philip A. Bernstein,16,historical,2026-04-30,,,,,/Users/jimmylin/workspace/bigcows-project/bigcows-crawler/.cache/acm-fellows-scholar-2026-09-16/cache.json,ad466801ffdfeb168b599e4418e5efc78ab04ddb32895dae82f1c774a7fd1232
Prabhakar Raghavan,2001,https://scholar.google.com/citations?user=FtMADIMAAAAJ,,supported,name_and_2plus_dblp_titles,200,2026-09-16T22:08:03Z,Prabhakar Raghavan,Google,https://dblp.org/pid/r/PRaghavan,Prabhakar Raghavan,17,historical,2026-04-30,,,,,/Users/jimmylin/workspace/bigcows-project/bigcows-crawler/.cache/acm-fellows-scholar-2026-09-16/cache.json,2534334c9473d60858d7c1d798a5e355260aff6669bb085bcb683abe2d1c8ab9
Raghu Ramakrishnan,2001,https://scholar.google.com/citations?user=udZSrkYAAAAJ,,supported,name_and_2plus_dblp_titles,200,2026-09-16T22:08:09Z,Raghu Ramakrishnan,Microsoft,https://dblp.org/pid/r/RaghuRamakrishnan,Raghu Ramakrishnan 0001,18,historical,2026-04-30,,,,,/Users/jimmylin/workspace/bigcows-project/bigcows-crawler/.cache/acm-fellows-scholar-2026-09-16/cache.json,f81aecc84a9bfe641cb428c46a0e6df47f480144131a7d1757850c5c0ba84222
Ralf Steinmetz,2001,,,unavailable,no_profile,,,,,https://dblp.org/pid/s/RalfSteinmetz,Ralf Steinmetz,0,no_profile,,no_verified_profile,,,,,
Ravinderpal S Sandhu,2001,https://scholar.google.com/citations?user=wic7YpkAAAAJ,,supported,name_and_2plus_dblp_titles,200,2026-09-16T22:08:22Z,Ravi Sandhu,University of Texas at San Antonio,https://dblp.org/pid/s/RaviSSandhu,Ravi S. Sandhu,16,missing,,,,,,/Users/jimmylin/workspace/bigcows-project/bigcows-crawler/.cache/acm-fellows-scholar-2026-09-16/cache.json,fc20a35722570a116dbabb5799f40e315b5d6924d625b29b3144898a87bebab6
Ravishankar Iyer,2001,,,unavailable,no_profile,,,,,https://dblp.org/pid/i/RavishankarKIyer,Ravishankar K. Iyer,0,no_profile,,no_verified_profile,,,,,
Richard B Kieburtz,2001,,,unavailable,no_profile,,,,,https://dblp.org/pid/k/RBKieburtz,Richard B. Kieburtz,0,no_profile,,no_verified_profile,,,,,
Richard D Schlichting,2001,,,unavailable,no_profile,,,,,https://dblp.org/pid/s/RichardDSchlichting,Richard D. Schlichting,0,no_profile,,no_verified_profile,,,,,
Robert A Kowalski,2001,https://scholar.google.com/citations?user=pvkQAj0AAAAJ,,supported,metadata_and_publication_review,200,2026-09-16T22:08:28Z,Bob Kowalski,"Emeritus Professor, Imperial College London",https://dblp.org/pid/k/RobertAKowalski,Robert A. Kowalski,18,missing,,,,,,/Users/jimmylin/workspace/bigcows-project/bigcows-crawler/.cache/acm-fellows-scholar-2026-09-16/cache.json,4569268e3df839ca6ea4d60b2c45e0fb28923a1886ee3e06b6a01568b316f51c
Robert Aiken,2001,,,unavailable,no_profile,,,,,https://dblp.org/pid/26/6737,Robert J. Aiken,0,no_profile,,no_verified_profile,,,,,
Robert E Kahn,2001,,,unavailable,no_profile,,,,,https://dblp.org/pid/85/2295,Robert E. Kahn,0,no_profile,,no_verified_profile,,,,,
Ruby B Lee,2001,https://scholar.google.com/citations?user=odeKATgAAAAJ,,supported,name_and_2plus_dblp_titles,200,2026-09-16T22:08:36Z,Ruby B. Lee,"Forrest G. Hamrick Professor of Electrical Engineering, also Computer Science",https://dblp.org/pid/87/4706,Ruby B. Lee,19,historical,2026-04-30,,,,,/Users/jimmylin/workspace/bigcows-project/bigcows-crawler/.cache/acm-fellows-scholar-2026-09-16/cache.json,e4762627a43063c7b700392b7ea01753e968053ae6adc8bc5fda99f03d1f5633
Sally J Floyd,2001,,,unavailable,no_profile,,,,,https://dblp.org/pid/25/1323,,0,no_profile,,no_verified_profile,,,,,
Sitharama Iyengar,2001,https://scholar.google.com/citations?user=eNONM8AAAAAJ,,supported,name_and_2plus_dblp_titles,200,2026-09-16T22:08:43Z,Sundararaja Sitharama Iyengar,"Professor of Computer Science, Florida International University",https://dblp.org/pid/i/SSitharamaIyengar,S. Sitharama Iyengar,13,historical,2026-04-30,,,,,/Users/jimmylin/workspace/bigcows-project/bigcows-crawler/.cache/acm-fellows-scholar-2026-09-16/cache.json,b2a6cad30f46d58bca48e0be131ea843563426622ad94c49c4df4e02a32d5d1a
Sung Mo Kang,2001,https://scholar.google.com/citations?user=yJB9y2QAAAAJ,,supported,name_and_2plus_dblp_titles,200,2026-09-16T22:08:51Z,Sung Mo Kang,"University of California, Santa Cruz",https://dblp.org/pid/57/2381,Sung-Mo Kang,5,historical,2026-04-30,,,,,/Users/jimmylin/workspace/bigcows-project/bigcows-crawler/.cache/acm-fellows-scholar-2026-09-16/cache.json,a8404508d53c6f42aba6fdea3499b8ff6c63bfe6b14b1dfcc7d7e1b19f51d3f9
Susan B Davidson,2001,https://scholar.google.com/citations?user=LW4lnZYAAAAJ,,supported,name_and_2plus_dblp_titles,200,2026-09-16T22:08:58Z,Susan Davidson,University of Pennsylvania,https://dblp.org/pid/d/SBDavidson,Susan B. Davidson,16,missing,,,,,,/Users/jimmylin/workspace/bigcows-project/bigcows-crawler/.cache/acm-fellows-scholar-2026-09-16/cache.json,e2d87c6ec656fd7a577a8aff2ad51f44cf2efd5642aac53ddb1906be9e6d71e9
Tetsuo Asano,2001,https://scholar.google.com/citations?user=Oad1ijkAAAAJ,,supported,name_and_2plus_dblp_titles,200,2026-09-16T22:09:05Z,Tetsuo Asano,"Professor of School of Information Science, JAIST",https://dblp.org/pid/27/132,Tetsuo Asano,13,historical,2026-04-30,,,,,/Users/jimmylin/workspace/bigcows-project/bigcows-crawler/.cache/acm-fellows-scholar-2026-09-16/cache.json,f374c0267a0dd599ab42ee671b94020dd0fec48689940a5431c6015725fa667a
Witold Litwin,2001,https://scholar.google.com/citations?user=6Rbf6EUAAAAJ,,supported,name_and_2plus_dblp_titles,200,2026-09-16T22:09:12Z,Witold Litwin,"Professor of Computer Science, University Paris Dauphine",https://dblp.org/pid/12/2734,Witold Litwin,18,historical,2026-04-30,,,,,/Users/jimmylin/workspace/bigcows-project/bigcows-crawler/.cache/acm-fellows-scholar-2026-09-16/cache.json,b3c7346c242e53b8ceef1b80bef3738a0baefced0b28f776ff140bfcedd0c2b8
Yale Patt,2001,https://scholar.google.com/citations?user=ycNJVd4AAAAJ,,supported,name_and_2plus_dblp_titles,200,2026-09-16T22:09:18Z,Yale Patt,"Professor of ECE and Ernest Cockrell, Jr. Centennial Chair in",https://dblp.org/pid/p/YaleNPatt,Yale N. Patt,20,historical,2026-04-30,no_verified_email,,,,/Users/jimmylin/workspace/bigcows-project/bigcows-crawler/.cache/acm-fellows-scholar-2026-09-16/cache.json,18fe3b83cf1065197782ade69bcee28df988a59bad4f5d01df7e45551b43a71a
Yuri Breitbart,2001,,,unavailable,no_profile,,,,,https://dblp.org/pid/b/YuriBreitbart,Yuri Breitbart,0,no_profile,,no_verified_profile,,,,,
Alan W Biermann,2000,,,unavailable,no_profile,,,,,https://dblp.org/pid/b/AWBiermann,Alan W. Biermann,0,no_profile,,no_verified_profile,,,,,
Albert R Meyer,2000,,,unavailable,no_profile,,,,,https://dblp.org/pid/m/ARMeyer,Albert R. Meyer,0,no_profile,,no_verified_profile,,,,,
Axel Van Lamsweerde,2000,https://scholar.google.com/citations?user=KhZnymAAAAAJ,,supported,name_and_2plus_dblp_titles,200,2026-09-16T22:09:26Z,Axel van Lamsweerde,"Professor Emeritus, ICTEAM Institute, EPL, Université catholique de Louvain",https://dblp.org/pid/71/4758,Axel van Lamsweerde,18,historical,2026-04-30,,,,,/Users/jimmylin/workspace/bigcows-project/bigcows-crawler/.cache/acm-fellows-scholar-2026-09-16/cache.json,aa47cdb738f502462c9c31c9e1d01c8e69ec8a2a294b81186e23d20b6e8f06df
David S Warren,2000,https://scholar.google.com/citations?user=6DDwarUAAAAJ,,supported,metadata_and_publication_review,200,2026-09-16T22:09:34Z,David Scott Warren,"Emeritus Professor of Computer Science, Stony Brook University",https://dblp.org/pid/253/0233,,0,historical,2026-04-30,,,,,/Users/jimmylin/workspace/bigcows-project/bigcows-crawler/.cache/acm-fellows-scholar-2026-09-16/cache.json,b5f0709b5755e1ff62ca00c95c9c4a8babbace84aa2b5e63fa22e01bbaabeb58
Deborah Estrin,2000,https://scholar.google.com/citations?user=3_WYcR4AAAAJ,,supported,name_and_2plus_dblp_titles,200,2026-09-16T22:09:41Z,Deborah Estrin,"Professor of Computer Science, Cornell Tech, Cornell University",https://dblp.org/pid/e/DeborahEstrin,Deborah Estrin,17,historical,2026-04-30,,,,,/Users/jimmylin/workspace/bigcows-project/bigcows-crawler/.cache/acm-fellows-scholar-2026-09-16/cache.json,ebce8817a03f8e0582bb1416ff90694345f76fb9bcf9d9ad5920f4557d1d5cbe
Donald J Haderle,2000,,,unavailable,no_profile,,,,,https://dblp.org/pid/11/633,Don Haderle,0,no_profile,,no_verified_profile,,,,,
Donald W Loveland,2000,,,unavailable,no_profile,,,,,https://dblp.org/pid/23/1767,Donald W. Loveland,0,no_profile,,no_verified_profile,,,,,
Douglas E Comer,2000,https://scholar.google.com/citations?user=b2f-PjYAAAAJ,,supported,name_and_2plus_dblp_titles,200,2026-09-16T22:09:49Z,Douglas Comer,"Distinguished Professor of Computer Science, Purdue University",https://dblp.org/pid/c/DouglasComer,Douglas Comer,7,missing,,,,,,/Users/jimmylin/workspace/bigcows-project/bigcows-crawler/.cache/acm-fellows-scholar-2026-09-16/cache.json,bfc4bf2652140074c7abfdb29b218b86c970066cd329581e8a9a8b342ca8901e
Francine Berman,2000,https://scholar.google.com/citations?user=HzqQ2wYAAAAJ,,supported,name_and_2plus_dblp_titles,200,2026-09-16T22:09:55Z,Francine Berman,"Hamilton Distinguished Professor of Computer Science, RPI",https://dblp.org/pid/b/FBerman,Francine Berman,16,historical,2026-04-30,,,,,/Users/jimmylin/workspace/bigcows-project/bigcows-crawler/.cache/acm-fellows-scholar-2026-09-16/cache.json,5e3884bcf9a73df47d2644439941a100cf18439d6bdcd32d7b890fb6bef961f2
Henry F Korth,2000,https://scholar.google.com/citations?user=4VLZdawAAAAJ,,supported,name_and_2plus_dblp_titles,200,2026-09-16T22:10:03Z,Hank Korth,"Professor of Computer Science, Lehigh University",https://dblp.org/pid/k/HenryFKorth,Henry F. Korth,10,missing,,,,,,/Users/jimmylin/workspace/bigcows-project/bigcows-crawler/.cache/acm-fellows-scholar-2026-09-16/cache.json,743a0bc64fe714771e521b04871ebbb64053da7cb64531aa9633e057484e239b
James H Morris,2000,https://scholar.google.com/citations?user=9Y2cn3EAAAAJ,,supported,recent_verified_resolution,200,2026-09-17T00:06:49Z,James Morris,"Professor of Computer Science and Human Computer Interaction, Carnegie Mellon",https://dblp.org/pid/94/280,James H. Morris,10,missing,,possible_attribution_conflict,,Known prostate-cancer xenograft paper among authentic KMP/Andrew publications; user-approved identity remains unchanged.,,tmp/scholar-crawl-review-2026-09-16/candidate-cache.json,00f3805114f74e296f0ea63b3e6d7ea35e598c87ad9bb09a2f7aa8f799ddf2fa
Karen Duncan,2000,,,unavailable,no_profile,,,,,https://dblp.org/pid/82/415,Karen Duncan,0,no_profile,,no_verified_profile,,,,,
Larry L Peterson,2000,https://scholar.google.com/citations?user=hmq4rGIAAAAJ,,supported,metadata_and_publication_review,200,2026-09-16T22:12:26Z,Larry Peterson,"Princeton University / Systems Approach, LLC",https://dblp.org/pid/29/10895,Larry Peterson,0,historical,2026-04-30,,,,,/Users/jimmylin/workspace/bigcows-project/bigcows-crawler/.cache/acm-fellows-scholar-2026-09-16/cache.json,dca6715ef3fe8e145612748522b49398cd21041f5cd221e6bd12a1ad9652bcf5
Laxminarayan Bhuyan,2000,,,unavailable,no_profile,,,,,https://dblp.org/pid/b/LaxmiNBhuyan,,0,no_profile,,no_verified_profile,,,,,
Leonard Kleinrock,2000,,,unavailable,no_profile,,,,,https://dblp.org/pid/k/LKleinrock,Leonard Kleinrock,0,no_profile,,no_verified_profile,,,,,
Michael Heath,2000,https://scholar.google.com/citations?user=jPis1roAAAAJ,,supported,metadata_and_publication_review,200,2026-09-16T22:12:35Z,Michael T. Heath,"Professor of Computer Science, University of Illinois at Urbana-Champaign",https://dblp.org/pid/66/2134,Michael Heath,1,historical,2026-04-30,,,,,/Users/jimmylin/workspace/bigcows-project/bigcows-crawler/.cache/acm-fellows-scholar-2026-09-16/cache.json,49b33a9a2f88121bbcae66e617e2ddcd995b85d9dd253fe3732d4524f7b3b87c
Michael J Carey,2000,https://scholar.google.com/citations?user=B8tFrksAAAAJ,,supported,name_and_2plus_dblp_titles,200,2026-09-16T22:12:42Z,Michael J. Carey,"Bren Professor of Information and Computer Sciences, University of California, Irvine",https://dblp.org/pid/31/3455,Michael J. Carey 0001,15,historical,2026-04-30,,,,,/Users/jimmylin/workspace/bigcows-project/bigcows-crawler/.cache/acm-fellows-scholar-2026-09-16/cache.json,37e5493042ef5dfe3cd7e0a0d29da9f4ee7591c62e10c06ef9d11a09af1ffefc
Moshe Y Vardi,2000,https://scholar.google.com/citations?user=DQaARsgAAAAJ,,supported,name_and_2plus_dblp_titles,200,2026-09-16T22:12:50Z,Moshe Y. Vardi,Rice University,https://dblp.org/pid/v/MosheYVardi,Moshe Y. Vardi,17,historical,2026-04-30,,,,,/Users/jimmylin/workspace/bigcows-project/bigcows-crawler/.cache/acm-fellows-scholar-2026-09-16/cache.json,5d0224d14dcd6e61dbb02569f158ebc9c6aa7d55696aa0492d871b0c6f3d9c0b
Peter A Freeman,2000,https://scholar.google.com/citations?user=1kW15d8AAAAJ,,supported,name_and_2plus_dblp_titles,200,2026-09-16T22:12:57Z,Peter A. Freeman,"Georgia Tech, UC Irvine",https://dblp.org/pid/f/PeterFreeman,Peter Freeman 0001,10,historical,2026-04-30,,,,,/Users/jimmylin/workspace/bigcows-project/bigcows-crawler/.cache/acm-fellows-scholar-2026-09-16/cache.json,af57bbcebd271f46f9cb33920a680420565a1321859e30a606906323fe3b2d67
Peter Buneman,2000,https://scholar.google.com/citations?user=d9bq04sAAAAJ,,supported,name_and_2plus_dblp_titles,200,2026-09-16T22:13:04Z,Peter Buneman,"Professor, University of Edinburgh",https://dblp.org/pid/b/PeterBuneman,Peter Buneman,15,historical,2026-04-30,,,,,/Users/jimmylin/workspace/bigcows-project/bigcows-crawler/.cache/acm-fellows-scholar-2026-09-16/cache.json,69bdb2ad8487c17f27ad34dbb5335a9ebdeec07f62a9aa64648a52d4ee1f3293
Prithviraj Banerjee,2000,,https://scholar.google.com/citations?user=ZmDUIeMAAAAJ,unavailable,no_profile,,,,,https://dblp.org/pid/b/PrithvirajBanerjee,Prithviraj Banerjee,,no_profile,,no_verified_profile; wrong_person_cleared; dblp_identity_review,Linked Apple computer-vision researcher is a USC 2008–2014 graduate; Fellow worked on parallel computing and VLSI CAD at Illinois/Northwestern. DBLP also points to the namesake.,,https://users.eecs.northwestern.edu/~dcz338/publications/TLVLSI-accelchip.pdf,,
Randal E Bryant,2000,https://scholar.google.com/citations?user=AFgYa68AAAAJ,,supported,name_and_2plus_dblp_titles,200,2026-09-16T22:13:20Z,Randal Bryant,Carnegie Mellon University,https://dblp.org/pid/b/REBryant,Randal E. Bryant,16,missing,,,,,,/Users/jimmylin/workspace/bigcows-project/bigcows-crawler/.cache/acm-fellows-scholar-2026-09-16/cache.json,b4d8efec67e413f4d4bdda57eed8314823f224cc4ad2a4f959d6f18824f295d2
Raymond A Lorie,2000,,,unavailable,no_profile,,,,,https://dblp.org/pid/67/3397,Raymond A. Lorie,0,no_profile,,no_verified_profile,,,,,
Reinhard Wilhelm,2000,https://scholar.google.com/citations?user=cmvUbRUAAAAJ,,supported,metadata_and_publication_review,200,2026-09-16T22:13:27Z,Reinhard Wilhelm,"Computer Science, Saarland University, Saarland Informatics Campus (SIC)",https://dblp.org/pid/w/ReinhardWilhelm,,0,historical,2026-04-30,,,,,/Users/jimmylin/workspace/bigcows-project/bigcows-crawler/.cache/acm-fellows-scholar-2026-09-16/cache.json,157eae32aeeeb4d2ab9b3c4d71a2b023ff919bef44fa9ce6bdb9102b4428c574
Robin Williams,2000,,https://scholar.google.com/citations?user=2RzHVjcAAAAJ,unavailable,no_profile,,,,,https://dblp.org/pid/231/5321,Robin Jess Williams,,no_profile,,no_verified_profile; wrong_person_cleared; dblp_identity_review,Linked Edinburgh social-science researcher is distinct from the IBM research leader and ACM Fellow described by UC Merced.,,https://engineering.ucmerced.edu/content/robin-williams,,
Ronald Fagin,2000,https://scholar.google.com/citations?user=ohL-Y50AAAAJ,,supported,name_and_2plus_dblp_titles,200,2026-09-16T22:13:42Z,Ronald Fagin,IBM Research - Silicon Valley,https://dblp.org/pid/f/RonaldFagin,Ronald Fagin,19,historical,2026-04-30,,,,,/Users/jimmylin/workspace/bigcows-project/bigcows-crawler/.cache/acm-fellows-scholar-2026-09-16/cache.json,dbfc54f2b60f5a1f64ff389460b5f1f4e80b87a3d77c6e4316d90e5ebcdb5cd6
Shahid H Bokhari,2000,https://scholar.google.com/citations?user=6BV79KYAAAAJ,,supported,name_and_2plus_dblp_titles,200,2026-09-16T22:13:51Z,Shahid Bokhari,"Independent Researcher, Cupertino, CA",https://dblp.org/pid/b/ShahidHBokhari,Shahid H. Bokhari,13,missing,,,,,,/Users/jimmylin/workspace/bigcows-project/bigcows-crawler/.cache/acm-fellows-scholar-2026-09-16/cache.json,d630099144bb8112b38eb3d85cce87767946bf8f64d96226409cc3de863a0dfe
Stuart K. Card,2000,https://scholar.google.com/citations?user=ccCNF08AAAAJ,,supported,name_and_2plus_dblp_titles,200,2026-09-16T22:13:59Z,Stuart K. Card,"Adjunct Professor, Computer Science Dept., Stanford University",https://dblp.org/pid/c/StuartKCard,Stuart K. Card,14,historical,2026-04-30,no_verified_email,,,,/Users/jimmylin/workspace/bigcows-project/bigcows-crawler/.cache/acm-fellows-scholar-2026-09-16/cache.json,c0c3ee648b7a58224db41980c13a8109819a3c2673008e260bc7ee00142be98d
Wesley Kent Fuchs,2000,https://scholar.google.com/citations?user=3AZbXzEAAAAJ,,supported,metadata_and_publication_review,200,2026-09-16T22:14:07Z,W. Kent Fuchs,"President, University of Florida",https://dblp.org/pid/f/WKentFuchs,,0,missing,,,,,,/Users/jimmylin/workspace/bigcows-project/bigcows-crawler/.cache/acm-fellows-scholar-2026-09-16/cache.json,3e0fb4b3e203a9a7b738619aaffa8c69a1e2115f140c78f417d60ecc220912c5
Willy E Zwaenepoel,2000,https://scholar.google.com/citations?user=KfI_FL4AAAAJ,,supported,metadata_and_publication_review,200,2026-09-16T22:14:15Z,Willy Zwaenepoel,University of Sydney,https://dblp.org/pid/z/WZwaenepoel,,0,missing,,,,,,/Users/jimmylin/workspace/bigcows-project/bigcows-crawler/.cache/acm-fellows-scholar-2026-09-16/cache.json,06b86326c94705beb9937d787cea51759added11323cb53d09fc7e70022ec069
Ahmed Sameh,1999,,https://scholar.google.com/citations?user=hnfLvnIAAAAJ,unavailable,no_profile,,,,,https://dblp.org/pid/s/AhmedSameh,Ahmed Sameh,,no_profile,,no_verified_profile; wrong_person_cleared; dblp_identity_review,Profile is verified at Prince Sultan University and combines that namesake with Purdue numerical analyst Ahmed H. Sameh and unrelated authors. A coauthor link and research.com repeat this wrong association.,,https://www.cs.purdue.edu/people/faculty/sameh/,,
Akinori Yonezawa,1999,,,unavailable,no_profile,,,,,https://dblp.org/pid/y/AkinoriYonezawa,Akinori Yonezawa,0,no_profile,,no_verified_profile,,,,,
C. Dianne Martin,1999,,,unavailable,no_profile,,,,,https://dblp.org/pid/m/CDMartin,C. Dianne Martin,0,no_profile,,no_verified_profile,,,,,
Carlo Ghezzi,1999,https://scholar.google.com/citations?user=Y8BLBGcAAAAJ,,supported,name_and_2plus_dblp_titles,200,2026-09-16T22:14:30Z,Carlo Ghezzi,"Emeritus Professor, Politecnico di Milano",https://dblp.org/pid/g/CarloGhezzi,Carlo Ghezzi,16,historical,2026-04-30,,,,,/Users/jimmylin/workspace/bigcows-project/bigcows-crawler/.cache/acm-fellows-scholar-2026-09-16/cache.json,8c30ea2300f04b466bd4b6ff9dcb78e2797c669b2b3bbbcc39ac9e350b12f93b
Charles M Geschke,1999,,,unavailable,no_profile,,,,,https://dblp.org/pid/g/CharlesMGeschke,Charles M. Geschke,0,no_profile,,no_verified_profile,,,,,
Chung Jen Tan,1999,,,unavailable,no_profile,,,,,https://dblp.org/pid/54/1393,Chung-Jen Tan,0,no_profile,,no_verified_profile,,,,,
David L Mills,1999,,,unavailable,no_profile,,,,,https://dblp.org/pid/10/4492,David L. Mills,0,no_profile,,no_verified_profile,,,,,
David L Waltz,1999,,,unavailable,no_profile,,,,,https://dblp.org/pid/w/DavidLWaltz,David L. Waltz,0,no_profile,,no_verified_profile,,,,,
David MacQueen,1999,https://scholar.google.com/citations?user=pxKA2w0AAAAJ,,supported,metadata_and_publication_review,200,2026-09-16T22:14:38Z,David MacQueen,"Professor Emeritus of Computer Science, University of Chicago",https://dblp.org/pid/54/6101,David MacQueen,0,historical,2026-04-30,,,,,/Users/jimmylin/workspace/bigcows-project/bigcows-crawler/.cache/acm-fellows-scholar-2026-09-16/cache.json,99a0ef36266c8640e9cdb317afc6d56d42883aa2932287a10b67f099aea73f8c
Dhiraj Pradhan,1999,https://scholar.google.com/citations?user=OETOceoAAAAJ,,supported,metadata_and_publication_review,200,2026-09-16T22:14:46Z,Dhiraj K Pradhan,"Professor of Computer Science, University of Bristol",https://dblp.org/pid/236/7010,Dhiraj Pradhan,0,historical,2026-04-30,,,,,/Users/jimmylin/workspace/bigcows-project/bigcows-crawler/.cache/acm-fellows-scholar-2026-09-16/cache.json,38f82f07b2e5452a5246a7ea76e1a7ad0356cd2d79e02c7b293a47f7616299ee
James D Foley,1999,https://scholar.google.com/citations?user=GmcChLIAAAAJ,,supported,name_and_2plus_dblp_titles,200,2026-09-16T22:14:53Z,James Foley,"Professor of Computer Science, Georgia Institute of Technology",https://dblp.org/pid/f/JamesDFoley,James D. Foley,13,missing,,,,,,/Users/jimmylin/workspace/bigcows-project/bigcows-crawler/.cache/acm-fellows-scholar-2026-09-16/cache.json,acdb3a9a64a87942da3dca71f0e70c964b63c9fdce7dec401635c77d39b6d991
James Demmel,1999,https://scholar.google.com/citations?user=By1xdxEAAAAJ,,supported,name_and_2plus_dblp_titles,200,2026-09-16T22:15:01Z,James W DEMMEL,"Professor of EECS and Mathematics, UC Berkeley",https://dblp.org/pid/d/JDemmel,James Demmel,14,historical,2026-04-30,,,,,/Users/jimmylin/workspace/bigcows-project/bigcows-crawler/.cache/acm-fellows-scholar-2026-09-16/cache.json,74e7d87011ec35d1663ef9790f73ad3e819186b77c10122093a071f3976503e2
John D Gannon,1999,,,unavailable,no_profile,,,,,https://dblp.org/pid/g/JohnDGannon,John D. Gannon,0,no_profile,,no_verified_profile,,,,,
John Warnock,1999,,,unavailable,no_profile,,,,,https://dblp.org/pid/w/JohnEWarnock,John E. Warnock,0,no_profile,,no_verified_profile,,,,,
Joseph S DeBlasi,1999,,,unavailable,no_profile,,,,,,,0,no_profile,,no_verified_profile,,,,,
Ken Birman,1999,https://scholar.google.com/citations?user=I-rKkyEAAAAJ,,supported,name_and_2plus_dblp_titles,200,2026-09-16T22:15:09Z,Kenneth P. Birman,Cornell University,https://dblp.org/pid/b/KPBirman,Kenneth P. Birman,16,historical,2026-04-30,,,,,/Users/jimmylin/workspace/bigcows-project/bigcows-crawler/.cache/acm-fellows-scholar-2026-09-16/cache.json,cf499cb4da930ba4b9c004295a10a4d8d95d98b48de6ff4f0fafce08bbaf4e41
Koji Torii,1999,,,unavailable,no_profile,,,,,https://dblp.org/pid/56/2801,Koji Torii,0,no_profile,,no_verified_profile,,,,,
Kurt Mehlhorn,1999,https://scholar.google.com/citations?user=28CWXPUAAAAJ,,supported,name_and_2plus_dblp_titles,200,2026-09-16T22:15:16Z,Kurt Mehlhorn,"Professor of Computer Science, Max Planck Institute for Informatics, Saarland Informatics Campus",https://dblp.org/pid/m/KurtMehlhorn,Kurt Mehlhorn,15,historical,2026-04-30,,,,,/Users/jimmylin/workspace/bigcows-project/bigcows-crawler/.cache/acm-fellows-scholar-2026-09-16/cache.json,1a37ce215a5047a2f2e8e70558b3a16f2d8625e0027c3331246ef1b4e9441a12
Larry M Masinter,1999,https://scholar.google.com/citations?user=vwDzhiAAAAAJ,,supported,name_and_2plus_dblp_titles,200,2026-09-16T22:15:23Z,Larry Masinter,Interlisp.org,https://dblp.org/pid/78/3899,Larry Masinter,11,missing,,,,,,/Users/jimmylin/workspace/bigcows-project/bigcows-crawler/.cache/acm-fellows-scholar-2026-09-16/cache.json,a57af9da6b6b6ad6db011ffa6f2b6fbb5a1b2f89db3bbb1616e2a95c104b8033
Leonidas Guibas,1999,https://scholar.google.com/citations?user=5JlEyTAAAAAJ,,supported,name_and_2plus_dblp_titles,200,2026-09-16T22:15:32Z,Leonidas Guibas,"Professor of Computer Science, Stanford University",https://dblp.org/pid/g/LeonidasJGuibas,Leonidas J. Guibas,18,historical,2026-04-30,,,,,/Users/jimmylin/workspace/bigcows-project/bigcows-crawler/.cache/acm-fellows-scholar-2026-09-16/cache.json,99007e32f3164282da236d3f167954c497a8641e24a65115e0a198436df76f60
Marc Auslander,1999,,,unavailable,no_profile,,,,,https://dblp.org/pid/46/4364,Marc A. Auslander,0,no_profile,,no_verified_profile,,,,,
Marc Snir,1999,https://scholar.google.com/citations?user=HaI6LesAAAAJ,,supported,name_and_2plus_dblp_titles,200,2026-09-16T22:17:43Z,Marc Snir,University of Illinois at Urbana Chamapign,https://dblp.org/pid/40/3047,Marc Snir,15,historical,2026-04-30,,,,,/Users/jimmylin/workspace/bigcows-project/bigcows-crawler/.cache/acm-fellows-scholar-2026-09-16/cache.json,0f2aea7eabd4ce4ae006690333d65f986959fa720aeea6892067627411985318
Mary Lou Soffa,1999,https://scholar.google.com/citations?user=KWiJaj8AAAAJ,,supported,name_and_2plus_dblp_titles,200,2026-09-16T22:17:50Z,Mary Lou Soffa,University of Virginia,https://dblp.org/pid/s/MaryLouSoffa,Mary Lou Soffa,20,historical,2026-04-30,,,,,/Users/jimmylin/workspace/bigcows-project/bigcows-crawler/.cache/acm-fellows-scholar-2026-09-16/cache.json,7d5639169c2a0fde82f2d37d77d9493b9523cf54a517845335b853266add251e
Pamela Samuelson,1999,https://scholar.google.com/citations?user=m1x1I0EAAAAJ,,supported,metadata_and_publication_review,200,2026-09-16T22:17:58Z,Pamela Samuelson,Berkeley Law School,https://dblp.org/pid/s/PamelaSamuelson,Pamela Samuelson,1,historical,2026-04-30,,,,,/Users/jimmylin/workspace/bigcows-project/bigcows-crawler/.cache/acm-fellows-scholar-2026-09-16/cache.json,f060f2376447836ff356405e500e9b4428345dea14fdc9619f38f87b22ce19f6
Philip M Lewis,1999,,,unavailable,no_profile,,,,,https://dblp.org/pid/l/PhilipMLewis,Philip M. Lewis,0,no_profile,,no_verified_profile,,,,,
Richard J Fateman,1999,https://scholar.google.com/citations?user=MKANuc0AAAAJ,,supported,name_and_2plus_dblp_titles,200,2026-09-16T22:18:06Z,Richard Fateman,"Emeritus Professor of Computer Science, University of California at Berkeley",https://dblp.org/pid/f/RJFateman,Richard J. Fateman,16,missing,,,,,,/Users/jimmylin/workspace/bigcows-project/bigcows-crawler/.cache/acm-fellows-scholar-2026-09-16/cache.json,f2d3ca04f494a93ad5752ee9fc5d8c7f3c7a62cb94c1fbfc6d204bcef7c2f588
Richard Snodgrass,1999,https://scholar.google.com/citations?user=BkrB4awAAAAJ,,supported,name_and_2plus_dblp_titles,200,2026-09-16T22:18:12Z,Richard Snodgrass,"Professor of Computer Science Emeritus, University of Arizona",https://dblp.org/pid/s/RichardTSnodgrass,Richard T. Snodgrass,18,historical,2026-04-30,,,,,/Users/jimmylin/workspace/bigcows-project/bigcows-crawler/.cache/acm-fellows-scholar-2026-09-16/cache.json,a74cc889e6733b3228f3347ce6b8d37c34bdcde84b0652f36f9660aeb8773842
Rob Cook,1999,,,unavailable,no_profile,,,,,https://dblp.org/pid/84/2471,,0,no_profile,,no_verified_profile,,,,,
Robert L Glass,1999,,,unavailable,no_profile,,,,,https://dblp.org/pid/23/4277,Robert L. Glass,0,no_profile,,no_verified_profile,,,,,
Robert T Braden,1999,,,unavailable,no_profile,,,,,https://dblp.org/pid/79/911,Bob Braden,0,no_profile,,no_verified_profile; dblp_identity_review,,,,,
Ronald J. Brachman,1999,https://scholar.google.com/citations?user=zMnT8BsAAAAJ,,supported,name_and_2plus_dblp_titles,200,2026-09-16T22:18:19Z,Ronald J. Brachman,Cornell University; Schmidt Sciences,https://dblp.org/pid/b/RJBrachman,Ronald J. Brachman,12,historical,2026-04-30,,,,,/Users/jimmylin/workspace/bigcows-project/bigcows-crawler/.cache/acm-fellows-scholar-2026-09-16/cache.json,4b742b371661e5dbf19bf793e8068c868603f77aa6514bd129cbe9a06c77b6f3
Ronald L. Graham,1999,https://scholar.google.com/citations?user=qrPaF3QAAAAJ,,supported,name_and_2plus_dblp_titles,200,2026-09-16T22:18:27Z,Ronald Graham,"Professor of Mathematics and Computer Science, UC San Diego",https://dblp.org/pid/g/RLGraham,Ronald L. Graham,10,missing,,,,,,/Users/jimmylin/workspace/bigcows-project/bigcows-crawler/.cache/acm-fellows-scholar-2026-09-16/cache.json,ee2f06582859dc37373d2c7fc52ea4103a7c3f1b217a01afa2f896fe3d975939
Takeo Kanade,1999,https://scholar.google.com/citations?user=askFPfcAAAAJ,,supported,recent_verified_resolution,200,2026-09-17T00:40:46Z,Takeo Kanade,Carnegie Mellon University,https://dblp.org/pid/k/TakeoKanade,Takeo Kanade,15,missing,,,,,,tmp/scholar-45-resolution/verified-cache.json,2c0de5cc915eae27732ba5b46e11e8a34499a24f672612414000b517344e05c8
Toshihide Ibaraki,1999,,,unavailable,no_profile,,,,,https://dblp.org/pid/72/3560,Toshihide Ibaraki,0,no_profile,,no_verified_profile,,,,,
Abraham Kandel,1998,,,unavailable,no_profile,,,,,https://dblp.org/pid/63/612,Abraham Kandel,0,no_profile,,no_verified_profile,,,,,
Alan Selman,1998,https://scholar.google.com/citations?user=8ExiKC0AAAAJ,,supported,name_and_2plus_dblp_titles,200,2026-09-16T22:18:42Z,Alan Selman,"Professor emeritus of computer science and engineering, University at Buffalo",https://dblp.org/pid/s/AlanLSelman,Alan L. Selman,15,historical,2026-04-30,no_verified_email,,,,/Users/jimmylin/workspace/bigcows-project/bigcows-crawler/.cache/acm-fellows-scholar-2026-09-16/cache.json,5642c635fb22d72ce4b63ab8818f29824d0ef35d1ec51367d9981e9c6bae105a
Albert J Turner,1998,,,unavailable,no_profile,,,,,https://dblp.org/pid/t/AJoeTurner,A. Joe Turner,0,no_profile,,no_verified_profile,,,,,
Andrew W Appel,1998,https://scholar.google.com/citations?user=wC_ntLYAAAAJ,,supported,name_and_2plus_dblp_titles,200,2026-09-16T22:18:50Z,Andrew W. Appel,"Professor Emeritus of Computer Science, Princeton University",https://dblp.org/pid/a/AWAppel,Andrew W. Appel,17,historical,2026-04-30,,,,,/Users/jimmylin/workspace/bigcows-project/bigcows-crawler/.cache/acm-fellows-scholar-2026-09-16/cache.json,befe478414377d961e74c39b9b07f978b1f5a45ee33fa1857412033c9b2b69db
Aravind K Joshi,1998,,,unavailable,no_profile,,,,,https://dblp.org/pid/j/AravindKJoshi,Aravind K. Joshi,0,no_profile,,no_verified_profile,,,,,
Barbara Gershon Ryder,1998,,,unavailable,no_profile,,,,,https://dblp.org/pid/r/BarbaraGRyder,,0,no_profile,,no_verified_profile,,,,,
Carlo H Sequin,1998,,,unavailable,no_profile,,,,,https://dblp.org/pid/s/CarloHSequin,Carlo H. Séquin,0,no_profile,,no_verified_profile; dblp_identity_review,,,,,
Clarence A Ellis,1998,,,unavailable,no_profile,,,,,https://dblp.org/pid/e/ClarenceAEllis,Clarence A. Ellis,0,no_profile,,no_verified_profile,,,,,
David Maier,1998,https://scholar.google.com/citations?user=80pKMyMAAAAJ,,supported,name_and_2plus_dblp_titles,200,2026-09-16T22:18:56Z,David Maier,"Emeritus Professor of Computer Science, Portland State University",https://dblp.org/pid/m/DavidMaier,David Maier 0001,17,missing,,,,,,/Users/jimmylin/workspace/bigcows-project/bigcows-crawler/.cache/acm-fellows-scholar-2026-09-16/cache.json,5f466a5229ed9138a581e8b87f10d3175ea93e0eb15d53e5408f646b7a9c32f6
David S Notkin,1998,,,unavailable,no_profile,,,,,https://dblp.org/pid/n/DavidNotkin,,0,no_profile,,no_verified_profile,,,,,
Dharma P Agrawal,1998,,,unavailable,no_profile,,,,,https://dblp.org/pid/a/DharmaPAgrawal,Dharma P. Agrawal,0,no_profile,,no_verified_profile,,,,,
Edmund Clarke,1998,https://scholar.google.com/citations?user=_adL2C8AAAAJ,,supported,name_and_2plus_dblp_titles,200,2026-09-16T22:19:04Z,Edmund Clarke,University Professor Emeritus at Carnegie Mellon University,https://dblp.org/pid/c/EdmundMClarke,Edmund M. Clarke,20,historical,2026-04-30,,,,,/Users/jimmylin/workspace/bigcows-project/bigcows-crawler/.cache/acm-fellows-scholar-2026-09-16/cache.json,9a0ce1413b091774c8c57453cb2f2e51009f354ef81c0f838ea965f09784593d
Emmerich Welzl,1998,,,unavailable,no_profile,,,,,https://dblp.org/pid/w/EmoWelzl,,0,no_profile,,no_verified_profile,,,,,
Eugene H. Spafford,1998,https://scholar.google.com/citations?user=MkC5kHcAAAAJ,,supported,name_and_2plus_dblp_titles,200,2026-09-16T22:19:11Z,Eugene H. Spafford,"Distinguished Professor, Purdue University",https://dblp.org/pid/s/EugeneHSpafford,Eugene H. Spafford,11,historical,2026-04-30,,,,,/Users/jimmylin/workspace/bigcows-project/bigcows-crawler/.cache/acm-fellows-scholar-2026-09-16/cache.json,92e67e8ff2142a84ce09e6c944d2ec869c03350e06e648955f2c5cb280e31530
Eva Tardos,1998,https://scholar.google.com/citations?user=h6jljQQAAAAJ,,supported,name_and_2plus_dblp_titles,200,2026-09-16T22:19:18Z,Eva Tardos,"Professor of Computer Science, Cornell University",https://dblp.org/pid/t/EvaTardos,Éva Tardos,18,historical,2026-04-30,,,,,/Users/jimmylin/workspace/bigcows-project/bigcows-crawler/.cache/acm-fellows-scholar-2026-09-16/cache.json,3f411a25d4f606190e6a02db7931d067874ff660c108eb66839b0031ef57f401
Gopal Krishna Gupta,1998,,,unavailable,no_profile,,,,,https://dblp.org/pid/g/GopalGupta,,0,no_profile,,no_verified_profile,,,,,
Gregory R Andrews,1998,https://scholar.google.com/citations?user=4LCdnkYAAAAJ,,supported,name_and_2plus_dblp_titles,200,2026-09-16T22:19:26Z,Gregory R. Andrews,"Professor of Computer Science, University of Arizona",https://dblp.org/pid/a/GregoryRAndrews,Gregory R. Andrews,17,historical,2026-04-30,,,,,/Users/jimmylin/workspace/bigcows-project/bigcows-crawler/.cache/acm-fellows-scholar-2026-09-16/cache.json,650ae533e385c1d66a65a791d19457ef23cbbac6370c2e12c4315cc2b05038ed
Hal Berghel,1998,,,unavailable,no_profile,,,,,https://dblp.org/pid/b/HalBerghel,Hal Berghel,0,no_profile,,no_verified_profile,,,,,
Howard Siegel,1998,https://scholar.google.com/citations?user=C1wrYy4AAAAJ,,supported,name_and_2plus_dblp_titles,200,2026-09-16T22:19:33Z,H.J. Siegel,Unknown affiliation,https://dblp.org/pid/s/HowardJaySiegel,Howard Jay Siegel,16,missing,,limited_affiliation_metadata,,,,/Users/jimmylin/workspace/bigcows-project/bigcows-crawler/.cache/acm-fellows-scholar-2026-09-16/cache.json,e03797ae6dda42c762a02f85104a1eeb0a1efc3e9e9fc0a224cc5929913aad7c
James C Browne,1998,,,unavailable,no_profile,,,,,https://dblp.org/pid/13/1022,James C. Browne,0,no_profile,,no_verified_profile,,,,,
James Jay Horning,1998,,,unavailable,no_profile,,,,,https://dblp.org/pid/h/JamesJHorning,,0,no_profile,,no_verified_profile,,,,,
Jeannette M. Wing,1998,https://scholar.google.com/citations?user=2NjS1dUAAAAJ,,supported,name_and_2plus_dblp_titles,200,2026-09-16T22:19:41Z,Jeannette M Wing,"Executive Vice President for Research, Professor of Computer Science, Columbia University",https://dblp.org/pid/w/JeannetteMWing,Jeannette M. Wing,14,historical,2026-04-30,,,,,/Users/jimmylin/workspace/bigcows-project/bigcows-crawler/.cache/acm-fellows-scholar-2026-09-16/cache.json,f65c9fcdc913f109b313798498dd7df9b0e39717d9dbb13910fd699ee1d11e80
John T Richards,1998,https://scholar.google.com/citations?user=SwdqY_gAAAAJ,,supported,name_and_2plus_dblp_titles,200,2026-09-16T22:19:49Z,John T. Richards,IBM T.J. Watson Research Center,https://dblp.org/pid/25/2931,John T. Richards,14,historical,2026-04-30,,,,,/Users/jimmylin/workspace/bigcows-project/bigcows-crawler/.cache/acm-fellows-scholar-2026-09-16/cache.json,5642fa80c0f65561e7764909bb3b45618ba5ef4d3047d17001b1237c0835ab64
Kai Li,1998,https://scholar.google.com/citations?user=9MSpWOUAAAAJ,,supported,metadata_and_publication_review,200,2026-09-16T22:19:56Z,Kai Li,"Professor of computer science, Princeton university",https://dblp.org/pid/65/8684,Kai-Ming Li,0,historical,2026-04-30,possible_attribution_conflict,,Image super-resolution / residual channel attention paper may be a computer-vision namesake; distinguish from Princeton systems work.,,/Users/jimmylin/workspace/bigcows-project/bigcows-crawler/.cache/acm-fellows-scholar-2026-09-16/cache.json,1be595ba5f87c68c619f914c81a7e304fb81eb0841f47a0bdbe2b1d09a0479c0
Lawrence A Rowe,1998,https://scholar.google.com/citations?user=f-48BdcAAAAJ,,supported,name_and_2plus_dblp_titles,200,2026-09-16T22:20:03Z,Lawrence A. Rowe,"Emeritus Professor EECS, U.C. Berkelely",https://dblp.org/pid/r/LawrenceARowe,Lawrence A. Rowe,15,historical,2026-04-30,,,,,/Users/jimmylin/workspace/bigcows-project/bigcows-crawler/.cache/acm-fellows-scholar-2026-09-16/cache.json,4abfa50c33f9d4b955c449fd46fbaab94c6cbf4a4aaf1cf3aade844b7611198a
Leon J Osterweil,1998,https://scholar.google.com/citations?user=yvTXYDMAAAAJ,,supported,name_and_2plus_dblp_titles,200,2026-09-16T22:20:11Z,Leon Osterweil,University of Massachusetts Amherst,https://dblp.org/pid/o/LJOsterweil,Leon J. Osterweil,19,missing,,,,,,/Users/jimmylin/workspace/bigcows-project/bigcows-crawler/.cache/acm-fellows-scholar-2026-09-16/cache.json,784b79c828e9025f138e846af2a05d126189453c5d1b4ff5e79b40165b2ccfe8
Lori Clarke,1998,,,unavailable,no_profile,,,,,https://dblp.org/pid/c/LoriAClarke,Lori A. Clarke,0,no_profile,,no_verified_profile,,,,,
Mihalis Yannakakis,1998,https://scholar.google.com/citations?user=_pPy-pAAAAAJ,,supported,name_and_2plus_dblp_titles,200,2026-09-16T22:20:26Z,Mihalis Yannakakis,"Percy K. and Vida L. W. Hudson Professor of Computer Science, Columbia University",https://dblp.org/pid/y/MihalisYannakakis,Mihalis Yannakakis,19,historical,2026-04-30,,,,,/Users/jimmylin/workspace/bigcows-project/bigcows-crawler/.cache/acm-fellows-scholar-2026-09-16/cache.json,950b4f78ba407409fc5f293e5ae5d1d11e878b1d64940c85ea08c19b0c8b2293
Neil Jones,1998,,,unavailable,no_profile,,,,,https://dblp.org/pid/j/NeilDJones,,0,no_profile,,no_verified_profile,,,,,
Peter P Chen,1998,,,unavailable,no_profile,,,,,https://dblp.org/pid/c/PPChen,,0,no_profile,,no_verified_profile,,,,,
Richard Gabriel,1998,,,unavailable,no_profile,,,,,https://dblp.org/pid/170/8185,,0,no_profile,,no_verified_profile,,,,,
Richard J Cole,1998,https://scholar.google.com/citations?user=p2ttvlEAAAAJ,,supported,name_and_2plus_dblp_titles,200,2026-09-16T22:20:33Z,Richard Cole,"Professor of Computer Science, Courant Institute, New York University",https://dblp.org/pid/96/5516,Richard Cole 0001,19,missing,,,,,,/Users/jimmylin/workspace/bigcows-project/bigcows-crawler/.cache/acm-fellows-scholar-2026-09-16/cache.json,2dc0fb40012cd34d9111e68c128644b44666232b018a095494b75fe92ce231f2
Richard N Taylor,1998,https://scholar.google.com/citations?user=h9t7KCcAAAAJ,,supported,name_and_2plus_dblp_titles,200,2026-09-16T22:20:40Z,Richard Taylor,"Professor of Information and Computer Sciences, University of California, Irvine",https://dblp.org/pid/t/RichardNTaylor,Richard N. Taylor,17,historical,2026-04-30,,,,,/Users/jimmylin/workspace/bigcows-project/bigcows-crawler/.cache/acm-fellows-scholar-2026-09-16/cache.json,2bc0abecda6c334f909ba3c48e9db226bf965033f9e1c7f4eba70774771dde2e
Robert Staley Cartwright,1998,https://scholar.google.com/citations?user=TtJeqqoAAAAJ,,supported,metadata_and_publication_review,200,2026-09-16T22:23:08Z,Robert Cartwright,"Professor of Computer Science, Rice University",https://dblp.org/pid/c/RCartwright,,0,missing,,,,,,/Users/jimmylin/workspace/bigcows-project/bigcows-crawler/.cache/acm-fellows-scholar-2026-09-16/cache.json,fd179a42ee19893224b8ae5c8fbd2cf57f423d074b31f016be53e1eb19a877ca
Simon S Lam,1998,,,unavailable,no_profile,,,,,https://dblp.org/pid/l/SimonSLam,Simon S. Lam,0,no_profile,,no_verified_profile,,,,,
Stephen T Kent,1998,,,unavailable,no_profile,,,,,https://dblp.org/pid/26/6838,Stephen T. Kent,0,no_profile,,no_verified_profile,,,,,
Stuart Zweben,1998,https://scholar.google.com/citations?user=CkaYDF0AAAAJ,,supported,name_and_2plus_dblp_titles,200,2026-09-16T22:23:17Z,Stuart Zweben,"Professor Emeritus, The Ohio State University",https://dblp.org/pid/z/SHZweben,Stuart H. Zweben,14,historical,2026-04-30,,,,,/Users/jimmylin/workspace/bigcows-project/bigcows-crawler/.cache/acm-fellows-scholar-2026-09-16/cache.json,123dcecc25d0085d0876e35bf5cd63f5a4e77e317ac8070985ac1d1d349f5e48
Susan H. Nycum,1998,,,unavailable,no_profile,,,,,https://dblp.org/pid/56/3975,Susan H. Nycum,0,no_profile,,no_verified_profile,,,,,
Venkat Rangan,1998,,,unavailable,no_profile,,,,,https://dblp.org/pid/r/PVRangan,P. Venkat Rangan,0,no_profile,,no_verified_profile,,,,,
Alan C Shaw,1997,,,unavailable,no_profile,,,,,https://dblp.org/pid/s/AlanCShaw,Alan C. Shaw,0,no_profile,,no_verified_profile,,,,,
Barry Boehm,1997,https://scholar.google.com/citations?user=EyAD66UAAAAJ,,supported,name_and_2plus_dblp_titles,200,2026-09-16T22:23:25Z,Barry Boehm,"Professor of Computer Science, Industrial&Systems Engineering, & Astronautics",https://dblp.org/pid/b/BarryWBoehm,Barry W. Boehm,15,historical,2026-04-30,,,,,/Users/jimmylin/workspace/bigcows-project/bigcows-crawler/.cache/acm-fellows-scholar-2026-09-16/cache.json,30d35466c920d4923dbffe5dfdb24e8c6b757dca527adc4641701324c0ece2e2
Ben Shneiderman,1997,https://scholar.google.com/citations?user=h4i4fh8AAAAJ,,supported,name_and_2plus_dblp_titles,200,2026-09-16T22:23:33Z,Ben Shneiderman,"Professor Emeritus Computer Science, University of Maryland",https://dblp.org/pid/s/BShneiderman,Ben Shneiderman,13,historical,2026-04-30,,,,,/Users/jimmylin/workspace/bigcows-project/bigcows-crawler/.cache/acm-fellows-scholar-2026-09-16/cache.json,a614104eeacc795a745526cbb133e620d9056e58045170033c91f0bfd4e1b4c1
Bruce Croft,1997,https://scholar.google.com/citations?user=ArV74ZMAAAAJ,,supported,name_and_2plus_dblp_titles,200,2026-09-16T22:23:40Z,W. Bruce Croft,"Distinguished Professor Emeritus, University of Massachusetts Amherst",https://dblp.org/pid/c/WBruceCroft,W. Bruce Croft,19,historical,2026-04-30,,,,,/Users/jimmylin/workspace/bigcows-project/bigcows-crawler/.cache/acm-fellows-scholar-2026-09-16/cache.json,bfde28557d1d336b44c865d194b8c1b1cdcdd024aa6e404eeab3b3f3a6912e59
Daniel A. Menasce,1997,https://scholar.google.com/citations?user=ONloO5IAAAAJ,,supported,name_and_2plus_dblp_titles,200,2026-09-16T22:23:47Z,Daniel Menasce,"Professor of Computer Science, George Mason University",https://dblp.org/pid/m/DAMenasce,Daniel A. Menascé,17,missing,,,,,,/Users/jimmylin/workspace/bigcows-project/bigcows-crawler/.cache/acm-fellows-scholar-2026-09-16/cache.json,8f41b2cf0f73ba6bca4e7f59e82ea8b9557cc1b6d9965f1e04029932a57e61fc
David P Dobkin,1997,https://scholar.google.com/citations?user=nnr8YgwAAAAJ,,supported,name_and_2plus_dblp_titles,200,2026-09-16T22:23:55Z,David P. Dobkin,Princeton,https://dblp.org/pid/d/DavidPDobkin,David P. Dobkin,19,historical,2026-04-30,no_verified_email,,,,/Users/jimmylin/workspace/bigcows-project/bigcows-crawler/.cache/acm-fellows-scholar-2026-09-16/cache.json,310e83b224f55117d69c1fe37bda8c36a0695033ccc0251a4d52fb6e136f06b2
Der-Tsai Lee,1997,https://scholar.google.com/citations?user=ZQuppV0AAAAJ,,supported,name_and_2plus_dblp_titles,200,2026-09-16T22:24:01Z,Der-Tsai Lee,"Distinguished Research Chair Professor, CSIE, Dept. National Taiwan University",https://dblp.org/pid/l/DTLee,D. T. Lee,18,historical,2026-04-30,,,,,/Users/jimmylin/workspace/bigcows-project/bigcows-crawler/.cache/acm-fellows-scholar-2026-09-16/cache.json,deaf4b382eea5fa6c8f286244de12f691a1ccb96c03095b295a347a77b970416
Donald F Towsley,1997,https://scholar.google.com/citations?user=KIFPVWoAAAAJ,,supported,name_and_2plus_dblp_titles,200,2026-09-16T22:24:08Z,Don Towsley,University of Massachusetts,https://dblp.org/pid/t/DonaldFTowsley,Don Towsley,18,missing,,,,,,/Users/jimmylin/workspace/bigcows-project/bigcows-crawler/.cache/acm-fellows-scholar-2026-09-16/cache.json,e1fdb0dda9a74b7c2f27d06b3caf32bf42b46f1c5200676ac933ab4d453f8b8f
Elaine Weyuker,1997,https://scholar.google.com/citations?user=xXjQoLIAAAAJ,,supported,name_and_2plus_dblp_titles,200,2026-09-16T22:24:16Z,Elaine Weyuker,"Distinguished Professor, University of Central Florida",https://dblp.org/pid/55/1672,Elaine J. Weyuker,17,historical,2026-04-30,,,,,/Users/jimmylin/workspace/bigcows-project/bigcows-crawler/.cache/acm-fellows-scholar-2026-09-16/cache.json,ab876e72faedb0e71bd49123211b0a1ad9ad3862851ee052345d126c5b6b6de4
Gordon B Davis,1997,https://scholar.google.com/citations?user=9wvoCssAAAAJ,,supported,name_and_2plus_dblp_titles,200,2026-09-16T22:24:23Z,Gordon B. Davis,"Professor of MIS, University of Minnesota 1961-2004",https://dblp.org/pid/45/3456,Gordon B. Davis,8,historical,2026-04-30,,,,,/Users/jimmylin/workspace/bigcows-project/bigcows-crawler/.cache/acm-fellows-scholar-2026-09-16/cache.json,947606cc34fa000bfc48b5c0741f42682455a8522425963871ebc16510ac7db7
H W Lawson,1997,,,unavailable,no_profile,,,,,https://dblp.org/pid/07/2756,Harold W. Lawson,0,no_profile,,no_verified_profile,,,,,
Hector Garcia-Molina,1997,https://scholar.google.com/citations?user=bAa___kAAAAJ,,supported,name_and_2plus_dblp_titles,200,2026-09-16T22:24:31Z,hector garcia-molina,"Professor of Computer Science, Stanford University",https://dblp.org/pid/g/HGarciaMolina,Hector Garcia-Molina,19,historical,2026-04-30,,,,,/Users/jimmylin/workspace/bigcows-project/bigcows-crawler/.cache/acm-fellows-scholar-2026-09-16/cache.json,cfdecce9b8b68a0a83746b8211005635fd19c0efbd44eb0bb654b22f0938fccb
Herbert Freeman,1997,,,unavailable,no_profile,,,,,https://dblp.org/pid/60/4126,Herbert Freeman,0,no_profile,,no_verified_profile,,,,,
Ian F Akyildiz,1997,https://scholar.google.com/citations?user=rAGwv14AAAAJ,,supported,name_and_2plus_dblp_titles,200,2026-09-16T22:24:39Z,IAN F. AKYILDIZ,"Truva Inc., USA",https://dblp.org/pid/a/IAAkyildiz,Ian F. Akyildiz,20,historical,2026-04-30,,,,,/Users/jimmylin/workspace/bigcows-project/bigcows-crawler/.cache/acm-fellows-scholar-2026-09-16/cache.json,c3f3de5b7d63892702696841c5f445f8a5d451a32ca748fd1489e0fe23f5f526
Imrich Chlamtac,1997,https://scholar.google.com/citations?user=bWqipasAAAAJ,,supported,name_and_2plus_dblp_titles,200,2026-09-16T22:24:45Z,Imrich Chlamtac,"President, European Alliance for Innovation",https://dblp.org/pid/c/ImrichChlamtac,Imrich Chlamtac,17,historical,2026-04-30,no_verified_email,,,,/Users/jimmylin/workspace/bigcows-project/bigcows-crawler/.cache/acm-fellows-scholar-2026-09-16/cache.json,3f1ded74653270cb91ce5ffbf167be430fbd375f9b2808b2ca47227e361883db
Irene Greif,1997,,,unavailable,no_profile,,,,,https://dblp.org/pid/41/3993,Irene Greif,0,no_profile,,no_verified_profile,,,,,
J D Couger,1997,,,unavailable,no_profile,,,,,https://dblp.org/pid/65/6674,J. Daniel Couger,0,no_profile,,no_verified_profile,,,,,
Jean-Loup E Baer,1997,,,unavailable,no_profile,,,,,https://dblp.org/pid/b/JLBaer,,0,no_profile,,no_verified_profile,,,,,
John H Reif,1997,https://scholar.google.com/citations?user=Er-gEaoAAAAJ,,supported,name_and_2plus_dblp_titles,200,2026-09-16T22:24:53Z,John H Reif,"A. Hollis Edens Distinguished Professor, Department of Computer Science, Duke University",https://dblp.org/pid/r/JohnHReif,John H. Reif,10,missing,,,,,,/Users/jimmylin/workspace/bigcows-project/bigcows-crawler/.cache/acm-fellows-scholar-2026-09-16/cache.json,b4774062cced41bf37ad71b547f06dc470d5eec6838c07d6cf7f31b975486468
John L Hennessy,1997,https://scholar.google.com/citations?user=tp07xT0AAAAJ,,supported,name_and_2plus_dblp_titles,200,2026-09-16T22:25:02Z,John Hennessy,Stanford University,https://dblp.org/pid/h/JohnLHennessy,John L. Hennessy,17,missing,,,,,,/Users/jimmylin/workspace/bigcows-project/bigcows-crawler/.cache/acm-fellows-scholar-2026-09-16/cache.json,dd1462073d11a0a877c969f53b8ba2e78de1b107156fbc4903938710f8d2d98e
Kenneth C Sevcik,1997,,,unavailable,no_profile,,,,,https://dblp.org/pid/s/KennethCSevcik,Kenneth C. Sevcik,0,no_profile,,no_verified_profile,,,,,
Kenneth Steiglitz,1997,,,unavailable,no_profile,,,,,https://dblp.org/pid/s/KennethSteiglitz,Kenneth Steiglitz,0,no_profile,,no_verified_profile,,,,,
Micha Sharir,1997,https://scholar.google.com/citations?user=jnEtxm4AAAAJ,,supported,name_and_2plus_dblp_titles,200,2026-09-16T22:25:09Z,Micha Sharir,Tel Aviv University,https://dblp.org/pid/s/MichaSharir,Micha Sharir,11,historical,2026-04-30,,,,,/Users/jimmylin/workspace/bigcows-project/bigcows-crawler/.cache/acm-fellows-scholar-2026-09-16/cache.json,71e2450f9bf4bbee15bd8910539216a49eda9068a6dc1fbdf889b5053a8c9e3e
Nancy Lynch,1997,https://scholar.google.com/citations?user=LPTkkxUAAAAJ,,supported,name_and_2plus_dblp_titles,200,2026-09-16T22:25:16Z,Nancy Lynch,"Professor of EECS, MIT",https://dblp.org/pid/l/NancyALynch,Nancy A. Lynch,17,historical,2026-04-30,,,,,/Users/jimmylin/workspace/bigcows-project/bigcows-crawler/.cache/acm-fellows-scholar-2026-09-16/cache.json,1d1f021a14f75da80a6ea04e02a6918ff83b7041458e4a330fefd31ea61afd6e
Nicholas Pippenger,1997,https://scholar.google.com/citations?user=W33jtKMAAAAJ,,supported,name_and_2plus_dblp_titles,200,2026-09-16T22:25:23Z,Nicholas Pippenger,"Emeritus Professor of Mathematics, Harvey Mudd College",https://dblp.org/pid/p/NicholasPippenger,Nicholas Pippenger,16,historical,2026-04-30,,,,,/Users/jimmylin/workspace/bigcows-project/bigcows-crawler/.cache/acm-fellows-scholar-2026-09-16/cache.json,6f31ac6d5b88c925a8c596221bee2c52bd18ed632e9a6092a3c775ad2341edd8
Paolo Zanella,1997,,,unavailable,no_profile,,,,,https://dblp.org/pid/52/1184,Paolo Zanella,0,no_profile,,no_verified_profile,,,,,
Paul Schneck,1997,,,unavailable,no_profile,,,,,https://dblp.org/pid/04/4314,,0,no_profile,,no_verified_profile,,,,,
Peter Widmayer,1997,,,unavailable,no_profile,,,,,https://dblp.org/pid/w/PeterWidmayer,Peter Widmayer,0,no_profile,,no_verified_profile,,,,,
Philip S Yu,1997,https://scholar.google.com/citations?user=D0lL1r0AAAAJ,,supported,metadata_and_publication_review,200,2026-09-16T22:25:30Z,Philip S. Yu,"Distinguished Professor of Computer Science, University of Illinons at Chicago",https://dblp.org/pid/y/PhilipSYu,,0,historical,2026-04-30,,,,,/Users/jimmylin/workspace/bigcows-project/bigcows-crawler/.cache/acm-fellows-scholar-2026-09-16/cache.json,8d1446841a880bcfd0995f94f7fecaaa818a4a1f5c58fe44ee4ea47c10b1ef51
Raymond Miller,1997,,,unavailable,no_profile,,,,,https://dblp.org/pid/141/1845,Raymond Miller,0,no_profile,,no_verified_profile,,,,,
Raymond Reiter,1997,,,unavailable,no_profile,,,,,https://dblp.org/pid/r/RaymondReiter,Raymond Reiter,0,no_profile,,no_verified_profile,,,,,
Richard A. Kemmerer,1997,,,unavailable,no_profile,,,,,https://dblp.org/pid/k/RAKemmerer,Richard A. Kemmerer,0,no_profile,,no_verified_profile,,,,,
Richard Lipton,1997,,,unavailable,no_profile,,,,,https://dblp.org/pid/l/RichardJLipton,Richard J. Lipton,0,no_profile,,no_verified_profile,,,,,
Robert Sedgewick,1997,https://scholar.google.com/citations?user=dc3FV3sAAAAJ,,supported,name_and_2plus_dblp_titles,200,2026-09-16T22:25:37Z,Robert Sedgewick,Princeton University,https://dblp.org/pid/s/RobertSedgewick,Robert Sedgewick,18,historical,2026-04-30,,,,,/Users/jimmylin/workspace/bigcows-project/bigcows-crawler/.cache/acm-fellows-scholar-2026-09-16/cache.json,05b9180dc2a0192547d51d01a02dea97b609551feb3fbc1ebd91a2fa047328c0
Robert Wilensky,1997,,,unavailable,no_profile,,,,,https://dblp.org/pid/w/RobertWilensky,Robert Wilensky,0,no_profile,,no_verified_profile,,,,,
Roger R Bate,1997,,,unavailable,no_profile,,,,,https://dblp.org/pid/25/4193,Roger R. Bate,0,no_profile,,no_verified_profile,,,,,
Ron Perrott,1997,https://scholar.google.com/citations?user=E276ScEAAAAJ,,supported,name_and_2plus_dblp_titles,200,2026-09-16T22:25:44Z,Ron Perrott,"Professor, Oxford University",https://dblp.org/pid/p/RHPerrott,Ronald H. Perrott,10,historical,2026-04-30,,,,,/Users/jimmylin/workspace/bigcows-project/bigcows-crawler/.cache/acm-fellows-scholar-2026-09-16/cache.json,60b1f6d1c471149439920c48cb99baae56b4b612b84c03e9cc69bacf7232b4ca
Vaughan Ronald Pratt,1997,,,unavailable,no_profile,,,,,https://dblp.org/pid/p/VRPratt,,0,no_profile,,no_verified_profile,,,,,
Victor Basili,1997,https://scholar.google.com/citations?user=B3C4aY8AAAAJ,,supported,name_and_2plus_dblp_titles,200,2026-09-16T22:25:59Z,V Basili,Professor Emeritus University of Maryland,https://dblp.org/pid/b/VRBasili,Victor R. Basili,15,missing,,,,,,/Users/jimmylin/workspace/bigcows-project/bigcows-crawler/.cache/acm-fellows-scholar-2026-09-16/cache.json,29d066cddcb03c125f62e55ffa428cc51626aade65622884a2b19d6d9777b71f
Yuri Gurevich,1997,https://scholar.google.com/citations?user=ZxZTbyAAAAAJ,,supported,name_and_2plus_dblp_titles,200,2026-09-16T22:26:07Z,Yuri Gurevich,Professor of Computer Science and Engineering,https://dblp.org/pid/g/YuriGurevich,Yuri Gurevich,15,historical,2026-04-30,,,,,/Users/jimmylin/workspace/bigcows-project/bigcows-crawler/.cache/acm-fellows-scholar-2026-09-16/cache.json,71f7c51b4990c3f78d0eb7e5e9ff38ee343fe4bc846c039da9ce5bae09e01575
Zvi Kedem,1997,,,unavailable,no_profile,,,,,https://dblp.org/pid/k/ZviMKedem,Zvi M. Kedem,0,no_profile,,no_verified_profile,,,,,
Abraham Silberschatz,1996,https://scholar.google.com/citations?user=-YvgZDEAAAAJ,,supported,name_and_2plus_dblp_titles,200,2026-09-16T22:28:38Z,A Silberschatz,Professor of Computer Science at Yale University,https://dblp.org/pid/s/AbrahamSilberschatz,Avi Silberschatz,12,missing,,,,,,/Users/jimmylin/workspace/bigcows-project/bigcows-crawler/.cache/acm-fellows-scholar-2026-09-16/cache.json,0bd1df57b28dd2c68599b91862eb9797652b877d45d4d30c49a8017807c13f53
Alfred V Aho,1996,https://scholar.google.com/citations?user=gb2r2ssAAAAJ,,supported,name_and_2plus_dblp_titles,200,2026-09-16T22:28:45Z,Alfred Aho,"Lawrence Gussman Professor of Computer Science, Columbia University",https://dblp.org/pid/a/AVAho,Alfred V. Aho,12,historical,2026-04-30,,,,,/Users/jimmylin/workspace/bigcows-project/bigcows-crawler/.cache/acm-fellows-scholar-2026-09-16/cache.json,a828e4ebc34b8aa3872ca841a89edde17173ce19cd1f6a299296550b5e3d1399
Andrew S Tanenbaum,1996,https://scholar.google.com/citations?user=TvjaNqkAAAAJ,,supported,name_and_2plus_dblp_titles,200,2026-09-16T22:28:52Z,Andrew Tanenbaum,"Professor of Computer Science, Vrije Universiteit, Amsterdam",https://dblp.org/pid/t/AndrewSTanenbaum,Andrew S. Tanenbaum,9,missing,,,,,,/Users/jimmylin/workspace/bigcows-project/bigcows-crawler/.cache/acm-fellows-scholar-2026-09-16/cache.json,361af64145b7ae4424cd4c3eeb8da27b9dbb586a8c156fbef0018e504682c719
Anita Borg,1996,,,unavailable,no_profile,,,,,https://dblp.org/pid/b/AnitaBorg,Anita Borg,0,no_profile,,no_verified_profile,,,,,
Anita K Jones,1996,,,unavailable,no_profile,,,,,https://dblp.org/pid/01/5537,Anita K. Jones,0,no_profile,,no_verified_profile,,,,,
Anthony I Wasserman,1996,,,unavailable,no_profile,,,,,https://dblp.org/pid/91/2540,Anthony I. Wasserman,0,no_profile,,no_verified_profile,,,,,
Arnold Rosenberg,1996,,,unavailable,no_profile,,,,,https://dblp.org/pid/r/ArnoldLRosenberg,Arnold L. Rosenberg,0,no_profile,,no_verified_profile,,,,,
B. Chandrasekaran,1996,,,unavailable,no_profile,,,,,https://dblp.org/pid/c/BChandrasekaran,B. Chandrasekaran 0001,0,no_profile,,no_verified_profile; dblp_identity_review,,,,,
Barbara Liskov,1996,,,unavailable,no_profile,,,,,https://dblp.org/pid/l/BarbaraLiskov,Barbara Liskov,0,no_profile,,no_verified_profile,,,,,
Bernard Chazelle,1996,https://scholar.google.com/citations?user=C1VwgssAAAAJ,,supported,name_and_2plus_dblp_titles,200,2026-09-16T22:29:08Z,Bernard Chazelle,Princeton University,https://dblp.org/pid/c/BernardChazelle,Bernard Chazelle,19,historical,2026-04-30,,,,,/Users/jimmylin/workspace/bigcows-project/bigcows-crawler/.cache/acm-fellows-scholar-2026-09-16/cache.json,f028231609d6510082fc548937e6dae73d9b586d82adf53fbeafe04d4cb30f1f
Bryan Preas,1996,,,unavailable,no_profile,,,,,https://dblp.org/pid/90/5052,Bryan Preas,0,no_profile,,no_verified_profile,,,,,
Dennis Frailey,1996,https://scholar.google.com/citations?user=DDr3hx8AAAAJ,,supported,name_and_2plus_dblp_titles,200,2026-09-16T22:29:16Z,Dennis Frailey,"Retired, Texas Instruments, Raytheon, SMU, UT Arlington",https://dblp.org/pid/71/18,Dennis J. Frailey,13,historical,2026-04-30,,,,,/Users/jimmylin/workspace/bigcows-project/bigcows-crawler/.cache/acm-fellows-scholar-2026-09-16/cache.json,2c08cf6ba419fa6e8dbc5b8c93f6c0884fbd172fdc53cae5b93a50c12a45fb8d
Edward M Reingold,1996,https://scholar.google.com/citations?user=UlQeH7AAAAAJ,,supported,name_and_2plus_dblp_titles,200,2026-09-16T22:29:23Z,Edward M Reingold,"Prof Emeritus Comp Sci, UIUC & Ill Inst of Tech",https://dblp.org/pid/r/EMReingold,Edward M. Reingold,17,historical,2026-04-30,,,,,/Users/jimmylin/workspace/bigcows-project/bigcows-crawler/.cache/acm-fellows-scholar-2026-09-16/cache.json,b5326f4e3099ade247f8c9e146bb347aaf4400bfa40f93ab29578cfbe308dbcf
Fred W Weingarten,1996,,,unavailable,no_profile,,,,,https://dblp.org/pid/29/4099,Fred W. Weingarten,0,no_profile,,no_verified_profile,,,,,
George Dodd,1996,,,unavailable,no_profile,,,,,https://dblp.org/pid/31/4584,George G. Dodd,0,no_profile,,no_verified_profile,,,,,
Gregor V Bochmann,1996,https://scholar.google.com/citations?user=nTTn0TIAAAAJ,,supported,name_and_2plus_dblp_titles,200,2026-09-16T22:29:31Z,Gregor v. Bochmann,University of Ottawa,https://dblp.org/pid/b/GvBochmann,Gregor von Bochmann,17,historical,2026-04-30,,,,,/Users/jimmylin/workspace/bigcows-project/bigcows-crawler/.cache/acm-fellows-scholar-2026-09-16/cache.json,96842e46c380e33e435bbf6f6af613b1fb39ba8401b0a869f1dcfa55fc6e9953
Hanan Samet,1996,https://scholar.google.com/citations?user=ATOfqHEAAAAJ,,supported,name_and_2plus_dblp_titles,200,2026-09-16T22:29:39Z,Hanan Samet,University of Maryland,https://dblp.org/pid/s/HananSamet,Hanan Samet,17,historical,2026-04-30,,,,,/Users/jimmylin/workspace/bigcows-project/bigcows-crawler/.cache/acm-fellows-scholar-2026-09-16/cache.json,c345d46078f36a7b5d3aeeee0b02cb51b9b0f6eeea40a995aab33ac0265aee8f
Henry M Levy,1996,https://scholar.google.com/citations?user=ymwKqZsAAAAJ,,supported,name_and_2plus_dblp_titles,200,2026-09-16T22:29:45Z,Henry M. Levy,"Professor and Wissner-Slivka Chair, Paul G. Allen School of Computer Science & Engineering",https://dblp.org/pid/l/HenryMLevy,Henry M. Levy,17,historical,2026-04-30,,,,,/Users/jimmylin/workspace/bigcows-project/bigcows-crawler/.cache/acm-fellows-scholar-2026-09-16/cache.json,a955f4d4d0c807b3e1adbc92baee4903177a935b85d12feca36c1a4395fe59e6
Ian Witten,1996,https://scholar.google.com/citations?user=BSFdGw0AAAAJ,,supported,name_and_2plus_dblp_titles,200,2026-09-16T22:29:53Z,Ian H. Witten,"Professor of Computer Science, University of Waikato, New Zealand",https://dblp.org/pid/w/IanHWitten,Ian H. Witten,12,historical,2026-04-30,,,,,/Users/jimmylin/workspace/bigcows-project/bigcows-crawler/.cache/acm-fellows-scholar-2026-09-16/cache.json,394934d8491ddb721c4b09d198c1d6c2b1c79cc692ca8ca89943bc48029d38b8
Jeanne Ferrante,1996,,,unavailable,no_profile,,,,,https://dblp.org/pid/f/JeanneFerrante,Jeanne Ferrante,0,no_profile,,no_verified_profile,,,,,
Jeffrey Jaffe,1996,,,unavailable,no_profile,,,,,https://dblp.org/pid/00/5350,Jeff Jaffe,0,no_profile,,no_verified_profile,,,,,
Jeffrey S. Vitter,1996,https://scholar.google.com/citations?user=IeXW2bkAAAAJ,,supported,name_and_2plus_dblp_titles,200,2026-09-16T22:30:01Z,Jeffrey S. Vitter,Distinguished Professor Emeritus and 17th Chancellor of Univ. of Mississippi,https://dblp.org/pid/v/JeffreyScottVitter,Jeffrey Scott Vitter,17,historical,2026-04-30,,,,,/Users/jimmylin/workspace/bigcows-project/bigcows-crawler/.cache/acm-fellows-scholar-2026-09-16/cache.json,46a55c7898088ebc4edebd6a66ba2d20b7bf5196023a87a9673f20467e64a452
John A Stankovic,1996,https://scholar.google.com/citations?user=4VJre9IAAAAJ,,supported,name_and_2plus_dblp_titles,200,2026-09-16T22:30:08Z,John Stankovic,"Professor of Computer Science, University of Virginia",https://dblp.org/pid/s/JohnAStankovic,John A. Stankovic,17,missing,,,,,,/Users/jimmylin/workspace/bigcows-project/bigcows-crawler/.cache/acm-fellows-scholar-2026-09-16/cache.json,876839c6291b5ebf6f4bfe566a7fdcb3d570e43b74ba6276a427f143ba64534d
John E Savage,1996,,,unavailable,no_profile,,,,,https://dblp.org/pid/s/JohnESavage,John E. Savage,0,no_profile,,no_verified_profile,,,,,
John Rice,1996,,,unavailable,no_profile,,,,,https://dblp.org/pid/06/3409,John Rice,0,no_profile,,no_verified_profile,,,,,
Jose L. Encarnacao,1996,,,unavailable,no_profile,,,,,https://dblp.org/pid/e/JLEncarnacao,José L. Encarnação,0,no_profile,,no_verified_profile; dblp_identity_review,,,,,
Kurt B Akeley,1996,,,unavailable,no_profile,,,,,https://dblp.org/pid/a/KurtAkeley,,0,no_profile,,no_verified_profile,,,,,
Larry Stockmeyer,1996,,,unavailable,no_profile,,,,,https://dblp.org/pid/40/805,Larry J. Stockmeyer,0,no_profile,,no_verified_profile,,,,,
Lawrence H Landweber,1996,,,unavailable,no_profile,,,,,https://dblp.org/pid/98/645,Lawrence H. Landweber,0,no_profile,,no_verified_profile,,,,,
Maria Klawe,1996,,,unavailable,no_profile,,,,,https://dblp.org/pid/00/5675,Maria M. Klawe,0,no_profile,,no_verified_profile,,,,,
Mark Wegman,1996,https://scholar.google.com/citations?user=8VUDeVsAAAAJ,,supported,name_and_2plus_dblp_titles,200,2026-09-16T22:30:17Z,Mark Wegman,UC Berkeley and IBM,https://dblp.org/pid/99/95,Mark N. Wegman,14,historical,2026-04-30,,,,,/Users/jimmylin/workspace/bigcows-project/bigcows-crawler/.cache/acm-fellows-scholar-2026-09-16/cache.json,bf8b575f6d31d860036834c8de5f8b194516a349afb6996fc16e5a9865da7faa
Marshall C Yovits,1996,,,unavailable,no_profile,,,,,https://dblp.org/pid/35/4097,Marshall C. Yovits,0,no_profile,,no_verified_profile,,,,,
Mary Jane Irwin,1996,https://scholar.google.com/citations?user=4Mj-BjwAAAAJ,,supported,name_and_2plus_dblp_titles,200,2026-09-16T22:30:24Z,Mary Jane (Janie) Irwin,"Emerita Evan Pugh University Professor, CSE, Penn State University",https://dblp.org/pid/i/MaryJaneIrwin,Mary Jane Irwin,18,historical,2026-04-30,,,,,/Users/jimmylin/workspace/bigcows-project/bigcows-crawler/.cache/acm-fellows-scholar-2026-09-16/cache.json,e318a6146d5e79c44ee57c5a7df9c1b36cdf09eb4e4e16edf9f5fb23afe1206c
Mary K Vernon,1996,,,unavailable,no_profile,,,,,https://dblp.org/pid/v/MaryKVernon,Mary K. Vernon,0,no_profile,,no_verified_profile,,,,,
Mary M Shaw,1996,https://scholar.google.com/citations?user=CTXoO1AAAAAJ,,supported,name_and_2plus_dblp_titles,200,2026-09-16T22:30:31Z,Mary Shaw,"A.J. Perlis University Professor of Computer Science, Carnegie Mellon Univeristy",https://dblp.org/pid/93/5634,Mary Shaw,18,historical,2026-04-30,,,,,/Users/jimmylin/workspace/bigcows-project/bigcows-crawler/.cache/acm-fellows-scholar-2026-09-16/cache.json,9a483f1c2d6b631d8d0c1daecde63d02621152ac77727746b56913fff0d0b0da
Michael A Harrison,1996,,,unavailable,no_profile,,,,,https://dblp.org/pid/h/MichaelAHarrison,Michael A. Harrison,0,no_profile,,no_verified_profile,,,,,
Michael E Lesk,1996,,,unavailable,no_profile,,,,,https://dblp.org/pid/l/MichaelELesk,Michael E. Lesk,0,no_profile,,no_verified_profile,,,,,
Michael J Fischer,1996,,,unavailable,no_profile,,,,,https://dblp.org/pid/f/MichaelJFischer,Michael J. Fischer,0,no_profile,,no_verified_profile,,,,,
Narendra Ahuja,1996,https://scholar.google.com/citations?user=dY7OSl0AAAAJ,,supported,name_and_2plus_dblp_titles,200,2026-09-16T22:30:38Z,Narendra Ahuja,"Donald Biggar Willet Professor, University of Illinois at Urbana-Champagn",https://dblp.org/pid/30/3572,Narendra Ahuja,20,historical,2026-04-30,,,,,/Users/jimmylin/workspace/bigcows-project/bigcows-crawler/.cache/acm-fellows-scholar-2026-09-16/cache.json,72c2427c259045a6165f6d43a2fa66f420d37da48aec6884c1c6186b31751c65
Narsingh Deo,1996,https://scholar.google.com/citations?user=2uiQgfMAAAAJ,,supported,name_and_2plus_dblp_titles,200,2026-09-16T22:30:45Z,Narsingh Deo,"Millican Chair Professor of Computer Science, University of Central Florida",https://dblp.org/pid/93/4704,Narsingh Deo,11,historical,2026-04-30,,,,,/Users/jimmylin/workspace/bigcows-project/bigcows-crawler/.cache/acm-fellows-scholar-2026-09-16/cache.json,767b7412ffef4a70c6e588d73eae595f78f7e38412fbdd1a0a2d14d576b25564
Philip Heidelberger,1996,https://scholar.google.com/citations?user=TvR9BgcAAAAJ,,supported,name_and_2plus_dblp_titles,200,2026-09-16T22:30:53Z,Philip Heidelberger,IBM Research (Retired),https://dblp.org/pid/h/PhilipHeidelberger,Philip Heidelberger,13,historical,2026-04-30,no_verified_email,,,,/Users/jimmylin/workspace/bigcows-project/bigcows-crawler/.cache/acm-fellows-scholar-2026-09-16/cache.json,3628985e90b16bee7b4c637e025c2aad95365a48d0358b9f4eb4a6161c7ffcfe
Raj Jain,1996,https://scholar.google.com/citations?user=runT3RsAAAAJ,,supported,metadata_and_publication_review,200,2026-09-16T22:31:00Z,Raj Jain,"Professor of Computer Science and Engineering, Washington University in Saint Louis",https://dblp.org/pid/j/RajJain,,0,historical,2026-04-30,,,,,/Users/jimmylin/workspace/bigcows-project/bigcows-crawler/.cache/acm-fellows-scholar-2026-09-16/cache.json,3c36886f3ed6eb0247e8b15c6df8bb39dd49f859c3442968daa4b76423e41c51
Randy H. Katz,1996,https://scholar.google.com/citations?user=PkfChMgAAAAJ,,supported,name_and_2plus_dblp_titles,200,2026-09-16T22:31:08Z,Randy Katz,"University of California, Berkeley",https://dblp.org/pid/k/RandyHKatz,Randy H. Katz,16,missing,,,,,,/Users/jimmylin/workspace/bigcows-project/bigcows-crawler/.cache/acm-fellows-scholar-2026-09-16/cache.json,e2b419b57d83ebae0428b8602b2a0d8723414949f9109f9dd7ec349645802faf
Ravi Sethi,1996,https://scholar.google.com/citations?user=ID4wZFwAAAAJ,,supported,name_and_2plus_dblp_titles,200,2026-09-16T22:31:15Z,Ravi Sethi,"Professor, Computer Science, The University of Arizona",https://dblp.org/pid/34/3026,Ravi Sethi,14,historical,2026-04-30,,,,,/Users/jimmylin/workspace/bigcows-project/bigcows-crawler/.cache/acm-fellows-scholar-2026-09-16/cache.json,48b6121a5bd1a2758c8bff7f9813f85e3058d38aafdff5dfd42ece02b6227eb3
Richard E Nance,1996,,,unavailable,no_profile,,,,,https://dblp.org/pid/92/2054,Richard E. Nance,0,no_profile,,no_verified_profile,,,,,
Richard R Muntz,1996,https://scholar.google.com/citations?user=e9OxXgwAAAAJ,,supported,name_and_2plus_dblp_titles,200,2026-09-16T22:31:22Z,Richard R. Muntz,"Professor of Computer Science, UCLA",https://dblp.org/pid/m/RichardRMuntz,Richard R. Muntz,18,historical,2026-04-30,,,,,/Users/jimmylin/workspace/bigcows-project/bigcows-crawler/.cache/acm-fellows-scholar-2026-09-16/cache.json,e985785e8b25a726fb5e9461ab5e59c9e9a6f3a664f381ad46895354bb9a910e
Robert M Graham,1996,,,unavailable,no_profile,,,,,https://dblp.org/pid/g/RobertMGraham,Robert M. Graham,0,no_profile,,no_verified_profile,,,,,
Ruzena Bajcsy,1996,https://scholar.google.com/citations?user=s9Ikf1EAAAAJ,,supported,name_and_2plus_dblp_titles,200,2026-09-16T22:31:29Z,Ruzena bajcsy,Unknown affiliation,https://dblp.org/pid/b/RuzenaBajcsy,Ruzena Bajcsy,12,historical,2026-04-30,no_verified_email; limited_affiliation_metadata,,,,/Users/jimmylin/workspace/bigcows-project/bigcows-crawler/.cache/acm-fellows-scholar-2026-09-16/cache.json,9db078e74cc93fb83f2c59dfc1e5dca8e9ba451e6eb67b3bf8c156ec32b78bad
Sartaj K Sahni,1996,https://scholar.google.com/citations?user=gMQWxE0AAAAJ,,supported,name_and_2plus_dblp_titles,200,2026-09-16T22:31:36Z,Sartaj Sahni,"Distinguished Professor of Computer Science, University of Florida",https://dblp.org/pid/s/SartajSahni,Sartaj Sahni,16,missing,,,,,,/Users/jimmylin/workspace/bigcows-project/bigcows-crawler/.cache/acm-fellows-scholar-2026-09-16/cache.json,a76f353a0f646afe62999987f31f41f47f1097f207741e1711ee1e955b5d53db
Takao Nishizeki,1996,https://scholar.google.com/citations?user=EErO-dUAAAAJ,,supported,name_and_2plus_dblp_titles,200,2026-09-16T22:33:59Z,Takao Nishizeki,Tohoku University (Emeritus Professor),https://dblp.org/pid/n/TakaoNishizeki,Takao Nishizeki,14,historical,2026-04-30,,,,,/Users/jimmylin/workspace/bigcows-project/bigcows-crawler/.cache/acm-fellows-scholar-2026-09-16/cache.json,e7487237612d7473760227c2e92884b0891ef29f03a2bf89f0fd9923bd9fb661
TRN Rao,1996,,,unavailable,no_profile,,,,,https://dblp.org/pid/r/TRNRao,,0,no_profile,,no_verified_profile,,,,,
Uzi Vishkin,1996,https://scholar.google.com/citations?user=1r8HluQAAAAJ,,supported,name_and_2plus_dblp_titles,200,2026-09-16T22:34:07Z,Uzi Vishkin,"Professor, The University of Maryland Institute for Advanced Computer Studies (UMIACS) and",https://dblp.org/pid/v/UziVishkin,Uzi Vishkin,19,historical,2026-04-30,,,,,/Users/jimmylin/workspace/bigcows-project/bigcows-crawler/.cache/acm-fellows-scholar-2026-09-16/cache.json,c3d007241a3c8f16ba39ab03535d7db9cc51f4610c0e267409808076d497a302
William Richards Adrion,1996,,,unavailable,no_profile,,,,,https://dblp.org/pid/a/WRichardsAdrion,,0,no_profile,,no_verified_profile,,,,,
Alan H Barr,1995,,,unavailable,no_profile,,,,,https://dblp.org/pid/51/687,Alan H. Barr,0,no_profile,,no_verified_profile,,,,,
Andrew C Yao,1995,,,unavailable,no_profile,,,,,https://dblp.org/pid/y/AndrewChiChihYao,Andrew Chi-Chih Yao,0,no_profile,,no_verified_profile,,,,,
Anthony Oettinger,1995,,,unavailable,no_profile,,,,,https://dblp.org/pid/64/2805,Anthony G. Oettinger,0,no_profile,,no_verified_profile,,,,,
Bertram Herzog,1995,,,unavailable,no_profile,,,,,https://dblp.org/pid/72/6693,Bertram Herzog,0,no_profile,,no_verified_profile,,,,,
Chak-Kuen Wong,1995,,,unavailable,no_profile,,,,,https://dblp.org/pid/w/CKWong,Chak-Kuen Wong,0,no_profile,,no_verified_profile,,,,,
Chris S Wallace,1995,https://scholar.google.com/citations?user=d7k7_7wAAAAJ,,supported,name_and_2plus_dblp_titles,200,2026-09-16T22:34:13Z,C S Wallace,"Christopher (Chris) Stewart Wallace (1933-2004), Foundation Professor of Computer Science, Monash",https://dblp.org/pid/86/2899,Chris S. Wallace,12,historical,2026-04-30,,,,,/Users/jimmylin/workspace/bigcows-project/bigcows-crawler/.cache/acm-fellows-scholar-2026-09-16/cache.json,4cf983d9b94c22cb8e1cfa0514cc0bf60ea84a6caa4579b87b3d8f33af449457
Cliff B Jones,1995,https://scholar.google.com/citations?user=W9m9SwwAAAAJ,,supported,name_and_2plus_dblp_titles,200,2026-09-16T22:34:20Z,Cliff B Jones,"Professor of Computing Science, Newcastle University, UK",https://dblp.org/pid/j/CliffBJones,Cliff B. Jones,14,historical,2026-04-30,,,,,/Users/jimmylin/workspace/bigcows-project/bigcows-crawler/.cache/acm-fellows-scholar-2026-09-16/cache.json,7aaf37b709b3c701acc82a47c0df7cb6349a6480c8d5a8360c326dbe6b29ee9c
Daniel J Rosenkrantz,1995,https://scholar.google.com/citations?user=RNHJqvcAAAAJ,,supported,name_and_2plus_dblp_titles,200,2026-09-16T22:34:28Z,Daniel J. Rosenkrantz,"Biocomplexity Institute, University of Virginia",https://dblp.org/pid/80/6105,Daniel J. Rosenkrantz,17,historical,2026-04-30,no_verified_email,,,,/Users/jimmylin/workspace/bigcows-project/bigcows-crawler/.cache/acm-fellows-scholar-2026-09-16/cache.json,20660b0fddeadb14784c989e30a63007977f5c70ab49efc7e3cb4abf5445ead9
David DeWitt,1995,https://scholar.google.com/citations?user=6iBz3QgAAAAJ,,supported,name_and_2plus_dblp_titles,200,2026-09-16T22:34:36Z,David DeWitt,"John P. Morgridge Professor, Emeritus, University of Wisconsin. Technical Fellow, Microsoft",https://dblp.org/pid/d/DJDeWitt,David J. DeWitt,18,historical,2026-04-30,,,,,/Users/jimmylin/workspace/bigcows-project/bigcows-crawler/.cache/acm-fellows-scholar-2026-09-16/cache.json,9254025b787d81bdb062e0101bc75295f8504a3b0cec6aa5d8c4a0956c50e7d8
David H Brandin,1995,,,unavailable,no_profile,,,,,https://dblp.org/pid/82/2573,David H. Brandin,0,no_profile,,no_verified_profile,,,,,
David S Johnson,1995,https://scholar.google.com/citations?user=LyEq7qEAAAAJ,,supported,metadata_and_publication_review,200,2026-09-16T22:34:44Z,David S. Johnson,"Visiting Professor, Columbia University Computer Science Department",https://dblp.org/pid/198/1125,David M. S. Johnson,0,historical,2026-04-30,possible_attribution_conflict,,"Genome sequencing, psychology reproducibility and IPv6 papers appear alongside the Fellow’s algorithms work.",,/Users/jimmylin/workspace/bigcows-project/bigcows-crawler/.cache/acm-fellows-scholar-2026-09-16/cache.json,ddd31376c15b2710184c5f3ca8001ecbcb619a86a2701562af67cf84e8f2615a
Donald Greenberg,1995,,,unavailable,no_profile,,,,,https://dblp.org/pid/g/DonaldPGreenberg,Donald P. Greenberg,0,no_profile,,no_verified_profile,,,,,
Dorothy E Denning,1995,,,unavailable,no_profile,,,,,https://dblp.org/pid/d/DorothyEDenning,Dorothy E. Denning,0,no_profile,,no_verified_profile,,,,,
Edward Lazowska,1995,https://scholar.google.com/citations?user=NhY4TT4AAAAJ,,supported,name_and_2plus_dblp_titles,200,2026-09-16T22:34:51Z,Ed Lazowska,"Bill & Melinda Gates Chair in Computer Science & Engineering, University of Washington",https://dblp.org/pid/l/EDLazowska,Edward D. Lazowska,18,missing,,,,,,/Users/jimmylin/workspace/bigcows-project/bigcows-crawler/.cache/acm-fellows-scholar-2026-09-16/cache.json,37f7f1cb7259fc507897ccbf8984807b18cd7efc7598bd4c04fb0b4b45b1ab0e
Edwin Catmull,1995,https://scholar.google.com/citations?user=qb5SK0QAAAAJ,,supported,metadata_and_publication_review,200,2026-09-16T22:34:59Z,Edwin Catmull,"Pixar, Disney, retired",https://dblp.org/pid/c/EdwinECatmull,Edwin E. Catmull,1,historical,2026-04-30,,,,,/Users/jimmylin/workspace/bigcows-project/bigcows-crawler/.cache/acm-fellows-scholar-2026-09-16/cache.json,4c0e302d2695ffacbc1b8efc022d6401b7fb55681b812dd202f6bb34c4dda895
Erwin Engeler,1995,,,unavailable,no_profile,,,,,https://dblp.org/pid/12/3064,Erwin Engeler,0,no_profile,,no_verified_profile,,,,,
Franco P Preparata,1995,,,unavailable,no_profile,,,,,https://dblp.org/pid/p/FPPreparata,Franco P. Preparata,0,no_profile,,no_verified_profile,,,,,
Fred B Schneider,1995,https://scholar.google.com/citations?user=sxjynOsAAAAJ,,supported,name_and_2plus_dblp_titles,200,2026-09-16T22:35:07Z,Fred Schneider,"CS Dept, Cornell University",https://dblp.org/pid/s/FredBSchneider,Fred B. Schneider,16,missing,,,,,,/Users/jimmylin/workspace/bigcows-project/bigcows-crawler/.cache/acm-fellows-scholar-2026-09-16/cache.json,dff6ef6f73ab2aa8ed53336fa210517aff250c157b2d2378c34e2000510bdd23
Gerard Salton,1995,https://scholar.google.com/citations?user=PmJ2544AAAAJ,,supported,name_and_2plus_dblp_titles,200,2026-09-16T22:35:14Z,Gerard Salton (1927-1995),"Professor of Computer Science, Cornell University",https://dblp.org/pid/s/GerardSalton,Gerard Salton,12,historical,2026-04-30,no_verified_email,,,,/Users/jimmylin/workspace/bigcows-project/bigcows-crawler/.cache/acm-fellows-scholar-2026-09-16/cache.json,22784464ea2314e7c81db12f43997f8813023e9871dfc011216b3aa13864d3d4
Gio Wiederhold,1995,https://scholar.google.com/citations?user=fJiGhkoAAAAJ,,supported,name_and_2plus_dblp_titles,200,2026-09-16T22:35:22Z,Gio Wiederhold,"Emeritus Professor of Computer Science, Electrical Enginering, & Medicine, Stanford University",https://dblp.org/pid/w/GioWiederhold,Gio Wiederhold,15,historical,2026-04-30,,,,,/Users/jimmylin/workspace/bigcows-project/bigcows-crawler/.cache/acm-fellows-scholar-2026-09-16/cache.json,77c0544239f4e45d7abbedd7507ddf54fbdc3f1daace46e41e6dae8fb033f02e
Grady Booch,1995,,,unavailable,no_profile,,,,,https://dblp.org/pid/b/GradyBooch,Grady Booch,0,no_profile,,no_verified_profile,,,,,
Harold J Highland,1995,,,unavailable,no_profile,,,,,https://dblp.org/pid/87/5822,Harold Joseph Highland,0,no_profile,,no_verified_profile,,,,,
Henry Fuchs,1995,https://scholar.google.com/citations?user=guhwcP8AAAAJ,,supported,name_and_2plus_dblp_titles,200,2026-09-16T22:35:38Z,Henry Fuchs,"Federico Gil Distinguished Professor of Computer Science, University of North Carolina",https://dblp.org/pid/f/HenryFuchs,Henry Fuchs,15,historical,2026-04-30,,,,,/Users/jimmylin/workspace/bigcows-project/bigcows-crawler/.cache/acm-fellows-scholar-2026-09-16/cache.json,09f8769fc6c3e747bedcaf81d119c7b39e6c122e7d2eef66a10f06af9802524d
Herbert R J Grosch,1995,,,unavailable,no_profile,,,,,https://dblp.org/pid/62/2002,Herbert R. J. Grosch,0,no_profile,,no_verified_profile,,,,,
J Nievergelt,1995,,,unavailable,no_profile,,,,,https://dblp.org/pid/294/3258,Jay Nievergelt,0,no_profile,,no_verified_profile,,,,,
J Turner Whitted,1995,,,unavailable,no_profile,,,,,https://dblp.org/pid/85/3969,,0,no_profile,,no_verified_profile,,,,,
Jayadev Misra,1995,https://scholar.google.com/citations?user=49uW_WcAAAAJ,,supported,name_and_2plus_dblp_titles,200,2026-09-16T22:35:46Z,Jayadev Misra,University of Texas at Austin,https://dblp.org/pid/m/JayadevMisra,Jayadev Misra,18,historical,2026-04-30,,,,,/Users/jimmylin/workspace/bigcows-project/bigcows-crawler/.cache/acm-fellows-scholar-2026-09-16/cache.json,b4495f306acac53f4e03a44ac593ca9c58125cd49b44ebe9c1574e407d455bfd
Jeffrey D Ullman,1995,https://scholar.google.com/citations?user=wUJ2bXgAAAAJ,,supported,name_and_2plus_dblp_titles,200,2026-09-16T22:35:52Z,Jeffrey Ullman,"Professor of Computer Science, Stanford University",https://dblp.org/pid/u/JeffreyDUllman,Jeffrey D. Ullman,13,historical,2026-04-30,,,,,/Users/jimmylin/workspace/bigcows-project/bigcows-crawler/.cache/acm-fellows-scholar-2026-09-16/cache.json,271dd5fd3d895fffc77503aed196486464359d7a203244f53ce596cd2955627e
John B Goodenough,1995,,,unavailable,no_profile,,,,,https://dblp.org/pid/84/1640,John B. Goodenough 0001,0,no_profile,,no_verified_profile,,,,,
John R. White,1995,,,unavailable,no_profile,,,,,https://dblp.org/pid/45/3037,John R. White,0,no_profile,,no_verified_profile,,,,,
Kenneth W Kennedy,1995,,,unavailable,no_profile,,,,,https://dblp.org/pid/05/9528,Kenneth W. Kennedy,0,no_profile,,no_verified_profile,,,,,
Lance Hoffman,1995,https://scholar.google.com/citations?user=n3LNFXQAAAAJ,,supported,name_and_2plus_dblp_titles,200,2026-09-16T22:35:59Z,Lance Hoffman,"Distinguished Research Professor of Computer Science, The George WashingtonUniversity",https://dblp.org/pid/89/1666,Lance J. Hoffman,12,historical,2026-04-30,,,,,/Users/jimmylin/workspace/bigcows-project/bigcows-crawler/.cache/acm-fellows-scholar-2026-09-16/cache.json,6594fb8075d02c0cacd5b3b4605c208e206b8fd07bd5a1862792287b0021efdb
Larry Druffel,1995,,,unavailable,no_profile,,,,,https://dblp.org/pid/03/2428,Larry E. Druffel,0,no_profile,,no_verified_profile,,,,,
Larry Snyder,1995,,,unavailable,no_profile,,,,,https://dblp.org/pid/s/LawrenceSnyder,Lawrence Snyder 0001,0,no_profile,,no_verified_profile; dblp_identity_review,,,,,
Lawrence Bernstein,1995,,,unavailable,no_profile,,,,,https://dblp.org/pid/12/2489,Lawrence Bernstein,0,no_profile,,no_verified_profile,,,,,
Loren C Carpenter,1995,,,unavailable,no_profile,,,,,https://dblp.org/pid/c/LorenCCarpenter,Loren C. Carpenter,0,no_profile,,no_verified_profile,,,,,
Michael R Garey,1995,https://scholar.google.com/citations?user=ppjLpNYAAAAJ,,supported,name_and_2plus_dblp_titles,200,2026-09-16T22:36:06Z,Michael R Garey,Retired,https://dblp.org/pid/g/MRGarey,M. R. Garey,13,historical,2026-04-30,no_verified_email,,,,/Users/jimmylin/workspace/bigcows-project/bigcows-crawler/.cache/acm-fellows-scholar-2026-09-16/cache.json,6b6c91c952108efde07e7ff69d5538e4399f98bc19e877e15c68528eb806ed60
Myron Ginsberg,1995,,,unavailable,no_profile,,,,,https://dblp.org/pid/18/133,Myron Ginsberg,0,no_profile,,no_verified_profile,,,,,
Nancy Leveson,1995,https://scholar.google.com/citations?user=78y4sEcAAAAJ,,supported,name_and_2plus_dblp_titles,200,2026-09-16T22:36:14Z,N Leveson,MIT,https://dblp.org/pid/l/NGLeveson,Nancy G. Leveson,10,missing,,,,,,/Users/jimmylin/workspace/bigcows-project/bigcows-crawler/.cache/acm-fellows-scholar-2026-09-16/cache.json,5f3785f19e94dc912c968b7aeeb779ed2199d8de037c10f385d4bde7bb017142
Norihisa Suzuki,1995,,,unavailable,no_profile,,,,,https://dblp.org/pid/88/2836,Norihisa Suzuki,0,no_profile,,no_verified_profile,,,,,
Oscar Ibarra,1995,,,unavailable,no_profile,,,,,https://dblp.org/pid/i/OscarHIbarra,,0,no_profile,,no_verified_profile,,,,,
Paul W Abrahams,1995,,,unavailable,no_profile,,,,,https://dblp.org/pid/22/4940,Paul W. Abrahams,0,no_profile,,no_verified_profile,,,,,
Paul Young,1995,,,unavailable,no_profile,,,,,https://dblp.org/pid/295/2682,,0,no_profile,,no_verified_profile,,,,,
Peter Wegner,1995,,,unavailable,no_profile,,,,,https://dblp.org/pid/w/PeterWegner,Peter Wegner,0,no_profile,,no_verified_profile,,,,,
R L Ashenhurst,1995,,,unavailable,no_profile,,,,,https://dblp.org/pid/10/3512,Robert L. Ashenhurst,0,no_profile,,no_verified_profile,,,,,
Richard E. Ladner,1995,https://scholar.google.com/citations?user=hgOSI1EAAAAJ,,supported,name_and_2plus_dblp_titles,200,2026-09-16T22:36:21Z,Richard E Ladner,University of Washington,https://dblp.org/pid/l/RELadner,Richard E. Ladner,17,historical,2026-04-30,,,,,/Users/jimmylin/workspace/bigcows-project/bigcows-crawler/.cache/acm-fellows-scholar-2026-09-16/cache.json,b5b14eeb4e66e7e8d122779fd2a7afe2cbd18b9a48f74513471ba389f7b0d67a
Richard P Brent,1995,https://scholar.google.com/citations?user=TRcAF4cAAAAJ,,supported,name_and_2plus_dblp_titles,200,2026-09-16T22:36:28Z,Richard P Brent,Australian National University,https://dblp.org/pid/b/RichardPBrent,Richard P. Brent,12,historical,2026-04-30,,,,,/Users/jimmylin/workspace/bigcows-project/bigcows-crawler/.cache/acm-fellows-scholar-2026-09-16/cache.json,f6b684a0fa3625e838808aae168616287fb2db552880b48039a74487bed57033
Robert Constable,1995,,,unavailable,no_profile,,,,,https://dblp.org/pid/63/6962,R. Todd Constable,0,no_profile,,no_verified_profile,,,,,
Roy F Rada,1995,https://scholar.google.com/citations?user=Hvk1n1YAAAAJ,,supported,metadata_and_publication_review,200,2026-09-16T22:36:36Z,Roy Rada,"Professor Emeritus of Information Systems, UMBC",https://dblp.org/pid/r/RoyRada,,0,missing,,,,,,/Users/jimmylin/workspace/bigcows-project/bigcows-crawler/.cache/acm-fellows-scholar-2026-09-16/cache.json,8214d4176b6e5d96f480517bf6ed7af11072b5f66d5cd2d3d7b5a2b9152c9f51
S Lakshmivarahan,1995,https://scholar.google.com/citations?user=SverXLoAAAAJ,,supported,name_and_2plus_dblp_titles,200,2026-09-16T22:36:44Z,S Lakshmivarahan,"George Lynn Cross Research Professor Emeritus, Computer Science, University of Oklahoma",https://dblp.org/pid/l/SLakshmivarahan,S. Lakshmivarahan,9,historical,2026-04-30,,,,,/Users/jimmylin/workspace/bigcows-project/bigcows-crawler/.cache/acm-fellows-scholar-2026-09-16/cache.json,30235a4cc7a468a1268eadf392228777e816bddc43282bd5450ccf8ad597f209
Sambasiva Kosaraju,1995,,,unavailable,no_profile,,,,,https://dblp.org/pid/k/SRaoKosaraju,,0,no_profile,,no_verified_profile,,,,,
Stuart Feldman,1995,,,unavailable,no_profile,,,,,https://dblp.org/pid/f/StuartIFeldman,Stuart I. Feldman,0,no_profile,,no_verified_profile,,,,,
Won Kim,1995,,,unavailable,no_profile,,,,,https://dblp.org/pid/244/5227,,0,no_profile,,no_verified_profile,,,,,
Zvi Galil,1995,https://scholar.google.com/citations?user=tI3m7CMAAAAJ,,supported,name_and_2plus_dblp_titles,200,2026-09-16T22:36:50Z,Zvi Galil,"Professor of Computer Science, Georgia Tech",https://dblp.org/pid/g/ZviGalil,Zvi Galil,17,historical,2026-04-30,,,,,/Users/jimmylin/workspace/bigcows-project/bigcows-crawler/.cache/acm-fellows-scholar-2026-09-16/cache.json,3ff0f6839587ed8df082f346aa1c7915d60ed0fff46d8420a1201f1d39b748df
A J Milner,1994,,,unavailable,no_profile,,,,,https://dblp.org/pid/m/RobinMilner,,0,no_profile,,no_verified_profile,,,,,
Aaron Finerman,1994,,,unavailable,no_profile,,,,,https://dblp.org/pid/11/4555,Aaron Finerman,0,no_profile,,no_verified_profile,,,,,
Adele Goldberg,1994,,,unavailable,no_profile,,,,,https://dblp.org/pid/g/AdeleGoldberg,Adele Goldberg 0001,0,no_profile,,no_verified_profile,,,,,
Allen Tucker,1994,,,unavailable,no_profile,,,,,https://dblp.org/pid/146/9346,Allen Tucker,0,no_profile,,no_verified_profile,,,,,
Andries van Dam,1994,,,unavailable,no_profile,,,,,https://dblp.org/pid/d/AvDam,Andries van Dam,0,no_profile,,no_verified_profile,,,,,
Anthony Ralston,1994,,,unavailable,no_profile,,,,,https://dblp.org/pid/12/4330,Anthony Ralston,0,no_profile,,no_verified_profile,,,,,
Azriel Rosenfeld,1994,,,unavailable,no_profile,,,,,https://dblp.org/pid/r/AzrielRosenfeld,Azriel Rosenfeld,0,no_profile,,no_verified_profile,,,,,
Barbara B Simons,1994,,,unavailable,no_profile,,,,,https://dblp.org/pid/s/BarbaraBSimons,Barbara B. Simons,0,no_profile,,no_verified_profile,,,,,
Ben Wegbreit,1994,,,unavailable,no_profile,,,,,https://dblp.org/pid/31/5520,Ben Wegbreit,0,no_profile,,no_verified_profile,,,,,
Bernard A Galler,1994,,,unavailable,no_profile,,,,,https://dblp.org/pid/g/BernardAGaller,Bernard A. Galler,0,no_profile,,no_verified_profile,,,,,
Bjarne Stroustrup,1994,https://scholar.google.com/citations?user=Rr9Y8acAAAAJ,,supported,name_and_2plus_dblp_titles,200,2026-09-16T22:36:58Z,Bjarne Stroustrup,Mrgan Stanley and Columbia University,https://dblp.org/pid/s/BjarneStroustrup,Bjarne Stroustrup,14,historical,2026-04-30,,,,,/Users/jimmylin/workspace/bigcows-project/bigcows-crawler/.cache/acm-fellows-scholar-2026-09-16/cache.json,92dfbeaa54f46be64f49938440a46639ed586e8739347b069b5e0671390f4a39
Bob O Evans,1994,,,unavailable,no_profile,,,,,https://dblp.org/pid/174/0100,Bob O. Evans,0,no_profile,,no_verified_profile,,,,,
Bruce Lindsay,1994,,,unavailable,no_profile,,,,,https://dblp.org/pid/288/0534,Bruce D. Lindsay,0,no_profile,,no_verified_profile,,,,,
Burton Smith,1994,,,unavailable,no_profile,,,,,https://dblp.org/pid/64/4805,Burton Smith,0,no_profile,,no_verified_profile,,,,,
Butler W Lampson,1994,https://scholar.google.com/citations?user=9eyvm28AAAAJ,,supported,name_and_2plus_dblp_titles,200,2026-09-16T22:39:33Z,Butler Lampson,"Technical Fellow, Microsoft Research",https://dblp.org/pid/l/ButlerWLampson,Butler W. Lampson,10,historical,2026-04-30,,,,,/Users/jimmylin/workspace/bigcows-project/bigcows-crawler/.cache/acm-fellows-scholar-2026-09-16/cache.json,fd3c6e5adfaaf9dbfd57a4790ab5b4d44e0f245b352a969e04808f86af4bf82d
C Gordon Bell,1994,https://scholar.google.com/citations?user=_gzpApwAAAAJ,,supported,name_and_2plus_dblp_titles,200,2026-09-16T22:39:42Z,C G Bell,Microsoft (ret.),https://dblp.org/pid/b/GBell,Gordon Bell,8,missing,,,,,,/Users/jimmylin/workspace/bigcows-project/bigcows-crawler/.cache/acm-fellows-scholar-2026-09-16/cache.json,da471018daf6bd4c4c7bd9a461e8760143201d6069a1267e15c49387b2d15896
C.L. Liu,1994,,,unavailable,no_profile,,,,,https://dblp.org/pid/30/5444,Chengliang Liu,0,no_profile,,no_verified_profile,,,,,
Calvin C. Gotlieb,1994,,,unavailable,no_profile,,,,,https://dblp.org/pid/g/CCGotlieb,Calvin C. Gotlieb,0,no_profile,,no_verified_profile,,,,,
Carl Hammer,1994,,,unavailable,no_profile,,,,,https://dblp.org/pid/83/3210,Carl Hammer,0,no_profile,,no_verified_profile,,,,,
Charles L. Bradshaw,1994,,,unavailable,no_profile,,,,,https://dblp.org/pid/199/7422,Charles L. Bradshaw,0,no_profile,,no_verified_profile,,,,,
Charles P. Thacker,1994,,,unavailable,no_profile,,,,,https://dblp.org/pid/58/4470,Charles P. Thacker,0,no_profile,,no_verified_profile,,,,,
Charles W. Gear,1994,,,unavailable,no_profile,,,,,https://dblp.org/pid/g/CWilliamGear,Charles William Gear,0,no_profile,,no_verified_profile,,,,,
Cordell Green,1994,,,unavailable,no_profile,,,,,https://dblp.org/pid/69/2492,Cordell Green,0,no_profile,,no_verified_profile,,,,,
Dana S Scott,1994,https://scholar.google.com/citations?user=oaja5KYAAAAJ,,supported,name_and_2plus_dblp_titles,200,2026-09-16T22:39:49Z,Dana Scott,"Visiting Scholar, UC Berkeley",https://dblp.org/pid/s/DanaSScott,Dana S. Scott,7,missing,,,,,,/Users/jimmylin/workspace/bigcows-project/bigcows-crawler/.cache/acm-fellows-scholar-2026-09-16/cache.json,fc9b59bbdf28f87d52b2fa71eb75cd61168637922544fa3a8cadb583b9fc667c
Daniel Bobrow,1994,https://scholar.google.com/citations?user=95OEG6IAAAAJ,,supported,name_and_2plus_dblp_titles,200,2026-09-16T22:39:57Z,Daniel G. Bobrow,"Parc, Palo Alto Research Center",https://dblp.org/pid/b/DGBobrow,Daniel G. Bobrow,8,historical,2026-04-30,,,,,/Users/jimmylin/workspace/bigcows-project/bigcows-crawler/.cache/acm-fellows-scholar-2026-09-16/cache.json,9afaf7137a76e9aa67442176b36c6bd11c140664f349cf746811ab58afbd3187
Daniel D McCracken,1994,,,unavailable,no_profile,,,,,https://dblp.org/pid/199/9066,Daniel McCracken,0,no_profile,,no_verified_profile,,,,,
Daniel S. Bricklin,1994,,,unavailable,no_profile,,,,,https://dblp.org/pid/91/4250,,0,no_profile,,no_verified_profile,,,,,
Daniel Siewiorek,1994,https://scholar.google.com/citations?user=B13SvmAAAAAJ,,supported,name_and_2plus_dblp_titles,200,2026-09-16T22:40:04Z,Daniel Siewiorek,Carnegie Mellon University,https://dblp.org/pid/50/842,Daniel P. Siewiorek,14,historical,2026-04-30,,,,,/Users/jimmylin/workspace/bigcows-project/bigcows-crawler/.cache/acm-fellows-scholar-2026-09-16/cache.json,4e6cec9788cd59cb12771b77e6bd6601b740c55ef60ce8ce45afcb654532044e
David Harel,1994,https://scholar.google.com/citations?user=E20Gzu0AAAAJ,,supported,name_and_2plus_dblp_titles,200,2026-09-16T22:40:11Z,David Harel,"Professor of Computer Science, The Weizmann Institute",https://dblp.org/pid/h/DavidHarel,David Harel,15,historical,2026-04-30,,,,,/Users/jimmylin/workspace/bigcows-project/bigcows-crawler/.cache/acm-fellows-scholar-2026-09-16/cache.json,df25e21d599685e89c58fc023489c75974d8f44e6e28220012ee90ea756f7763
David J. Kuck,1994,,,unavailable,no_profile,,,,,https://dblp.org/pid/59/1867,David J. Kuck,0,no_profile,,no_verified_profile,,,,,
David John Wheeler,1994,,,unavailable,no_profile,,,,,https://dblp.org/pid/w/DavidJWheeler,,0,no_profile,,no_verified_profile,,,,,
David Joseph Gries,1994,https://scholar.google.com/citations?user=Ormag-QAAAAJ,,supported,metadata_and_publication_review,200,2026-09-16T22:40:19Z,David Gries,"Professor Emeritus (as of 2012), Computer Science, Cornell University",https://dblp.org/pid/g/DavidGries,,0,missing,,,,,,/Users/jimmylin/workspace/bigcows-project/bigcows-crawler/.cache/acm-fellows-scholar-2026-09-16/cache.json,ba3199776208c4eb2a9696f56a19b355652a2e42b1f9bbc3263c893c006dd01c
David Lorge Parnas,1994,https://scholar.google.com/citations?user=t8GDoiMAAAAJ,,supported,name_and_2plus_dblp_titles,200,2026-09-16T22:40:27Z,David Lorge Parnas,"Middle Road Software, McMaster University, University of Limerick",https://dblp.org/pid/p/DLParnas,David Lorge Parnas,18,historical,2026-04-30,,,,,/Users/jimmylin/workspace/bigcows-project/bigcows-crawler/.cache/acm-fellows-scholar-2026-09-16/cache.json,84f1a7b7bfbab427d61e9e71bab8374d9c7149e660ba86397a2d4fb69093813e
David Patterson,1994,https://scholar.google.com/citations?user=Wj4ZBFIAAAAJ,,supported,metadata_and_publication_review,200,2026-09-16T22:40:35Z,David Patterson,"Professor of Computer Science, UC Berkeley",https://dblp.org/pid/15/2345-2,David Patterson 0002,0,historical,2026-04-30,confirmed_attribution_conflict,,Clio and the Economics of QWERTY is by Paul A. David.,https://joeornstein.github.io/pols-4641/readings/David%20-%201985%20-%20Clio%20and%20the%20Economics%20of%20QWERTY.pdf,/Users/jimmylin/workspace/bigcows-project/bigcows-crawler/.cache/acm-fellows-scholar-2026-09-16/cache.json,62b7e5285aa5a04ec521bf201f793d1b176716908717db627f22745701d0d75f
David R. Boggs,1994,,,unavailable,no_profile,,,,,https://dblp.org/pid/98/5887,David R. Boggs,0,no_profile,,no_verified_profile,,,,,
Donald Chamberlin,1994,,,unavailable,no_profile,,,,,https://dblp.org/pid/c/DDChamberlin,Donald D. Chamberlin,0,no_profile,,no_verified_profile,,,,,
Donald E Knuth,1994,https://scholar.google.com/citations?user=t0yrrzQAAAAJ,,supported,name_and_2plus_dblp_titles,200,2026-09-16T22:40:43Z,Donald E. Knuth,Stanford University,https://dblp.org/pid/k/DonaldEKnuth,Donald E. Knuth,13,historical,2026-04-30,no_verified_email,,,,/Users/jimmylin/workspace/bigcows-project/bigcows-crawler/.cache/acm-fellows-scholar-2026-09-16/cache.json,bde2ae7676d4a48b4b5360d19860ccbc5c17ac304c8c6b25645fc890270ef924
Donald R Slutz,1994,,,unavailable,no_profile,,,,,https://dblp.org/pid/33/6589,Donald R. Slutz,0,no_profile,,no_verified_profile,,,,,
Douglas K Brotz,1994,,,unavailable,no_profile,,,,,https://dblp.org/pid/58/3707,Douglas K. Brotz,0,no_profile,,no_verified_profile,,,,,
Ed Coffman,1994,https://scholar.google.com/citations?user=Fj5sn6QAAAAJ,,supported,name_and_2plus_dblp_titles,200,2026-09-16T22:40:51Z,E. G. Coffman,Retired,https://dblp.org/pid/c/EdwardGCoffmanJr,Edward G. Coffman Jr.,15,missing,,,,,,/Users/jimmylin/workspace/bigcows-project/bigcows-crawler/.cache/acm-fellows-scholar-2026-09-16/cache.json,04c380d608b146b78a25f0e670b546239f03e35377f61ce2bb6b215b35d84a42
Edgar F. Codd,1994,,,unavailable,no_profile,,,,,https://dblp.org/pid/c/EFCodd,E. F. Codd,0,no_profile,,no_verified_profile,,,,,
Edsger W. Dijkstra,1994,,,unavailable,no_profile,,,,,https://dblp.org/pid/d/WEDijkstra,Edsger W. Dijkstra,0,no_profile,,no_verified_profile,,,,,
Edward A Taft,1994,,,unavailable,no_profile,,,,,https://dblp.org/pid/52/147,Edward A. Taft,0,no_profile,,no_verified_profile,,,,,
Edward McCluskey,1994,,,unavailable,no_profile,,,,,https://dblp.org/pid/m/EdwardJMcCluskey.html,Edward J. McCluskey,0,no_profile,,no_verified_profile,,,,,
Eric A Weiss,1994,,,unavailable,no_profile,,,,,https://dblp.org/pid/37/4603,Eric A. Weiss,0,no_profile,,no_verified_profile,,,,,
Fernando Corbato,1994,,,unavailable,no_profile,,,,,https://dblp.org/pid/c/FernandoJCorbato,Fernando J. Corbató,0,no_profile,,no_verified_profile; dblp_identity_review,,,,,
Frances Allen,1994,,,unavailable,no_profile,,,,,https://dblp.org/pid/a/FEAllen,Frances E. Allen,0,no_profile,,no_verified_profile,,,,,
Frank Friedman,1994,,,unavailable,no_profile,,,,,https://dblp.org/pid/287/8232,Frank F. Friedman,0,no_profile,,no_verified_profile,,,,,
Franz L. Alt,1994,,,unavailable,no_profile,,,,,https://dblp.org/pid/a/FranzLAlt,Franz L. Alt,0,no_profile,,no_verified_profile,,,,,
Fred H Harris,1994,,,unavailable,no_profile,,,,,https://dblp.org/pid/06/421-1,Fredric J. Harris,0,no_profile,,no_verified_profile,,,,,
Frederick Brooks,1994,https://scholar.google.com/citations?user=_h65cfgAAAAJ,,supported,name_and_2plus_dblp_titles,200,2026-09-16T22:41:00Z,Frederick P. Brooks,"University of North Carolina at Chapel Hill, emeritus",https://dblp.org/pid/b/FrederickPBrooksJr,Frederick P. Brooks Jr.,10,historical,2026-04-30,,,,,/Users/jimmylin/workspace/bigcows-project/bigcows-crawler/.cache/acm-fellows-scholar-2026-09-16/cache.json,eacee07dcb44019bc84801ecfa2f2c45bdf9db47a2a78416b238a8eedb526f48
Gerald L Engel,1994,,,unavailable,no_profile,,,,,https://dblp.org/pid/41/5383,Gerald L. Engel,0,no_profile,,no_verified_profile,,,,,
GERALD SUSSMAN,1994,,,unavailable,no_profile,,,,,https://dblp.org/pid/s/GeraldJSussman,Gerald J. Sussman,0,no_profile,,no_verified_profile,,,,,
Guy L Steele Jr,1994,https://scholar.google.com/citations?user=Ur3sFscAAAAJ,,supported,name_and_2plus_dblp_titles,200,2026-09-16T22:41:06Z,Guy L. Steele Jr.,Oracle Labs,https://dblp.org/pid/s/GuyLSteeleJr,Guy L. Steele Jr.,12,historical,2026-04-30,,,,,/Users/jimmylin/workspace/bigcows-project/bigcows-crawler/.cache/acm-fellows-scholar-2026-09-16/cache.json,78b125ad3f44da2f559cd1ab98bdd4291388886f9aedd035281ff71dd11a94c2
Harold Stone,1994,https://scholar.google.com/citations?user=74JdpDAAAAAJ,,supported,name_and_2plus_dblp_titles,200,2026-09-16T22:41:15Z,Harold Stone,"Fellow Emeritus, NEC Research Laboratory",https://dblp.org/pid/00/4597,Harold S. Stone,13,historical,2026-04-30,,,,,/Users/jimmylin/workspace/bigcows-project/bigcows-crawler/.cache/acm-fellows-scholar-2026-09-16/cache.json,becece0645563de90aa5d51067c36ea6e20ecf6c6bfbbcba523bef97372e5857
Harry D. Huskey,1994,,,unavailable,no_profile,,,,,https://dblp.org/pid/08/5096,Harry D. Huskey,0,no_profile,,no_verified_profile,,,,,
Harvey G. Cragon,1994,,,unavailable,no_profile,,,,,https://dblp.org/pid/80/7019,Harvey G. Cragon,0,no_profile,,no_verified_profile,,,,,
Herbert A. Simon,1994,,,unavailable,no_profile,,,,,https://dblp.org/pid/16/6065,Herbert A. Simon,0,no_profile,,no_verified_profile,,,,,
Herbert Maisel,1994,,,unavailable,no_profile,,,,,https://dblp.org/pid/27/474,Herbert Maisel,0,no_profile,,no_verified_profile,,,,,
Irv Traiger,1994,,,unavailable,no_profile,,,,,https://dblp.org/pid/17/2969,Irving L. Traiger,0,no_profile,,no_verified_profile,,,,,
Ivan Sutherland,1994,,,unavailable,no_profile,,,,,https://dblp.org/pid/35/5713,Ivan E. Sutherland,0,no_profile,,no_verified_profile,,,,,
J Presper Eckert,1994,,,unavailable,no_profile,,,,,https://dblp.org/pid/e/JPresperEckert,J. Presper Eckert,0,no_profile,,no_verified_profile,,,,,
J.N. Hume,1994,,,unavailable,no_profile,,,,,https://dblp.org/pid/15/1916,J. N. Patterson Hume,0,no_profile,,no_verified_profile,,,,,
Jack Dennis,1994,,,unavailable,no_profile,,,,,https://dblp.org/pid/178/4442,,0,no_profile,,no_verified_profile,,,,,
Jack Minker,1994,,,unavailable,no_profile,,,,,https://dblp.org/pid/m/JackMinker,Jack Minker,0,no_profile,,no_verified_profile,,,,,
James M. Adams,1994,,,unavailable,no_profile,,,,,https://dblp.org/pid/144/4286,James M. Adams,0,no_profile,,no_verified_profile,,,,,
Jean E Sammet,1994,,,unavailable,no_profile,,,,,https://dblp.org/pid/14/5331,Jean E. Sammet,0,no_profile,,no_verified_profile,,,,,
Jeff Rulifson,1994,,,unavailable,no_profile,,,,,https://dblp.org/pid/12/4903,Jeff Rulifson,0,no_profile,,no_verified_profile,,,,,
Jim Gray,1994,https://scholar.google.com/citations?user=Dn4kkYUAAAAJ,,supported,metadata_and_publication_review,200,2026-09-16T22:41:21Z,Jim Gray,"IBM, Tandem, DEC, Microsoft",https://dblp.org/pid/261/3452,Jim Gray,0,historical,2026-04-30,no_verified_email,,,,/Users/jimmylin/workspace/bigcows-project/bigcows-crawler/.cache/acm-fellows-scholar-2026-09-16/cache.json,e12641900cb174ea7dbe529a8503fe392d29eb3d14241e19d9ca715233d58289
John A.N. Lee,1994,,,unavailable,no_profile,,,,,https://dblp.org/pid/l/JohnANLee,John A. N. Lee,0,no_profile,,no_verified_profile,,,,,
John E Hopcroft,1994,https://scholar.google.com/citations?user=4Z6vo5QAAAAJ,,supported,name_and_2plus_dblp_titles,200,2026-09-16T22:41:29Z,John Hopcroft,Cornell University,https://dblp.org/pid/h/JohnEHopcroft,John E. Hopcroft,12,historical,2026-04-30,,,,,/Users/jimmylin/workspace/bigcows-project/bigcows-crawler/.cache/acm-fellows-scholar-2026-09-16/cache.json,5cd45240ab8540315f9e33c6c323bff7ffa7149c279dcc0a6fc8f5576b1c306c
John H Esbin,1994,,,unavailable,no_profile,,,,,https://dblp.org/pid/83/5016,John H. Esbin,0,no_profile,,no_verified_profile,,,,,
John McCarthy,1994,,,unavailable,no_profile,,,,,https://dblp.org/pid/166/8026,,0,no_profile,,no_verified_profile,,,,,
John Ousterhout,1994,https://scholar.google.com/citations?user=nDH-AqwAAAAJ,,supported,name_and_2plus_dblp_titles,200,2026-09-16T22:41:43Z,John Ousterhout,"Professor of Computer Science, Stanford University",https://dblp.org/pid/o/JohnKOusterhout,John K. Ousterhout,19,historical,2026-04-30,,,,,/Users/jimmylin/workspace/bigcows-project/bigcows-crawler/.cache/acm-fellows-scholar-2026-09-16/cache.json,6bd6fc129d0a642d81b1cf715eff548c03261fe61f7082d2251d1b64afecffd9
Joseph Traub,1994,https://scholar.google.com/citations?user=b31g8hsAAAAJ,,supported,name_and_2plus_dblp_titles,200,2026-09-16T22:41:50Z,J. F. Traub,"Edwin Howard Armstrong Professor of Computer Science, Columbia University",https://dblp.org/pid/t/JFTraub,Joseph F. Traub,8,missing,,,,,,/Users/jimmylin/workspace/bigcows-project/bigcows-crawler/.cache/acm-fellows-scholar-2026-09-16/cache.json,8d34f491f1e234da8fbd8f62c7a7b3ffb3e9769cc28058843c2fcdb9899f23b7
Joshua Lederberg,1994,,,unavailable,no_profile,,,,,https://dblp.org/pid/72/7007,Joshua Lederberg,0,no_profile,,no_verified_profile,,,,,
Joyce Currie Little,1994,,,unavailable,no_profile,,,,,https://dblp.org/pid/28/551,Joyce Currie Little,0,no_profile,,no_verified_profile,,,,,
Juris Hartmanis,1994,,,unavailable,no_profile,,,,,https://dblp.org/pid/84/5656,Juris Hartmanis,0,no_profile,,no_verified_profile,,,,,
Kenneth E Batcher,1994,,,unavailable,no_profile,,,,,https://dblp.org/pid/b/KEBatcher,,0,no_profile,,no_verified_profile,,,,,
L A Zadeh,1994,https://scholar.google.com/citations?user=S6H-0RAAAAAJ,,supported,metadata_and_publication_review,200,2026-09-16T22:41:57Z,Lotfi A. Zadeh,"Professor Emeritus, EECS, UC Berkeley",https://dblp.org/pid/z/LAZadeh,,0,historical,2026-04-30,,,,,/Users/jimmylin/workspace/bigcows-project/bigcows-crawler/.cache/acm-fellows-scholar-2026-09-16/cache.json,6534f460ff95d453f1fb9e4c9eb66b0dff9d234f807a65d3178f80a8ea24cf94
L. Peter Deutsch,1994,,,unavailable,no_profile,,,,,https://dblp.org/pid/d/LPeterDeutsch,L. Peter Deutsch,0,no_profile,,no_verified_profile,,,,,
Lorraine Borman,1994,,,unavailable,no_profile,,,,,https://dblp.org/pid/06/6758,Lorraine Borman,0,no_profile,,no_verified_profile,,,,,
M. Stuart Lynn,1994,,,unavailable,no_profile,,,,,https://dblp.org/pid/60/3529,M. Stuart Lynn,0,no_profile,,no_verified_profile,,,,,
Martha Sloan,1994,,,unavailable,no_profile,,,,,https://dblp.org/pid/21/640,Martha E. Sloan,0,no_profile,,no_verified_profile,,,,,
Maurice V. Wilkes,1994,,,unavailable,no_profile,,,,,https://dblp.org/pid/w/MauriceVWilkes,Maurice V. Wilkes,0,no_profile,,no_verified_profile,,,,,
Meir Lehman,1994,,,unavailable,no_profile,,,,,https://dblp.org/pid/l/MeirMLehman,Meir M. Lehman,0,no_profile,,no_verified_profile,,,,,
Michael J Flynn,1994,,,unavailable,no_profile,,,,,https://dblp.org/pid/f/MichaelJFlynn,Michael J. Flynn,0,no_profile,,no_verified_profile,,,,,
Michael Stonebraker,1994,,,unavailable,no_profile,,,,,https://dblp.org/pid/s/MichaelStonebraker,Michael Stonebraker,0,no_profile,,no_verified_profile,,,,,
Michael W Blasgen,1994,,,unavailable,no_profile,,,,,https://dblp.org/pid/172/8567,Michael W. Blasgen,0,no_profile,,no_verified_profile,,,,,
Monroe Newborn,1994,,,unavailable,no_profile,,,,,https://dblp.org/pid/n/MontyNewborn,Monty Newborn,0,no_profile,,no_verified_profile,,,,,
Niklaus E. Wirth,1994,,,unavailable,no_profile,,,,,https://dblp.org/pid/w/NiklausWirth,Niklaus Wirth,0,no_profile,,no_verified_profile,,,,,
Patrick Suppes,1994,,,unavailable,no_profile,,,,,https://dblp.org/pid/63/4886,Patrick Suppes,0,no_profile,,no_verified_profile,,,,,
Paul R McJones,1994,https://scholar.google.com/citations?user=cca4DoCsQjAJ,,supported,name_and_2plus_dblp_titles,200,2026-09-16T22:42:05Z,Paul McJones,Retired,https://dblp.org/pid/m/PaulRMcJones,Paul R. McJones,7,missing,,,,,,/Users/jimmylin/workspace/bigcows-project/bigcows-crawler/.cache/acm-fellows-scholar-2026-09-16/cache.json,7857a8f42b3ac0dc3505785703232bacde996e3e67d503ccdd2bef365384bcb9
Peter Elias,1994,,,unavailable,no_profile,,,,,https://dblp.org/pid/e/PeterElias,Peter Elias 0001,0,no_profile,,no_verified_profile,,,,,
Peter G Neumann,1994,,,unavailable,no_profile,,,,,https://dblp.org/pid/n/PeterGNeumann,Peter G. Neumann,0,no_profile,,no_verified_profile,,,,,
Peter J Denning,1994,https://scholar.google.com/citations?user=-W3wvGkAAAAJ,,supported,recent_verified_resolution,200,2026-09-17T00:33:33Z,Peter J Denning,"Distinguished Professor, Naval Postgraduate School",https://dblp.org/pid/d/PJDenning,,0,missing,,,,,,tmp/scholar-45-resolution/verified-cache.json,323ae3c4a8243c5fb41b53cb8f2474cc7135b83a98f245311b1057fb9a4a114a
Ray Kurzweil,1994,,,unavailable,no_profile,,,,,https://dblp.org/pid/67/6969,Raymond Kurzweil,0,no_profile,,no_verified_profile,,,,,
Richard E Stearns,1994,,,unavailable,no_profile,,,,,https://dblp.org/pid/s/RichardEdwinStearns,Richard Edwin Stearns,0,no_profile,,no_verified_profile,,,,,
Richard G Canning,1994,,,unavailable,no_profile,,,,,https://dblp.org/pid/75/3239,Richard G. Canning,0,no_profile,,no_verified_profile,,,,,
Richard H. Austing,1994,,,unavailable,no_profile,,,,,https://dblp.org/pid/79/1661,Richard H. Austing,0,no_profile,,no_verified_profile,,,,,
Richard Karp,1994,https://scholar.google.com/citations?user=bYp8FsAAAAAJ,,supported,metadata_and_publication_review,200,2026-09-16T22:42:21Z,Richard M. Karp,"University of California, Berkeley",https://dblp.org/pid/68/2754,Richard Alan Karp,0,historical,2026-04-30,no_verified_email,,,,/Users/jimmylin/workspace/bigcows-project/bigcows-crawler/.cache/acm-fellows-scholar-2026-09-16/cache.json,8efe4754fbf8fa49abc5b11a2db8968412f7a7818780ce626f44908f34b876cc
Richard R. Burton,1994,,,unavailable,no_profile,,,,,https://dblp.org/pid/41/6150,,0,no_profile,,no_verified_profile,,,,,
Richard W. Hamming,1994,,,unavailable,no_profile,,,,,https://dblp.org/pid/h/RWHamming,Richard Wesley Hamming,0,no_profile,,no_verified_profile,,,,,
Robert E Tarjan,1994,https://scholar.google.com/citations?user=lazJixIAAAAJ,,supported,name_and_2plus_dblp_titles,200,2026-09-16T22:42:29Z,Robert Tarjan,"Professor of Computer Science, Princeton University",https://dblp.org/pid/t/RobertEndreTarjan,Robert E. Tarjan,18,historical,2026-04-30,,,,,/Users/jimmylin/workspace/bigcows-project/bigcows-crawler/.cache/acm-fellows-scholar-2026-09-16/cache.json,ed3649c9188e90f600e4471b74974735ab3d63030e9a635ab93f302b60cc664e
Robert M Frankston,1994,,,unavailable,no_profile,,,,,https://dblp.org/pid/189/2181,,0,no_profile,,no_verified_profile,,,,,
Robert W Taylor,1994,,,unavailable,no_profile,,,,,https://dblp.org/pid/31/1172,Robert W. Taylor,0,no_profile,,no_verified_profile,,,,,
Robert W. Floyd,1994,,,unavailable,no_profile,,,,,https://dblp.org/pid/f/RobertFFloyd,Robert W. Floyd,0,no_profile,,no_verified_profile,,,,,
Roger M Needham,1994,,,unavailable,no_profile,,,,,https://dblp.org/pid/n/RogerNeedham,Roger M. Needham,0,no_profile,,no_verified_profile,,,,,
Ronald L Rivest,1994,https://scholar.google.com/citations?user=6qE0tdAAAAAJ,,supported,name_and_2plus_dblp_titles,200,2026-09-16T22:42:36Z,Ronald L. Rivest,MIT Institute Professor,https://dblp.org/pid/r/RonaldLRivest,Ronald L. Rivest,16,historical,2026-04-30,,,,,/Users/jimmylin/workspace/bigcows-project/bigcows-crawler/.cache/acm-fellows-scholar-2026-09-16/cache.json,7c9281a5d7149ec33709c386ffa380bfee32bac83e63fb268fc01e548369c3de
Ronald M Kaplan,1994,https://scholar.google.com/citations?user=HaahwTYAAAAJ,,supported,name_and_2plus_dblp_titles,200,2026-09-16T22:45:12Z,Ronald Kaplan,Stanford University,https://dblp.org/pid/61/5768,Ronald M. Kaplan,9,missing,,,,,,/Users/jimmylin/workspace/bigcows-project/bigcows-crawler/.cache/acm-fellows-scholar-2026-09-16/cache.json,3176c200b4e506407c274c49980f7d16c64ca0ca1d9f7ae7eb17c170735751bb
Seymour J. Wolfson,1994,,,unavailable,no_profile,,,,,https://dblp.org/pid/299/4257,Seymour J. Wolfson,0,no_profile,,no_verified_profile,,,,,
Shmuel Winograd,1994,,,unavailable,no_profile,,,,,https://dblp.org/pid/w/ShmuelWinograd,Shmuel Winograd,0,no_profile,,no_verified_profile,,,,,
Stephen Dunwell,1994,,,unavailable,no_profile,,,,,https://dblp.org/pid/87/6954,Stephen W. Dunwell,0,no_profile,,no_verified_profile,,,,,
Stephen S Lavenberg,1994,,,unavailable,no_profile,,,,,https://dblp.org/pid/65/3371,Stephen S. Lavenberg,0,no_profile,,no_verified_profile,,,,,
Stuart Wecker,1994,,,unavailable,no_profile,,,,,https://dblp.org/pid/37/3490,,0,no_profile,,no_verified_profile,,,,,
Susan L Graham,1994,,,unavailable,no_profile,,,,,https://dblp.org/pid/31/6647,Susan L. Graham,0,no_profile,,no_verified_profile,,,,,
Susan S Owicki,1994,https://scholar.google.com/citations?user=xWp3mKYAAAAJ,,supported,name_and_2plus_dblp_titles,200,2026-09-16T22:45:22Z,Susan Owicki,Unknown affiliation,https://dblp.org/pid/06/3161,Susan S. Owicki,10,historical,2026-04-30,limited_affiliation_metadata,,,,/Users/jimmylin/workspace/bigcows-project/bigcows-crawler/.cache/acm-fellows-scholar-2026-09-16/cache.json,e191b01c2d32cef0ae906799dc434d9475c580ebbf051edb434c096a50585446
Thomas A D'Auria,1994,,,unavailable,no_profile,,,,,https://dblp.org/pid/49/1062,Thomas A. D'Auria,0,no_profile,,no_verified_profile,,,,,
"Thomas B. Steel, Jr.",1994,,,unavailable,no_profile,,,,,https://dblp.org/pid/83/2995,Thomas B. Steel Jr.,0,no_profile,,no_verified_profile,,,,,
Thomas DeFanti,1994,,,unavailable,no_profile,,,,,https://dblp.org/pid/d/ThomasADeFanti,Thomas A. DeFanti,0,no_profile,,no_verified_profile,,,,,
Thomas E. Kurtz,1994,,,unavailable,no_profile,,,,,https://dblp.org/pid/62/7755,Thomas E. Kurtz,0,no_profile,,no_verified_profile,,,,,
Tom Hull,1994,,,unavailable,no_profile,,,,,https://dblp.org/pid/77/815,,0,no_profile,,no_verified_profile,,,,,
Tse-Yun Feng,1994,,,unavailable,no_profile,,,,,https://dblp.org/pid/25/2127,Tse-Yun Feng,0,no_profile,,no_verified_profile,,,,,
Vinton Cerf,1994,,,unavailable,no_profile,,,,,https://dblp.org/pid/c/VintonGCerf,Vint Cerf,0,no_profile,,no_verified_profile,,,,,
Walter Carlson,1994,,,unavailable,no_profile,,,,,https://dblp.org/pid/75/5922,Walter M. Carlson,0,no_profile,,no_verified_profile,,,,,
William A Wulf,1994,,,unavailable,no_profile,,,,,https://dblp.org/pid/w/WilliamAWulf,William A. Wulf,0,no_profile,,no_verified_profile,,,,,
William B Poucher,1994,,,unavailable,no_profile,,,,,https://dblp.org/pid/20/10566,William B. Poucher,0,no_profile,,no_verified_profile,,,,,
William Daniel Hillis,1994,,,unavailable,no_profile,,,,,https://dblp.org/pid/40/8885,,0,no_profile,,no_verified_profile,,,,,
William F. Atchison,1994,,,unavailable,no_profile,,,,,https://dblp.org/pid/41/3298,William F. Atchison,0,no_profile,,no_verified_profile,,,,,
William Kahan,1994,,,unavailable,no_profile,,,,,https://dblp.org/pid/k/WilliamKahan,William Kahan,0,no_profile,,no_verified_profile,,,,,
William Strecker,1994,,,unavailable,no_profile,,,,,https://dblp.org/pid/83/793,William D. Strecker,0,no_profile,,no_verified_profile,,,,,
Willis H Ware,1994,,,unavailable,no_profile,,,,,https://dblp.org/pid/62/6167,Willis H. Ware,0,no_profile,,no_verified_profile,,,,,
Zohar Manna,1994,,,unavailable,no_profile,,,,,https://dblp.org/pid/m/ZoharManna,Zohar Manna,0,no_profile,,no_verified_profile,,,,,
