roster,name,previous_csrankings_name,csrankings_name,status,legacy_dblp_candidates,legacy_scholar_candidates,reason,institutional_source,roster_dblp_profile,roster_scholar_profile
acm_fellows.csv,"Adar, Eytan",Eytan Adar,Eytan Adar,existing_link_corroborated,Eytan Adar,Eytan Adar,Historical identifier association corroborates the stored link; the old DBLP mapping is not independent identity proof.,,https://dblp.org/pid/a/EytanAdar,https://scholar.google.com/citations?user=4tMapHYAAAAJ
acm_fellows.csv,"Ahn, Gail-Joon",Gail-Joon Ahn,Gail-Joon Ahn,existing_link_corroborated,Gail-Joon Ahn,Gail-Joon Ahn,Historical identifier association corroborates the stored link; the old DBLP mapping is not independent identity proof.,,https://dblp.org/pid/a/GailJoonAhn,https://scholar.google.com/citations?user=_dzO69sAAAAJ
acm_fellows.csv,"Apel, Sven",Sven Apel,Sven Apel,existing_link_corroborated,Sven Apel,Sven Apel,Historical identifier association corroborates the stored link; the old DBLP mapping is not independent identity proof.,,https://dblp.org/pid/a/SvenApel,https://scholar.google.com/citations?user=_4ssMloAAAAJ
acm_fellows.csv,"Bauer, Lujo",Lujo Bauer,Lujo Bauer,existing_link_corroborated,Lujo Bauer,Lujo Bauer,Historical identifier association corroborates the stored link; the old DBLP mapping is not independent identity proof.,,https://dblp.org/pid/32/3440,https://scholar.google.com/citations?user=5cJzDZEAAAAJ
acm_fellows.csv,"Buyya, Rajkumar",Rajkumar Buyya,Rajkumar Buyya,existing_link_corroborated,Rajkumar Buyya,Rajkumar Buyya,Historical identifier association corroborates the stored link; the old DBLP mapping is not independent identity proof.,,https://dblp.org/pid/b/RajkumarBuyya,https://scholar.google.com/citations?user=7xN6JqYAAAAJ
acm_fellows.csv,"Candea, George",George Candea,George Candea,existing_link_corroborated,George Candea,George Candea,Historical identifier association corroborates the stored link; the old DBLP mapping is not independent identity proof.,,https://dblp.org/pid/c/GeorgeCandea,https://scholar.google.com/citations?user=Yd-SGH8AAAAJ
acm_fellows.csv,"Carloni, Luca P",Luca P. Carloni,Luca P. Carloni,existing_link_corroborated,Luca P. Carloni,Luca P. Carloni,Historical identifier association corroborates the stored link; the old DBLP mapping is not independent identity proof.,,https://dblp.org/pid/68/2644,https://scholar.google.com/citations?user=sEAoh3MAAAAJ
acm_fellows.csv,"Carpendale, Sheelagh",Sheelagh Carpendale,Sheelagh Carpendale,existing_link_corroborated,Sheelagh Carpendale,Sheelagh Carpendale,Historical identifier association corroborates the stored link; the old DBLP mapping is not independent identity proof.,,https://dblp.org/pid/c/MSheelaghTCarpendale,https://scholar.google.com/citations?user=43LLX2kAAAAJ
acm_fellows.csv,"Chaudhuri, Swarat",Swarat Chaudhuri,Swarat Chaudhuri,existing_link_corroborated,Swarat Chaudhuri,Swarat Chaudhuri,Historical identifier association corroborates the stored link; the old DBLP mapping is not independent identity proof.,,https://dblp.org/pid/37/6100,https://scholar.google.com/citations?user=9j6RBYQAAAAJ
acm_fellows.csv,"Chen, Baoquan",Baoquan Chen,Baoquan Chen,existing_link_corroborated,Baoquan Chen,Baoquan Chen,Historical identifier association corroborates the stored link; the old DBLP mapping is not independent identity proof.,,https://dblp.org/pid/23/4197,https://scholar.google.com/citations?user=iHWtrEAAAAAJ
acm_fellows.csv,"Chen, Deming",Deming Chen,Deming Chen,existing_link_corroborated,Deming Chen,Deming Chen,Historical identifier association corroborates the stored link; the old DBLP mapping is not independent identity proof.,,https://dblp.org/pid/37/1234,https://scholar.google.com/citations?user=A_A_LrsAAAAJ
acm_fellows.csv,"Cheng, Kwang-Ting",Kwang-Ting Cheng,Kwang-Ting Cheng,existing_link_corroborated,Kwang-Ting Cheng,,Historical identifier association corroborates the stored link; the old DBLP mapping is not independent identity proof.,,https://dblp.org/pid/c/KwangTingCheng,https://scholar.google.com/citations?user=-SgpaF8AAAAJ
acm_fellows.csv,"Conati, Cristina",Cristina Conati,Cristina Conati,existing_link_corroborated,Cristina Conati,Cristina Conati,Historical identifier association corroborates the stored link; the old DBLP mapping is not independent identity proof.,,https://dblp.org/pid/34/5056,https://scholar.google.com/citations?user=Ytp9oFQAAAAJ
acm_fellows.csv,"Dorigo, Marco",Marco Dorigo,Marco Dorigo,existing_link_corroborated,Marco Dorigo,Marco Dorigo,Historical identifier association corroborates the stored link; the old DBLP mapping is not independent identity proof.,,https://dblp.org/pid/d/MarcoDorigo,https://scholar.google.com/citations?user=PwYT6EMAAAAJ
acm_fellows.csv,"Esparza, Javier",Javier Esparza,Javier Esparza,existing_link_corroborated,Javier Esparza,Javier Esparza,Historical identifier association corroborates the stored link; the old DBLP mapping is not independent identity proof.,,https://dblp.org/pid/e/JEsparza,https://scholar.google.com/citations?user=c9qgPSYAAAAJ
acm_fellows.csv,"Ferragina, Paolo",Paolo Ferragina,Paolo Ferragina,existing_link_corroborated,Paolo Ferragina,Paolo Ferragina,Historical identifier association corroborates the stored link; the old DBLP mapping is not independent identity proof.,,https://dblp.org/pid/f/PaoloFerragina,https://scholar.google.com/citations?user=3EILU3MAAAAJ
acm_fellows.csv,"Heidrich, Wolfgang",Wolfgang Heidrich,Wolfgang Heidrich,existing_link_corroborated,Wolfgang Heidrich,Wolfgang Heidrich,Historical identifier association corroborates the stored link; the old DBLP mapping is not independent identity proof.,,https://dblp.org/pid/h/WolfgangHeidrich,https://scholar.google.com/citations?user=IQSbom0AAAAJ
acm_fellows.csv,"Huang, Zi Helen",Zi Helen Huang,Zi Helen Huang,existing_link_corroborated,Zi Helen Huang,,Historical identifier association corroborates the stored link; the old DBLP mapping is not independent identity proof.,,https://dblp.org/pid/70/6862,https://scholar.google.com/citations?user=iAWMsgEAAAAJ
acm_fellows.csv,"Jenkins, Odest Chadwicke",Odest Chadwicke Jenkins,Odest Chadwicke Jenkins,existing_link_corroborated,Odest Chadwicke Jenkins,Odest Chadwicke Jenkins,Historical identifier association corroborates the stored link; the old DBLP mapping is not independent identity proof.,,https://dblp.org/pid/99/4449,https://scholar.google.com/citations?user=dp5LnVAAAAAJ
acm_fellows.csv,"Jia, Jiaya",Jiaya Jia,Jiaya Jia,existing_link_corroborated,Jiaya Jia,Jiaya Jia,Historical identifier association corroborates the stored link; the old DBLP mapping is not independent identity proof.,,https://dblp.org/pid/31/5649,https://scholar.google.com/citations?user=XPAkzTEAAAAJ
acm_fellows.csv,"Jia, Xiaohua",Xiaohua Jia,Xiaohua Jia,existing_link_corroborated,Xiaohua Jia,Xiaohua Jia,Historical identifier association corroborates the stored link; the old DBLP mapping is not independent identity proof.,,https://dblp.org/pid/j/XiaohuaJia,https://scholar.google.com/citations?user=L5iEhq0AAAAJ
acm_fellows.csv,"Jin, Hai",Hai Jin 0001,Hai Jin 0001,existing_link_corroborated,Hai Jin 0001,Hai Jin 0001,Historical identifier association corroborates the stored link; the old DBLP mapping is not independent identity proof.,,https://dblp.org/pid/98/4156,https://scholar.google.com/citations?user=o02W0aEAAAAJ
acm_fellows.csv,"Kawarabayashi, Ken-Ichi",Ken-ichi Kawarabayashi,Ken-ichi Kawarabayashi,existing_link_corroborated,Ken-ichi Kawarabayashi,,Historical identifier association corroborates the stored link; the old DBLP mapping is not independent identity proof.,,https://dblp.org/pid/45/6846,https://scholar.google.com/citations?user=DWERCmsAAAAJ
acm_fellows.csv,"Kiayias, Aggelos",Aggelos Kiayias,Aggelos Kiayias,existing_link_corroborated,Aggelos Kiayias,Aggelos Kiayias,Historical identifier association corroborates the stored link; the old DBLP mapping is not independent identity proof.,,https://dblp.org/pid/47/3682,https://scholar.google.com/citations?user=P_L_vZAAAAAJ
acm_fellows.csv,"Kohno, Tadayoshi",Tadayoshi Kohno,Tadayoshi Kohno,existing_link_corroborated,Tadayoshi Kohno,Tadayoshi Kohno,Historical identifier association corroborates the stored link; the old DBLP mapping is not independent identity proof.,,https://dblp.org/pid/k/TadayoshiKohno,https://scholar.google.com/citations?user=s_YDrrgAAAAJ
acm_fellows.csv,"Lehner, Wolfgang",Wolfgang Lehner,Wolfgang Lehner,existing_link_corroborated,Wolfgang Lehner,Wolfgang Lehner,Historical identifier association corroborates the stored link; the old DBLP mapping is not independent identity proof.,,https://dblp.org/pid/l/WLehner,https://scholar.google.com/citations?user=YYzvyMQAAAAJ
acm_fellows.csv,"Ma, Jian",Jian Ma 0004,Jian Ma 0004,existing_link_corroborated,Jian Ma 0004,,Historical identifier association corroborates the stored link; the old DBLP mapping is not independent identity proof.,,https://dblp.org/pid/26/4870-4,https://scholar.google.com/citations?user=nDw9v78AAAAJ
acm_fellows.csv,"Mahajan, Ratul",Ratul Mahajan,Ratul Mahajan,existing_link_corroborated,Ratul Mahajan,Ratul Mahajan,Historical identifier association corroborates the stored link; the old DBLP mapping is not independent identity proof.,,https://dblp.org/pid/81/6327,https://scholar.google.com/citations?user=Sh1yq5QAAAAJ
acm_fellows.csv,"Medvidovic, Nenad",Nenad Medvidovic,Nenad Medvidovic,existing_link_corroborated,Nenad Medvidovic,Nenad Medvidovic,Historical identifier association corroborates the stored link; the old DBLP mapping is not independent identity proof.,,https://dblp.org/pid/65/1728,https://scholar.google.com/citations?user=kqW_-2gAAAAJ
acm_fellows.csv,"Mokbel, Mohamed F",Mohamed F. Mokbel,Mohamed F. Mokbel,existing_link_corroborated,Mohamed F. Mokbel,Mohamed F. Mokbel,Historical identifier association corroborates the stored link; the old DBLP mapping is not independent identity proof.,,https://dblp.org/pid/94/5893,https://scholar.google.com/citations?user=GHz1ZVIAAAAJ
acm_fellows.csv,"Müller, Peter",Peter Müller 0001,Peter Müller 0001,existing_link_corroborated,Peter Müller 0001,,Historical identifier association corroborates the stored link; the old DBLP mapping is not independent identity proof.,,https://dblp.org/pid/m/PMuller1,https://scholar.google.com/citations?user=ttxZRHEAAAAJ
acm_fellows.csv,"Nisan, Noam",Noam Nisan,Noam Nisan,existing_link_corroborated,Noam Nisan,Noam Nisan,Historical identifier association corroborates the stored link; the old DBLP mapping is not independent identity proof.,,https://dblp.org/pid/n/NoamNisan,https://scholar.google.com/citations?user=zXQZPnMAAAAJ
acm_fellows.csv,"Orso, Alessandro",Alessandro Orso,Alessandro Orso,existing_link_corroborated,Alessandro Orso,Alessandro Orso,Historical identifier association corroborates the stored link; the old DBLP mapping is not independent identity proof.,,https://dblp.org/pid/35/805,https://scholar.google.com/citations?user=wCfYkMkAAAAJ
acm_fellows.csv,"Poshyvanyk, Denys",Denys Poshyvanyk,Denys Poshyvanyk,existing_link_corroborated,Denys Poshyvanyk,Denys Poshyvanyk,Historical identifier association corroborates the stored link; the old DBLP mapping is not independent identity proof.,,https://dblp.org/pid/02/320,https://scholar.google.com/citations?user=gyLFs0IAAAAJ
acm_fellows.csv,"Procaccia, Ariel",Ariel D. Procaccia,Ariel D. Procaccia,existing_link_corroborated,Ariel D. Procaccia,Ariel D. Procaccia,Historical identifier association corroborates the stored link; the old DBLP mapping is not independent identity proof.,,https://dblp.org/pid/p/ArielDProcaccia,https://scholar.google.com/citations?user=8ZpV-lkAAAAJ
acm_fellows.csv,"Ratnasamy, Sylvia",Sylvia Ratnasamy,Sylvia Ratnasamy,existing_link_corroborated,Sylvia Ratnasamy,Sylvia Ratnasamy,Historical identifier association corroborates the stored link; the old DBLP mapping is not independent identity proof.,,https://dblp.org/pid/68/5579,https://scholar.google.com/citations?user=sAdDcvQAAAAJ
acm_fellows.csv,"Regev, Oded",Oded Regev 0001,Oded Regev 0001,existing_link_corroborated,Oded Regev 0001,Oded Regev 0001,Historical identifier association corroborates the stored link; the old DBLP mapping is not independent identity proof.,,https://dblp.org/pid/r/OdedRegev,https://scholar.google.com/citations?user=3-gk0ioAAAAJ
acm_fellows.csv,"Rudin, Cynthia",Cynthia Rudin,Cynthia Rudin,existing_link_corroborated,Cynthia Rudin,Cynthia Rudin,Historical identifier association corroborates the stored link; the old DBLP mapping is not independent identity proof.,,https://dblp.org/pid/62/6936,https://scholar.google.com/citations?user=mezKJyoAAAAJ
acm_fellows.csv,"Solihin, Yan",Yan Solihin,Yan Solihin,existing_link_corroborated,Yan Solihin,Yan Solihin,Historical identifier association corroborates the stored link; the old DBLP mapping is not independent identity proof.,,https://dblp.org/pid/11/2624,https://scholar.google.com/citations?user=sUQFclgAAAAJ
acm_fellows.csv,"Tan, Kian-Lee",Kian-Lee Tan,Kian-Lee Tan,existing_link_corroborated,Kian-Lee Tan,,Historical identifier association corroborates the stored link; the old DBLP mapping is not independent identity proof.,,https://dblp.org/pid/t/KianLeeTan,https://scholar.google.com/citations?user=JQ-sxKYAAAAJ
acm_fellows.csv,"Tong, Hanghang",Hanghang Tong,Hanghang Tong,existing_link_corroborated,Hanghang Tong,Hanghang Tong,Historical identifier association corroborates the stored link; the old DBLP mapping is not independent identity proof.,,https://dblp.org/pid/58/1757,https://scholar.google.com/citations?user=RaINcuUAAAAJ
acm_fellows.csv,"Torralba, Antonio",Antonio Torralba 0001,Antonio Torralba 0001,existing_link_corroborated,Antonio Torralba 0001,Antonio Torralba 0001,Historical identifier association corroborates the stored link; the old DBLP mapping is not independent identity proof.,,https://dblp.org/pid/t/AntonioBTorralba,https://scholar.google.com/citations?user=8cxDHS4AAAAJ
acm_fellows.csv,"Weirich, Stephanie",Stephanie Weirich,Stephanie Weirich,existing_link_corroborated,Stephanie Weirich,,Historical identifier association corroborates the stored link; the old DBLP mapping is not independent identity proof.,,https://dblp.org/pid/w/StephanieWeirich,https://scholar.google.com/citations?user=-vC_l2kAAAAJ
acm_fellows.csv,"Wierman, Adam",Adam Wierman,Adam Wierman,existing_link_corroborated,Adam Wierman,Adam Wierman,Historical identifier association corroborates the stored link; the old DBLP mapping is not independent identity proof.,,https://dblp.org/pid/56/4447,https://scholar.google.com/citations?user=4OvOdSgAAAAJ
acm_fellows.csv,"Xiong, Hui",Hui Xiong 0001,Hui Xiong 0001,existing_link_corroborated,Hui Xiong 0001,Hui Xiong 0001,Historical identifier association corroborates the stored link; the old DBLP mapping is not independent identity proof.,,https://dblp.org/pid/262/1686-1,https://scholar.google.com/citations?user=cVDF1tkAAAAJ
acm_fellows.csv,"Xiong, Li",Li Xiong 0001,Li Xiong 0001,existing_link_corroborated,Li Xiong 0001,Li Xiong 0001,Historical identifier association corroborates the stored link; the old DBLP mapping is not independent identity proof.,,https://dblp.org/pid/39/3530-1,https://scholar.google.com/citations?user=jJ8BLgsAAAAJ
acm_fellows.csv,"Yang, Junfeng",Junfeng Yang,Junfeng Yang,existing_link_corroborated,Junfeng Yang,Junfeng Yang,Historical identifier association corroborates the stored link; the old DBLP mapping is not independent identity proof.,,https://dblp.org/pid/71/3724,https://scholar.google.com/citations?user=JJ9AvbAAAAAJ
acm_fellows.csv,"Yi, Ke",Ke Yi 0001,Ke Yi 0001,existing_link_corroborated,Ke Yi 0001,Ke Yi 0001,Historical identifier association corroborates the stored link; the old DBLP mapping is not independent identity proof.,,https://dblp.org/pid/43/1219-1,https://scholar.google.com/citations?user=dWcZPFEAAAAJ
acm_fellows.csv,"Zhu, Jun",Jun Zhu 0001,Jun Zhu 0001,existing_link_corroborated,Jun Zhu 0001,Jun Zhu 0001,Historical identifier association corroborates the stored link; the old DBLP mapping is not independent identity proof.,,https://dblp.org/pid/50/2644-1,https://scholar.google.com/citations?user=axsP38wAAAAJ
acm_fellows.csv,"Alexa, Marc",Marc Alexa,Marc Alexa,existing_link_corroborated,Marc Alexa,Marc Alexa,Historical identifier association corroborates the stored link; the old DBLP mapping is not independent identity proof.,,https://dblp.org/pid/a/MarcAlexa,https://scholar.google.com/citations?user=KNwXLLsAAAAJ
acm_fellows.csv,"Arenas, Marcelo",Marcelo Arenas,Marcelo Arenas,existing_link_corroborated,Marcelo Arenas,Marcelo Arenas,Historical identifier association corroborates the stored link; the old DBLP mapping is not independent identity proof.,,https://dblp.org/pid/76/6735,https://scholar.google.com/citations?user=YHR0wkkAAAAJ
acm_fellows.csv,"Bailey, Michael",Michael D. Bailey,Michael D. Bailey,existing_link_corroborated,Michael D. Bailey,Michael D. Bailey,Historical identifier association corroborates the stored link; the old DBLP mapping is not independent identity proof.,,https://dblp.org/pid/359/0958,https://scholar.google.com/citations?user=sMnocAYAAAAJ
acm_fellows.csv,"Banerjee, Arindam",Arindam Banerjee 0001,Arindam Banerjee 0001,existing_link_corroborated,Arindam Banerjee 0001,Arindam Banerjee 0001,Historical identifier association corroborates the stored link; the old DBLP mapping is not independent identity proof.,,https://dblp.org/pid/82/4807,https://scholar.google.com/citations?user=RY7cuPAAAAAJ
acm_fellows.csv,"Barrett, Clark",Clark Barrett,Clark Barrett,existing_link_corroborated,Clark Barrett,Clark Barrett,Historical identifier association corroborates the stored link; the old DBLP mapping is not independent identity proof.,,https://dblp.org/pid/b/ClarkWBarrett,https://scholar.google.com/citations?user=BtwmZfQAAAAJ
acm_fellows.csv,"Chechik, Marsha",Marsha Chechik,Marsha Chechik,existing_link_corroborated,Marsha Chechik,Marsha Chechik,Historical identifier association corroborates the stored link; the old DBLP mapping is not independent identity proof.,,https://dblp.org/pid/c/MarshaChechik,https://scholar.google.com/citations?user=CYfxRVIAAAAJ
acm_fellows.csv,"Chen, Lei",Lei Chen 0002,Lei Chen 0002,existing_link_corroborated,Lei Chen 0002,Lei Chen 0002,Historical identifier association corroborates the stored link; the old DBLP mapping is not independent identity proof.,,https://dblp.org/pid/c/LeiChen0002,https://scholar.google.com/citations?user=gtglwgYAAAAJ
acm_fellows.csv,"Chong, Fred",Fred Chong,Fred Chong,existing_link_corroborated,Fred Chong,Fred Chong,Historical identifier association corroborates the stored link; the old DBLP mapping is not independent identity proof.,,https://dblp.org/pid/c/FTChong,https://scholar.google.com/citations?user=U6OVPVMAAAAJ
acm_fellows.csv,"Cook, Diane Joyce",Diane Joyce Cook,Diane Joyce Cook,existing_link_corroborated,Diane Joyce Cook,Diane Joyce Cook,Historical identifier association corroborates the stored link; the old DBLP mapping is not independent identity proof.,,https://dblp.org/pid/c/DianeJCook,https://scholar.google.com/citations?user=VpfWvTUAAAAJ
acm_fellows.csv,"Curless, Brian",Brian Curless,Brian Curless,existing_link_corroborated,Brian Curless,Brian Curless,Historical identifier association corroborates the stored link; the old DBLP mapping is not independent identity proof.,,https://dblp.org/pid/c/BrianCurless,https://scholar.google.com/citations?user=tlh8i7gAAAAJ
acm_fellows.csv,"de Alfaro, Luca",Luca de Alfaro,Luca de Alfaro,existing_link_corroborated,Luca de Alfaro,Luca de Alfaro,Historical identifier association corroborates the stored link; the old DBLP mapping is not independent identity proof.,,https://dblp.org/pid/d/LucadeAlfaro,https://scholar.google.com/citations?user=gkACFVcAAAAJ
acm_fellows.csv,"de Rijke, Maarten",Maarten de Rijke,Maarten de Rijke,existing_link_corroborated,Maarten de Rijke,Maarten de Rijke,Historical identifier association corroborates the stored link; the old DBLP mapping is not independent identity proof.,,https://dblp.org/pid/r/MdRijke,https://scholar.google.com/citations?user=AVDkgFIAAAAJ
acm_fellows.csv,"Dressler, Falko",Falko Dressler,Falko Dressler,existing_link_corroborated,Falko Dressler,Falko Dressler,Historical identifier association corroborates the stored link; the old DBLP mapping is not independent identity proof.,,https://dblp.org/pid/d/FalkoDressler,https://scholar.google.com/citations?user=sK8213AAAAAJ
acm_fellows.csv,"Elmqvist, Niklas",Niklas Elmqvist,Niklas Elmqvist,existing_link_corroborated,Niklas Elmqvist,Niklas Elmqvist,Historical identifier association corroborates the stored link; the old DBLP mapping is not independent identity proof.,,https://dblp.org/pid/e/NiklasElmqvist,https://scholar.google.com/citations?user=LoQXe24AAAAJ
acm_fellows.csv,"Feldman, Michal",Michal Feldman,Michal Feldman,existing_link_corroborated,Michal Feldman,,Historical identifier association corroborates the stored link; the old DBLP mapping is not independent identity proof.,,https://dblp.org/pid/43/1464,https://scholar.google.com/citations?user=VpLQu7oAAAAJ
acm_fellows.csv,"Foster, Nate",Nate Foster,Nate Foster,existing_link_corroborated,Nate Foster,Nate Foster,Historical identifier association corroborates the stored link; the old DBLP mapping is not independent identity proof.,,https://dblp.org/pid/15/3253,https://scholar.google.com/citations?user=AH5j40kAAAAJ
acm_fellows.csv,"Goel, Ashish",Ashish Goel,Ashish Goel,existing_link_corroborated,Ashish Goel,Ashish Goel,Historical identifier association corroborates the stored link; the old DBLP mapping is not independent identity proof.,,https://dblp.org/pid/g/AshishGoel,https://scholar.google.com/citations?user=B_rKfusAAAAJ
acm_fellows.csv,"Heer, Jeffrey Michael",Jeffrey Michael Heer,Jeffrey Michael Heer,existing_link_corroborated,Jeffrey Michael Heer,Jeffrey Michael Heer,Historical identifier association corroborates the stored link; the old DBLP mapping is not independent identity proof.,,https://dblp.org/pid/27/4508,https://scholar.google.com/citations?user=vlgs4G4AAAAJ
acm_fellows.csv,"Kankanhalli, Mohan",Mohan Kankanhalli,Mohan Kankanhalli,existing_link_corroborated,Mohan Kankanhalli,Mohan Kankanhalli,Historical identifier association corroborates the stored link; the old DBLP mapping is not independent identity proof.,,https://dblp.org/pid/09/3613,https://scholar.google.com/citations?user=6Lx_eowAAAAJ
acm_fellows.csv,"King, Irwin",Irwin King,Irwin King,existing_link_corroborated,Irwin King,Irwin King,Historical identifier association corroborates the stored link; the old DBLP mapping is not independent identity proof.,,https://dblp.org/pid/k/IrwinKing,https://scholar.google.com/citations?user=MXvC7tkAAAAJ
acm_fellows.csv,"Leonardi, Stefano",Stefano Leonardi 0001,Stefano Leonardi 0001,existing_link_corroborated,Stefano Leonardi 0001,Stefano Leonardi 0001,Historical identifier association corroborates the stored link; the old DBLP mapping is not independent identity proof.,,https://dblp.org/pid/l/StefanoLeonardi,https://scholar.google.com/citations?user=p5LCHHEAAAAJ
acm_fellows.csv,"li, guoliang",Guoliang Li 0001,Guoliang Li 0001,existing_link_corroborated,Guoliang Li 0001,,Historical identifier association corroborates the stored link; the old DBLP mapping is not independent identity proof.,,https://dblp.org/pid/181/2628,https://scholar.google.com/citations?user=Pi89P8kAAAAJ
acm_fellows.csv,"Mezini, Mira",Mira Mezini,Mira Mezini,existing_link_corroborated,Mira Mezini,Mira Mezini,Historical identifier association corroborates the stored link; the old DBLP mapping is not independent identity proof.,,https://dblp.org/pid/m/MiraMezini,https://scholar.google.com/citations?user=ESQUnJEAAAAJ
acm_fellows.csv,"Misra, Sudip",Sudip Misra,Sudip Misra,existing_link_corroborated,Sudip Misra,Sudip Misra,Historical identifier association corroborates the stored link; the old DBLP mapping is not independent identity proof.,,https://dblp.org/pid/36/1023,https://scholar.google.com/citations?user=h33l-A8AAAAJ
acm_fellows.csv,"Nuseibeh, Bashar A",Bashar Ahmad Nuseibeh,Bashar Ahmad Nuseibeh,existing_link_corroborated,Bashar Ahmad Nuseibeh,Bashar Ahmad Nuseibeh,Historical identifier association corroborates the stored link; the old DBLP mapping is not independent identity proof.,,https://dblp.org/pid/26/1319,https://scholar.google.com/citations?user=aUQ8O9gAAAAJ
acm_fellows.csv,"Pagh, Rasmus",Rasmus Pagh,Rasmus Pagh,existing_link_corroborated,Rasmus Pagh,Rasmus Pagh,Historical identifier association corroborates the stored link; the old DBLP mapping is not independent identity proof.,,https://dblp.org/pid/p/RasmusPagh,https://scholar.google.com/citations?user=VO4oS8UAAAAJ
acm_fellows.csv,"Ramakrishnan, Naren",Naren Ramakrishnan,Naren Ramakrishnan,existing_link_corroborated,Naren Ramakrishnan,Naren Ramakrishnan,Historical identifier association corroborates the stored link; the old DBLP mapping is not independent identity proof.,,https://dblp.org/pid/r/NarenRamakrishnan,https://scholar.google.com/citations?user=fMJwG7MAAAAJ
acm_fellows.csv,"Randall, Dana",Dana Randall,Dana Randall,existing_link_corroborated,Dana Randall,Dana Randall,Historical identifier association corroborates the stored link; the old DBLP mapping is not independent identity proof.,,https://dblp.org/pid/62/3610,https://scholar.google.com/citations?user=6wCEmNYAAAAJ
acm_fellows.csv,"Roychoudhury, Abhik",Abhik Roychoudhury,Abhik Roychoudhury,existing_link_corroborated,Abhik Roychoudhury,Abhik Roychoudhury,Historical identifier association corroborates the stored link; the old DBLP mapping is not independent identity proof.,,https://dblp.org/pid/04/5884,https://scholar.google.com/citations?user=UxFWSJIAAAAJ
acm_fellows.csv,"Silva, Claudio T.",Cláudio T. Silva,Cláudio T. Silva,existing_link_corroborated,Cláudio T. Silva,Cláudio T. Silva,Historical identifier association corroborates the stored link; the old DBLP mapping is not independent identity proof.,,https://dblp.org/pid/s/ClaudioTSilva,https://scholar.google.com/citations?user=YIwiAAsAAAAJ
acm_fellows.csv,"Starner, Thad",Thad Starner,Thad Starner,existing_link_corroborated,Thad Starner,Thad Starner,Historical identifier association corroborates the stored link; the old DBLP mapping is not independent identity proof.,,https://dblp.org/pid/s/ThadStarner,https://scholar.google.com/citations?user=qr8Vo9IAAAAJ
acm_fellows.csv,"Xing, Guoliang",Guoliang Xing,Guoliang Xing,existing_link_corroborated,Guoliang Xing,Guoliang Xing,Historical identifier association corroborates the stored link; the old DBLP mapping is not independent identity proof.,,https://dblp.org/pid/63/4542,https://scholar.google.com/citations?user=kI5JKs8AAAAJ
acm_fellows.csv,"Zobel, Justin",Justin Zobel,Justin Zobel,existing_link_corroborated,Justin Zobel,Justin Zobel,Historical identifier association corroborates the stored link; the old DBLP mapping is not independent identity proof.,,https://dblp.org/pid/z/JZobel,https://scholar.google.com/citations?user=uEHvqE8AAAAJ
acm_fellows.csv,"Akella, Aditya",Aditya Akella,Aditya Akella,existing_link_corroborated,Aditya Akella,Aditya Akella,Historical identifier association corroborates the stored link; the old DBLP mapping is not independent identity proof.,,https://dblp.org/pid/a/AdityaAkella,https://scholar.google.com/citations?user=d_rxnzAAAAAJ
acm_fellows.csv,"Backes, Michael",Michael Backes 0001,Michael Backes 0001,existing_link_corroborated,Michael Backes 0001,Michael Backes 0001,Historical identifier association corroborates the stored link; the old DBLP mapping is not independent identity proof.,,https://dblp.org/pid/b/MichaelBackes1,https://scholar.google.com/citations?user=ZVS3KOEAAAAJ
acm_fellows.csv,"Bafna, Vineet",Vineet Bafna,Vineet Bafna,existing_link_corroborated,Vineet Bafna,,Historical identifier association corroborates the stored link; the old DBLP mapping is not independent identity proof.,,https://dblp.org/pid/b/VineetBafna,https://scholar.google.com/citations?user=zr2I_WMAAAAJ
acm_fellows.csv,"Balcan, Maria-Florina",Maria-Florina Balcan,Maria-Florina Balcan,existing_link_corroborated,Maria-Florina Balcan,Maria-Florina Balcan,Historical identifier association corroborates the stored link; the old DBLP mapping is not independent identity proof.,,https://dblp.org/pid/b/MariaFlorinaBalcan,https://scholar.google.com/citations?user=LWlN_BUAAAAJ
acm_fellows.csv,"Bansal, Nikhil",Nikhil Bansal 0001,Nikhil Bansal 0001,existing_link_corroborated,Nikhil Bansal 0001,Nikhil Bansal 0001,Historical identifier association corroborates the stored link; the old DBLP mapping is not independent identity proof.,,https://dblp.org/pid/69/5601,https://scholar.google.com/citations?user=3Lmd6AMAAAAJ
acm_fellows.csv,"Belkin, Mikhail",Mikhail Belkin,Mikhail Belkin,existing_link_corroborated,Mikhail Belkin,Mikhail Belkin,Historical identifier association corroborates the stored link; the old DBLP mapping is not independent identity proof.,,https://dblp.org/pid/41/2337,https://scholar.google.com/citations?user=Iwd9DdkAAAAJ
acm_fellows.csv,"Ben-David, Shai",Shai Ben-David,Shai Ben-David,existing_link_corroborated,Shai Ben-David,Shai Ben-David,Historical identifier association corroborates the stored link; the old DBLP mapping is not independent identity proof.,,https://dblp.org/pid/15/6319,https://scholar.google.com/citations?user=kezPqwoAAAAJ
acm_fellows.csv,"Bengio, Yoshua",Yoshua Bengio,Yoshua Bengio,existing_link_corroborated,Yoshua Bengio,Yoshua Bengio,Historical identifier association corroborates the stored link; the old DBLP mapping is not independent identity proof.,,https://dblp.org/pid/56/953,https://scholar.google.com/citations?user=kukA0LcAAAAJ
acm_fellows.csv,"Chekuri, Chandra",Chandra Chekuri,Chandra Chekuri,existing_link_corroborated,Chandra Chekuri,Chandra Chekuri,Historical identifier association corroborates the stored link; the old DBLP mapping is not independent identity proof.,,https://dblp.org/pid/82/3212,https://scholar.google.com/citations?user=7j3itaMAAAAJ
acm_fellows.csv,"Chen, Haibo",Haibo Chen 0001,Haibo Chen 0001,existing_link_corroborated,Haibo Chen 0001,Haibo Chen 0001,Historical identifier association corroborates the stored link; the old DBLP mapping is not independent identity proof.,,https://dblp.org/pid/31/6601-1,https://scholar.google.com/citations?user=qd9xSkYAAAAJ
acm_fellows.csv,"Drechsler, Rolf",Rolf Drechsler,Rolf Drechsler,existing_link_corroborated,Rolf Drechsler,Rolf Drechsler,Historical identifier association corroborates the stored link; the old DBLP mapping is not independent identity proof.,,https://dblp.org/pid/d/RolfDrechsler,https://scholar.google.com/citations?user=9v_MAAIAAAAJ
acm_fellows.csv,"Du, Wenliang",Wenliang Du 0001,Wenliang Du 0001,existing_link_corroborated,Wenliang Du 0001,Wenliang Du 0001,Historical identifier association corroborates the stored link; the old DBLP mapping is not independent identity proof.,,https://dblp.org/pid/d/WenliangDu,https://scholar.google.com/citations?user=1aMkcasAAAAJ
acm_fellows.csv,"Foster, Jeffrey S",Jeffrey S. Foster,Jeffrey S. Foster,existing_link_corroborated,Jeffrey S. Foster,Jeffrey S. Foster,Historical identifier association corroborates the stored link; the old DBLP mapping is not independent identity proof.,,https://dblp.org/pid/18/2050,https://scholar.google.com/citations?user=QWPwfsgAAAAJ
acm_fellows.csv,"Goldberg, Ian",Ian Goldberg 0001,Ian Goldberg 0001,existing_link_corroborated,Ian Goldberg 0001,,Historical identifier association corroborates the stored link; the old DBLP mapping is not independent identity proof.,,https://dblp.org/pid/04/6434,
acm_fellows.csv,"Han, Zhu",Zhu Han 0001,Zhu Han 0001,existing_link_corroborated,Zhu Han 0001,Zhu Han 0001,Historical identifier association corroborates the stored link; the old DBLP mapping is not independent identity proof.,,https://dblp.org/pid/83/514,https://scholar.google.com/citations?user=ty7wIXoAAAAJ
acm_fellows.csv,"Immorlica, Nicole",Nicole Immorlica,Nicole Immorlica,existing_link_corroborated,Nicole Immorlica,Nicole Immorlica,Historical identifier association corroborates the stored link; the old DBLP mapping is not independent identity proof.,,https://dblp.org/pid/43/3631,https://scholar.google.com/citations?user=_1hCq3UAAAAJ
acm_fellows.csv,"Jaeger, Trent",Trent Jaeger,Trent Jaeger,existing_link_corroborated,Trent Jaeger,,Historical identifier association corroborates the stored link; the old DBLP mapping is not independent identity proof.,,https://dblp.org/pid/45/576,https://scholar.google.com/citations?user=LpwdzeEAAAAJ
acm_fellows.csv,"Koedinger, Kenneth Richard",Kenneth R. Koedinger,Kenneth R. Koedinger,existing_link_corroborated,Kenneth R. Koedinger,Kenneth R. Koedinger,Historical identifier association corroborates the stored link; the old DBLP mapping is not independent identity proof.,,https://dblp.org/pid/93/3741,https://scholar.google.com/citations?user=_8DDVkAAAAAJ
acm_fellows.csv,"Krause, Andreas",Andreas Krause 0001,Andreas Krause 0001,existing_link_corroborated,Andreas Krause 0001,Andreas Krause 0001,Historical identifier association corroborates the stored link; the old DBLP mapping is not independent identity proof.,,https://dblp.org/pid/87/1831-1,https://scholar.google.com/citations?user=eDHv58AAAAAJ
acm_fellows.csv,"Lo, David",David Lo 0001,David Lo 0001,existing_link_corroborated,David Lo 0001,,Historical identifier association corroborates the stored link; the old DBLP mapping is not independent identity proof.,,https://dblp.org/pid/89/6793-1,https://scholar.google.com/citations?user=Ra4bt-oAAAAJ
acm_fellows.csv,"Lou, Wenjing",Wenjing Lou,Wenjing Lou,existing_link_corroborated,Wenjing Lou,Wenjing Lou,Historical identifier association corroborates the stored link; the old DBLP mapping is not independent identity proof.,,https://dblp.org/pid/73/3673,https://scholar.google.com/citations?user=hM8uAwoAAAAJ
acm_fellows.csv,"Ma, Kwan-Liu",Kwan-Liu Ma,Kwan-Liu Ma,existing_link_corroborated,Kwan-Liu Ma,Kwan-Liu Ma,Historical identifier association corroborates the stored link; the old DBLP mapping is not independent identity proof.,,https://dblp.org/pid/93/5838,https://scholar.google.com/citations?user=LgL2HpkAAAAJ
acm_fellows.csv,"Ma, Wei-Ying",Wei-Ying Ma,Wei-Ying Ma,existing_link_corroborated,Wei-Ying Ma,Wei-Ying Ma,Historical identifier association corroborates the stored link; the old DBLP mapping is not independent identity proof.,,https://dblp.org/pid/m/WYMa,https://scholar.google.com/citations?user=SToCbu8AAAAJ
acm_fellows.csv,"Mehrotra, Sharad",Sharad Mehrotra,Sharad Mehrotra,existing_link_corroborated,Sharad Mehrotra,Sharad Mehrotra,Historical identifier association corroborates the stored link; the old DBLP mapping is not independent identity proof.,,https://dblp.org/pid/m/SharadMehrotra,https://scholar.google.com/citations?user=MTZaRW4AAAAJ
acm_fellows.csv,"Naor, Seffi",Seffi Naor,Seffi Naor,existing_link_corroborated,Seffi Naor,Seffi Naor,Historical identifier association corroborates the stored link; the old DBLP mapping is not independent identity proof.,,https://dblp.org/pid/n/JosephNaor,https://scholar.google.com/citations?user=xGbDr7YAAAAJ
acm_fellows.csv,"Narayanan, Shrikanth",Shrikanth Narayanan,Shrikanth Narayanan,existing_link_corroborated,Shrikanth Narayanan,Shrikanth Narayanan,Historical identifier association corroborates the stored link; the old DBLP mapping is not independent identity proof.,,https://dblp.org/pid/19/3899,https://scholar.google.com/citations?user=8EDHmYkAAAAJ
acm_fellows.csv,"Roughgarden, Tim",Tim Roughgarden,Tim Roughgarden,existing_link_corroborated,Tim Roughgarden,Tim Roughgarden,Historical identifier association corroborates the stored link; the old DBLP mapping is not independent identity proof.,,https://dblp.org/pid/r/TimRoughgarden,https://scholar.google.com/citations?user=0lcJYs8AAAAJ
acm_fellows.csv,"Schmidt, Albrecht",Albrecht Schmidt 0001,Albrecht Schmidt 0001,existing_link_corroborated,Albrecht Schmidt 0001,Albrecht Schmidt 0001,Historical identifier association corroborates the stored link; the old DBLP mapping is not independent identity proof.,,https://dblp.org/pid/s/AlbrechtSchmidt1,https://scholar.google.com/citations?user=qM5jR7YAAAAJ
acm_fellows.csv,"Schuller, Björn W.",Björn W. Schuller,Björn W. Schuller,existing_link_corroborated,Björn W. Schuller,Björn W. Schuller,Historical identifier association corroborates the stored link; the old DBLP mapping is not independent identity proof.,,https://dblp.org/pid/54/4934,https://scholar.google.com/citations?user=TxKNCSoAAAAJ
acm_fellows.csv,"Sengers, Phoebe",Phoebe Sengers,Phoebe Sengers,existing_link_corroborated,Phoebe Sengers,Phoebe Sengers,Historical identifier association corroborates the stored link; the old DBLP mapping is not independent identity proof.,,https://dblp.org/pid/s/PhoebeSengers,https://scholar.google.com/citations?user=6c5cf1wAAAAJ
acm_fellows.csv,"Shi, Elaine",Elaine Shi,Elaine Shi,existing_link_corroborated,Elaine Shi,Elaine Shi,Historical identifier association corroborates the stored link; the old DBLP mapping is not independent identity proof.,,https://dblp.org/pid/80/4580,https://scholar.google.com/citations?user=rejzeocAAAAJ
acm_fellows.csv,"Staab, Steffen",Steffen Staab,Steffen Staab,existing_link_corroborated,Steffen Staab,Steffen Staab,Historical identifier association corroborates the stored link; the old DBLP mapping is not independent identity proof.,,https://dblp.org/pid/s/SteffenStaab,https://scholar.google.com/citations?user=QvpcUn8AAAAJ
acm_fellows.csv,"Witchel, Emmett",Emmett Witchel,Emmett Witchel,existing_link_corroborated,Emmett Witchel,Emmett Witchel,Historical identifier association corroborates the stored link; the old DBLP mapping is not independent identity proof.,,https://dblp.org/pid/76/6082,https://scholar.google.com/citations?user=k4oSgRkAAAAJ
acm_fellows.csv,"Agrawala, Maneesh",Maneesh Agrawala,Maneesh Agrawala,existing_link_corroborated,Maneesh Agrawala,Maneesh Agrawala,Historical identifier association corroborates the stored link; the old DBLP mapping is not independent identity proof.,,https://dblp.org/pid/64/2431,https://scholar.google.com/citations?user=YPzKczYAAAAJ
acm_fellows.csv,"Anandkumar, Anima",Anima Anandkumar,Anima Anandkumar,existing_link_corroborated,Anima Anandkumar,Anima Anandkumar,Historical identifier association corroborates the stored link; the old DBLP mapping is not independent identity proof.,,https://dblp.org/pid/25/1529,https://scholar.google.com/citations?user=bEcLezcAAAAJ
acm_fellows.csv,"Barak, Boaz",Boaz Barak,Boaz Barak,existing_link_corroborated,Boaz Barak,,Historical identifier association corroborates the stored link; the old DBLP mapping is not independent identity proof.,,https://dblp.org/pid/b/BBarak,https://scholar.google.com/citations?user=I0fbJ6cAAAAJ
acm_fellows.csv,"Daskalakis, Constantinos",Constantinos Daskalakis,Constantinos Daskalakis,existing_link_corroborated,Constantinos Daskalakis,Constantinos Daskalakis,Historical identifier association corroborates the stored link; the old DBLP mapping is not independent identity proof.,,https://dblp.org/pid/d/ConstantinosDaskalakis,https://scholar.google.com/citations?user=iTv2cOgAAAAJ
acm_fellows.csv,"Fang, Yuguang",Yuguang Fang,Yuguang Fang,existing_link_corroborated,Yuguang Fang,,Historical identifier association corroborates the stored link; the old DBLP mapping is not independent identity proof.,,https://dblp.org/pid/f/YuguangFang,https://scholar.google.com/citations?user=cs45mqMAAAAJ
acm_fellows.csv,"Fu, Kevin",Kevin Fu,Kevin Fu,existing_link_corroborated,Kevin Fu,Kevin Fu,Historical identifier association corroborates the stored link; the old DBLP mapping is not independent identity proof.,,https://dblp.org/pid/f/KevinFu,https://scholar.google.com/citations?user=pZQuSyUAAAAJ
acm_fellows.csv,"Gotsman, Craig",Craig Gotsman,Craig Gotsman,existing_link_corroborated,Craig Gotsman,Craig Gotsman,Historical identifier association corroborates the stored link; the old DBLP mapping is not independent identity proof.,,https://dblp.org/pid/99/3488,https://scholar.google.com/citations?user=0JRBzUEAAAAJ
acm_fellows.csv,"Hassan, Ahmed E.",Ahmed E. Hassan,Ahmed E. Hassan,existing_link_corroborated,Ahmed E. Hassan,Ahmed E. Hassan,Historical identifier association corroborates the stored link; the old DBLP mapping is not independent identity proof.,,https://dblp.org/pid/h/AhmedEHassan,https://scholar.google.com/citations?user=9hwXx34AAAAJ
acm_fellows.csv,"Helal, Sumi",Sumi Helal,Sumi Helal,existing_link_corroborated,Sumi Helal,,Historical identifier association corroborates the stored link; the old DBLP mapping is not independent identity proof.,,https://dblp.org/pid/h/AHelal,https://scholar.google.com/citations?user=mTJLF-sAAAAJ
acm_fellows.csv,"Hermenegildo, Manuel V",Manuel V. Hermenegildo,Manuel V. Hermenegildo,existing_link_corroborated,Manuel V. Hermenegildo,Manuel V. Hermenegildo,Historical identifier association corroborates the stored link; the old DBLP mapping is not independent identity proof.,,https://dblp.org/pid/h/ManuelVHermenegildo,https://scholar.google.com/citations?user=VXQGJD0AAAAJ
acm_fellows.csv,"Hoefler, Torsten",Torsten Hoefler,Torsten Hoefler,existing_link_corroborated,Torsten Hoefler,Torsten Hoefler,Historical identifier association corroborates the stored link; the old DBLP mapping is not independent identity proof.,,https://dblp.org/pid/16/3869,https://scholar.google.com/citations?user=DdBvcBEAAAAJ
acm_fellows.csv,"Irani, Sandy",Sandy Irani,Sandy Irani,existing_link_corroborated,Sandy Irani,Sandy Irani,Historical identifier association corroborates the stored link; the old DBLP mapping is not independent identity proof.,,https://dblp.org/pid/i/SandyIrani,https://scholar.google.com/citations?user=dBhm_oIAAAAJ
acm_fellows.csv,"Kemper, Alfons",Alfons Kemper,Alfons Kemper,existing_link_corroborated,Alfons Kemper,,Historical identifier association corroborates the stored link; the old DBLP mapping is not independent identity proof.,,https://dblp.org/pid/k/AlfonsKemper,https://scholar.google.com/citations?user=B8TzQFQAAAAJ
acm_fellows.csv,"Khuller, Samir",Samir Khuller,Samir Khuller,existing_link_corroborated,Samir Khuller,Samir Khuller,Historical identifier association corroborates the stored link; the old DBLP mapping is not independent identity proof.,,https://dblp.org/pid/k/SamirKhuller,https://scholar.google.com/citations?user=6vXTtDQAAAAJ
acm_fellows.csv,"Koushanfar, Farinaz",Farinaz Koushanfar,Farinaz Koushanfar,existing_link_corroborated,Farinaz Koushanfar,Farinaz Koushanfar,Historical identifier association corroborates the stored link; the old DBLP mapping is not independent identity proof.,,https://dblp.org/pid/k/FarinazKoushanfar,https://scholar.google.com/citations?user=3XnMVUAAAAAJ
acm_fellows.csv,"Lin, Jimmy",Jimmy Lin,Jimmy Lin,existing_link_corroborated,Jimmy Lin,Jimmy Lin,Historical identifier association corroborates the stored link; the old DBLP mapping is not independent identity proof.,,https://dblp.org/pid/00/7739,https://scholar.google.com/citations?user=0EWw1z8AAAAJ
acm_fellows.csv,"Marculescu, Radu",Radu Marculescu,Radu Marculescu,existing_link_corroborated,Radu Marculescu,Radu Marculescu,Historical identifier association corroborates the stored link; the old DBLP mapping is not independent identity proof.,,https://dblp.org/pid/88/3494,https://scholar.google.com/citations?user=ZCmYP5cAAAAJ
acm_fellows.csv,"Mei, Hong",Hong Mei 0001,Hong Mei 0001,existing_link_corroborated,Hong Mei 0001,,Historical identifier association corroborates the stored link; the old DBLP mapping is not independent identity proof.,,https://dblp.org/pid/14/2036,
acm_fellows.csv,"Mount, David M",David M. Mount,David M. Mount,existing_link_corroborated,David M. Mount,,Historical identifier association corroborates the stored link; the old DBLP mapping is not independent identity proof.,,https://dblp.org/pid/m/DavidMMount,
acm_fellows.csv,"Pass, Rafael",Rafael Pass,Rafael Pass,existing_link_corroborated,Rafael Pass,Rafael Pass,Historical identifier association corroborates the stored link; the old DBLP mapping is not independent identity proof.,,https://dblp.org/pid/p/RPass,https://scholar.google.com/citations?user=_7IzKZQAAAAJ
acm_fellows.csv,"Pothen, Alex",Alex Pothen,Alex Pothen,existing_link_corroborated,Alex Pothen,Alex Pothen,Historical identifier association corroborates the stored link; the old DBLP mapping is not independent identity proof.,,https://dblp.org/pid/03/854,https://scholar.google.com/citations?user=_Fah5fwAAAAJ
acm_fellows.csv,"Sabharwal, Ashutosh",Ashutosh Sabharwal,Ashutosh Sabharwal,existing_link_corroborated,Ashutosh Sabharwal,Ashutosh Sabharwal,Historical identifier association corroborates the stored link; the old DBLP mapping is not independent identity proof.,,https://dblp.org/pid/45/284,https://scholar.google.com/citations?user=MiqMO-kAAAAJ
acm_fellows.csv,"Sherwood, Tim",Tim Sherwood,Tim Sherwood,existing_link_corroborated,Tim Sherwood,Tim Sherwood,Historical identifier association corroborates the stored link; the old DBLP mapping is not independent identity proof.,,https://dblp.org/pid/23/3778,https://scholar.google.com/citations?user=nLuHfy4AAAAJ
acm_fellows.csv,"Vidal, Rene",René Vidal,René Vidal,existing_link_corroborated,René Vidal,René Vidal,Historical identifier association corroborates the stored link; the old DBLP mapping is not independent identity proof.,,https://dblp.org/pid/v/ReneVidal,https://scholar.google.com/citations?user=uT8fgagAAAAJ
acm_fellows.csv,"Yu, Yizhou",Yizhou Yu,Yizhou Yu,existing_link_corroborated,Yizhou Yu,Yizhou Yu,Historical identifier association corroborates the stored link; the old DBLP mapping is not independent identity proof.,,https://dblp.org/pid/90/6896,https://scholar.google.com/citations?user=e38fTZQAAAAJ
acm_fellows.csv,"Zorin, Denis",Denis Zorin,Denis Zorin,existing_link_corroborated,Denis Zorin,Denis Zorin,Historical identifier association corroborates the stored link; the old DBLP mapping is not independent identity proof.,,https://dblp.org/pid/21/2496,https://scholar.google.com/citations?user=cagVT0AAAAAJ
acm_fellows.csv,"Adleman, Leonard M.",Leonard M. Adleman,Leonard M. Adleman,existing_link_corroborated,Leonard M. Adleman,,Historical identifier association corroborates the stored link; the old DBLP mapping is not independent identity proof.,,https://dblp.org/pid/a/LeonardMAdleman,
acm_fellows.csv,"Bader, David A",David A. Bader,David A. Bader,existing_link_corroborated,David A. Bader,David A. Bader,Historical identifier association corroborates the stored link; the old DBLP mapping is not independent identity proof.,,https://dblp.org/pid/41/3005,https://scholar.google.com/citations?user=uXUA1pgAAAAJ
acm_fellows.csv,"Braverman, Mark",Mark Braverman,Mark Braverman,existing_link_corroborated,Mark Braverman,Mark Braverman,Historical identifier association corroborates the stored link; the old DBLP mapping is not independent identity proof.,,https://dblp.org/pid/16/6136,https://scholar.google.com/citations?user=5elBSHQAAAAJ
acm_fellows.csv,"Camp, Linda Jean",Linda Jean Camp,Linda Jean Camp,existing_link_corroborated,Linda Jean Camp,Linda Jean Camp,Historical identifier association corroborates the stored link; the old DBLP mapping is not independent identity proof.,,https://dblp.org/pid/72/4476,https://scholar.google.com/citations?user=wJPGa2IAAAAJ
acm_fellows.csv,"Cohen-Or, Daniel",Daniel Cohen-Or,Daniel Cohen-Or,existing_link_corroborated,Daniel Cohen-Or,Daniel Cohen-Or,Historical identifier association corroborates the stored link; the old DBLP mapping is not independent identity proof.,,https://dblp.org/pid/c/DCohenOr,https://scholar.google.com/citations?user=fAxws1sAAAAJ
acm_fellows.csv,"Das, Gautam",Gautam Das 0001,Gautam Das 0001,existing_link_corroborated,Gautam Das 0001,Gautam Das 0001,Historical identifier association corroborates the stored link; the old DBLP mapping is not independent identity proof.,,https://dblp.org/pid/44/4238,https://scholar.google.com/citations?user=oleB9xIAAAAJ
acm_fellows.csv,"Dey, Anind K.",Anind K. Dey,Anind K. Dey,existing_link_corroborated,Anind K. Dey,Anind K. Dey,Historical identifier association corroborates the stored link; the old DBLP mapping is not independent identity proof.,,https://dblp.org/pid/04/4652,https://scholar.google.com/citations?user=ydA8Q5AAAAAJ
acm_fellows.csv,"Ganesan, Deepak",Deepak Ganesan,Deepak Ganesan,existing_link_corroborated,Deepak Ganesan,Deepak Ganesan,Historical identifier association corroborates the stored link; the old DBLP mapping is not independent identity proof.,,https://dblp.org/pid/g/DeepakGanesan,https://scholar.google.com/citations?user=cbTB5-EAAAAJ
acm_fellows.csv,"Gupta, Anupam",Anupam Gupta 0001,Anupam Gupta 0001,existing_link_corroborated,Anupam Gupta 0001,,Historical identifier association corroborates the stored link; the old DBLP mapping is not independent identity proof.,,https://dblp.org/pid/237/9038,https://scholar.google.com/citations?user=g87CIwgAAAAJ
acm_fellows.csv,"Hazan, Elad",Elad Hazan,Elad Hazan,existing_link_corroborated,Elad Hazan,Elad Hazan,Historical identifier association corroborates the stored link; the old DBLP mapping is not independent identity proof.,,https://dblp.org/pid/72/739,https://scholar.google.com/citations?user=LnhCGNMAAAAJ
acm_fellows.csv,"Hu, Xiaobo Sharon",Xiaobo Sharon Hu,Xiaobo Sharon Hu,existing_link_corroborated,Xiaobo Sharon Hu,,Historical identifier association corroborates the stored link; the old DBLP mapping is not independent identity proof.,,https://dblp.org/pid/h/XiaoboSharonHu,https://scholar.google.com/citations?user=tQRvus8AAAAJ
acm_fellows.csv,"Inverardi, Paola",Paola Inverardi,Paola Inverardi,existing_link_corroborated,Paola Inverardi,,Historical identifier association corroborates the stored link; the old DBLP mapping is not independent identity proof.,,https://dblp.org/pid/i/PaolaInverardi,
acm_fellows.csv,"Jhala, Ranjit",Ranjit Jhala,Ranjit Jhala,existing_link_corroborated,Ranjit Jhala,,Historical identifier association corroborates the stored link; the old DBLP mapping is not independent identity proof.,,https://dblp.org/pid/47/4244,https://scholar.google.com/citations?user=lh6orZ0AAAAJ
acm_fellows.csv,"Kaeli, David R",David R. Kaeli,David R. Kaeli,existing_link_corroborated,David R. Kaeli,David R. Kaeli,Historical identifier association corroborates the stored link; the old DBLP mapping is not independent identity proof.,,https://dblp.org/pid/k/DavidRKaeli,https://scholar.google.com/citations?user=Mkgn0qcAAAAJ
acm_fellows.csv,"Li, Hai",Hai Li 0001,Hai Li 0001,existing_link_corroborated,Hai Li 0001,Hai Li 0001,Historical identifier association corroborates the stored link; the old DBLP mapping is not independent identity proof.,,https://dblp.org/pid/06/5975,https://scholar.google.com/citations?user=E6Tpfq8AAAAJ
acm_fellows.csv,"Marschner, Steve",Steve Marschner,Steve Marschner,existing_link_corroborated,Steve Marschner,Steve Marschner,Historical identifier association corroborates the stored link; the old DBLP mapping is not independent identity proof.,,https://dblp.org/pid/m/StephenRMarschner,https://scholar.google.com/citations?user=llo3F3QAAAAJ
acm_fellows.csv,"Mason, Matthew T",Matthew T. Mason,Matthew T. Mason,existing_link_corroborated,Matthew T. Mason,Matthew T. Mason,Historical identifier association corroborates the stored link; the old DBLP mapping is not independent identity proof.,,https://dblp.org/pid/69/5537,https://scholar.google.com/citations?user=D_JpQnAAAAAJ
acm_fellows.csv,"Nebel, Bernhard",Bernhard Nebel,Bernhard Nebel,existing_link_corroborated,Bernhard Nebel,Bernhard Nebel,Historical identifier association corroborates the stored link; the old DBLP mapping is not independent identity proof.,,https://dblp.org/pid/n/BernhardNebel,https://scholar.google.com/citations?user=4MhUHPcAAAAJ
acm_fellows.csv,"Ostrovsky, Rafail",Rafail Ostrovsky,Rafail Ostrovsky,existing_link_corroborated,Rafail Ostrovsky,Rafail Ostrovsky,Historical identifier association corroborates the stored link; the old DBLP mapping is not independent identity proof.,,https://dblp.org/pid/o/RafailOstrovsky,https://scholar.google.com/citations?user=UvFrX04AAAAJ
acm_fellows.csv,"Pan, David Z.",David Z. Pan,David Z. Pan,existing_link_corroborated,David Z. Pan,David Z. Pan,Historical identifier association corroborates the stored link; the old DBLP mapping is not independent identity proof.,,https://dblp.org/pid/p/DavidZhigangPan,https://scholar.google.com/citations?user=3aLlroEAAAAJ
acm_fellows.csv,"Rosing, Tajana",Tajana Rosing,Tajana Rosing,existing_link_corroborated,Tajana Rosing,,Historical identifier association corroborates the stored link; the old DBLP mapping is not independent identity proof.,,https://dblp.org/pid/s/TajanaSimunic,https://scholar.google.com/citations?user=DY_XcO4AAAAJ
acm_fellows.csv,"Rusinkiewicz, Szymon",Szymon Rusinkiewicz,Szymon Rusinkiewicz,existing_link_corroborated,Szymon Rusinkiewicz,Szymon Rusinkiewicz,Historical identifier association corroborates the stored link; the old DBLP mapping is not independent identity proof.,,https://dblp.org/pid/61/5465,https://scholar.google.com/citations?user=RaScARwAAAAJ
acm_fellows.csv,"Sarawagi, Sunita",Sunita Sarawagi,Sunita Sarawagi,existing_link_corroborated,Sunita Sarawagi,Sunita Sarawagi,Historical identifier association corroborates the stored link; the old DBLP mapping is not independent identity proof.,,https://dblp.org/pid/s/SunitaSarawagi,https://scholar.google.com/citations?user=Hg4HmTAAAAAJ
acm_fellows.csv,"Sheffer, Alla",Alla Sheffer,Alla Sheffer,existing_link_corroborated,Alla Sheffer,Alla Sheffer,Historical identifier association corroborates the stored link; the old DBLP mapping is not independent identity proof.,,https://dblp.org/pid/65/3735,https://scholar.google.com/citations?user=IgkGxLsAAAAJ
acm_fellows.csv,"Singh, Munindar P.",Munindar P. Singh,Munindar P. Singh,existing_link_corroborated,Munindar P. Singh,Munindar P. Singh,Historical identifier association corroborates the stored link; the old DBLP mapping is not independent identity proof.,,https://dblp.org/pid/s/MunindarPSingh,https://scholar.google.com/citations?user=qNznu3kAAAAJ
acm_fellows.csv,"Sistla, Aravinda P",A. Prasad Sistla,A. Prasad Sistla,existing_link_corroborated,A. Prasad Sistla,,Historical identifier association corroborates the stored link; the old DBLP mapping is not independent identity proof.,,https://dblp.org/pid/s/APrasadSistla,https://scholar.google.com/citations?user=P-wJ6Y4AAAAJ
acm_fellows.csv,"Tang, Jie",Jie Tang 0001,Jie Tang 0001,existing_link_corroborated,Jie Tang 0001,Jie Tang 0001,Historical identifier association corroborates the stored link; the old DBLP mapping is not independent identity proof.,,https://dblp.org/pid/t/JieTang,https://scholar.google.com/citations?user=n1zDCkQAAAAJ
acm_fellows.csv,"Trevisan, Luca",Luca Trevisan 0001,Luca Trevisan 0001,existing_link_corroborated,Luca Trevisan 0001,Luca Trevisan 0001,Historical identifier association corroborates the stored link; the old DBLP mapping is not independent identity proof.,,https://dblp.org/pid/t/LucaTrevisan,https://scholar.google.com/citations?user=4yuKD_AAAAAJ
acm_fellows.csv,"Wobbrock, Jacob Otto",Jacob O. Wobbrock,Jacob O. Wobbrock,existing_link_corroborated,Jacob O. Wobbrock,Jacob O. Wobbrock,Historical identifier association corroborates the stored link; the old DBLP mapping is not independent identity proof.,,https://dblp.org/pid/18/6907,https://scholar.google.com/citations?user=TmZ3howAAAAJ
acm_fellows.csv,"Xie, Tao",Tao Xie 0001,Tao Xie 0001,existing_link_corroborated,Tao Xie 0001,Tao Xie 0001,Historical identifier association corroborates the stored link; the old DBLP mapping is not independent identity proof.,,https://dblp.org/pid/x/TaoXie,https://scholar.google.com/citations?user=DhhH9J4AAAAJ
acm_fellows.csv,"Yang, Ming-Hsuan",Ming-Hsuan Yang 0001,Ming-Hsuan Yang 0001,existing_link_corroborated,Ming-Hsuan Yang 0001,Ming-Hsuan Yang 0001,Historical identifier association corroborates the stored link; the old DBLP mapping is not independent identity proof.,,https://dblp.org/pid/79/3711,https://scholar.google.com/citations?user=p9-ohHsAAAAJ
acm_fellows.csv,"Zhao, Ben",Ben Y. Zhao,Ben Y. Zhao,existing_link_corroborated,Ben Y. Zhao,Ben Y. Zhao,Historical identifier association corroborates the stored link; the old DBLP mapping is not independent identity proof.,,https://dblp.org/pid/z/BenYZhao,https://scholar.google.com/citations?user=cYReSuEAAAAJ
acm_fellows.csv,"Zhong, Lin",Lin Zhong 0001,Lin Zhong 0001,existing_link_corroborated,Lin Zhong 0001,Lin Zhong 0001,Historical identifier association corroborates the stored link; the old DBLP mapping is not independent identity proof.,,https://dblp.org/pid/27/2552-1,https://scholar.google.com/citations?user=hJPN-G8AAAAJ
acm_fellows.csv,"Zilberstein, Shlomo",Shlomo Zilberstein,Shlomo Zilberstein,existing_link_corroborated,Shlomo Zilberstein,Shlomo Zilberstein,Historical identifier association corroborates the stored link; the old DBLP mapping is not independent identity proof.,,https://dblp.org/pid/z/ShlomoZilberstein,https://scholar.google.com/citations?user=q_n7d6EAAAAJ
acm_fellows.csv,"Zimmermann, Thomas",Thomas Zimmermann 0001,Thomas Zimmermann 0001,existing_link_corroborated,Thomas Zimmermann 0001,Thomas Zimmermann 0001,Historical identifier association corroborates the stored link; the old DBLP mapping is not independent identity proof.,,https://dblp.org/pid/19/3622-1,https://scholar.google.com/citations?user=5zvbpooAAAAJ
acm_fellows.csv,"Abadi, Daniel J",Daniel J. Abadi,Daniel J. Abadi,existing_link_corroborated,Daniel J. Abadi,Daniel J. Abadi,Historical identifier association corroborates the stored link; the old DBLP mapping is not independent identity proof.,,https://dblp.org/pid/a/DJAbadi,https://scholar.google.com/citations?user=zxeEF2gAAAAJ
acm_fellows.csv,"Allan, James",James Allan 0001,James Allan 0001,existing_link_corroborated,James Allan 0001,James Allan 0001,Historical identifier association corroborates the stored link; the old DBLP mapping is not independent identity proof.,,https://dblp.org/pid/10/4537,https://scholar.google.com/citations?user=-bLGeg0AAAAJ
acm_fellows.csv,"Aluru, Srinivas",Srinivas Aluru,Srinivas Aluru,existing_link_corroborated,Srinivas Aluru,Srinivas Aluru,Historical identifier association corroborates the stored link; the old DBLP mapping is not independent identity proof.,,https://dblp.org/pid/a/SAluru,https://scholar.google.com/citations?user=YOGOScoAAAAJ
acm_fellows.csv,"Arpaci-Dusseau, Andrea",Andrea C. Arpaci-Dusseau,Andrea C. Arpaci-Dusseau,existing_link_corroborated,Andrea C. Arpaci-Dusseau,Andrea C. Arpaci-Dusseau,Historical identifier association corroborates the stored link; the old DBLP mapping is not independent identity proof.,,https://dblp.org/pid/a/AndreaCArpaciDusseau,https://scholar.google.com/citations?user=8VkvOEEAAAAJ
acm_fellows.csv,"Arpaci-Dusseau, Remzi",Remzi H. Arpaci-Dusseau,Remzi H. Arpaci-Dusseau,existing_link_corroborated,Remzi H. Arpaci-Dusseau,Remzi H. Arpaci-Dusseau,Historical identifier association corroborates the stored link; the old DBLP mapping is not independent identity proof.,,https://dblp.org/pid/a/RemziHArpaciDusseau,https://scholar.google.com/citations?user=C1skWKgAAAAJ
acm_fellows.csv,"Blum, Manuel",Manuel Blum 0001,Manuel Blum 0001,existing_link_corroborated,Manuel Blum 0001,,Historical identifier association corroborates the stored link; the old DBLP mapping is not independent identity proof.,,https://dblp.org/pid/b/ManuelBlum,
acm_fellows.csv,"Brooks, David",David Brooks 0001,David Brooks 0001,existing_link_corroborated,David Brooks 0001,David Brooks 0001,Historical identifier association corroborates the stored link; the old DBLP mapping is not independent identity proof.,,https://dblp.org/pid/30/135,https://scholar.google.com/citations?user=vXHA_XYAAAAJ
acm_fellows.csv,"Canetti, Ran",Ran Canetti,Ran Canetti,existing_link_corroborated,Ran Canetti,Ran Canetti,Historical identifier association corroborates the stored link; the old DBLP mapping is not independent identity proof.,,https://dblp.org/pid/c/RanCanetti,https://scholar.google.com/citations?user=-PWcE1YAAAAJ
acm_fellows.csv,"Charikar, Moses",Moses Charikar,Moses Charikar,existing_link_corroborated,Moses Charikar,Moses Charikar,Historical identifier association corroborates the stored link; the old DBLP mapping is not independent identity proof.,,https://dblp.org/pid/c/MosesCharikar,https://scholar.google.com/citations?user=zX3ba1kAAAAJ
acm_fellows.csv,"Chen, Yiran",Yiran Chen 0001,Yiran Chen 0001,existing_link_corroborated,Yiran Chen 0001,Yiran Chen 0001,Historical identifier association corroborates the stored link; the old DBLP mapping is not independent identity proof.,,https://dblp.org/pid/80/1641,https://scholar.google.com/citations?user=3G-nnjMAAAAJ
acm_fellows.csv,"Cousot, Patrick",Patrick Cousot,Patrick Cousot,existing_link_corroborated,Patrick Cousot,Patrick Cousot,Historical identifier association corroborates the stored link; the old DBLP mapping is not independent identity proof.,,https://dblp.org/pid/c/PCousot,https://scholar.google.com/citations?user=mhlvI8wAAAAJ
acm_fellows.csv,"Dorr, Bonnie J",Bonnie J. Dorr,Bonnie J. Dorr,existing_link_corroborated,Bonnie J. Dorr,Bonnie J. Dorr,Historical identifier association corroborates the stored link; the old DBLP mapping is not independent identity proof.,,https://dblp.org/pid/d/BonnieJDorr,https://scholar.google.com/citations?user=jSjEWosAAAAJ
acm_fellows.csv,"Eiter, Thomas",Thomas Eiter,Thomas Eiter,existing_link_corroborated,Thomas Eiter,Thomas Eiter,Historical identifier association corroborates the stored link; the old DBLP mapping is not independent identity proof.,,https://dblp.org/pid/e/TEiter,https://scholar.google.com/citations?user=X1L03cIAAAAJ
acm_fellows.csv,"Flanagan, Cormac",Cormac Flanagan,Cormac Flanagan,existing_link_corroborated,Cormac Flanagan,Cormac Flanagan,Historical identifier association corroborates the stored link; the old DBLP mapping is not independent identity proof.,,https://dblp.org/pid/f/CormacFlanagan,https://scholar.google.com/citations?user=XkiApd4AAAAJ
acm_fellows.csv,"Forlizzi, Jodi",Jodi Forlizzi,Jodi Forlizzi,existing_link_corroborated,Jodi Forlizzi,Jodi Forlizzi,Historical identifier association corroborates the stored link; the old DBLP mapping is not independent identity proof.,,https://dblp.org/pid/46/4227,https://scholar.google.com/citations?user=Hyhp_zUAAAAJ
acm_fellows.csv,"Gonzalez, Antonio",Antonio González 0001,Antonio González 0001,existing_link_corroborated,Antonio González 0001,,Historical identifier association corroborates the stored link; the old DBLP mapping is not independent identity proof.,,https://dblp.org/pid/g/AntonioGonzalez1,https://scholar.google.com/citations?user=DRP_OcMAAAAJ
acm_fellows.csv,"Hoos, Holger H.",Holger H. Hoos,Holger H. Hoos,existing_link_corroborated,Holger H. Hoos,Holger H. Hoos,Historical identifier association corroborates the stored link; the old DBLP mapping is not independent identity proof.,,https://dblp.org/pid/h/HolgerHHoos,https://scholar.google.com/citations?user=l6c85tMAAAAJ
acm_fellows.csv,"Ilyas, Ihab F.",Ihab F. Ilyas,Ihab F. Ilyas,existing_link_corroborated,Ihab F. Ilyas,Ihab F. Ilyas,Historical identifier association corroborates the stored link; the old DBLP mapping is not independent identity proof.,,https://dblp.org/pid/i/IhabFIlyas,https://scholar.google.com/citations?user=YG6mTEIAAAAJ
acm_fellows.csv,"Katoen, Joost-Pieter",Joost-Pieter Katoen,Joost-Pieter Katoen,existing_link_corroborated,Joost-Pieter Katoen,Joost-Pieter Katoen,Historical identifier association corroborates the stored link; the old DBLP mapping is not independent identity proof.,,https://dblp.org/pid/k/JoostPieterKatoen,https://scholar.google.com/citations?user=yjjO5_oAAAAJ
acm_fellows.csv,"Kim, Nam Sung",Nam Sung Kim,Nam Sung Kim,existing_link_corroborated,Nam Sung Kim,Nam Sung Kim,Historical identifier association corroborates the stored link; the old DBLP mapping is not independent identity proof.,,https://dblp.org/pid/13/6350,https://scholar.google.com/citations?user=iccBxJIAAAAJ
acm_fellows.csv,"Koenig, Sven",Sven Koenig,Sven Koenig,existing_link_corroborated,Sven Koenig,Sven Koenig,Historical identifier association corroborates the stored link; the old DBLP mapping is not independent identity proof.,,https://dblp.org/pid/k/SvenKoenig,https://scholar.google.com/citations?user=tpoh43QAAAAJ
acm_fellows.csv,"Kotz, David",David Kotz,David Kotz,existing_link_corroborated,David Kotz,,Historical identifier association corroborates the stored link; the old DBLP mapping is not independent identity proof.,,https://dblp.org/pid/k/DavidKotz,https://scholar.google.com/citations?user=s5QkqdcAAAAJ
acm_fellows.csv,"Krishnamurthy, Arvind",Arvind Krishnamurthy,Arvind Krishnamurthy,existing_link_corroborated,Arvind Krishnamurthy,Arvind Krishnamurthy,Historical identifier association corroborates the stored link; the old DBLP mapping is not independent identity proof.,,https://dblp.org/pid/k/AKrishnamurthy,https://scholar.google.com/citations?user=EnCwNycAAAAJ
acm_fellows.csv,"Leyton-Brown, Kevin",Kevin Leyton-Brown,Kevin Leyton-Brown,existing_link_corroborated,Kevin Leyton-Brown,Kevin Leyton-Brown,Historical identifier association corroborates the stored link; the old DBLP mapping is not independent identity proof.,,https://dblp.org/pid/81/1149,https://scholar.google.com/citations?user=_4dnp0IAAAAJ
acm_fellows.csv,"Low, Steven H.",Steven H. Low,Steven H. Low,existing_link_corroborated,Steven H. Low,Steven H. Low,Historical identifier association corroborates the stored link; the old DBLP mapping is not independent identity proof.,,https://dblp.org/pid/l/StevenHLow,https://scholar.google.com/citations?user=4BrebIYAAAAJ
acm_fellows.csv,"Lu, Chenyang",Chenyang Lu 0001,Chenyang Lu 0001,existing_link_corroborated,Chenyang Lu 0001,Chenyang Lu 0001,Historical identifier association corroborates the stored link; the old DBLP mapping is not independent identity proof.,,https://dblp.org/pid/346/0861,https://scholar.google.com/citations?user=tCq7Wx0AAAAJ
acm_fellows.csv,"Madden, Samuel",Samuel Madden 0001,Samuel Madden 0001,existing_link_corroborated,Samuel Madden 0001,Samuel Madden 0001,Historical identifier association corroborates the stored link; the old DBLP mapping is not independent identity proof.,,https://dblp.org/pid/m/SamuelMadden,https://scholar.google.com/citations?user=a1ngrCIAAAAJ
acm_fellows.csv,"Markl, Volker",Volker Markl,Volker Markl,existing_link_corroborated,Volker Markl,Volker Markl,Historical identifier association corroborates the stored link; the old DBLP mapping is not independent identity proof.,,https://dblp.org/pid/m/VMarkl,https://scholar.google.com/citations?user=el2k_oIAAAAJ
acm_fellows.csv,"Menczer, Filippo",Filippo Menczer,Filippo Menczer,existing_link_corroborated,Filippo Menczer,Filippo Menczer,Historical identifier association corroborates the stored link; the old DBLP mapping is not independent identity proof.,,https://dblp.org/pid/79/3056,https://scholar.google.com/citations?user=f_kGJwkAAAAJ
acm_fellows.csv,"Meseguer, Jose",José Meseguer 0001,José Meseguer 0001,existing_link_corroborated,José Meseguer 0001,José Meseguer 0001,Historical identifier association corroborates the stored link; the old DBLP mapping is not independent identity proof.,,https://dblp.org/pid/m/JoseMeseguer,https://scholar.google.com/citations?user=KZFo7ZkAAAAJ
acm_fellows.csv,"Nagpal, Radhika",Radhika Nagpal,Radhika Nagpal,existing_link_corroborated,Radhika Nagpal,Radhika Nagpal,Historical identifier association corroborates the stored link; the old DBLP mapping is not independent identity proof.,,https://dblp.org/pid/84/5637,https://scholar.google.com/citations?user=a3ZGDsoAAAAJ
acm_fellows.csv,"Naor, Moni",Moni Naor,Moni Naor,existing_link_corroborated,Moni Naor,Moni Naor,Historical identifier association corroborates the stored link; the old DBLP mapping is not independent identity proof.,,https://dblp.org/pid/n/MoniNaor,https://scholar.google.com/citations?user=stSUaHAAAAAJ
acm_fellows.csv,"Noh, Sam H.",Sam H. Noh,Sam H. Noh,existing_link_corroborated,Sam H. Noh,Sam H. Noh,Historical identifier association corroborates the stored link; the old DBLP mapping is not independent identity proof.,,https://dblp.org/pid/81/970,https://scholar.google.com/citations?user=i5lr8uEAAAAJ
acm_fellows.csv,"Panangaden, Prakash",Prakash Panangaden,Prakash Panangaden,existing_link_corroborated,Prakash Panangaden,Prakash Panangaden,Historical identifier association corroborates the stored link; the old DBLP mapping is not independent identity proof.,,https://dblp.org/pid/p/PPanangaden,https://scholar.google.com/citations?user=IROzEKQAAAAJ
acm_fellows.csv,"Panchanathan, Sethuraman",Sethuraman Panchanathan,Sethuraman Panchanathan,existing_link_corroborated,Sethuraman Panchanathan,Sethuraman Panchanathan,Historical identifier association corroborates the stored link; the old DBLP mapping is not independent identity proof.,,https://dblp.org/pid/31/6591,https://scholar.google.com/citations?user=GKTKZ8kAAAAJ
acm_fellows.csv,"Parashar, Manish",Manish Parashar,Manish Parashar,existing_link_corroborated,Manish Parashar,,Historical identifier association corroborates the stored link; the old DBLP mapping is not independent identity proof.,,https://dblp.org/pid/p/ManishParashar,https://scholar.google.com/citations?user=BGNzBsUAAAAJ
acm_fellows.csv,"Park, Haesun",Haesun Park,Haesun Park,existing_link_corroborated,Haesun Park,Haesun Park,Historical identifier association corroborates the stored link; the old DBLP mapping is not independent identity proof.,,https://dblp.org/pid/263/1018,https://scholar.google.com/citations?user=G6kA1CMAAAAJ
acm_fellows.csv,"Plotkin, Gordon",Gordon D. Plotkin,Gordon D. Plotkin,existing_link_corroborated,Gordon D. Plotkin,Gordon D. Plotkin,Historical identifier association corroborates the stored link; the old DBLP mapping is not independent identity proof.,,https://dblp.org/pid/p/GordonDPlotkin,https://scholar.google.com/citations?user=0KiEfGcAAAAJ
acm_fellows.csv,"Rabin, Michael O.",Michael O. Rabin,Michael O. Rabin,existing_link_corroborated,Michael O. Rabin,,Historical identifier association corroborates the stored link; the old DBLP mapping is not independent identity proof.,,https://dblp.org/pid/r/MORabin,https://scholar.google.com/citations?user=_UUtVF4AAAAJ
acm_fellows.csv,"Ren, Kui",Kui Ren 0001,Kui Ren 0001,existing_link_corroborated,Kui Ren 0001,Kui Ren 0001,Historical identifier association corroborates the stored link; the old DBLP mapping is not independent identity proof.,,https://dblp.org/pid/20/6179-1,https://scholar.google.com/citations?user=uuQA_rcAAAAJ
acm_fellows.csv,"Salzberg, Steven",Steven Salzberg,Steven Salzberg,existing_link_corroborated,Steven Salzberg,Steven Salzberg,Historical identifier association corroborates the stored link; the old DBLP mapping is not independent identity proof.,,https://dblp.org/pid/s/StevenSalzberg,https://scholar.google.com/citations?user=sUVeH-4AAAAJ
acm_fellows.csv,"Seshia, Sanjit Arunkumar",Sanjit A. Seshia,Sanjit A. Seshia,existing_link_corroborated,Sanjit A. Seshia,Sanjit A. Seshia,Historical identifier association corroborates the stored link; the old DBLP mapping is not independent identity proof.,,https://dblp.org/pid/s/SanjitASeshia,https://scholar.google.com/citations?user=SlZavnIAAAAJ
acm_fellows.csv,"Shamir, Adi",Adi Shamir,Adi Shamir,existing_link_corroborated,Adi Shamir,Adi Shamir,Historical identifier association corroborates the stored link; the old DBLP mapping is not independent identity proof.,,https://dblp.org/pid/s/AdiShamir,https://scholar.google.com/citations?user=EHLBP20AAAAJ
acm_fellows.csv,"Shen, Heng Tao",Heng Tao Shen,Heng Tao Shen,existing_link_corroborated,Heng Tao Shen,Heng Tao Shen,Historical identifier association corroborates the stored link; the old DBLP mapping is not independent identity proof.,,https://dblp.org/pid/s/HTShen,https://scholar.google.com/citations?user=krryaDkAAAAJ
acm_fellows.csv,"Stevens, Rick",Rick Stevens,Rick Stevens,existing_link_corroborated,Rick Stevens,Rick Stevens,Historical identifier association corroborates the stored link; the old DBLP mapping is not independent identity proof.,,https://dblp.org/pid/s/RickLStevens,https://scholar.google.com/citations?user=2oSSsLYAAAAJ
acm_fellows.csv,"Stone, Peter",Peter Stone 0001,Peter Stone 0001,existing_link_corroborated,Peter Stone 0001,Peter Stone 0001,Historical identifier association corroborates the stored link; the old DBLP mapping is not independent identity proof.,,https://dblp.org/pid/s/PeterStone,https://scholar.google.com/citations?user=qnwjcfAAAAAJ
acm_fellows.csv,"Tao, Yufei",Yufei Tao 0001,Yufei Tao 0001,existing_link_corroborated,Yufei Tao 0001,Yufei Tao 0001,Historical identifier association corroborates the stored link; the old DBLP mapping is not independent identity proof.,,https://dblp.org/pid/t/YufeiTao,https://scholar.google.com/citations?user=3FmJBHkAAAAJ
acm_fellows.csv,"Tassiulas, Leandros",Leandros Tassiulas,Leandros Tassiulas,existing_link_corroborated,Leandros Tassiulas,Leandros Tassiulas,Historical identifier association corroborates the stored link; the old DBLP mapping is not independent identity proof.,,https://dblp.org/pid/03/3843,https://scholar.google.com/citations?user=9qtgcZ8AAAAJ
acm_fellows.csv,"Turk, Matthew A",Matthew A. Turk,Matthew A. Turk,existing_link_corroborated,Matthew A. Turk,Matthew A. Turk,Historical identifier association corroborates the stored link; the old DBLP mapping is not independent identity proof.,,https://dblp.org/pid/61/3381,https://scholar.google.com/citations?user=KltleWgAAAAJ
acm_fellows.csv,"Walsh, Toby",Toby Walsh,Toby Walsh,existing_link_corroborated,Toby Walsh,Toby Walsh,Historical identifier association corroborates the stored link; the old DBLP mapping is not independent identity proof.,,https://dblp.org/pid/86/2576,https://scholar.google.com/citations?user=oOQ6x0IAAAAJ
acm_fellows.csv,"Williams, Laurie Ann",Laurie A. Williams,Laurie A. Williams,existing_link_corroborated,Laurie A. Williams,Laurie A. Williams,Historical identifier association corroborates the stored link; the old DBLP mapping is not independent identity proof.,,https://dblp.org/pid/w/LaurieAWilliams,https://scholar.google.com/citations?user=Cln2viUAAAAJ
acm_fellows.csv,"Wu, Cathy H",Cathy H. Wu,Cathy H. Wu,existing_link_corroborated,Cathy H. Wu,Cathy H. Wu,Historical identifier association corroborates the stored link; the old DBLP mapping is not independent identity proof.,,https://dblp.org/pid/w/CathyHWu,https://scholar.google.com/citations?user=eiRdbhsAAAAJ
acm_fellows.csv,"Yan, Shuicheng",Shuicheng Yan,Shuicheng Yan,existing_link_corroborated,Shuicheng Yan,Shuicheng Yan,Historical identifier association corroborates the stored link; the old DBLP mapping is not independent identity proof.,,https://dblp.org/pid/y/ShuichengYan,https://scholar.google.com/citations?user=DNuiPHwAAAAJ
acm_fellows.csv,"Yi, Wang",Wang Yi 0001,Wang Yi 0001,existing_link_corroborated,Wang Yi 0001,Wang Yi 0001,Historical identifier association corroborates the stored link; the old DBLP mapping is not independent identity proof.,,https://dblp.org/pid/y/WangYi,https://scholar.google.com/citations?user=_ynjrUUAAAAJ
acm_fellows.csv,"Zhou, Kun",Kun Zhou 0001,Kun Zhou 0001,existing_link_corroborated,Kun Zhou 0001,Kun Zhou 0001,Historical identifier association corroborates the stored link; the old DBLP mapping is not independent identity proof.,,https://dblp.org/pid/48/3927-1,https://scholar.google.com/citations?user=N-iYby0AAAAJ
acm_fellows.csv,"Bala, Kavita",Kavita Bala,Kavita Bala,existing_link_corroborated,Kavita Bala,Kavita Bala,Historical identifier association corroborates the stored link; the old DBLP mapping is not independent identity proof.,,https://dblp.org/pid/b/KavitaBala,https://scholar.google.com/citations?user=Rh16nsIAAAAJ
acm_fellows.csv,"Balazinska, Magdalena",Magdalena Balazinska,Magdalena Balazinska,existing_link_corroborated,Magdalena Balazinska,Magdalena Balazinska,Historical identifier association corroborates the stored link; the old DBLP mapping is not independent identity proof.,,https://dblp.org/pid/b/MagdalenaBalazinska,https://scholar.google.com/citations?user=DDxFvcIAAAAJ
acm_fellows.csv,"Beame, Paul",Paul Beame,Paul Beame,existing_link_corroborated,Paul Beame,Paul Beame,Historical identifier association corroborates the stored link; the old DBLP mapping is not independent identity proof.,,https://dblp.org/pid/b/PaulBeame,https://scholar.google.com/citations?user=plYoF-MAAAAJ
acm_fellows.csv,"Capkun, Srdjan",Srdjan Capkun,Srdjan Capkun,existing_link_corroborated,Srdjan Capkun,Srdjan Capkun,Historical identifier association corroborates the stored link; the old DBLP mapping is not independent identity proof.,,https://dblp.org/pid/51/1639,https://scholar.google.com/citations?user=VtkPBNsAAAAJ
acm_fellows.csv,"Cardie, Claire",Claire Cardie,Claire Cardie,existing_link_corroborated,Claire Cardie,Claire Cardie,Historical identifier association corroborates the stored link; the old DBLP mapping is not independent identity proof.,,https://dblp.org/pid/c/ClaireCardie,https://scholar.google.com/citations?user=ex9BQiIAAAAJ
acm_fellows.csv,"Chen, Xilin",Xilin Chen 0001,Xilin Chen 0001,existing_link_corroborated,Xilin Chen 0001,Xilin Chen 0001,Historical identifier association corroborates the stored link; the old DBLP mapping is not independent identity proof.,,https://dblp.org/pid/c/XilinChen,https://scholar.google.com/citations?user=vVx2v20AAAAJ
acm_fellows.csv,"Churchill, Elizabeth Frances",Elizabeth F. Churchill,Elizabeth F. Churchill,existing_link_corroborated,Elizabeth F. Churchill,Elizabeth F. Churchill,Historical identifier association corroborates the stored link; the old DBLP mapping is not independent identity proof.,,https://dblp.org/pid/99/3360,https://scholar.google.com/citations?user=wZB07xAAAAAJ
acm_fellows.csv,"Conitzer, Vincent",Vincent Conitzer,Vincent Conitzer,existing_link_corroborated,Vincent Conitzer,Vincent Conitzer,Historical identifier association corroborates the stored link; the old DBLP mapping is not independent identity proof.,,https://dblp.org/pid/c/VincentConitzer,https://scholar.google.com/citations?user=juRk4lQAAAAJ
acm_fellows.csv,"Contractor, Noshir",Noshir Contractor,Noshir Contractor,existing_link_corroborated,Noshir Contractor,Noshir Contractor,Historical identifier association corroborates the stored link; the old DBLP mapping is not independent identity proof.,,https://dblp.org/pid/84/4114,https://scholar.google.com/citations?user=Fqw9o84AAAAJ
acm_fellows.csv,"Dwyer, Matthew B",Matthew B. Dwyer,Matthew B. Dwyer,existing_link_corroborated,Matthew B. Dwyer,Matthew B. Dwyer,Historical identifier association corroborates the stored link; the old DBLP mapping is not independent identity proof.,,https://dblp.org/pid/d/MatthewBDwyer,https://scholar.google.com/citations?user=-ZRKCcEAAAAJ
acm_fellows.csv,"Freedman, Michael J.",Michael J. Freedman,Michael J. Freedman,existing_link_corroborated,Michael J. Freedman,Michael J. Freedman,Historical identifier association corroborates the stored link; the old DBLP mapping is not independent identity proof.,,https://dblp.org/pid/65/1370,https://scholar.google.com/citations?user=BFE6IQwAAAAJ
acm_fellows.csv,"Getoor, Lise",Lise Getoor,Lise Getoor,existing_link_corroborated,Lise Getoor,Lise Getoor,Historical identifier association corroborates the stored link; the old DBLP mapping is not independent identity proof.,,https://dblp.org/pid/g/LiseGetoor,https://scholar.google.com/citations?user=Y8-xGncAAAAJ
acm_fellows.csv,"Gini, Maria L",Maria L. Gini,Maria L. Gini,existing_link_corroborated,Maria L. Gini,Maria L. Gini,Historical identifier association corroborates the stored link; the old DBLP mapping is not independent identity proof.,,https://dblp.org/pid/g/MariaLGini,https://scholar.google.com/citations?user=2ewb-10AAAAJ
acm_fellows.csv,"Kambhampati, Subbarao",Subbarao Kambhampati,Subbarao Kambhampati,existing_link_corroborated,Subbarao Kambhampati,Subbarao Kambhampati,Historical identifier association corroborates the stored link; the old DBLP mapping is not independent identity proof.,,https://dblp.org/pid/k/SKambhampati,https://scholar.google.com/citations?user=yl3L07sAAAAJ
acm_fellows.csv,"Li, Xiangyang",Xiangyang Li 0001,Xiangyang Li 0001,existing_link_corroborated,Xiangyang Li 0001,Xiangyang Li 0001,Historical identifier association corroborates the stored link; the old DBLP mapping is not independent identity proof.,,https://dblp.org/pid/l/XiangYangLi,https://scholar.google.com/citations?user=JURtNb0AAAAJ
acm_fellows.csv,"Lu, Songwu",Songwu Lu,Songwu Lu,existing_link_corroborated,Songwu Lu,Songwu Lu,Historical identifier association corroborates the stored link; the old DBLP mapping is not independent identity proof.,,https://dblp.org/pid/55/758,https://scholar.google.com/citations?user=PVdTviYAAAAJ
acm_fellows.csv,"Marculescu, Diana",Diana Marculescu,Diana Marculescu,existing_link_corroborated,Diana Marculescu,Diana Marculescu,Historical identifier association corroborates the stored link; the old DBLP mapping is not independent identity proof.,,https://dblp.org/pid/59/2715,https://scholar.google.com/citations?user=MRHzTAIAAAAJ
acm_fellows.csv,"Mihalcea, Rada",Rada Mihalcea,Rada Mihalcea,existing_link_corroborated,Rada Mihalcea,Rada Mihalcea,Historical identifier association corroborates the stored link; the old DBLP mapping is not independent identity proof.,,https://dblp.org/pid/m/RadaMihalcea,https://scholar.google.com/citations?user=UetM7FgAAAAJ
acm_fellows.csv,"Murphy, Robin R",Robin R. Murphy,Robin R. Murphy,existing_link_corroborated,Robin R. Murphy,Robin R. Murphy,Historical identifier association corroborates the stored link; the old DBLP mapping is not independent identity proof.,,https://dblp.org/pid/71/3442,https://scholar.google.com/citations?user=SIcRijoAAAAJ
acm_fellows.csv,"Nieh, Jason",Jason Nieh,Jason Nieh,existing_link_corroborated,Jason Nieh,,Historical identifier association corroborates the stored link; the old DBLP mapping is not independent identity proof.,,https://dblp.org/pid/n/JasonNieh,https://scholar.google.com/citations?user=e84VgEYAAAAJ
acm_fellows.csv,"Pfister, Hanspeter",Hanspeter Pfister,Hanspeter Pfister,existing_link_corroborated,Hanspeter Pfister,,Historical identifier association corroborates the stored link; the old DBLP mapping is not independent identity proof.,,https://dblp.org/pid/p/HanspeterPfister,https://scholar.google.com/citations?user=VWX-GMAAAAAJ
acm_fellows.csv,"Pop, Mihai",Mihai Pop,Mihai Pop,existing_link_corroborated,Mihai Pop,Mihai Pop,Historical identifier association corroborates the stored link; the old DBLP mapping is not independent identity proof.,,https://dblp.org/pid/293/3689,https://scholar.google.com/citations?user=4glkLD0AAAAJ
acm_fellows.csv,"Rosenschein, Jeffrey S",Jeffrey S. Rosenschein,Jeffrey S. Rosenschein,existing_link_corroborated,Jeffrey S. Rosenschein,,Historical identifier association corroborates the stored link; the old DBLP mapping is not independent identity proof.,,https://dblp.org/pid/r/JeffreySRosenschein,https://scholar.google.com/citations?user=TIQlTAEAAAAJ
acm_fellows.csv,"Seshan, Srinivasan",Srinivasan Seshan,Srinivasan Seshan,existing_link_corroborated,Srinivasan Seshan,Srinivasan Seshan,Historical identifier association corroborates the stored link; the old DBLP mapping is not independent identity proof.,,https://dblp.org/pid/s/SrinivasanSeshan,https://scholar.google.com/citations?user=0irVeiQAAAAJ
acm_fellows.csv,"Shenoy, Prashant J",Prashant J. Shenoy,Prashant J. Shenoy,existing_link_corroborated,Prashant J. Shenoy,Prashant J. Shenoy,Historical identifier association corroborates the stored link; the old DBLP mapping is not independent identity proof.,,https://dblp.org/pid/s/PrashantJShenoy,https://scholar.google.com/citations?user=TciP6mcAAAAJ
acm_fellows.csv,"Singh, Mona",Mona Singh 0001,Mona Singh 0001,existing_link_corroborated,Mona Singh 0001,,Historical identifier association corroborates the stored link; the old DBLP mapping is not independent identity proof.,,https://dblp.org/pid/73/6093-1,
acm_fellows.csv,"Sitaraman, Ramesh Kumar",Ramesh K. Sitaraman,Ramesh K. Sitaraman,existing_link_corroborated,Ramesh K. Sitaraman,Ramesh K. Sitaraman,Historical identifier association corroborates the stored link; the old DBLP mapping is not independent identity proof.,,https://dblp.org/pid/s/RameshKSitaraman,https://scholar.google.com/citations?user=Hj4o7GYAAAAJ
acm_fellows.csv,"Song, Dawn",Dawn Song,Dawn Song,existing_link_corroborated,Dawn Song,Dawn Song,Historical identifier association corroborates the stored link; the old DBLP mapping is not independent identity proof.,,https://dblp.org/pid/s/DXSong,https://scholar.google.com/citations?user=84WzBlYAAAAJ
acm_fellows.csv,"Stolfo, Salvatore J",Salvatore J. Stolfo,Salvatore J. Stolfo,existing_link_corroborated,Salvatore J. Stolfo,,Historical identifier association corroborates the stored link; the old DBLP mapping is not independent identity proof.,,https://dblp.org/pid/s/SalvatoreJStolfo,https://scholar.google.com/citations?user=iLXSMP8AAAAJ
acm_fellows.csv,"Tao, Dacheng",Dacheng Tao,Dacheng Tao,existing_link_corroborated,Dacheng Tao,Dacheng Tao,Historical identifier association corroborates the stored link; the old DBLP mapping is not independent identity proof.,,https://dblp.org/pid/46/3391,https://scholar.google.com/citations?user=RwlJNLcAAAAJ
acm_fellows.csv,"Tennenholtz, Moshe",Moshe Tennenholtz,Moshe Tennenholtz,existing_link_corroborated,Moshe Tennenholtz,,Historical identifier association corroborates the stored link; the old DBLP mapping is not independent identity proof.,,https://dblp.org/pid/t/MosheTennenholtz,https://scholar.google.com/citations?user=65FCPpwAAAAJ
acm_fellows.csv,"Vigna, Giovanni",Giovanni Vigna,Giovanni Vigna,existing_link_corroborated,Giovanni Vigna,Giovanni Vigna,Historical identifier association corroborates the stored link; the old DBLP mapping is not independent identity proof.,,https://dblp.org/pid/v/GiovanniVigna,https://scholar.google.com/citations?user=2eM6GocAAAAJ
acm_fellows.csv,"Whitley, Darrell",Darrell Whitley,Darrell Whitley,existing_link_corroborated,Darrell Whitley,Darrell Whitley,Historical identifier association corroborates the stored link; the old DBLP mapping is not independent identity proof.,,https://dblp.org/pid/w/LDarrellWhitley,https://scholar.google.com/citations?user=0VzUxIcAAAAJ
acm_fellows.csv,"Xie, Yuan",Yuan Xie 0001,Yuan Xie 0001,existing_link_corroborated,Yuan Xie 0001,Yuan Xie 0001,Historical identifier association corroborates the stored link; the old DBLP mapping is not independent identity proof.,,https://dblp.org/pid/x/YuanXie,https://scholar.google.com/citations?user=dK2ZuDcAAAAJ
acm_fellows.csv,"Borner, Katy",Katy Börner,Katy Börner,existing_link_corroborated,Katy Börner,Katy Börner,Historical identifier association corroborates the stored link; the old DBLP mapping is not independent identity proof.,,https://dblp.org/pid/b/KatyBorner,https://scholar.google.com/citations?user=YirSp_cAAAAJ
acm_fellows.csv,"Bruckman, Amy S",Amy S. Bruckman,Amy S. Bruckman,existing_link_corroborated,Amy S. Bruckman,Amy S. Bruckman,Historical identifier association corroborates the stored link; the old DBLP mapping is not independent identity proof.,,https://dblp.org/pid/b/AmyBruckman,https://scholar.google.com/citations?user=IdWa_JkAAAAJ
acm_fellows.csv,"Darwiche, Adnan",Adnan Darwiche,Adnan Darwiche,existing_link_corroborated,Adnan Darwiche,,Historical identifier association corroborates the stored link; the old DBLP mapping is not independent identity proof.,,https://dblp.org/pid/p/ADarwiche,https://scholar.google.com/citations?user=NzyvbZoAAAAJ
acm_fellows.csv,"Dey, Tamal Krishna",Tamal Krishna Dey,Tamal Krishna Dey,existing_spelling_variant_corroborated,Tamal K. Dey,Tamal K. Dey,"Historical and refreshed names differ, but the source Scholar ID and institution agree; preserve the current source spelling.",,https://dblp.org/pid/d/TamalKDey,https://scholar.google.com/citations?user=k7VhUnAAAAAJ
acm_fellows.csv,"Dwarkadas, Sandhya",Sandhya Dwarkadas,Sandhya Dwarkadas,existing_link_corroborated,Sandhya Dwarkadas,Sandhya Dwarkadas,Historical identifier association corroborates the stored link; the old DBLP mapping is not independent identity proof.,,https://dblp.org/pid/62/1421,https://scholar.google.com/citations?user=L1pb8GUAAAAJ
acm_fellows.csv,"Feiner, Steven",Steven Feiner,Steven Feiner,existing_link_corroborated,Steven Feiner,Steven Feiner,Historical identifier association corroborates the stored link; the old DBLP mapping is not independent identity proof.,,https://dblp.org/pid/f/StevenFeiner,https://scholar.google.com/citations?user=PogsVkYAAAAJ
acm_fellows.csv,"Finin, Tim",Tim Finin,Tim Finin,existing_link_corroborated,Tim Finin,Tim Finin,Historical identifier association corroborates the stored link; the old DBLP mapping is not independent identity proof.,,https://dblp.org/pid/f/TWFinin,https://scholar.google.com/citations?user=p5oWQ0AAAAAJ
acm_fellows.csv,"Gilbert, Juan E",Juan E. Gilbert,Juan E. Gilbert,existing_link_corroborated,Juan E. Gilbert,Juan E. Gilbert,Historical identifier association corroborates the stored link; the old DBLP mapping is not independent identity proof.,,https://dblp.org/pid/01/6747,https://scholar.google.com/citations?user=FKbHXRUAAAAJ
acm_fellows.csv,"Hajiaghayi, Mohammad T.",Mohammad Taghi Hajiaghayi,Mohammad Taghi Hajiaghayi,existing_link_corroborated,Mohammad Taghi Hajiaghayi,Mohammad Taghi Hajiaghayi,Historical identifier association corroborates the stored link; the old DBLP mapping is not independent identity proof.,,https://dblp.org/pid/334/4488,https://scholar.google.com/citations?user=SQ1eGN4AAAAJ
acm_fellows.csv,"Halperin, Dan",Dan Halperin,Dan Halperin,existing_link_corroborated,Dan Halperin,,Historical identifier association corroborates the stored link; the old DBLP mapping is not independent identity proof.,,https://dblp.org/pid/h/DanHalperin,https://scholar.google.com/citations?user=2-e0jiEAAAAJ
acm_fellows.csv,"Heinzelman, Wendi Beth",Wendi Beth Heinzelman,Wendi Beth Heinzelman,existing_link_corroborated,Wendi Beth Heinzelman,Wendi Beth Heinzelman,Historical identifier association corroborates the stored link; the old DBLP mapping is not independent identity proof.,,https://dblp.org/pid/h/WendiRabinerHeinzelman,https://scholar.google.com/citations?user=myYVVuYAAAAJ
acm_fellows.csv,"Hodgins, Jessica K",Jessica K. Hodgins,Jessica K. Hodgins,existing_link_corroborated,Jessica K. Hodgins,,Historical identifier association corroborates the stored link; the old DBLP mapping is not independent identity proof.,,https://dblp.org/pid/75/3852,https://scholar.google.com/citations?user=vswo4rQAAAAJ
acm_fellows.csv,"Hughes, John",John Hughes 0001,John Hughes 0001,existing_link_corroborated,John Hughes 0001,John Hughes 0001,Historical identifier association corroborates the stored link; the old DBLP mapping is not independent identity proof.,,https://dblp.org/pid/h/JohnHughes,https://scholar.google.com/citations?user=adD4xmAAAAAJ
acm_fellows.csv,"Håstad, Johan",Johan Håstad,Johan Håstad,existing_link_corroborated,Johan Håstad,Johan Håstad,Historical identifier association corroborates the stored link; the old DBLP mapping is not independent identity proof.,,https://dblp.org/pid/47/3155,https://scholar.google.com/citations?user=n0QrdEMAAAAJ
acm_fellows.csv,"Isbell, Charles Lee",Charles Lee Isbell Jr.,Charles Lee Isbell Jr.,existing_link_corroborated,Charles Lee Isbell Jr.,,Historical identifier association corroborates the stored link; the old DBLP mapping is not independent identity proof.,,https://dblp.org/pid/i/LCIsbell,
acm_fellows.csv,"Khanna, Sanjeev",Sanjeev Khanna,Sanjeev Khanna,existing_link_corroborated,Sanjeev Khanna,Sanjeev Khanna,Historical identifier association corroborates the stored link; the old DBLP mapping is not independent identity proof.,,https://dblp.org/pid/k/SanjeevKhanna,https://scholar.google.com/citations?user=HriWXcEAAAAJ
acm_fellows.csv,"Lee, Lillian",Lillian Lee,Lillian Lee,existing_link_corroborated,Lillian Lee,Lillian Lee,Historical identifier association corroborates the stored link; the old DBLP mapping is not independent identity proof.,,https://dblp.org/pid/l/LillianLee,https://scholar.google.com/citations?user=oJESe-cAAAAJ
acm_fellows.csv,"Liu, Huan",Huan Liu 0001,Huan Liu 0001,existing_link_corroborated,Huan Liu 0001,Huan Liu 0001,Historical identifier association corroborates the stored link; the old DBLP mapping is not independent identity proof.,,https://dblp.org/pid/226/0686,https://scholar.google.com/citations?user=Dzf46C8AAAAJ
acm_fellows.csv,"Luo, Jiebo",Jiebo Luo 0001,Jiebo Luo 0001,existing_link_corroborated,Jiebo Luo 0001,Jiebo Luo 0001,Historical identifier association corroborates the stored link; the old DBLP mapping is not independent identity proof.,,https://dblp.org/pid/25/5545,https://scholar.google.com/citations?user=CcbnBvgAAAAJ
acm_fellows.csv,"Maggs, Bruce M",Bruce M. Maggs,Bruce M. Maggs,existing_link_corroborated,Bruce M. Maggs,Bruce M. Maggs,Historical identifier association corroborates the stored link; the old DBLP mapping is not independent identity proof.,,https://dblp.org/pid/m/BruceMMaggs,https://scholar.google.com/citations?user=Gwrwxa0AAAAJ
acm_fellows.csv,"Manjunath, Bangalore S",Bangalore S. Manjunath,Bangalore S. Manjunath,existing_link_corroborated,Bangalore S. Manjunath,Bangalore S. Manjunath,Historical identifier association corroborates the stored link; the old DBLP mapping is not independent identity proof.,,https://dblp.org/pid/m/BSManjunath,https://scholar.google.com/citations?user=wRYM4qgAAAAJ
acm_fellows.csv,"Misra, Vishal",Vishal Misra,Vishal Misra,existing_link_corroborated,Vishal Misra,,Historical identifier association corroborates the stored link; the old DBLP mapping is not independent identity proof.,,https://dblp.org/pid/29/6724,https://scholar.google.com/citations?user=IlCfRosAAAAJ
acm_fellows.csv,"Mueller, Frank",Frank Mueller 0001,Frank Mueller 0001,existing_link_corroborated,Frank Mueller 0001,Frank Mueller 0001,Historical identifier association corroborates the stored link; the old DBLP mapping is not independent identity proof.,,https://dblp.org/pid/46/2933-1,https://scholar.google.com/citations?user=1hEE9ZsAAAAJ
acm_fellows.csv,"Pitassi, Toniann",Toniann Pitassi,Toniann Pitassi,existing_link_corroborated,Toniann Pitassi,,Historical identifier association corroborates the stored link; the old DBLP mapping is not independent identity proof.,,https://dblp.org/pid/p/TPitassi,
acm_fellows.csv,"Qiu, Lili",Lili Qiu,Lili Qiu,existing_link_corroborated,Lili Qiu,Lili Qiu,Historical identifier association corroborates the stored link; the old DBLP mapping is not independent identity proof.,,https://dblp.org/pid/54/4031,https://scholar.google.com/citations?user=16posrQAAAAJ
acm_fellows.csv,"Sahai, Amit",Amit Sahai,Amit Sahai,existing_link_corroborated,Amit Sahai,Amit Sahai,Historical identifier association corroborates the stored link; the old DBLP mapping is not independent identity proof.,,https://dblp.org/pid/s/AmitSahai,https://scholar.google.com/citations?user=gqB23VMAAAAJ
acm_fellows.csv,"Snoeren, Alex C.",Alex C. Snoeren,Alex C. Snoeren,existing_link_corroborated,Alex C. Snoeren,Alex C. Snoeren,Historical identifier association corroborates the stored link; the old DBLP mapping is not independent identity proof.,,https://dblp.org/pid/s/AlexCSnoeren,https://scholar.google.com/citations?user=lBzZU1IAAAAJ
acm_fellows.csv,"Thuraisingham, Bhavani",Bhavani Thuraisingham,Bhavani Thuraisingham,existing_link_corroborated,Bhavani Thuraisingham,Bhavani Thuraisingham,Historical identifier association corroborates the stored link; the old DBLP mapping is not independent identity proof.,,https://dblp.org/pid/t/BMThuraisingham,https://scholar.google.com/citations?user=o_xUNWkAAAAJ
acm_fellows.csv,"Birkedal, Lars",Lars Birkedal,Lars Birkedal,existing_link_corroborated,Lars Birkedal,Lars Birkedal,Historical identifier association corroborates the stored link; the old DBLP mapping is not independent identity proof.,,https://dblp.org/pid/31/910,https://scholar.google.com/citations?user=1rW-bi0AAAAJ
acm_fellows.csv,"Bugnion, Edouard",Edouard Bugnion,Edouard Bugnion,existing_link_corroborated,Edouard Bugnion,Edouard Bugnion,Historical identifier association corroborates the stored link; the old DBLP mapping is not independent identity proof.,,https://dblp.org/pid/b/EBugnion,https://scholar.google.com/citations?user=8ztj2yEAAAAJ
acm_fellows.csv,"Burnett, Margaret",Margaret Burnett,Margaret Burnett,existing_link_corroborated,Margaret Burnett,Margaret Burnett,Historical identifier association corroborates the stored link; the old DBLP mapping is not independent identity proof.,,https://dblp.org/pid/b/MMBurnett,https://scholar.google.com/citations?user=Vc58tYYAAAAJ
acm_fellows.csv,"Chang, Shih Fu",Shih-Fu Chang,Shih-Fu Chang,existing_link_corroborated,Shih-Fu Chang,Shih-Fu Chang,Historical identifier association corroborates the stored link; the old DBLP mapping is not independent identity proof.,,https://dblp.org/pid/c/ShihFuChang,https://scholar.google.com/citations?user=OMVTRscAAAAJ
acm_fellows.csv,"Goldwasser, Shafi",Shafi Goldwasser,Shafi Goldwasser,existing_link_corroborated,Shafi Goldwasser,,Historical identifier association corroborates the stored link; the old DBLP mapping is not independent identity proof.,,https://dblp.org/pid/g/ShafiGoldwasser,https://scholar.google.com/citations?user=KA8dgpMAAAAJ
acm_fellows.csv,"Grohe, Martin",Martin Grohe,Martin Grohe,existing_link_corroborated,Martin Grohe,Martin Grohe,Historical identifier association corroborates the stored link; the old DBLP mapping is not independent identity proof.,,https://dblp.org/pid/g/MGrohe,https://scholar.google.com/citations?user=Sou5ih0AAAAJ
acm_fellows.csv,"Gupta, Aarti",Aarti Gupta,Aarti Gupta,existing_link_corroborated,Aarti Gupta,Aarti Gupta,Historical identifier association corroborates the stored link; the old DBLP mapping is not independent identity proof.,,https://dblp.org/pid/18/2229,https://scholar.google.com/citations?user=S_jYB2sAAAAJ
acm_fellows.csv,"guruswami, venkatesan",Venkatesan Guruswami,Venkatesan Guruswami,existing_link_corroborated,Venkatesan Guruswami,Venkatesan Guruswami,Historical identifier association corroborates the stored link; the old DBLP mapping is not independent identity proof.,,https://dblp.org/pid/g/VenkatesanGuruswami,https://scholar.google.com/citations?user=Es6jE1kAAAAJ
acm_fellows.csv,"Hager, Gregory",Gregory D. Hager,Gregory D. Hager,existing_link_corroborated,Gregory D. Hager,Gregory D. Hager,Historical identifier association corroborates the stored link; the old DBLP mapping is not independent identity proof.,,https://dblp.org/pid/12/5814,https://scholar.google.com/citations?user=ivApfKcAAAAJ
acm_fellows.csv,"Harchol-Balter, Mor",Mor Harchol-Balter,Mor Harchol-Balter,existing_link_corroborated,Mor Harchol-Balter,Mor Harchol-Balter,Historical identifier association corroborates the stored link; the old DBLP mapping is not independent identity proof.,,https://dblp.org/pid/01/3967,https://scholar.google.com/citations?user=Ooc7UNUAAAAJ
acm_fellows.csv,"Keromytis, Angelos Dennis",Angelos Dennis Keromytis,Angelos Dennis Keromytis,existing_link_corroborated,Angelos Dennis Keromytis,Angelos Dennis Keromytis,Historical identifier association corroborates the stored link; the old DBLP mapping is not independent identity proof.,,https://dblp.org/pid/k/AngelosDKeromytis,https://scholar.google.com/citations?user=mncyWbcAAAAJ
acm_fellows.csv,"Lee, Insup",Insup Lee 0001,Insup Lee 0001,existing_link_corroborated,Insup Lee 0001,,Historical identifier association corroborates the stored link; the old DBLP mapping is not independent identity proof.,,https://dblp.org/pid/l/InsupLee,https://scholar.google.com/citations?user=qPlUgrgAAAAJ
acm_fellows.csv,"Lee, Wenke",Wenke Lee,Wenke Lee,existing_link_corroborated,Wenke Lee,Wenke Lee,Historical identifier association corroborates the stored link; the old DBLP mapping is not independent identity proof.,,https://dblp.org/pid/29/5976,https://scholar.google.com/citations?user=nfkH5V4AAAAJ
acm_fellows.csv,"Lozano-Perez, Tomas",Tomás Lozano-Pérez,Tomás Lozano-Pérez,existing_link_corroborated,Tomás Lozano-Pérez,,Historical identifier association corroborates the stored link; the old DBLP mapping is not independent identity proof.,,https://dblp.org/pid/90/752,https://scholar.google.com/citations?user=gQOKAggAAAAJ
acm_fellows.csv,"Ma, Yi",Yi Ma 0001,Yi Ma 0001,existing_link_corroborated,Yi Ma 0001,Yi Ma 0001,Historical identifier association corroborates the stored link; the old DBLP mapping is not independent identity proof.,,https://dblp.org/pid/69/1112-1,https://scholar.google.com/citations?user=XqLiBQMAAAAJ
acm_fellows.csv,"Micali, Silvio",Silvio Micali,Silvio Micali,existing_link_corroborated,Silvio Micali,,Historical identifier association corroborates the stored link; the old DBLP mapping is not independent identity proof.,,https://dblp.org/pid/49/5661,
acm_fellows.csv,"Moshovos, Andreas",Andreas Moshovos,Andreas Moshovos,existing_link_corroborated,Andreas Moshovos,Andreas Moshovos,Historical identifier association corroborates the stored link; the old DBLP mapping is not independent identity proof.,,https://dblp.org/pid/m/AndreasMoshovos,https://scholar.google.com/citations?user=D2VLt-8AAAAJ
acm_fellows.csv,"Murphy, Gail C",Gail C. Murphy,Gail C. Murphy,existing_link_corroborated,Gail C. Murphy,Gail C. Murphy,Historical identifier association corroborates the stored link; the old DBLP mapping is not independent identity proof.,,https://dblp.org/pid/95/712,https://scholar.google.com/citations?user=EGA1deoAAAAJ
acm_fellows.csv,"Mutlu, Onur",Onur Mutlu,Onur Mutlu,existing_link_corroborated,Onur Mutlu,Onur Mutlu,Historical identifier association corroborates the stored link; the old DBLP mapping is not independent identity proof.,,https://dblp.org/pid/m/OnurMutlu,https://scholar.google.com/citations?user=7XyGUGkAAAAJ
acm_fellows.csv,"Prabhakar, Balaji",Balaji Prabhakar,Balaji Prabhakar,existing_link_corroborated,Balaji Prabhakar,Balaji Prabhakar,Historical identifier association corroborates the stored link; the old DBLP mapping is not independent identity proof.,,https://dblp.org/pid/48/1750,https://scholar.google.com/citations?user=TyPF9V4AAAAJ
acm_fellows.csv,"Ramakrishnan, K. K.",K. K. Ramakrishnan,K. K. Ramakrishnan,existing_link_corroborated,K. K. Ramakrishnan,K. K. Ramakrishnan,Historical identifier association corroborates the stored link; the old DBLP mapping is not independent identity proof.,,https://dblp.org/pid/r/KKRamakrishnan,https://scholar.google.com/citations?user=Da-s1FQAAAAJ
acm_fellows.csv,"Ramamoorthi, Ravi",Ravi Ramamoorthi,Ravi Ramamoorthi,existing_link_corroborated,Ravi Ramamoorthi,Ravi Ramamoorthi,Historical identifier association corroborates the stored link; the old DBLP mapping is not independent identity proof.,,https://dblp.org/pid/88/6919,https://scholar.google.com/citations?user=q0MzO6cAAAAJ
acm_fellows.csv,"Rogers, Yvonne",Yvonne Rogers,Yvonne Rogers,existing_link_corroborated,Yvonne Rogers,Yvonne Rogers,Historical identifier association corroborates the stored link; the old DBLP mapping is not independent identity proof.,,https://dblp.org/pid/r/YvonneRogers,https://scholar.google.com/citations?user=qzcYcEAAAAAJ
acm_fellows.csv,"Sivasubramaniam, Anand",Anand Sivasubramaniam,Anand Sivasubramaniam,existing_link_corroborated,Anand Sivasubramaniam,Anand Sivasubramaniam,Historical identifier association corroborates the stored link; the old DBLP mapping is not independent identity proof.,,https://dblp.org/pid/72/3356,https://scholar.google.com/citations?user=JWXlepgAAAAJ
acm_fellows.csv,"Srivastava, Mani B.",Mani B. Srivastava,Mani B. Srivastava,existing_link_corroborated,Mani B. Srivastava,Mani B. Srivastava,Historical identifier association corroborates the stored link; the old DBLP mapping is not independent identity proof.,,https://dblp.org/pid/s/ManiBSrivastava,https://scholar.google.com/citations?user=X2Qs7XYAAAAJ
acm_fellows.csv,"Yang, Qiang",Qiang Yang 0001,Qiang Yang 0001,existing_link_corroborated,Qiang Yang 0001,,Historical identifier association corroborates the stored link; the old DBLP mapping is not independent identity proof.,,https://dblp.org/pid/82/6362-1,https://scholar.google.com/citations?user=1LxWZLQAAAAJ
acm_fellows.csv,"Zhang, Aidong",Aidong Zhang 0001,Aidong Zhang 0001,existing_link_corroborated,Aidong Zhang 0001,Aidong Zhang 0001,Historical identifier association corroborates the stored link; the old DBLP mapping is not independent identity proof.,,https://dblp.org/pid/z/AidongZhang,https://scholar.google.com/citations?user=O8XxkE4AAAAJ
acm_fellows.csv,"Barford, Paul",Paul Barford,Paul Barford,existing_link_corroborated,Paul Barford,Paul Barford,Historical identifier association corroborates the stored link; the old DBLP mapping is not independent identity proof.,,https://dblp.org/pid/b/PaulBarford,https://scholar.google.com/citations?user=4uypulQAAAAJ
acm_fellows.csv,"Benini, Luca",Luca Benini,Luca Benini,existing_link_corroborated,Luca Benini,Luca Benini,Historical identifier association corroborates the stored link; the old DBLP mapping is not independent identity proof.,,https://dblp.org/pid/b/LucaBenini,https://scholar.google.com/citations?user=8riq3sYAAAAJ
acm_fellows.csv,"Boneh, Dan",Dan Boneh,Dan Boneh,existing_link_corroborated,Dan Boneh,Dan Boneh,Historical identifier association corroborates the stored link; the old DBLP mapping is not independent identity proof.,,https://dblp.org/pid/b/DanBoneh,https://scholar.google.com/citations?user=MwLqCs4AAAAJ
acm_fellows.csv,"Cassell, Justine",Justine Cassell,Justine Cassell,existing_link_corroborated,Justine Cassell,Justine Cassell,Historical identifier association corroborates the stored link; the old DBLP mapping is not independent identity proof.,,https://dblp.org/pid/61/1634,https://scholar.google.com/citations?user=wkC9xHMAAAAJ
acm_fellows.csv,"Demaine, Erik",Erik D. Demaine,Erik D. Demaine,existing_link_corroborated,Erik D. Demaine,Erik D. Demaine,Historical identifier association corroborates the stored link; the old DBLP mapping is not independent identity proof.,,https://dblp.org/pid/d/ErikDDemaine,https://scholar.google.com/citations?user=6Ff2c8wAAAAJ
acm_fellows.csv,"Durand, Fredo",Frédo Durand,Frédo Durand,existing_link_corroborated,Frédo Durand,Frédo Durand,Historical identifier association corroborates the stored link; the old DBLP mapping is not independent identity proof.,,https://dblp.org/pid/87/2617,https://scholar.google.com/citations?user=NJ9c4ygAAAAJ
acm_fellows.csv,"Feamster, Nick",Nick Feamster,Nick Feamster,existing_link_corroborated,Nick Feamster,Nick Feamster,Historical identifier association corroborates the stored link; the old DBLP mapping is not independent identity proof.,,https://dblp.org/pid/87/840,https://scholar.google.com/citations?user=xYfYnG4AAAAJ
acm_fellows.csv,"Gupta, Rajesh",Rajesh Gupta 0001,Rajesh Gupta 0001,existing_link_corroborated,Rajesh Gupta 0001,Rajesh Gupta 0001,Historical identifier association corroborates the stored link; the old DBLP mapping is not independent identity proof.,,https://dblp.org/pid/213/9138-1,https://scholar.google.com/citations?user=I1w51gUAAAAJ
acm_fellows.csv,"Henzinger, Monika",Monika Henzinger,Monika Henzinger,existing_link_corroborated,Monika Henzinger,Monika Henzinger,Historical identifier association corroborates the stored link; the old DBLP mapping is not independent identity proof.,,https://dblp.org/pid/h/MonikaRauchHenzinger,https://scholar.google.com/citations?user=NXbggxYAAAAJ
acm_fellows.csv,"Jackson, Daniel",Daniel Jackson 0001,Daniel Jackson 0001,existing_link_corroborated,Daniel Jackson 0001,,Historical identifier association corroborates the stored link; the old DBLP mapping is not independent identity proof.,,https://dblp.org/pid/80/1906-2,
acm_fellows.csv,"Jacob, Robert J.K.",Robert J. K. Jacob,Robert J. K. Jacob,existing_link_corroborated,Robert J. K. Jacob,,Historical identifier association corroborates the stored link; the old DBLP mapping is not independent identity proof.,,https://dblp.org/pid/j/RobertJKJacob,https://scholar.google.com/citations?user=FWjqglcAAAAJ
acm_fellows.csv,"Jha, Somesh",Somesh Jha,Somesh Jha,existing_link_corroborated,Somesh Jha,Somesh Jha,Historical identifier association corroborates the stored link; the old DBLP mapping is not independent identity proof.,,https://dblp.org/pid/j/SomeshJha,https://scholar.google.com/citations?user=BaI7l8QAAAAJ
acm_fellows.csv,"Kermarrec, Anne-Marie",Anne-Marie Kermarrec,Anne-Marie Kermarrec,existing_link_corroborated,Anne-Marie Kermarrec,Anne-Marie Kermarrec,Historical identifier association corroborates the stored link; the old DBLP mapping is not independent identity proof.,,https://dblp.org/pid/86/676,https://scholar.google.com/citations?user=aIAy-qcAAAAJ
acm_fellows.csv,"Kozyrakis, Christos",Christos Kozyrakis,Christos Kozyrakis,existing_link_corroborated,Christos Kozyrakis,Christos Kozyrakis,Historical identifier association corroborates the stored link; the old DBLP mapping is not independent identity proof.,,https://dblp.org/pid/k/ChristoforosEKozyrakis,https://scholar.google.com/citations?user=G2EJz5kAAAAJ
acm_fellows.csv,"Kwiatkowska, Marta",Marta Kwiatkowska,Marta Kwiatkowska,existing_link_corroborated,Marta Kwiatkowska,Marta Kwiatkowska,Historical identifier association corroborates the stored link; the old DBLP mapping is not independent identity proof.,,https://dblp.org/pid/k/MartaZKwiatkowska,https://scholar.google.com/citations?user=ArcH6PkAAAAJ
acm_fellows.csv,"Mowry, Todd C",Todd C. Mowry,Todd C. Mowry,existing_link_corroborated,Todd C. Mowry,Todd C. Mowry,Historical identifier association corroborates the stored link; the old DBLP mapping is not independent identity proof.,,https://dblp.org/pid/65/4120,https://scholar.google.com/citations?user=MYsIXF4AAAAJ
acm_fellows.csv,"Patel, Shwetak N",Shwetak N. Patel,Shwetak N. Patel,existing_link_corroborated,Shwetak N. Patel,Shwetak N. Patel,Historical identifier association corroborates the stored link; the old DBLP mapping is not independent identity proof.,,https://dblp.org/pid/p/ShwetakNPatel,https://scholar.google.com/citations?user=z4S5rC0AAAAJ
acm_fellows.csv,"Peleg, David",David Peleg,David Peleg,existing_link_corroborated,David Peleg,David Peleg,Historical identifier association corroborates the stored link; the old DBLP mapping is not independent identity proof.,,https://dblp.org/pid/p/DavidPeleg,https://scholar.google.com/citations?user=wBVagosAAAAJ
acm_fellows.csv,"Perrig, Adrian",Adrian Perrig,Adrian Perrig,existing_link_corroborated,Adrian Perrig,Adrian Perrig,Historical identifier association corroborates the stored link; the old DBLP mapping is not independent identity proof.,,https://dblp.org/pid/16/6873,https://scholar.google.com/citations?user=n-Oret4AAAAJ
acm_fellows.csv,"Raschid, Louiqa",Louiqa Raschid,Louiqa Raschid,existing_link_corroborated,Louiqa Raschid,Louiqa Raschid,Historical identifier association corroborates the stored link; the old DBLP mapping is not independent identity proof.,,https://dblp.org/pid/r/LouiqaRaschid,https://scholar.google.com/citations?user=MD8nInYAAAAJ
acm_fellows.csv,"Rushmeier, Holly E",Holly E. Rushmeier,Holly E. Rushmeier,existing_link_corroborated,Holly E. Rushmeier,Holly E. Rushmeier,Historical identifier association corroborates the stored link; the old DBLP mapping is not independent identity proof.,,https://dblp.org/pid/13/6571,https://scholar.google.com/citations?user=saY3qN5NWbcC
acm_fellows.csv,"Taylor, Valerie",Valerie Taylor 0001,Valerie Taylor 0001,existing_link_corroborated,Valerie Taylor 0001,Valerie Taylor 0001,Historical identifier association corroborates the stored link; the old DBLP mapping is not independent identity proof.,,https://dblp.org/pid/50/1380,https://scholar.google.com/citations?user=UUWrt60AAAAJ
acm_fellows.csv,"Tomasi, Carlo",Carlo Tomasi,Carlo Tomasi,existing_link_corroborated,Carlo Tomasi,Carlo Tomasi,Historical identifier association corroborates the stored link; the old DBLP mapping is not independent identity proof.,,https://dblp.org/pid/24/2162,https://scholar.google.com/citations?user=xViwZ0QAAAAJ
acm_fellows.csv,"Zhou, Zhi-Hua",Zhi-Hua Zhou,Zhi-Hua Zhou,existing_link_corroborated,Zhi-Hua Zhou,Zhi-Hua Zhou,Historical identifier association corroborates the stored link; the old DBLP mapping is not independent identity proof.,,https://dblp.org/pid/z/ZhiHuaZhou,https://scholar.google.com/citations?user=rSVIHasAAAAJ
acm_fellows.csv,"Ailamaki, Anastasia",Anastasia Ailamaki,Anastasia Ailamaki,existing_link_corroborated,Anastasia Ailamaki,Anastasia Ailamaki,Historical identifier association corroborates the stored link; the old DBLP mapping is not independent identity proof.,,https://dblp.org/pid/a/AnastassiaAilamaki,https://scholar.google.com/citations?user=YdrkeNwAAAAJ
acm_fellows.csv,"Amato, Nancy M",Nancy M. Amato,Nancy M. Amato,existing_link_corroborated,Nancy M. Amato,Nancy M. Amato,Historical identifier association corroborates the stored link; the old DBLP mapping is not independent identity proof.,,https://dblp.org/pid/a/NMAmato,https://scholar.google.com/citations?user=AmaB9c4AAAAJ
acm_fellows.csv,"Blei, David M.",David M. Blei,David M. Blei,existing_link_corroborated,David M. Blei,David M. Blei,Historical identifier association corroborates the stored link; the old DBLP mapping is not independent identity proof.,,https://dblp.org/pid/86/1910,https://scholar.google.com/citations?user=8OYE6iEAAAAJ
acm_fellows.csv,"Chang, Naehyuck",Naehyuck Chang,Naehyuck Chang,existing_link_corroborated,Naehyuck Chang,Naehyuck Chang,Historical identifier association corroborates the stored link; the old DBLP mapping is not independent identity proof.,,https://dblp.org/pid/84/5634,https://scholar.google.com/citations?user=w0uiMd4AAAAJ
acm_fellows.csv,"De Giacomo, Giuseppe",Giuseppe De Giacomo,Giuseppe De Giacomo,existing_link_corroborated,Giuseppe De Giacomo,Giuseppe De Giacomo,Historical identifier association corroborates the stored link; the old DBLP mapping is not independent identity proof.,,https://dblp.org/pid/g/GDGiacomo,https://scholar.google.com/citations?user=Sfo4K0oAAAAJ
acm_fellows.csv,"Dourish, Paul",Paul Dourish,Paul Dourish,existing_link_corroborated,Paul Dourish,Paul Dourish,Historical identifier association corroborates the stored link; the old DBLP mapping is not independent identity proof.,,https://dblp.org/pid/97/936,https://scholar.google.com/citations?user=wyCIJfQAAAAJ
acm_fellows.csv,"Dwork, Cynthia",Cynthia Dwork,Cynthia Dwork,existing_link_corroborated,Cynthia Dwork,,Historical identifier association corroborates the stored link; the old DBLP mapping is not independent identity proof.,,https://dblp.org/pid/83/6616,
acm_fellows.csv,"Falsafi, Babak",Babak Falsafi,Babak Falsafi,existing_link_corroborated,Babak Falsafi,Babak Falsafi,Historical identifier association corroborates the stored link; the old DBLP mapping is not independent identity proof.,,https://dblp.org/pid/f/BabakFalsafi,https://scholar.google.com/citations?user=LaNEuBUAAAAJ
acm_fellows.csv,"Franz, Michael",Michael Franz,Michael Franz,existing_link_corroborated,Michael Franz,,Historical identifier association corroborates the stored link; the old DBLP mapping is not independent identity proof.,,https://dblp.org/pid/f/MichaelFranz,
acm_fellows.csv,"Haritsa, Jayant R",Jayant R. Haritsa,Jayant R. Haritsa,existing_link_corroborated,Jayant R. Haritsa,Jayant R. Haritsa,Historical identifier association corroborates the stored link; the old DBLP mapping is not independent identity proof.,,https://dblp.org/pid/h/JayantRHaritsa,https://scholar.google.com/citations?user=dc626ewAAAAJ
acm_fellows.csv,"Hirschberg, Julia",Julia Hirschberg,Julia Hirschberg,existing_link_corroborated,Julia Hirschberg,Julia Hirschberg,Historical identifier association corroborates the stored link; the old DBLP mapping is not independent identity proof.,,https://dblp.org/pid/h/JuliaHirschberg,https://scholar.google.com/citations?user=Qrd7FCoAAAAJ
acm_fellows.csv,"Indyk, Piotr",Piotr Indyk,Piotr Indyk,existing_link_corroborated,Piotr Indyk,Piotr Indyk,Historical identifier association corroborates the stored link; the old DBLP mapping is not independent identity proof.,,https://dblp.org/pid/i/PiotrIndyk,https://scholar.google.com/citations?user=oOwNKsAAAAAJ
acm_fellows.csv,"Kuo, Tei-Wei",Tei-Wei Kuo,Tei-Wei Kuo,existing_link_corroborated,Tei-Wei Kuo,Tei-Wei Kuo,Historical identifier association corroborates the stored link; the old DBLP mapping is not independent identity proof.,,https://dblp.org/pid/07/3181,https://scholar.google.com/citations?user=gBuHlIQAAAAJ
acm_fellows.csv,"Leroy, Xavier",Xavier Leroy,Xavier Leroy,existing_link_corroborated,Xavier Leroy,Xavier Leroy,Historical identifier association corroborates the stored link; the old DBLP mapping is not independent identity proof.,,https://dblp.org/pid/03/352,https://scholar.google.com/citations?user=K5yXAeAAAAAJ
acm_fellows.csv,"Lin, Chih-Jen",Chih-Jen Lin,Chih-Jen Lin,existing_link_corroborated,Chih-Jen Lin,Chih-Jen Lin,Historical identifier association corroborates the stored link; the old DBLP mapping is not independent identity proof.,,https://dblp.org/pid/61/1218,https://scholar.google.com/citations?user=SLMkts8AAAAJ
acm_fellows.csv,"Liu, Bing",Bing Liu 0001,Bing Liu 0001,existing_link_corroborated,Bing Liu 0001,Bing Liu 0001,Historical identifier association corroborates the stored link; the old DBLP mapping is not independent identity proof.,,https://dblp.org/pid/97/4797,https://scholar.google.com/citations?user=Kt1bjZoAAAAJ
acm_fellows.csv,"Lyu, Michael Rung-Tsong",Michael Rung-Tsong Lyu,Michael Rung-Tsong Lyu,existing_link_corroborated,Michael Rung-Tsong Lyu,Michael Rung-Tsong Lyu,Historical identifier association corroborates the stored link; the old DBLP mapping is not independent identity proof.,,https://dblp.org/pid/l/MichaelRLyu,https://scholar.google.com/citations?user=uQnBgK0AAAAJ
acm_fellows.csv,"Maurer, Ueli M",Ueli M. Maurer,Ueli M. Maurer,existing_link_corroborated,Ueli M. Maurer,Ueli M. Maurer,Historical identifier association corroborates the stored link; the old DBLP mapping is not independent identity proof.,,https://dblp.org/pid/m/UMMaurer,https://scholar.google.com/citations?user=TSsq3GMAAAAJ
acm_fellows.csv,"Mynatt, Elizabeth D.",Elizabeth D. Mynatt,Elizabeth D. Mynatt,existing_link_corroborated,Elizabeth D. Mynatt,Elizabeth D. Mynatt,Historical identifier association corroborates the stored link; the old DBLP mapping is not independent identity proof.,,https://dblp.org/pid/m/ElizabethDMynatt,https://scholar.google.com/citations?user=l7nsfT4AAAAJ
acm_fellows.csv,"Pei, Jian",Jian Pei 0001,Jian Pei 0001,existing_link_corroborated,Jian Pei 0001,Jian Pei 0001,Historical identifier association corroborates the stored link; the old DBLP mapping is not independent identity proof.,,https://dblp.org/pid/p/JianPei,https://scholar.google.com/citations?user=zIMEVKsAAAAJ
acm_fellows.csv,"Pfenning, Frank",Frank Pfenning,Frank Pfenning,existing_link_corroborated,Frank Pfenning,Frank Pfenning,Historical identifier association corroborates the stored link; the old DBLP mapping is not independent identity proof.,,https://dblp.org/pid/p/FPfenning,https://scholar.google.com/citations?user=ghWKWBUAAAAJ
acm_fellows.csv,"Sagiv, Shmuel",Shmuel Sagiv,Shmuel Sagiv,existing_link_corroborated,Shmuel Sagiv,Shmuel Sagiv,Historical identifier association corroborates the stored link; the old DBLP mapping is not independent identity proof.,,https://dblp.org/pid/s/SSagiv,https://scholar.google.com/citations?user=j4UuW80AAAAJ
acm_fellows.csv,"Schuster, Assaf",Assaf Schuster,Assaf Schuster,existing_link_corroborated,Assaf Schuster,Assaf Schuster,Historical identifier association corroborates the stored link; the old DBLP mapping is not independent identity proof.,,https://dblp.org/pid/s/AssafSchuster,https://scholar.google.com/citations?user=KfwgjswAAAAJ
acm_fellows.csv,"Skadron, Kevin",Kevin Skadron,Kevin Skadron,existing_link_corroborated,Kevin Skadron,Kevin Skadron,Historical identifier association corroborates the stored link; the old DBLP mapping is not independent identity proof.,,https://dblp.org/pid/s/KevinSkadron,https://scholar.google.com/citations?user=Q-As1CEAAAAJ
acm_fellows.csv,"Vempala, Santosh",Santosh Vempala,Santosh Vempala,existing_link_corroborated,Santosh Vempala,Santosh Vempala,Historical identifier association corroborates the stored link; the old DBLP mapping is not independent identity proof.,,https://dblp.org/pid/v/SantoshVempala,https://scholar.google.com/citations?user=hRggMmIAAAAJ
acm_fellows.csv,"Wooldridge, Michael",Michael Wooldridge,Michael Wooldridge,existing_link_corroborated,Michael Wooldridge,Michael Wooldridge,Historical identifier association corroborates the stored link; the old DBLP mapping is not independent identity proof.,,https://dblp.org/pid/56/389,https://scholar.google.com/citations?user=JD8v9fkAAAAJ
acm_fellows.csv,"Abramsky, Samson",Samson Abramsky,Samson Abramsky,existing_link_corroborated,Samson Abramsky,Samson Abramsky,Historical identifier association corroborates the stored link; the old DBLP mapping is not independent identity proof.,,https://dblp.org/pid/a/SamsonAbramsky,https://scholar.google.com/citations?user=L2vmD3MAAAAJ
acm_fellows.csv,"Borodin, Allan",Allan Borodin,Allan Borodin,existing_link_corroborated,Allan Borodin,Allan Borodin,Historical identifier association corroborates the stored link; the old DBLP mapping is not independent identity proof.,,https://dblp.org/pid/02/5164,https://scholar.google.com/citations?user=VIFfuYgAAAAJ
acm_fellows.csv,"Bundy, Alan",Alan Bundy,Alan Bundy,existing_link_corroborated,Alan Bundy,Alan Bundy,Historical identifier association corroborates the stored link; the old DBLP mapping is not independent identity proof.,,https://dblp.org/pid/b/AlanBundy,https://scholar.google.com/citations?user=n7STZEYAAAAJ
acm_fellows.csv,"Cranor, Lorrie Faith",Lorrie Faith Cranor,Lorrie Faith Cranor,existing_link_corroborated,Lorrie Faith Cranor,Lorrie Faith Cranor,Historical identifier association corroborates the stored link; the old DBLP mapping is not independent identity proof.,,https://dblp.org/pid/03/1595,https://scholar.google.com/citations?user=kIUqgbcAAAAJ
acm_fellows.csv,"Davis, Timothy Alden",Timothy A. Davis 0001,Timothy A. Davis 0001,existing_link_corroborated,Timothy A. Davis 0001,Timothy A. Davis 0001,Historical identifier association corroborates the stored link; the old DBLP mapping is not independent identity proof.,,https://dblp.org/pid/81/2844-1,https://scholar.google.com/citations?user=gNMqz_4AAAAJ
acm_fellows.csv,"Devadas, Srinivas",Srinivas Devadas,Srinivas Devadas,existing_link_corroborated,Srinivas Devadas,,Historical identifier association corroborates the stored link; the old DBLP mapping is not independent identity proof.,,https://dblp.org/pid/14/3973,https://scholar.google.com/citations?user=y80AokkAAAAJ
acm_fellows.csv,"Dutt, Nikil D.",Nikil Dutt,Nikil Dutt,existing_spelling_variant_corroborated,Nikil D. Dutt,Nikil D. Dutt,"Historical and refreshed names differ, but the source Scholar ID and institution agree; preserve the current source spelling.",,https://dblp.org/pid/d/NikilDDutt,https://scholar.google.com/citations?user=CpBXPVoAAAAJ
acm_fellows.csv,"Ellen, Faith",Faith Ellen,Faith Ellen,existing_link_corroborated,Faith Ellen,,Historical identifier association corroborates the stored link; the old DBLP mapping is not independent identity proof.,,https://dblp.org/pid/f/FEFich,
acm_fellows.csv,"Ernst, Michael D",Michael D. Ernst,Michael D. Ernst,existing_link_corroborated,Michael D. Ernst,Michael D. Ernst,Historical identifier association corroborates the stored link; the old DBLP mapping is not independent identity proof.,,https://dblp.org/pid/e/MDErnst,https://scholar.google.com/citations?user=oQ6AeyEAAAAJ
acm_fellows.csv,"Finkelstein, Adam",Adam Finkelstein,Adam Finkelstein,existing_link_corroborated,Adam Finkelstein,Adam Finkelstein,Historical identifier association corroborates the stored link; the old DBLP mapping is not independent identity proof.,,https://dblp.org/pid/f/AdamFinkelstein,https://scholar.google.com/citations?user=a959F6AAAAAJ
acm_fellows.csv,"Freire, Juliana",Juliana Freire,Juliana Freire,existing_link_corroborated,Juliana Freire,Juliana Freire,Historical identifier association corroborates the stored link; the old DBLP mapping is not independent identity proof.,,https://dblp.org/pid/f/JulianaFreire,https://scholar.google.com/citations?user=sSzAlq0AAAAJ
acm_fellows.csv,"Guzdial, Mark",Mark Guzdial,Mark Guzdial,existing_link_corroborated,Mark Guzdial,Mark Guzdial,Historical identifier association corroborates the stored link; the old DBLP mapping is not independent identity proof.,,https://dblp.org/pid/g/MarkGuzdial,https://scholar.google.com/citations?user=iQV2L2IAAAAJ
acm_fellows.csv,"Heiser, Gernot",Gernot Heiser,Gernot Heiser,existing_link_corroborated,Gernot Heiser,Gernot Heiser,Historical identifier association corroborates the stored link; the old DBLP mapping is not independent identity proof.,,https://dblp.org/pid/h/GernotHeiser,https://scholar.google.com/citations?user=0e0Vw3kAAAAJ
acm_fellows.csv,"Joachims, Thorsten",Thorsten Joachims,Thorsten Joachims,existing_link_corroborated,Thorsten Joachims,Thorsten Joachims,Historical identifier association corroborates the stored link; the old DBLP mapping is not independent identity proof.,,https://dblp.org/pid/j/ThorstenJoachims,https://scholar.google.com/citations?user=5tk1PV8AAAAJ
acm_fellows.csv,"Kearns, Michael",Michael Kearns,Michael Kearns,existing_link_corroborated,Michael Kearns,Michael Kearns,Historical identifier association corroborates the stored link; the old DBLP mapping is not independent identity proof.,,https://dblp.org/pid/78/6858,https://scholar.google.com/citations?user=8iQk0DIAAAAJ
acm_fellows.csv,"King, Valerie",Valerie King,Valerie King,existing_link_corroborated,Valerie King,Valerie King,Historical identifier association corroborates the stored link; the old DBLP mapping is not independent identity proof.,,https://dblp.org/pid/k/ValerieKing,https://scholar.google.com/citations?user=2-iEYMUAAAAJ
acm_fellows.csv,"Kraus, Sarit",Sarit Kraus,Sarit Kraus,existing_link_corroborated,Sarit Kraus,Sarit Kraus,Historical identifier association corroborates the stored link; the old DBLP mapping is not independent identity proof.,,https://dblp.org/pid/k/SaritKraus,https://scholar.google.com/citations?user=PfgeYGwAAAAJ
acm_fellows.csv,"Mansour, Yishay",Yishay Mansour,Yishay Mansour,existing_link_corroborated,Yishay Mansour,Yishay Mansour,Historical identifier association corroborates the stored link; the old DBLP mapping is not independent identity proof.,,https://dblp.org/pid/m/YishayMansour,https://scholar.google.com/citations?user=OEJUgwkAAAAJ
acm_fellows.csv,"Mitra, Subhasish",Subhasish Mitra,Subhasish Mitra,existing_link_corroborated,Subhasish Mitra,Subhasish Mitra,Historical identifier association corroborates the stored link; the old DBLP mapping is not independent identity proof.,,https://dblp.org/pid/30/4561,https://scholar.google.com/citations?user=SCdhzWoAAAAJ
acm_fellows.csv,"Mitzenmacher, Michael",Michael Mitzenmacher,Michael Mitzenmacher,existing_link_corroborated,Michael Mitzenmacher,Michael Mitzenmacher,Historical identifier association corroborates the stored link; the old DBLP mapping is not independent identity proof.,,https://dblp.org/pid/74/838,https://scholar.google.com/citations?user=e8aRmAsAAAAJ
acm_fellows.csv,"Narayanan, Vijaykrishnan",Vijaykrishnan Narayanan,Vijaykrishnan Narayanan,existing_link_corroborated,Vijaykrishnan Narayanan,Vijaykrishnan Narayanan,Historical identifier association corroborates the stored link; the old DBLP mapping is not independent identity proof.,,https://dblp.org/pid/v/NarayananVijaykrishnan,https://scholar.google.com/citations?user=UyeTBeoAAAAJ
acm_fellows.csv,"Patel, Jignesh M",Jignesh M. Patel,Jignesh M. Patel,existing_link_corroborated,Jignesh M. Patel,Jignesh M. Patel,Historical identifier association corroborates the stored link; the old DBLP mapping is not independent identity proof.,,https://dblp.org/pid/p/JMPatel,https://scholar.google.com/citations?user=tOjfnFMAAAAJ
acm_fellows.csv,"Reingold, Omer",Omer Reingold,Omer Reingold,existing_link_corroborated,Omer Reingold,Omer Reingold,Historical identifier association corroborates the stored link; the old DBLP mapping is not independent identity proof.,,https://dblp.org/pid/r/OmerReingold,https://scholar.google.com/citations?user=TD9RhcgAAAAJ
acm_fellows.csv,"Rodden, Tom",Tom Rodden,Tom Rodden,existing_link_corroborated,Tom Rodden,Tom Rodden,Historical identifier association corroborates the stored link; the old DBLP mapping is not independent identity proof.,,https://dblp.org/pid/r/TomRodden,https://scholar.google.com/citations?user=gWbK0A0AAAAJ
acm_fellows.csv,"Rubinfeld, Ronitt",Ronitt Rubinfeld,Ronitt Rubinfeld,existing_link_corroborated,Ronitt Rubinfeld,Ronitt Rubinfeld,Historical identifier association corroborates the stored link; the old DBLP mapping is not independent identity proof.,,https://dblp.org/pid/r/RonittRubinfeld,https://scholar.google.com/citations?user=pZhZndYAAAAJ
acm_fellows.csv,"Rus, Daniela",Daniela Rus,Daniela Rus,existing_link_corroborated,Daniela Rus,Daniela Rus,Historical identifier association corroborates the stored link; the old DBLP mapping is not independent identity proof.,,https://dblp.org/pid/r/DanielaRus,https://scholar.google.com/citations?user=910z20QAAAAJ
acm_fellows.csv,"Sangiovanni Vincentelli, Alberto Luigi",Alberto L. Sangiovanni-Vincentelli,Alberto L. Sangiovanni-Vincentelli,existing_link_corroborated,Alberto L. Sangiovanni-Vincentelli,Alberto L. Sangiovanni-Vincentelli,Historical identifier association corroborates the stored link; the old DBLP mapping is not independent identity proof.,,https://dblp.org/pid/s/ALSangiovanniV,https://scholar.google.com/citations?user=AhgjQ2QAAAAJ
acm_fellows.csv,"Schulzrinne, Henning",Henning Schulzrinne,Henning Schulzrinne,existing_link_corroborated,Henning Schulzrinne,Henning Schulzrinne,Historical identifier association corroborates the stored link; the old DBLP mapping is not independent identity proof.,,https://dblp.org/pid/s/HenningSchulzrinne,https://scholar.google.com/citations?user=6IHX8J4AAAAJ
acm_fellows.csv,"Srinivasan, Aravind",Aravind Srinivasan,Aravind Srinivasan,existing_link_corroborated,Aravind Srinivasan,Aravind Srinivasan,Historical identifier association corroborates the stored link; the old DBLP mapping is not independent identity proof.,,https://dblp.org/pid/s/AravindSrinivasan,https://scholar.google.com/citations?user=sPzla6IAAAAJ
acm_fellows.csv,"Sudarshan, S.",S. Sudarshan 0001,S. Sudarshan 0001,existing_link_corroborated,S. Sudarshan 0001,S. Sudarshan 0001,Historical identifier association corroborates the stored link; the old DBLP mapping is not independent identity proof.,,https://dblp.org/pid/s/SSudarshan1,https://scholar.google.com/citations?user=KtP9-zYAAAAJ
acm_fellows.csv,"Tsudik, Gene",Gene Tsudik,Gene Tsudik,existing_link_corroborated,Gene Tsudik,Gene Tsudik,Historical identifier association corroborates the stored link; the old DBLP mapping is not independent identity proof.,,https://dblp.org/pid/08/1183,https://scholar.google.com/citations?user=WLvuu74AAAAJ
acm_fellows.csv,"Anderson, James H",James H. Anderson,James H. Anderson,existing_link_corroborated,James H. Anderson,James H. Anderson,Historical identifier association corroborates the stored link; the old DBLP mapping is not independent identity proof.,,https://dblp.org/pid/a/JamesHAnderson,https://scholar.google.com/citations?user=mIZu9oQAAAAJ
acm_fellows.csv,"Bellare, Mihir",Mihir Bellare,Mihir Bellare,existing_link_corroborated,Mihir Bellare,,Historical identifier association corroborates the stored link; the old DBLP mapping is not independent identity proof.,,https://dblp.org/pid/b/MBellare,https://scholar.google.com/citations?user=td_5W1cAAAAJ
acm_fellows.csv,"Ceri, Stefano",Stefano Ceri,Stefano Ceri,existing_link_corroborated,Stefano Ceri,Stefano Ceri,Historical identifier association corroborates the stored link; the old DBLP mapping is not independent identity proof.,,https://dblp.org/pid/c/StefanoCeri,https://scholar.google.com/citations?user=aiulJmIAAAAJ
acm_fellows.csv,"Chakrabarty, Krishnendu",Krishnendu Chakrabarty,Krishnendu Chakrabarty,existing_link_corroborated,Krishnendu Chakrabarty,Krishnendu Chakrabarty,Historical identifier association corroborates the stored link; the old DBLP mapping is not independent identity proof.,,https://dblp.org/pid/c/KrishnenduChakrabarty,https://scholar.google.com/citations?user=R_VPUyEAAAAJ
acm_fellows.csv,"Chellappa, Ramalingam",Ramalingam Chellappa,Ramalingam Chellappa,existing_link_corroborated,Ramalingam Chellappa,,Historical identifier association corroborates the stored link; the old DBLP mapping is not independent identity proof.,,https://dblp.org/pid/c/RamaChellappa,https://scholar.google.com/citations?user=L60tuywAAAAJ
acm_fellows.csv,"Cox, Ingemar J.",Ingemar J. Cox,Ingemar J. Cox,existing_link_corroborated,Ingemar J. Cox,Ingemar J. Cox,Historical identifier association corroborates the stored link; the old DBLP mapping is not independent identity proof.,,https://dblp.org/pid/c/IngemarJCox,https://scholar.google.com/citations?user=b88nUpYAAAAJ
acm_fellows.csv,"Dechter, Rina",Rina Dechter,Rina Dechter,existing_link_corroborated,Rina Dechter,Rina Dechter,Historical identifier association corroborates the stored link; the old DBLP mapping is not independent identity proof.,,https://dblp.org/pid/d/RDechter,https://scholar.google.com/citations?user=PI_3bqEAAAAJ
acm_fellows.csv,"Gao, Wen",Wen Gao 0001,Wen Gao 0001,existing_link_corroborated,Wen Gao 0001,,Historical identifier association corroborates the stored link; the old DBLP mapping is not independent identity proof.,,https://dblp.org/pid/18/7486,https://scholar.google.com/citations?user=u9aw5o8AAAAJ
acm_fellows.csv,"Garlan, David",David Garlan,David Garlan,existing_link_corroborated,David Garlan,,Historical identifier association corroborates the stored link; the old DBLP mapping is not independent identity proof.,,https://dblp.org/pid/01/2201,https://scholar.google.com/citations?user=saLJmksAAAAJ
acm_fellows.csv,"Hearst, Marti",Marti Hearst,Marti Hearst,existing_link_corroborated,Marti Hearst,,Historical identifier association corroborates the stored link; the old DBLP mapping is not independent identity proof.,,https://dblp.org/pid/h/MartiAHearst,https://scholar.google.com/citations?user=664NOb0AAAAJ
acm_fellows.csv,"Jarke, Matthias",Matthias Jarke,Matthias Jarke,existing_link_corroborated,Matthias Jarke,Matthias Jarke,Historical identifier association corroborates the stored link; the old DBLP mapping is not independent identity proof.,,https://dblp.org/pid/j/MatthiasJarke,https://scholar.google.com/citations?user=JbioEFgAAAAJ
acm_fellows.csv,"Katabi, Dina",Dina Katabi,Dina Katabi,existing_link_corroborated,Dina Katabi,Dina Katabi,Historical identifier association corroborates the stored link; the old DBLP mapping is not independent identity proof.,,https://dblp.org/pid/k/DinaKatabi,https://scholar.google.com/citations?user=nst5fHgAAAAJ
acm_fellows.csv,"Kautz, Henry A",Henry A. Kautz,Henry A. Kautz,existing_link_corroborated,Henry A. Kautz,Henry A. Kautz,Historical identifier association corroborates the stored link; the old DBLP mapping is not independent identity proof.,,https://dblp.org/pid/k/HenryAKautz,https://scholar.google.com/citations?user=WxQyOYQAAAAJ
acm_fellows.csv,"Manning, Christopher",Christopher D. Manning,Christopher D. Manning,existing_link_corroborated,Christopher D. Manning,Christopher D. Manning,Historical identifier association corroborates the stored link; the old DBLP mapping is not independent identity proof.,,https://dblp.org/pid/m/ChristopherDManning,https://scholar.google.com/citations?user=1zmDOdwAAAAJ
acm_fellows.csv,"Marathe, Madhav",Madhav Marathe,Madhav Marathe,existing_link_corroborated,Madhav Marathe,,Historical identifier association corroborates the stored link; the old DBLP mapping is not independent identity proof.,,https://dblp.org/pid/52/991,https://scholar.google.com/citations?user=diIore8AAAAJ
acm_fellows.csv,"Mellor-Crummey, John",John M. Mellor-Crummey,John M. Mellor-Crummey,existing_link_corroborated,John M. Mellor-Crummey,John M. Mellor-Crummey,Historical identifier association corroborates the stored link; the old DBLP mapping is not independent identity proof.,,https://dblp.org/pid/m/JMMellorCrummey,https://scholar.google.com/citations?user=wX0XpxMAAAAJ
acm_fellows.csv,"Roscoe, Timothy",Timothy Roscoe,Timothy Roscoe,existing_link_corroborated,Timothy Roscoe,,Historical identifier association corroborates the stored link; the old DBLP mapping is not independent identity proof.,,https://dblp.org/pid/r/TimothyRoscoe,https://scholar.google.com/citations?user=QfVWndgAAAAJ
acm_fellows.csv,"Shasha, Dennis E",Dennis E. Shasha,Dennis E. Shasha,existing_link_corroborated,Dennis E. Shasha,,Historical identifier association corroborates the stored link; the old DBLP mapping is not independent identity proof.,,https://dblp.org/pid/s/DennisShasha,https://scholar.google.com/citations?user=UH3qseUAAAAJ
acm_fellows.csv,"Shim, Kyuseok",Kyuseok Shim,Kyuseok Shim,existing_link_corroborated,Kyuseok Shim,Kyuseok Shim,Historical identifier association corroborates the stored link; the old DBLP mapping is not independent identity proof.,,https://dblp.org/pid/156/3851,https://scholar.google.com/citations?user=3Y254i4AAAAJ
acm_fellows.csv,"Smyth, Padhraic",Padhraic Smyth,Padhraic Smyth,existing_link_corroborated,Padhraic Smyth,Padhraic Smyth,Historical identifier association corroborates the stored link; the old DBLP mapping is not independent identity proof.,,https://dblp.org/pid/s/PadhraicSmyth,https://scholar.google.com/citations?user=OsoQ-dcAAAAJ
acm_fellows.csv,"Tambe, Milind",Milind Tambe,Milind Tambe,existing_link_corroborated,Milind Tambe,Milind Tambe,Historical identifier association corroborates the stored link; the old DBLP mapping is not independent identity proof.,,https://dblp.org/pid/67/2667,https://scholar.google.com/citations?user=YOVZiJkAAAAJ
acm_fellows.csv,"Tannen, Val",Val Tannen,Val Tannen,existing_link_corroborated,Val Tannen,,Historical identifier association corroborates the stored link; the old DBLP mapping is not independent identity proof.,,https://dblp.org/pid/t/ValTannen,https://scholar.google.com/citations?user=3Jus1k0AAAAJ
acm_fellows.csv,"Wong, Limsoon",Limsoon Wong,Limsoon Wong,existing_link_corroborated,Limsoon Wong,Limsoon Wong,Historical identifier association corroborates the stored link; the old DBLP mapping is not independent identity proof.,,https://dblp.org/pid/w/LimsoonWong,https://scholar.google.com/citations?user=Inqu8SkAAAAJ
acm_fellows.csv,"Zhou, Yuanyuan",Yuanyuan Zhou 0001,Yuanyuan Zhou 0001,existing_link_corroborated,Yuanyuan Zhou 0001,,Historical identifier association corroborates the stored link; the old DBLP mapping is not independent identity proof.,,https://dblp.org/pid/46/7346,https://scholar.google.com/citations?user=jJ_9TvEAAAAJ
acm_fellows.csv,"Zuckerman, David",David Zuckerman,David Zuckerman,existing_link_corroborated,David Zuckerman,David Zuckerman,Historical identifier association corroborates the stored link; the old DBLP mapping is not independent identity proof.,,https://dblp.org/pid/z/DZuckerman,https://scholar.google.com/citations?user=MCe-I6wAAAAJ
acm_fellows.csv,"Alonso, Gustavo",Gustavo Alonso,Gustavo Alonso,existing_link_corroborated,Gustavo Alonso,Gustavo Alonso,Historical identifier association corroborates the stored link; the old DBLP mapping is not independent identity proof.,,https://dblp.org/pid/a/GustavoAlonso,https://scholar.google.com/citations?user=fkNjVcIAAAAJ
acm_fellows.csv,"Baldi, Pierre",Pierre Baldi,Pierre Baldi,existing_link_corroborated,Pierre Baldi,Pierre Baldi,Historical identifier association corroborates the stored link; the old DBLP mapping is not independent identity proof.,,https://dblp.org/pid/54/1564,https://scholar.google.com/citations?user=RhFhIIgAAAAJ
acm_fellows.csv,"Camp, Tracy",Tracy Camp,Tracy Camp,existing_link_corroborated,Tracy Camp,Tracy Camp,Historical identifier association corroborates the stored link; the old DBLP mapping is not independent identity proof.,,https://dblp.org/pid/91/2315,https://scholar.google.com/citations?user=8TyIlFgAAAAJ
acm_fellows.csv,"Fan, Wenfei",Wenfei Fan,Wenfei Fan,existing_link_corroborated,Wenfei Fan,Wenfei Fan,Historical identifier association corroborates the stored link; the old DBLP mapping is not independent identity proof.,,https://dblp.org/pid/94/2372,https://scholar.google.com/citations?user=u0S6ofAAAAAJ
acm_fellows.csv,"Gao, Lixin",Lixin Gao 0001,Lixin Gao 0001,existing_link_corroborated,Lixin Gao 0001,Lixin Gao 0001,Historical identifier association corroborates the stored link; the old DBLP mapping is not independent identity proof.,,https://dblp.org/pid/69/3480,https://scholar.google.com/citations?user=bOKmjf8AAAAJ
acm_fellows.csv,"Greenberg, Saul",Saul Greenberg,Saul Greenberg,existing_link_corroborated,Saul Greenberg,Saul Greenberg,Historical identifier association corroborates the stored link; the old DBLP mapping is not independent identity proof.,,https://dblp.org/pid/g/SaulGreenberg,https://scholar.google.com/citations?user=TthhUuoAAAAJ
acm_fellows.csv,"Gross, Markus",Markus Gross 0001,Markus Gross 0001,existing_link_corroborated,Markus Gross 0001,Markus Gross 0001,Historical identifier association corroborates the stored link; the old DBLP mapping is not independent identity proof.,,https://dblp.org/pid/g/MarkusHGross,https://scholar.google.com/citations?user=uxk0GmUAAAAJ
acm_fellows.csv,"Guerraoui, Rachid",Rachid Guerraoui,Rachid Guerraoui,existing_link_corroborated,Rachid Guerraoui,Rachid Guerraoui,Historical identifier association corroborates the stored link; the old DBLP mapping is not independent identity proof.,,https://dblp.org/pid/g/RachidGuerraoui,https://scholar.google.com/citations?user=_TR-7CEAAAAJ
acm_fellows.csv,"Kahng, Andrew B.",Andrew B. Kahng,Andrew B. Kahng,existing_link_corroborated,Andrew B. Kahng,,Historical identifier association corroborates the stored link; the old DBLP mapping is not independent identity proof.,,https://dblp.org/pid/k/AndrewBKahng,https://scholar.google.com/citations?user=zQ9GU2EAAAAJ
acm_fellows.csv,"Keshav, Srinivasan",Srinivasan Keshav,Srinivasan Keshav,existing_link_corroborated,Srinivasan Keshav,,Historical identifier association corroborates the stored link; the old DBLP mapping is not independent identity proof.,,https://dblp.org/pid/59/739,https://scholar.google.com/citations?user=-EMkK7QAAAAJ
acm_fellows.csv,"Kiczales, Gregor",Gregor Kiczales,Gregor Kiczales,existing_link_corroborated,Gregor Kiczales,Gregor Kiczales,Historical identifier association corroborates the stored link; the old DBLP mapping is not independent identity proof.,,https://dblp.org/pid/k/GregorKiczales,https://scholar.google.com/citations?user=Odh4GSYAAAAJ
acm_fellows.csv,"Kitsuregawa, Masaru",Masaru Kitsuregawa,Masaru Kitsuregawa,existing_link_corroborated,Masaru Kitsuregawa,,Historical identifier association corroborates the stored link; the old DBLP mapping is not independent identity proof.,,https://dblp.org/pid/k/MasaruKitsuregawa,
acm_fellows.csv,"Libkin, Leonid",Leonid Libkin,Leonid Libkin,existing_link_corroborated,Leonid Libkin,Leonid Libkin,Historical identifier association corroborates the stored link; the old DBLP mapping is not independent identity proof.,,https://dblp.org/pid/l/LeonidLibkin,https://scholar.google.com/citations?user=4q-MIB0AAAAJ
acm_fellows.csv,"Milo, Tova",Tova Milo,Tova Milo,existing_link_corroborated,Tova Milo,Tova Milo,Historical identifier association corroborates the stored link; the old DBLP mapping is not independent identity proof.,,https://dblp.org/pid/m/TovaMilo,https://scholar.google.com/citations?user=X1-ovCkAAAAJ
acm_fellows.csv,"Nahrstedt, Klara",Klara Nahrstedt,Klara Nahrstedt,existing_link_corroborated,Klara Nahrstedt,,Historical identifier association corroborates the stored link; the old DBLP mapping is not independent identity proof.,,https://dblp.org/pid/45/3224,https://scholar.google.com/citations?user=TW0t25AAAAAJ
acm_fellows.csv,"Reddy, Raj",Raj Reddy,Raj Reddy,existing_link_corroborated,Raj Reddy,,Historical identifier association corroborates the stored link; the old DBLP mapping is not independent identity proof.,,https://dblp.org/pid/r/RajReddy,https://scholar.google.com/citations?user=mYu2uuIAAAAJ
acm_fellows.csv,"Selman, Bart",Bart Selman,Bart Selman,existing_link_corroborated,Bart Selman,Bart Selman,Historical identifier association corroborates the stored link; the old DBLP mapping is not independent identity proof.,,https://dblp.org/pid/s/BartSelman,https://scholar.google.com/citations?user=pJ28HA0AAAAJ
acm_fellows.csv,"Shamir, Ron",Ron Shamir,Ron Shamir,existing_link_corroborated,Ron Shamir,Ron Shamir,Historical identifier association corroborates the stored link; the old DBLP mapping is not independent identity proof.,,https://dblp.org/pid/66/6913,https://scholar.google.com/citations?user=ri4rEPMAAAAJ
acm_fellows.csv,"Sinclair, Alistair",Alistair Sinclair,Alistair Sinclair,existing_link_corroborated,Alistair Sinclair,,Historical identifier association corroborates the stored link; the old DBLP mapping is not independent identity proof.,,https://dblp.org/pid/s/AlistairSinclair,
acm_fellows.csv,"Stein, Clifford",Clifford Stein 0001,Clifford Stein 0001,existing_link_corroborated,Clifford Stein 0001,Clifford Stein 0001,Historical identifier association corroborates the stored link; the old DBLP mapping is not independent identity proof.,,https://dblp.org/pid/s/CliffordStein,https://scholar.google.com/citations?user=r49_E2cAAAAJ
acm_fellows.csv,"Stoica, Ion",Ion Stoica,Ion Stoica,existing_link_corroborated,Ion Stoica,Ion Stoica,Historical identifier association corroborates the stored link; the old DBLP mapping is not independent identity proof.,,https://dblp.org/pid/s/IonStoica,https://scholar.google.com/citations?user=vN-is70AAAAJ
acm_fellows.csv,"Tamassia, Roberto",Roberto Tamassia,Roberto Tamassia,existing_link_corroborated,Roberto Tamassia,Roberto Tamassia,Historical identifier association corroborates the stored link; the old DBLP mapping is not independent identity proof.,,https://dblp.org/pid/t/RobertoTamassia,https://scholar.google.com/citations?user=eEYPTKUAAAAJ
acm_fellows.csv,"Tichy, Walter F.",Walter F. Tichy,Walter F. Tichy,existing_link_corroborated,Walter F. Tichy,Walter F. Tichy,Historical identifier association corroborates the stored link; the old DBLP mapping is not independent identity proof.,,https://dblp.org/pid/t/WalterFTichy,https://scholar.google.com/citations?user=23RPQBQAAAAJ
acm_fellows.csv,"Valiant, Leslie G",Leslie G. Valiant,Leslie G. Valiant,existing_link_corroborated,Leslie G. Valiant,Leslie G. Valiant,Historical identifier association corroborates the stored link; the old DBLP mapping is not independent identity proof.,,https://dblp.org/pid/v/LeslieGValiant,https://scholar.google.com/citations?user=H509xdsAAAAJ
acm_fellows.csv,"Zhang, Xiaodong",Xiaodong Zhang 0001,Xiaodong Zhang 0001,existing_link_corroborated,Xiaodong Zhang 0001,Xiaodong Zhang 0001,Historical identifier association corroborates the stored link; the old DBLP mapping is not independent identity proof.,,https://dblp.org/pid/37/4356,https://scholar.google.com/citations?user=qFiMLsIAAAAJ
acm_fellows.csv,"Abiteboul, Serge",Serge Abiteboul,Serge Abiteboul,existing_link_corroborated,Serge Abiteboul,Serge Abiteboul,Historical identifier association corroborates the stored link; the old DBLP mapping is not independent identity proof.,,https://dblp.org/pid/a/SergeAbiteboul,https://scholar.google.com/citations?user=lk_jn24AAAAJ
acm_fellows.csv,"Agrawal, Divyakant",Divyakant Agrawal,Divyakant Agrawal,existing_link_corroborated,Divyakant Agrawal,Divyakant Agrawal,Historical identifier association corroborates the stored link; the old DBLP mapping is not independent identity proof.,,https://dblp.org/pid/a/DivyakantAgrawal,https://scholar.google.com/citations?user=XcaEg-cAAAAJ
acm_fellows.csv,"Baecker, Ronald M",Ronald M. Baecker,Ronald M. Baecker,existing_link_corroborated,Ronald M. Baecker,,Historical identifier association corroborates the stored link; the old DBLP mapping is not independent identity proof.,,https://dblp.org/pid/b/RonaldBaecker,https://scholar.google.com/citations?user=-X6Rj5EAAAAJ
acm_fellows.csv,"Eppstein, David",David Eppstein,David Eppstein,existing_link_corroborated,David Eppstein,David Eppstein,Historical identifier association corroborates the stored link; the old DBLP mapping is not independent identity proof.,,https://dblp.org/pid/e/DEppstein,https://scholar.google.com/citations?user=QSY7ufMAAAAJ
acm_fellows.csv,"Gifford, David K",David K. Gifford,David K. Gifford,existing_link_corroborated,David K. Gifford,,Historical identifier association corroborates the stored link; the old DBLP mapping is not independent identity proof.,,https://dblp.org/pid/g/DavidKGifford,
acm_fellows.csv,"Govindan, Ramesh",Ramesh Govindan,Ramesh Govindan,existing_link_corroborated,Ramesh Govindan,Ramesh Govindan,Historical identifier association corroborates the stored link; the old DBLP mapping is not independent identity proof.,,https://dblp.org/pid/g/RameshGovindan,https://scholar.google.com/citations?user=ZTkRs84AAAAJ
acm_fellows.csv,"Jensen, Christian S.",Christian S. Jensen,Christian S. Jensen,existing_link_corroborated,Christian S. Jensen,Christian S. Jensen,Historical identifier association corroborates the stored link; the old DBLP mapping is not independent identity proof.,,https://dblp.org/pid/262/0478,https://scholar.google.com/citations?user=wo20cPYAAAAJ
acm_fellows.csv,"Landau, Susan",Susan Landau 0001,Susan Landau 0001,existing_link_corroborated,Susan Landau 0001,Susan Landau 0001,Historical identifier association corroborates the stored link; the old DBLP mapping is not independent identity proof.,,https://dblp.org/pid/44/6965,https://scholar.google.com/citations?user=6emSUYoAAAAJ
acm_fellows.csv,"Lin, Ming C",Ming C. Lin,Ming C. Lin,existing_link_corroborated,Ming C. Lin,Ming C. Lin,Historical identifier association corroborates the stored link; the old DBLP mapping is not independent identity proof.,,https://dblp.org/pid/289/3331,https://scholar.google.com/citations?user=ugFNit4AAAAJ
acm_fellows.csv,"Malkhi, Dahlia",Dahlia Malkhi,Dahlia Malkhi,existing_link_corroborated,Dahlia Malkhi,Dahlia Malkhi,Historical identifier association corroborates the stored link; the old DBLP mapping is not independent identity proof.,,https://dblp.org/pid/m/DahliaMalkhi,https://scholar.google.com/citations?user=A_VZ7N0AAAAJ
acm_fellows.csv,"Marzullo, Keith",Keith Marzullo,Keith Marzullo,existing_link_corroborated,Keith Marzullo,Keith Marzullo,Historical identifier association corroborates the stored link; the old DBLP mapping is not independent identity proof.,,https://dblp.org/pid/m/KMarzullo,https://scholar.google.com/citations?user=hWzTk6MAAAAJ
acm_fellows.csv,"MATSUOKA, SATOSHI",Satoshi Matsuoka,Satoshi Matsuoka,existing_link_corroborated,Satoshi Matsuoka,Satoshi Matsuoka,Historical identifier association corroborates the stored link; the old DBLP mapping is not independent identity proof.,,https://dblp.org/pid/57/4464,https://scholar.google.com/citations?user=UcWOl8YAAAAJ
acm_fellows.csv,"Ooi, Beng Chin",Beng Chin Ooi,Beng Chin Ooi,existing_link_corroborated,Beng Chin Ooi,Beng Chin Ooi,Historical identifier association corroborates the stored link; the old DBLP mapping is not independent identity proof.,,https://dblp.org/pid/o/BengChinOoi,https://scholar.google.com/citations?user=9560QjYAAAAJ
acm_fellows.csv,"Roth, Dan",Dan Roth 0001,Dan Roth 0001,existing_link_corroborated,Dan Roth 0001,,Historical identifier association corroborates the stored link; the old DBLP mapping is not independent identity proof.,,https://dblp.org/pid/59/857,https://scholar.google.com/citations?user=E-bpPWgAAAAJ
acm_fellows.csv,"Souvaine, Diane L",Diane L. Souvaine,Diane L. Souvaine,existing_link_corroborated,Diane L. Souvaine,Diane L. Souvaine,Historical identifier association corroborates the stored link; the old DBLP mapping is not independent identity proof.,,https://dblp.org/pid/s/DLSouvaine,https://scholar.google.com/citations?user=QTRDjTUAAAAJ
acm_fellows.csv,"Suciu, Dan",Dan Suciu,Dan Suciu,existing_link_corroborated,Dan Suciu,Dan Suciu,Historical identifier association corroborates the stored link; the old DBLP mapping is not independent identity proof.,,https://dblp.org/pid/71/7833,https://scholar.google.com/citations?user=SIxd6jgAAAAJ
acm_fellows.csv,"Alvisi, Lorenzo",Lorenzo Alvisi,Lorenzo Alvisi,existing_link_corroborated,Lorenzo Alvisi,,Historical identifier association corroborates the stored link; the old DBLP mapping is not independent identity proof.,,https://dblp.org/pid/a/LAlvisi,https://scholar.google.com/citations?user=TIGS4c8AAAAJ
acm_fellows.csv,"Condon, Anne",Anne Condon,Anne Condon,existing_link_corroborated,Anne Condon,Anne Condon,Historical identifier association corroborates the stored link; the old DBLP mapping is not independent identity proof.,,https://dblp.org/pid/c/AnneCondon,https://scholar.google.com/citations?user=SO_j4zwAAAAJ
acm_fellows.csv,"Crovella, Mark",Mark Crovella,Mark Crovella,existing_link_corroborated,Mark Crovella,Mark Crovella,Historical identifier association corroborates the stored link; the old DBLP mapping is not independent identity proof.,,https://dblp.org/pid/c/MarkCrovella,https://scholar.google.com/citations?user=vrHhOlUAAAAJ
acm_fellows.csv,"Cytron, Ron",Ron Cytron,Ron Cytron,existing_link_corroborated,Ron Cytron,,Historical identifier association corroborates the stored link; the old DBLP mapping is not independent identity proof.,,https://dblp.org/pid/c/RCytron,
acm_fellows.csv,"El Abbadi, Amr",Amr El Abbadi,Amr El Abbadi,existing_link_corroborated,Amr El Abbadi,Amr El Abbadi,Historical identifier association corroborates the stored link; the old DBLP mapping is not independent identity proof.,,https://dblp.org/pid/a/AmrElAbbadi,https://scholar.google.com/citations?user=tNmIw4MAAAAJ
acm_fellows.csv,"Faloutsos, Christos",Christos Faloutsos,Christos Faloutsos,existing_link_corroborated,Christos Faloutsos,Christos Faloutsos,Historical identifier association corroborates the stored link; the old DBLP mapping is not independent identity proof.,,https://dblp.org/pid/f/CFaloutsos,https://scholar.google.com/citations?user=nd8lQQIAAAAJ
acm_fellows.csv,"Hall, Wendy",Wendy Hall 0001,Wendy Hall 0001,existing_link_corroborated,Wendy Hall 0001,Wendy Hall 0001,Historical identifier association corroborates the stored link; the old DBLP mapping is not independent identity proof.,,https://dblp.org/pid/h/WendyHall,https://scholar.google.com/citations?user=9NaDv3oAAAAJ
acm_fellows.csv,"Hubaux, Jean-Pierre",Jean-Pierre Hubaux,Jean-Pierre Hubaux,existing_link_corroborated,Jean-Pierre Hubaux,Jean-Pierre Hubaux,Historical identifier association corroborates the stored link; the old DBLP mapping is not independent identity proof.,,https://dblp.org/pid/h/JPHubaux,https://scholar.google.com/citations?user=W7YBLlEAAAAJ
acm_fellows.csv,"Jordan, Michael I.",Michael I. Jordan,Michael I. Jordan,existing_link_corroborated,Michael I. Jordan,Michael I. Jordan,Historical identifier association corroborates the stored link; the old DBLP mapping is not independent identity proof.,,https://dblp.org/pid/j/MichaelIJordan,https://scholar.google.com/citations?user=yxUduqMAAAAJ
acm_fellows.csv,"Klein, Philip N",Philip N. Klein,Philip N. Klein,existing_link_corroborated,Philip N. Klein,Philip N. Klein,Historical identifier association corroborates the stored link; the old DBLP mapping is not independent identity proof.,,https://dblp.org/pid/k/PhilipNKlein,https://scholar.google.com/citations?user=gVUD47sAAAAJ
acm_fellows.csv,"Savage, Stefan",Stefan Savage,Stefan Savage,existing_link_corroborated,Stefan Savage,Stefan Savage,Historical identifier association corroborates the stored link; the old DBLP mapping is not independent identity proof.,,https://dblp.org/pid/s/StefanSavage,https://scholar.google.com/citations?user=_JhgbioAAAAJ
acm_fellows.csv,"Schnabel, Robert B",Robert B. Schnabel,Robert B. Schnabel,existing_link_corroborated,Robert B. Schnabel,,Historical identifier association corroborates the stored link; the old DBLP mapping is not independent identity proof.,,https://dblp.org/pid/01/2335,
acm_fellows.csv,"Spielman, Daniel A",Daniel A. Spielman,Daniel A. Spielman,existing_link_corroborated,Daniel A. Spielman,Daniel A. Spielman,Historical identifier association corroborates the stored link; the old DBLP mapping is not independent identity proof.,,https://dblp.org/pid/s/DanielASpielman,https://scholar.google.com/citations?user=L82mYv8AAAAJ
acm_fellows.csv,"Suri, Subhash",Subhash Suri,Subhash Suri,existing_link_corroborated,Subhash Suri,Subhash Suri,Historical identifier association corroborates the stored link; the old DBLP mapping is not independent identity proof.,,https://dblp.org/pid/s/SubhashSuri,https://scholar.google.com/citations?user=VgrH9A8AAAAJ
acm_fellows.csv,"Torrellas, Josep",Josep Torrellas,Josep Torrellas,existing_link_corroborated,Josep Torrellas,Josep Torrellas,Historical identifier association corroborates the stored link; the old DBLP mapping is not independent identity proof.,,https://dblp.org/pid/t/JosepTorrellas,https://scholar.google.com/citations?user=zdnAkgsAAAAJ
acm_fellows.csv,"zeller, andreas",Andreas Zeller,Andreas Zeller,existing_link_corroborated,Andreas Zeller,Andreas Zeller,Historical identifier association corroborates the stored link; the old DBLP mapping is not independent identity proof.,,https://dblp.org/pid/z/AndreasZeller,https://scholar.google.com/citations?user=-Qytr_YAAAAJ
acm_fellows.csv,"Attiya, Hagit",Hagit Attiya,Hagit Attiya,existing_link_corroborated,Hagit Attiya,Hagit Attiya,Historical identifier association corroborates the stored link; the old DBLP mapping is not independent identity proof.,,https://dblp.org/pid/a/HagitAttiya,https://scholar.google.com/citations?user=eoMK92MAAAAJ
acm_fellows.csv,"Bajaj, Chandrajit L.",Chandrajit L. Bajaj,Chandrajit L. Bajaj,existing_link_corroborated,Chandrajit L. Bajaj,Chandrajit L. Bajaj,Historical identifier association corroborates the stored link; the old DBLP mapping is not independent identity proof.,,https://dblp.org/pid/b/ChandrajitLBajaj,https://scholar.google.com/citations?user=gyL3CZ0AAAAJ
acm_fellows.csv,"Esteves-Verissimo, Paulo",Paulo Esteves Veríssimo,Paulo Esteves Veríssimo,existing_link_corroborated,Paulo Esteves Veríssimo,Paulo Esteves Veríssimo,Historical identifier association corroborates the stored link; the old DBLP mapping is not independent identity proof.,,https://dblp.org/pid/v/PauloVerissimo,https://scholar.google.com/citations?user=aMHx8aUAAAAJ
acm_fellows.csv,"Foster, Ian T",Ian T. Foster,Ian T. Foster,existing_link_corroborated,Ian T. Foster,Ian T. Foster,Historical identifier association corroborates the stored link; the old DBLP mapping is not independent identity proof.,,https://dblp.org/pid/f/IanTFoster,https://scholar.google.com/citations?user=VGoSakQAAAAJ
acm_fellows.csv,"Goodrich, Michael T",Michael T. Goodrich,Michael T. Goodrich,existing_link_corroborated,Michael T. Goodrich,Michael T. Goodrich,Historical identifier association corroborates the stored link; the old DBLP mapping is not independent identity proof.,,https://dblp.org/pid/g/MichaelTGoodrich,https://scholar.google.com/citations?user=sSS9gSoAAAAJ
acm_fellows.csv,"Govindaraju, Venu",Venu Govindaraju,Venu Govindaraju,existing_link_corroborated,Venu Govindaraju,Venu Govindaraju,Historical identifier association corroborates the stored link; the old DBLP mapping is not independent identity proof.,,https://dblp.org/pid/g/VenuGovindaraju,https://scholar.google.com/citations?user=ruIgbscAAAAJ
acm_fellows.csv,"Gupta, Rajiv",Rajiv Gupta 0001,Rajiv Gupta 0001,existing_link_corroborated,Rajiv Gupta 0001,Rajiv Gupta 0001,Historical identifier association corroborates the stored link; the old DBLP mapping is not independent identity proof.,,https://dblp.org/pid/181/2697,https://scholar.google.com/citations?user=6P4bGWAAAAAJ
acm_fellows.csv,"Jahanian, Farnam",Farnam Jahanian,Farnam Jahanian,existing_link_corroborated,Farnam Jahanian,,Historical identifier association corroborates the stored link; the old DBLP mapping is not independent identity proof.,,https://dblp.org/pid/90/6277,
acm_fellows.csv,"Kaufman, Arie E",Arie E. Kaufman,Arie E. Kaufman,existing_link_corroborated,Arie E. Kaufman,Arie E. Kaufman,Historical identifier association corroborates the stored link; the old DBLP mapping is not independent identity proof.,,https://dblp.org/pid/k/ArieEKaufman,https://scholar.google.com/citations?user=fDdcWBEAAAAJ
acm_fellows.csv,"Kriegel, Hans-Peter",Hans-Peter Kriegel,Hans-Peter Kriegel,existing_link_corroborated,Hans-Peter Kriegel,Hans-Peter Kriegel,Historical identifier association corroborates the stored link; the old DBLP mapping is not independent identity proof.,,https://dblp.org/pid/k/HansPeterKriegel,https://scholar.google.com/citations?user=DBf9LC4AAAAJ
acm_fellows.csv,"Lenzerini, Maurizio",Maurizio Lenzerini,Maurizio Lenzerini,existing_link_corroborated,Maurizio Lenzerini,Maurizio Lenzerini,Historical identifier association corroborates the stored link; the old DBLP mapping is not independent identity proof.,,https://dblp.org/pid/l/MLenzerini,https://scholar.google.com/citations?user=EYxaICEAAAAJ
acm_fellows.csv,"Lui, John Chi-Shing",John Chi-Shing Lui,John Chi-Shing Lui,existing_link_corroborated,John Chi-Shing Lui,,Historical identifier association corroborates the stored link; the old DBLP mapping is not independent identity proof.,,https://dblp.org/pid/l/JohnCSLui,
acm_fellows.csv,"Manocha, Dinesh",Dinesh Manocha,Dinesh Manocha,existing_link_corroborated,Dinesh Manocha,,Historical identifier association corroborates the stored link; the old DBLP mapping is not independent identity proof.,,https://dblp.org/pid/m/DineshManocha,https://scholar.google.com/citations?user=Nqawxa0AAAAJ
acm_fellows.csv,"Martonosi, Margaret",Margaret Martonosi,Margaret Martonosi,existing_link_corroborated,Margaret Martonosi,Margaret Martonosi,Historical identifier association corroborates the stored link; the old DBLP mapping is not independent identity proof.,,https://dblp.org/pid/m/MargaretMartonosi,https://scholar.google.com/citations?user=tgYsFS0AAAAJ
acm_fellows.csv,"Matias, Yossi",Yossi Matias,Yossi Matias,existing_link_corroborated,Yossi Matias,Yossi Matias,Historical identifier association corroborates the stored link; the old DBLP mapping is not independent identity proof.,,https://dblp.org/pid/m/YossiMatias,https://scholar.google.com/citations?user=IwSe1-MAAAAJ
acm_fellows.csv,"Teng, Shang-Hua",Shang-Hua Teng,Shang-Hua Teng,existing_link_corroborated,Shang-Hua Teng,,Historical identifier association corroborates the stored link; the old DBLP mapping is not independent identity proof.,,https://dblp.org/pid/t/ShangHuaTeng,https://scholar.google.com/citations?user=JknkZcQAAAAJ
acm_fellows.csv,"Van Renesse, Robbert",Robbert van Renesse,Robbert van Renesse,existing_link_corroborated,Robbert van Renesse,Robbert van Renesse,Historical identifier association corroborates the stored link; the old DBLP mapping is not independent identity proof.,,https://dblp.org/pid/r/RvRenesse,https://scholar.google.com/citations?user=uJbM58UAAAAJ
acm_fellows.csv,"Vemuri, Baba C",Baba C. Vemuri,Baba C. Vemuri,existing_link_corroborated,Baba C. Vemuri,Baba C. Vemuri,Historical identifier association corroborates the stored link; the old DBLP mapping is not independent identity proof.,,https://dblp.org/pid/93/1847,https://scholar.google.com/citations?user=1fEZ_osAAAAJ
acm_fellows.csv,"Vetterli, Martin",Martin Vetterli,Martin Vetterli,existing_link_corroborated,Martin Vetterli,Martin Vetterli,Historical identifier association corroborates the stored link; the old DBLP mapping is not independent identity proof.,,https://dblp.org/pid/v/MVetterli,https://scholar.google.com/citations?user=YQcU3NYAAAAJ
acm_fellows.csv,"Whang, Kyu-Young",Kyu-Young Whang,Kyu-Young Whang,existing_link_corroborated,Kyu-Young Whang,Kyu-Young Whang,Historical identifier association corroborates the stored link; the old DBLP mapping is not independent identity proof.,,https://dblp.org/pid/w/KyuYoungWhang,https://scholar.google.com/citations?user=LZSo1YEAAAAJ
acm_fellows.csv,"Abowd, Gregory D.",Gregory D. Abowd,Gregory D. Abowd,existing_link_corroborated,Gregory D. Abowd,Gregory D. Abowd,Historical identifier association corroborates the stored link; the old DBLP mapping is not independent identity proof.,,https://dblp.org/pid/a/GDAbowd,https://scholar.google.com/citations?user=gb8sbdcAAAAJ
acm_fellows.csv,"Aiken, Alex",Alex Aiken,Alex Aiken,existing_link_corroborated,Alex Aiken,Alex Aiken,Historical identifier association corroborates the stored link; the old DBLP mapping is not independent identity proof.,,https://dblp.org/pid/a/AAiken,https://scholar.google.com/citations?user=3vKjkoQAAAAJ
acm_fellows.csv,"Arora, Sanjeev",Sanjeev Arora,Sanjeev Arora,existing_link_corroborated,Sanjeev Arora,Sanjeev Arora,Historical identifier association corroborates the stored link; the old DBLP mapping is not independent identity proof.,,https://dblp.org/pid/a/SArora,https://scholar.google.com/citations?user=RUP4S68AAAAJ
acm_fellows.csv,"Balakrishnan, Hari",Hari Balakrishnan,Hari Balakrishnan,existing_link_corroborated,Hari Balakrishnan,Hari Balakrishnan,Historical identifier association corroborates the stored link; the old DBLP mapping is not independent identity proof.,,https://dblp.org/pid/b/HariBalakrishnan,https://scholar.google.com/citations?user=Qf4bw4UAAAAJ
acm_fellows.csv,"Cong, Jason",Jason Cong,Jason Cong,existing_link_corroborated,Jason Cong,Jason Cong,Historical identifier association corroborates the stored link; the old DBLP mapping is not independent identity proof.,,https://dblp.org/pid/c/JasonCong,https://scholar.google.com/citations?user=UVGe0gQAAAAJ
acm_fellows.csv,"Deng, Xiaotie",Xiaotie Deng,Xiaotie Deng,existing_link_corroborated,Xiaotie Deng,Xiaotie Deng,Historical identifier association corroborates the stored link; the old DBLP mapping is not independent identity proof.,,https://dblp.org/pid/d/XiaotieDeng,https://scholar.google.com/citations?user=OBUwP_oAAAAJ
acm_fellows.csv,"Garcia-Luna-Aceves, J.J.",J. J. Garcia-Luna-Aceves,J. J. Garcia-Luna-Aceves,existing_link_corroborated,J. J. Garcia-Luna-Aceves,J. J. Garcia-Luna-Aceves,Historical identifier association corroborates the stored link; the old DBLP mapping is not independent identity proof.,,https://dblp.org/pid/g/JJGarciaLunaAceves,https://scholar.google.com/citations?user=wLtmXGQAAAAJ
acm_fellows.csv,"Malik, Jitendra",Jitendra Malik,Jitendra Malik,existing_link_corroborated,Jitendra Malik,,Historical identifier association corroborates the stored link; the old DBLP mapping is not independent identity proof.,,https://dblp.org/pid/58/2944,https://scholar.google.com/citations?user=aOklxsQAAAAJ
acm_fellows.csv,"Mitchell, John C.",John C. Mitchell,John C. Mitchell,existing_link_corroborated,John C. Mitchell,John C. Mitchell,Historical identifier association corroborates the stored link; the old DBLP mapping is not independent identity proof.,,https://dblp.org/pid/93/6977,https://scholar.google.com/citations?user=1_kJPIEAAAAJ
acm_fellows.csv,"Moses, Joel",Joel Moses,Joel Moses,existing_link_corroborated,Joel Moses,,Historical identifier association corroborates the stored link; the old DBLP mapping is not independent identity proof.,,https://dblp.org/pid/62/5917,
acm_fellows.csv,"Munro, Ian",Ian Munro 0001,Ian Munro 0001,existing_link_corroborated,Ian Munro 0001,Ian Munro 0001,Historical identifier association corroborates the stored link; the old DBLP mapping is not independent identity proof.,,https://dblp.org/pid/m/JIanMunro,https://scholar.google.com/citations?user=O55rM6QAAAAJ
acm_fellows.csv,"Olson, Judith S",,Judith S. Olson,accepted_historical_profile,Judith S. Olson,Judith S. Olson,Identity supported by historical source name/institution and institutional page; normalized DBLP URL agrees with the roster. Scholar ID also agrees. Absent from refreshed alphabetical and combined sources; this link refers to the retained local profile table.,https://ics.uci.edu/?people=judy-olson,https://dblp.org/pid/04/1690,https://scholar.google.com/citations?user=xfwOz_kAAAAJ
acm_fellows.csv,"Reiter, Michael",Michael Reiter,Michael Reiter,existing_link_corroborated,Michael Reiter,,Historical identifier association corroborates the stored link; the old DBLP mapping is not independent identity proof.,,https://dblp.org/pid/72/6232,https://scholar.google.com/citations?user=GaRxukMAAAAJ
acm_fellows.csv,"Rexford, Jennifer",Jennifer Rexford,Jennifer Rexford,existing_link_corroborated,Jennifer Rexford,Jennifer Rexford,Historical identifier association corroborates the stored link; the old DBLP mapping is not independent identity proof.,,https://dblp.org/pid/r/JenniferRexford,https://scholar.google.com/citations?user=07ds-DAAAAAJ
acm_fellows.csv,"Rosenblum, Mendel",Mendel Rosenblum,Mendel Rosenblum,existing_link_corroborated,Mendel Rosenblum,,Historical identifier association corroborates the stored link; the old DBLP mapping is not independent identity proof.,,https://dblp.org/pid/r/MendelRosenblum,
acm_fellows.csv,"Rutenbar, Rob A",Rob A. Rutenbar,Rob A. Rutenbar,existing_link_corroborated,Rob A. Rutenbar,Rob A. Rutenbar,Historical identifier association corroborates the stored link; the old DBLP mapping is not independent identity proof.,,https://dblp.org/pid/r/RobARutenbar,https://scholar.google.com/citations?user=avq8-1QAAAAJ
acm_fellows.csv,"Sandholm, Tuomas",Tuomas Sandholm,Tuomas Sandholm,existing_link_corroborated,Tuomas Sandholm,Tuomas Sandholm,Historical identifier association corroborates the stored link; the old DBLP mapping is not independent identity proof.,,https://dblp.org/pid/s/TuomasSandholm,https://scholar.google.com/citations?user=0DpK1EMAAAAJ
acm_fellows.csv,"Sarkar, Vivek",Vivek Sarkar,Vivek Sarkar,existing_link_corroborated,Vivek Sarkar,Vivek Sarkar,Historical identifier association corroborates the stored link; the old DBLP mapping is not independent identity proof.,,https://dblp.org/pid/s/VivekSarkar,https://scholar.google.com/citations?user=XjeIqxYAAAAJ
acm_fellows.csv,"Sudan, Madhu",Madhu Sudan 0001,Madhu Sudan 0001,existing_link_corroborated,Madhu Sudan 0001,Madhu Sudan 0001,Historical identifier association corroborates the stored link; the old DBLP mapping is not independent identity proof.,,https://dblp.org/pid/s/MadhuSudan,https://scholar.google.com/citations?user=D-RwB3YAAAAJ
acm_fellows.csv,"Agarwal, Anant",Anant Agarwal,Anant Agarwal,existing_link_corroborated,Anant Agarwal,,Historical identifier association corroborates the stored link; the old DBLP mapping is not independent identity proof.,,https://dblp.org/pid/a/AAgarwal,https://scholar.google.com/citations?user=E6XXUFcAAAAJ
acm_fellows.csv,"Alur, Rajeev",Rajeev Alur,Rajeev Alur,existing_link_corroborated,Rajeev Alur,,Historical identifier association corroborates the stored link; the old DBLP mapping is not independent identity proof.,,https://dblp.org/pid/a/RAlur,https://scholar.google.com/citations?user=ZvLa1RIAAAAJ
acm_fellows.csv,"Blum, Avrim",Avrim Blum,Avrim Blum,existing_link_corroborated,Avrim Blum,Avrim Blum,Historical identifier association corroborates the stored link; the old DBLP mapping is not independent identity proof.,,https://dblp.org/pid/b/AvrimBlum,https://scholar.google.com/citations?user=Jlv4MR4AAAAJ
acm_fellows.csv,"Dolev, Danny",Danny Dolev,Danny Dolev,existing_link_corroborated,Danny Dolev,Danny Dolev,Historical identifier association corroborates the stored link; the old DBLP mapping is not independent identity proof.,,https://dblp.org/pid/d/DannyDolev,https://scholar.google.com/citations?user=RAt7zSUAAAAJ
acm_fellows.csv,"Fortnow, Lance",Lance Fortnow,Lance Fortnow,existing_link_corroborated,Lance Fortnow,Lance Fortnow,Historical identifier association corroborates the stored link; the old DBLP mapping is not independent identity proof.,,https://dblp.org/pid/f/LanceFortnow,https://scholar.google.com/citations?user=Yf5wVssAAAAJ
acm_fellows.csv,"Gottlob, Georg",,Georg Gottlob,accepted_historical_profile,Georg Gottlob,Georg Gottlob,Identity supported by historical source name/institution and institutional page; normalized DBLP URL agrees with the roster. Scholar ID also agrees. Absent from refreshed alphabetical and combined sources; this link refers to the retained local profile table.,https://www.cs.ox.ac.uk/people/georg.gottlob/,https://dblp.org/pid/g/GeorgGottlob,https://scholar.google.com/citations?user=i72_SkUAAAAJ
acm_fellows.csv,"Jiang, Tao",Tao Jiang 0001,Tao Jiang 0001,existing_link_corroborated,Tao Jiang 0001,Tao Jiang 0001,Historical identifier association corroborates the stored link; the old DBLP mapping is not independent identity proof.,,https://dblp.org/pid/j/TaoJiang-1,https://scholar.google.com/citations?user=XUhsCZwAAAAJ
acm_fellows.csv,"Lam, Monica",Monica Lam 0001,Monica Lam 0001,existing_link_corroborated,Monica Lam 0001,Monica Lam 0001,Historical identifier association corroborates the stored link; the old DBLP mapping is not independent identity proof.,,https://dblp.org/pid/l/MonicaSLam,https://scholar.google.com/citations?user=4hS0jZ8AAAAJ
acm_fellows.csv,"Mishra, Bud",Bud Mishra,Bud Mishra,existing_link_corroborated,Bud Mishra,Bud Mishra,Historical identifier association corroborates the stored link; the old DBLP mapping is not independent identity proof.,,https://dblp.org/pid/m/BhubaneswarMishra,https://scholar.google.com/citations?user=kXVBr20AAAAJ
acm_fellows.csv,"Odersky, Martin",Martin Odersky,Martin Odersky,existing_link_corroborated,Martin Odersky,Martin Odersky,Historical identifier association corroborates the stored link; the old DBLP mapping is not independent identity proof.,,https://dblp.org/pid/o/MartinOdersky,https://scholar.google.com/citations?user=LbRD9tEAAAAJ
acm_fellows.csv,"Terzopoulos, Demetri",Demetri Terzopoulos,Demetri Terzopoulos,existing_link_corroborated,Demetri Terzopoulos,Demetri Terzopoulos,Historical identifier association corroborates the stored link; the old DBLP mapping is not independent identity proof.,,https://dblp.org/pid/85/4738,https://scholar.google.com/citations?user=pKuBFaQAAAAJ
acm_fellows.csv,"Wadler, Philip",Philip Wadler,Philip Wadler,existing_link_corroborated,Philip Wadler,Philip Wadler,Historical identifier association corroborates the stored link; the old DBLP mapping is not independent identity proof.,,https://dblp.org/pid/w/PhilipWadler,https://scholar.google.com/citations?user=Iz-3VFQAAAAJ
acm_fellows.csv,"allender, eric",Eric Allender,Eric Allender,existing_link_corroborated,Eric Allender,Eric Allender,Historical identifier association corroborates the stored link; the old DBLP mapping is not independent identity proof.,,https://dblp.org/pid/a/EAllender,https://scholar.google.com/citations?user=dQwv9e4AAAAJ
acm_fellows.csv,"Felleisen, Matthias",Matthias Felleisen,Matthias Felleisen,existing_link_corroborated,Matthias Felleisen,Matthias Felleisen,Historical identifier association corroborates the stored link; the old DBLP mapping is not independent identity proof.,,https://dblp.org/pid/f/MFelleisen,https://scholar.google.com/citations?user=KP-Vo44AAAAJ
acm_fellows.csv,"Forbus, Kenneth",Kenneth D. Forbus,Kenneth D. Forbus,existing_link_corroborated,Kenneth D. Forbus,Kenneth D. Forbus,Historical identifier association corroborates the stored link; the old DBLP mapping is not independent identity proof.,,https://dblp.org/pid/f/KDForbus,https://scholar.google.com/citations?user=IdRYT-8AAAAJ
acm_fellows.csv,"Gibbons, Phillip B",Phillip B. Gibbons,Phillip B. Gibbons,existing_link_corroborated,Phillip B. Gibbons,Phillip B. Gibbons,Historical identifier association corroborates the stored link; the old DBLP mapping is not independent identity proof.,,https://dblp.org/pid/g/PhillipBGibbons,https://scholar.google.com/citations?user=F9kqUXkAAAAJ
acm_fellows.csv,"Guerin, Roch",Roch Guérin,Roch Guérin,existing_link_corroborated,Roch Guérin,Roch Guérin,Historical identifier association corroborates the stored link; the old DBLP mapping is not independent identity proof.,,https://dblp.org/pid/15/745,https://scholar.google.com/citations?user=54w2_AcAAAAJ
acm_fellows.csv,"Haas, Laura M",Laura M. Haas,Laura M. Haas,existing_link_corroborated,Laura M. Haas,Laura M. Haas,Historical identifier association corroborates the stored link; the old DBLP mapping is not independent identity proof.,,https://dblp.org/pid/h/LauraMHaas,https://scholar.google.com/citations?user=e9qUUSgAAAAJ
acm_fellows.csv,"Henzinger, Thomas A",Thomas A. Henzinger,Thomas A. Henzinger,existing_link_corroborated,Thomas A. Henzinger,Thomas A. Henzinger,Historical identifier association corroborates the stored link; the old DBLP mapping is not independent identity proof.,,https://dblp.org/pid/h/ThomasAHenzinger,https://scholar.google.com/citations?user=jpgplxUAAAAJ
acm_fellows.csv,"Leiserson, Charles E",Charles E. Leiserson,Charles E. Leiserson,existing_link_corroborated,Charles E. Leiserson,Charles E. Leiserson,Historical identifier association corroborates the stored link; the old DBLP mapping is not independent identity proof.,,https://dblp.org/pid/l/CELeiserson,https://scholar.google.com/citations?user=gWBoNCsAAAAJ
acm_fellows.csv,"Ozsu, M. Tamer",M. Tamer Özsu,M. Tamer Özsu,existing_link_corroborated,M. Tamer Özsu,M. Tamer Özsu,Historical identifier association corroborates the stored link; the old DBLP mapping is not independent identity proof.,,https://dblp.org/pid/o/MTamerOzsu,https://scholar.google.com/citations?user=dwxm_CoAAAAJ
acm_fellows.csv,"Paxson, Vern",Vern Paxson,Vern Paxson,existing_link_corroborated,Vern Paxson,Vern Paxson,Historical identifier association corroborates the stored link; the old DBLP mapping is not independent identity proof.,,https://dblp.org/pid/p/VernPaxson,https://scholar.google.com/citations?user=HvwPRJ0AAAAJ
acm_fellows.csv,"Vianu, Victor",Victor Vianu,Victor Vianu,existing_link_corroborated,Victor Vianu,,Historical identifier association corroborates the stored link; the old DBLP mapping is not independent identity proof.,,https://dblp.org/pid/v/VictorVianu,
acm_fellows.csv,"Wolf, Alexander L",Alexander L. Wolf,Alexander L. Wolf,existing_link_corroborated,Alexander L. Wolf,Alexander L. Wolf,Historical identifier association corroborates the stored link; the old DBLP mapping is not independent identity proof.,,https://dblp.org/pid/w/AlexanderLWolf,https://scholar.google.com/citations?user=21FXjJgAAAAJ
acm_fellows.csv,"Zhang, Lixia",Lixia Zhang 0001,Lixia Zhang 0001,existing_link_corroborated,Lixia Zhang 0001,Lixia Zhang 0001,Historical identifier association corroborates the stored link; the old DBLP mapping is not independent identity proof.,,https://dblp.org/pid/122/9694,https://scholar.google.com/citations?user=CZyWk8kAAAAJ
acm_fellows.csv,"Cooper, Keith",Keith D. Cooper,Keith D. Cooper,existing_link_corroborated,Keith D. Cooper,Keith D. Cooper,Historical identifier association corroborates the stored link; the old DBLP mapping is not independent identity proof.,,https://dblp.org/pid/c/KeithDCooper,https://scholar.google.com/citations?user=ubiUvvgAAAAJ
acm_fellows.csv,"Franklin, Michael J",Michael J. Franklin,Michael J. Franklin,existing_link_corroborated,Michael J. Franklin,Michael J. Franklin,Historical identifier association corroborates the stored link; the old DBLP mapping is not independent identity proof.,,https://dblp.org/pid/f/MJFranklin,https://scholar.google.com/citations?user=p0sQC6sAAAAJ
acm_fellows.csv,"Frieder, Ophir",Ophir Frieder,Ophir Frieder,existing_link_corroborated,Ophir Frieder,Ophir Frieder,Historical identifier association corroborates the stored link; the old DBLP mapping is not independent identity proof.,,https://dblp.org/pid/f/OphirFrieder,https://scholar.google.com/citations?user=uUXCSMkAAAAJ
acm_fellows.csv,"Harper, Robert",Robert Harper 0001,Robert Harper 0001,existing_link_corroborated,Robert Harper 0001,,Historical identifier association corroborates the stored link; the old DBLP mapping is not independent identity proof.,,https://dblp.org/pid/h/RobertHarper,https://scholar.google.com/citations?user=sCPRIK0AAAAJ
acm_fellows.csv,"Herlihy, Maurice",Maurice Herlihy,Maurice Herlihy,existing_link_corroborated,Maurice Herlihy,Maurice Herlihy,Historical identifier association corroborates the stored link; the old DBLP mapping is not independent identity proof.,,https://dblp.org/pid/h/MauriceHerlihy,https://scholar.google.com/citations?user=Ezrt3pkAAAAJ
acm_fellows.csv,"kumar, vipin",Vipin Kumar 0001,Vipin Kumar 0001,existing_link_corroborated,Vipin Kumar 0001,Vipin Kumar 0001,Historical identifier association corroborates the stored link; the old DBLP mapping is not independent identity proof.,,https://dblp.org/pid/k/VipinKumar-1,https://scholar.google.com/citations?user=BnxU9TEAAAAJ
acm_fellows.csv,"Myers, Brad A",Brad A. Myers,Brad A. Myers,existing_link_corroborated,Brad A. Myers,Brad A. Myers,Historical identifier association corroborates the stored link; the old DBLP mapping is not independent identity proof.,,https://dblp.org/pid/54/1970,https://scholar.google.com/citations?user=E1cp_aYAAAAJ
acm_fellows.csv,"Sha, Lui",Lui Sha,Lui Sha,existing_link_corroborated,Lui Sha,Lui Sha,Historical identifier association corroborates the stored link; the old DBLP mapping is not independent identity proof.,,https://dblp.org/pid/67/5282,https://scholar.google.com/citations?user=SlXqNooAAAAJ
acm_fellows.csv,"Thorup, Mikkel",Mikkel Thorup,Mikkel Thorup,existing_link_corroborated,Mikkel Thorup,Mikkel Thorup,Historical identifier association corroborates the stored link; the old DBLP mapping is not independent identity proof.,,https://dblp.org/pid/t/MikkelThorup,https://scholar.google.com/citations?user=UPBuOPIAAAAJ
acm_fellows.csv,"Upfal, Eli",Eli Upfal,Eli Upfal,existing_link_corroborated,Eli Upfal,Eli Upfal,Historical identifier association corroborates the stored link; the old DBLP mapping is not independent identity proof.,,https://dblp.org/pid/u/EliUpfal,https://scholar.google.com/citations?user=O_7MVDIAAAAJ
acm_fellows.csv,"Vazirani, Vijay V",Vijay V. Vazirani,Vijay V. Vazirani,existing_link_corroborated,Vijay V. Vazirani,Vijay V. Vazirani,Historical identifier association corroborates the stored link; the old DBLP mapping is not independent identity proof.,,https://dblp.org/pid/84/5806,https://scholar.google.com/citations?user=8eB7Q1kAAAAJ
acm_fellows.csv,"Widom, Jennifer",Jennifer Widom,Jennifer Widom,existing_link_corroborated,Jennifer Widom,Jennifer Widom,Historical identifier association corroborates the stored link; the old DBLP mapping is not independent identity proof.,,https://dblp.org/pid/w/JenniferWidom,https://scholar.google.com/citations?user=zdKmnYwAAAAJ
acm_fellows.csv,"Bose, Bella",Bella Bose,Bella Bose,existing_link_corroborated,Bella Bose,,Historical identifier association corroborates the stored link; the old DBLP mapping is not independent identity proof.,,https://dblp.org/pid/b/BellaBose,https://scholar.google.com/citations?user=aFFq934AAAAJ
acm_fellows.csv,"Cardelli, Luca",,Luca Cardelli,accepted_historical_profile,Luca Cardelli,Luca Cardelli,Identity supported by historical source name/institution and institutional page; normalized DBLP URL agrees with the roster. Scholar ID also agrees. Absent from refreshed alphabetical and combined sources; this link refers to the retained local profile table.,https://www.cs.ox.ac.uk/people/luca.cardelli/,https://dblp.org/pid/c/LucaCardelli,https://scholar.google.com/citations?user=npBTgSsAAAAJ
acm_fellows.csv,"Chien, Andrew A",Andrew A. Chien,Andrew A. Chien,existing_link_corroborated,Andrew A. Chien,Andrew A. Chien,Historical identifier association corroborates the stored link; the old DBLP mapping is not independent identity proof.,,https://dblp.org/pid/75/6169,https://scholar.google.com/citations?user=zkqz0_0AAAAJ
acm_fellows.csv,"Wah, Benjamin W.",Benjamin W. Wah,Benjamin W. Wah,existing_link_corroborated,Benjamin W. Wah,Benjamin W. Wah,Historical identifier association corroborates the stored link; the old DBLP mapping is not independent identity proof.,,https://dblp.org/pid/w/BenjaminWWah,https://scholar.google.com/citations?user=WL8igVEAAAAJ
acm_fellows.csv,"Berger, Bonnie",Bonnie Berger,Bonnie Berger,existing_link_corroborated,Bonnie Berger,,Historical identifier association corroborates the stored link; the old DBLP mapping is not independent identity proof.,,https://dblp.org/pid/b/BonnieBerger,https://scholar.google.com/citations?user=bYjKaowAAAAJ
acm_fellows.csv,"Bertino, Elisa",Elisa Bertino,Elisa Bertino,existing_link_corroborated,Elisa Bertino,Elisa Bertino,Historical identifier association corroborates the stored link; the old DBLP mapping is not independent identity proof.,,https://dblp.org/pid/b/ElisaBertino,https://scholar.google.com/citations?user=EfuT9RoAAAAJ
acm_fellows.csv,"Carroll, John Millar",John Millar Carroll,John Millar Carroll,existing_link_corroborated,John Millar Carroll,John Millar Carroll,Historical identifier association corroborates the stored link; the old DBLP mapping is not independent identity proof.,,https://dblp.org/pid/c/JohnACarroll,https://scholar.google.com/citations?user=7Mg8JZMAAAAJ
acm_fellows.csv,"Grosz, Barbara J",Barbara J. Grosz,Barbara J. Grosz,existing_link_corroborated,Barbara J. Grosz,,Historical identifier association corroborates the stored link; the old DBLP mapping is not independent identity proof.,,https://dblp.org/pid/g/BarbaraJGrosz,
acm_fellows.csv,"Horowitz, Mark A",Mark A. Horowitz,Mark A. Horowitz,existing_link_corroborated,Mark A. Horowitz,Mark A. Horowitz,Historical identifier association corroborates the stored link; the old DBLP mapping is not independent identity proof.,,https://dblp.org/pid/h/MarkHorowitz,https://scholar.google.com/citations?user=e7V7-gEAAAAJ
acm_fellows.csv,"Jagadish, H V",H. V. Jagadish,H. V. Jagadish,existing_link_corroborated,H. V. Jagadish,H. V. Jagadish,Historical identifier association corroborates the stored link; the old DBLP mapping is not independent identity proof.,,https://dblp.org/pid/j/HVJagadish,https://scholar.google.com/citations?user=SKVnHakAAAAJ
acm_fellows.csv,"Jain, Anil K",Anil K. Jain 0001,Anil K. Jain 0001,existing_link_corroborated,Anil K. Jain 0001,Anil K. Jain 0001,Historical identifier association corroborates the stored link; the old DBLP mapping is not independent identity proof.,,https://dblp.org/pid/j/AnilKJain,https://scholar.google.com/citations?user=g-_ZXGsAAAAJ
acm_fellows.csv,"Lin, Yi-Bing",Yi-Bing Lin,Yi-Bing Lin,existing_link_corroborated,Yi-Bing Lin,,Historical identifier association corroborates the stored link; the old DBLP mapping is not independent identity proof.,,https://dblp.org/pid/l/YiBingLin,https://scholar.google.com/citations?user=DxFQ14MAAAAJ
acm_fellows.csv,"McKeown, Kathleen",Kathleen McKeown,Kathleen McKeown,existing_link_corroborated,Kathleen McKeown,Kathleen McKeown,Historical identifier association corroborates the stored link; the old DBLP mapping is not independent identity proof.,,https://dblp.org/pid/m/KathleenMcKeown,https://scholar.google.com/citations?user=ujDhg2sAAAAJ
acm_fellows.csv,"Partridge, Craig",Craig Partridge,Craig Partridge,existing_link_corroborated,Craig Partridge,Craig Partridge,Historical identifier association corroborates the stored link; the old DBLP mapping is not independent identity proof.,,https://dblp.org/pid/45/6587,https://scholar.google.com/citations?user=f-E5nFEAAAAJ
acm_fellows.csv,"Reed, Daniel A",Daniel A. Reed,Daniel A. Reed,existing_link_corroborated,Daniel A. Reed,Daniel A. Reed,Historical identifier association corroborates the stored link; the old DBLP mapping is not independent identity proof.,,https://dblp.org/pid/87/2101,https://scholar.google.com/citations?user=YCw2r14AAAAJ
acm_fellows.csv,"Russell, Stuart",Stuart Russell 0001,Stuart Russell 0001,existing_link_corroborated,Stuart Russell 0001,,Historical identifier association corroborates the stored link; the old DBLP mapping is not independent identity proof.,,https://dblp.org/pid/r/SJRussell,https://scholar.google.com/citations?user=2oy3OXYAAAAJ
acm_fellows.csv,"Sohi, Gurindar S",Gurindar S. Sohi,Gurindar S. Sohi,existing_link_corroborated,Gurindar S. Sohi,,Historical identifier association corroborates the stored link; the old DBLP mapping is not independent identity proof.,,https://dblp.org/pid/s/GurindarSSohi,
acm_fellows.csv,"Crowcroft, Jon",Jon Crowcroft,Jon Crowcroft,existing_link_corroborated,Jon Crowcroft,Jon Crowcroft,Historical identifier association corroborates the stored link; the old DBLP mapping is not independent identity proof.,,https://dblp.org/pid/c/JonCrowcroft,https://scholar.google.com/citations?user=qnMs-XYAAAAJ
acm_fellows.csv,"Satyanarayanan, Mahadev",Mahadev Satyanarayanan,Mahadev Satyanarayanan,existing_link_corroborated,Mahadev Satyanarayanan,Mahadev Satyanarayanan,Historical identifier association corroborates the stored link; the old DBLP mapping is not independent identity proof.,,https://dblp.org/pid/s/MahadevSatyanarayanan,https://scholar.google.com/citations?user=0y6JDD4AAAAJ
acm_fellows.csv,"Valero, Mateo",Mateo Valero,Mateo Valero,existing_link_corroborated,Mateo Valero,Mateo Valero,Historical identifier association corroborates the stored link; the old DBLP mapping is not independent identity proof.,,https://dblp.org/pid/v/MateoValero,https://scholar.google.com/citations?user=MyT3cHQAAAAJ
acm_fellows.csv,"Varghese, George",George Varghese,George Varghese,existing_link_corroborated,George Varghese,George Varghese,Historical identifier association corroborates the stored link; the old DBLP mapping is not independent identity proof.,,https://dblp.org/pid/v/GeorgeVarghese,https://scholar.google.com/citations?user=SEnY0XQAAAAJ
acm_fellows.csv,"Clark, David D",,,rejected_legacy_identity_conflict,David Clark 0001,,Historical name matcher linked the MIT networking researcher to David Clark 0001 at UCL; reject the namesake.,,https://dblp.org/pid/c/DavidDClark,https://scholar.google.com/citations?user=9s9o-JcAAAAJ
acm_fellows.csv,"Davidson, Susan B",Susan B. Davidson,Susan B. Davidson,existing_link_corroborated,Susan B. Davidson,Susan B. Davidson,Historical identifier association corroborates the stored link; the old DBLP mapping is not independent identity proof.,,https://dblp.org/pid/d/SBDavidson,https://scholar.google.com/citations?user=LW4lnZYAAAAJ
acm_fellows.csv,"Dongarra, Jack",Jack Dongarra,Jack Dongarra,existing_link_corroborated,Jack Dongarra,Jack Dongarra,Historical identifier association corroborates the stored link; the old DBLP mapping is not independent identity proof.,,https://dblp.org/pid/d/JackDongarra,https://scholar.google.com/citations?user=X4SbSTAAAAAJ
acm_fellows.csv,"Feigenbaum, Joan",Joan Feigenbaum,Joan Feigenbaum,existing_link_corroborated,Joan Feigenbaum,Joan Feigenbaum,Historical identifier association corroborates the stored link; the old DBLP mapping is not independent identity proof.,,https://dblp.org/pid/f/JoanFeigenbaum,https://scholar.google.com/citations?user=IAeKTGsAAAAJ
acm_fellows.csv,"Kramer, Jeffrey",Jeffrey Kramer,Jeffrey Kramer,existing_link_corroborated,Jeffrey Kramer,Jeffrey Kramer,Historical identifier association corroborates the stored link; the old DBLP mapping is not independent identity proof.,,https://dblp.org/pid/k/JeffKramer,https://scholar.google.com/citations?user=t-fuDjMAAAAJ
acm_fellows.csv,"Lee, Ruby B",,Ruby B. Lee,accepted_historical_profile,Ruby B. Lee,Ruby B. Lee,Identity supported by historical source name/institution and institutional page; normalized DBLP URL agrees with the roster. Scholar ID also agrees. Absent from refreshed alphabetical and combined sources; this link refers to the retained local profile table.,https://www.princeton.edu/~rblee/,https://dblp.org/pid/87/4706,https://scholar.google.com/citations?user=odeKATgAAAAJ
acm_fellows.csv,"Miller, Barton P",Barton P. Miller,Barton P. Miller,existing_link_corroborated,Barton P. Miller,Barton P. Miller,Historical identifier association corroborates the stored link; the old DBLP mapping is not independent identity proof.,,https://dblp.org/pid/m/BartonPMiller,https://scholar.google.com/citations?user=dywFuRMAAAAJ
acm_fellows.csv,"Pancake, Cherri M",Cherri M. Pancake,Cherri M. Pancake,existing_link_corroborated,Cherri M. Pancake,,Historical identifier association corroborates the stored link; the old DBLP mapping is not independent identity proof.,,https://dblp.org/pid/25/2235,
acm_fellows.csv,"Sandhu, Ravinderpal S",Ravinderpal Singh Sandhu,Ravinderpal Singh Sandhu,existing_link_corroborated,Ravinderpal Singh Sandhu,Ravinderpal Singh Sandhu,Historical identifier association corroborates the stored link; the old DBLP mapping is not independent identity proof.,,https://dblp.org/pid/s/RaviSSandhu,https://scholar.google.com/citations?user=wic7YpkAAAAJ
acm_fellows.csv,"Shmoys, David Bernard",David B. Shmoys,David B. Shmoys,existing_link_corroborated,David B. Shmoys,David B. Shmoys,Historical identifier association corroborates the stored link; the old DBLP mapping is not independent identity proof.,,https://dblp.org/pid/s/DavidBShmoys,https://scholar.google.com/citations?user=rD8a4hQAAAAJ
acm_fellows.csv,"Wolfson, Ouri",Ouri Wolfson,Ouri Wolfson,existing_link_corroborated,Ouri Wolfson,Ouri Wolfson,Historical identifier association corroborates the stored link; the old DBLP mapping is not independent identity proof.,,https://dblp.org/pid/w/OuriWolfson,https://scholar.google.com/citations?user=zGSP_osAAAAJ
acm_fellows.csv,"Berman, Francine",Francine Berman,Francine Berman,existing_link_corroborated,Francine Berman,,Historical identifier association corroborates the stored link; the old DBLP mapping is not independent identity proof.,,https://dblp.org/pid/b/FBerman,https://scholar.google.com/citations?user=HzqQ2wYAAAAJ
acm_fellows.csv,"Buneman, Peter",Peter Buneman,Peter Buneman,existing_link_corroborated,Peter Buneman,Peter Buneman,Historical identifier association corroborates the stored link; the old DBLP mapping is not independent identity proof.,,https://dblp.org/pid/b/PeterBuneman,https://scholar.google.com/citations?user=d9bq04sAAAAJ
acm_fellows.csv,"Carey, Michael J.",Michael J. Carey 0001,Michael J. Carey 0001,existing_link_corroborated,Michael J. Carey 0001,Michael J. Carey 0001,Historical identifier association corroborates the stored link; the old DBLP mapping is not independent identity proof.,,https://dblp.org/pid/31/3455,https://scholar.google.com/citations?user=B8tFrksAAAAJ
acm_fellows.csv,"Comer, Douglas E",Douglas E. Comer,Douglas E. Comer,existing_link_corroborated,Douglas E. Comer,Douglas E. Comer,Historical identifier association corroborates the stored link; the old DBLP mapping is not independent identity proof.,,https://dblp.org/pid/c/DouglasComer,https://scholar.google.com/citations?user=b2f-PjYAAAAJ
acm_fellows.csv,"Korth, Henry F",Henry F. Korth,Henry F. Korth,existing_link_corroborated,Henry F. Korth,Henry F. Korth,Historical identifier association corroborates the stored link; the old DBLP mapping is not independent identity proof.,,https://dblp.org/pid/k/HenryFKorth,https://scholar.google.com/citations?user=4VLZdawAAAAJ
acm_fellows.csv,"Peterson, Larry L",Larry L. Peterson,Larry L. Peterson,existing_link_corroborated,Larry L. Peterson,Larry L. Peterson,Historical identifier association corroborates the stored link; the old DBLP mapping is not independent identity proof.,,https://dblp.org/pid/29/10895,https://scholar.google.com/citations?user=hmq4rGIAAAAJ
acm_fellows.csv,"Vardi, Moshe Yaakov",Moshe Y. Vardi,Moshe Y. Vardi,existing_link_corroborated,Moshe Y. Vardi,Moshe Y. Vardi,Historical identifier association corroborates the stored link; the old DBLP mapping is not independent identity proof.,,https://dblp.org/pid/v/MosheYVardi,https://scholar.google.com/citations?user=DQaARsgAAAAJ
acm_fellows.csv,"Wilhelm, Reinhard",Reinhard Wilhelm,Reinhard Wilhelm,existing_link_corroborated,Reinhard Wilhelm,Reinhard Wilhelm,Historical identifier association corroborates the stored link; the old DBLP mapping is not independent identity proof.,,https://dblp.org/pid/w/ReinhardWilhelm,https://scholar.google.com/citations?user=cmvUbRUAAAAJ
acm_fellows.csv,"Birman, Ken",Ken Birman,Ken Birman,existing_link_corroborated,Ken Birman,Ken Birman,Historical identifier association corroborates the stored link; the old DBLP mapping is not independent identity proof.,,https://dblp.org/pid/b/KPBirman,https://scholar.google.com/citations?user=I-rKkyEAAAAJ
acm_fellows.csv,"Brachman, Ronald J.",Ronald J. Brachman,Ronald J. Brachman,existing_link_corroborated,Ronald J. Brachman,,Historical identifier association corroborates the stored link; the old DBLP mapping is not independent identity proof.,,https://dblp.org/pid/b/RJBrachman,https://scholar.google.com/citations?user=zMnT8BsAAAAJ
acm_fellows.csv,"Kanade, Takeo",Takeo Kanade,Takeo Kanade,existing_link_corroborated,Takeo Kanade,,Historical identifier association corroborates the stored link; the old DBLP mapping is not independent identity proof.,,https://dblp.org/pid/k/TakeoKanade,https://scholar.google.com/citations?user=askFPfcAAAAJ
acm_fellows.csv,"Soffa, Mary Lou",Mary Lou Soffa,Mary Lou Soffa,existing_link_corroborated,Mary Lou Soffa,Mary Lou Soffa,Historical identifier association corroborates the stored link; the old DBLP mapping is not independent identity proof.,,https://dblp.org/pid/s/MaryLouSoffa,https://scholar.google.com/citations?user=KWiJaj8AAAAJ
acm_fellows.csv,"Andrews, Gregory R",Gregory R. Andrews,Gregory R. Andrews,existing_link_corroborated,Gregory R. Andrews,Gregory R. Andrews,Historical identifier association corroborates the stored link; the old DBLP mapping is not independent identity proof.,,https://dblp.org/pid/a/GregoryRAndrews,https://scholar.google.com/citations?user=4LCdnkYAAAAJ
acm_fellows.csv,"Berghel, Hal",Hal Berghel,Hal Berghel,existing_link_corroborated,Hal Berghel,,Historical identifier association corroborates the stored link; the old DBLP mapping is not independent identity proof.,,https://dblp.org/pid/b/HalBerghel,
acm_fellows.csv,"Maier, David",David Maier 0001,David Maier 0001,existing_link_corroborated,David Maier 0001,David Maier 0001,Historical identifier association corroborates the stored link; the old DBLP mapping is not independent identity proof.,,https://dblp.org/pid/m/DavidMaier,https://scholar.google.com/citations?user=80pKMyMAAAAJ
acm_fellows.csv,"Spafford, Eugene H.",Eugene H. Spafford,Eugene H. Spafford,existing_link_corroborated,Eugene H. Spafford,Eugene H. Spafford,Historical identifier association corroborates the stored link; the old DBLP mapping is not independent identity proof.,,https://dblp.org/pid/s/EugeneHSpafford,https://scholar.google.com/citations?user=MkC5kHcAAAAJ
acm_fellows.csv,"Tardos, Eva",Éva Tardos,Éva Tardos,existing_link_corroborated,Éva Tardos,Éva Tardos,Historical identifier association corroborates the stored link; the old DBLP mapping is not independent identity proof.,,https://dblp.org/pid/t/EvaTardos,https://scholar.google.com/citations?user=h6jljQQAAAAJ
acm_fellows.csv,"Yannakakis, Mihalis",Mihalis Yannakakis,Mihalis Yannakakis,existing_link_corroborated,Mihalis Yannakakis,Mihalis Yannakakis,Historical identifier association corroborates the stored link; the old DBLP mapping is not independent identity proof.,,https://dblp.org/pid/y/MihalisYannakakis,https://scholar.google.com/citations?user=_pPy-pAAAAAJ
acm_fellows.csv,"Hennessy, John L",John L. Hennessy,John L. Hennessy,existing_link_corroborated,John L. Hennessy,John L. Hennessy,Historical identifier association corroborates the stored link; the old DBLP mapping is not independent identity proof.,,https://dblp.org/pid/h/JohnLHennessy,https://scholar.google.com/citations?user=tp07xT0AAAAJ
acm_fellows.csv,"Kemmerer, Richard A.",Richard A. Kemmerer,Richard A. Kemmerer,existing_link_corroborated,Richard A. Kemmerer,,Historical identifier association corroborates the stored link; the old DBLP mapping is not independent identity proof.,,https://dblp.org/pid/k/RAKemmerer,
acm_fellows.csv,"Reif, John H",John H. Reif,John H. Reif,existing_link_corroborated,John H. Reif,John H. Reif,Historical identifier association corroborates the stored link; the old DBLP mapping is not independent identity proof.,,https://dblp.org/pid/r/JohnHReif,https://scholar.google.com/citations?user=Er-gEaoAAAAJ
acm_fellows.csv,"Towsley, Donald F",Donald F. Towsley,Donald F. Towsley,existing_link_corroborated,Donald F. Towsley,Donald F. Towsley,Historical identifier association corroborates the stored link; the old DBLP mapping is not independent identity proof.,,https://dblp.org/pid/t/DonaldFTowsley,https://scholar.google.com/citations?user=KIFPVWoAAAAJ
acm_fellows.csv,"Widmayer, Peter",Peter Widmayer,Peter Widmayer,existing_link_corroborated,Peter Widmayer,,Historical identifier association corroborates the stored link; the old DBLP mapping is not independent identity proof.,,https://dblp.org/pid/w/PeterWidmayer,
acm_fellows.csv,"Yu, Philip S",Philip S. Yu,Philip S. Yu,existing_link_corroborated,Philip S. Yu,Philip S. Yu,Historical identifier association corroborates the stored link; the old DBLP mapping is not independent identity proof.,,https://dblp.org/pid/y/PhilipSYu,https://scholar.google.com/citations?user=D0lL1r0AAAAJ
acm_fellows.csv,"Chandrasekaran, B.",B. Chandrasekaran 0002,B. Chandrasekaran 0002,existing_link_corroborated,B. Chandrasekaran 0002,,Historical identifier association corroborates the stored link; the old DBLP mapping is not independent identity proof.,,https://dblp.org/pid/c/BChandrasekaran,
acm_fellows.csv,"Chazelle, Bernard",Bernard Chazelle,Bernard Chazelle,existing_link_corroborated,Bernard Chazelle,Bernard Chazelle,Historical identifier association corroborates the stored link; the old DBLP mapping is not independent identity proof.,,https://dblp.org/pid/c/BernardChazelle,https://scholar.google.com/citations?user=C1VwgssAAAAJ
acm_fellows.csv,"Deo, Narsingh",Narsingh Deo,Narsingh Deo,existing_link_corroborated,Narsingh Deo,Narsingh Deo,Historical identifier association corroborates the stored link; the old DBLP mapping is not independent identity proof.,,https://dblp.org/pid/93/4704,https://scholar.google.com/citations?user=2uiQgfMAAAAJ
acm_fellows.csv,"Fischer, Michael J",Michael J. Fischer,Michael J. Fischer,existing_link_corroborated,Michael J. Fischer,,Historical identifier association corroborates the stored link; the old DBLP mapping is not independent identity proof.,,https://dblp.org/pid/f/MichaelJFischer,
acm_fellows.csv,"Jain, Raj",Raj Jain,Raj Jain,existing_link_corroborated,Raj Jain,Raj Jain,Historical identifier association corroborates the stored link; the old DBLP mapping is not independent identity proof.,,https://dblp.org/pid/j/RajJain,https://scholar.google.com/citations?user=runT3RsAAAAJ
acm_fellows.csv,"Liskov, Barbara",Barbara Liskov,Barbara Liskov,existing_link_corroborated,Barbara Liskov,,Historical identifier association corroborates the stored link; the old DBLP mapping is not independent identity proof.,,https://dblp.org/pid/l/BarbaraLiskov,
acm_fellows.csv,"Sahni, Sartaj K",Sartaj K. Sahni,Sartaj K. Sahni,existing_link_corroborated,Sartaj K. Sahni,Sartaj K. Sahni,Historical identifier association corroborates the stored link; the old DBLP mapping is not independent identity proof.,,https://dblp.org/pid/s/SartajSahni,https://scholar.google.com/citations?user=gMQWxE0AAAAJ
acm_fellows.csv,"Samet, Hanan",Hanan Samet,Hanan Samet,existing_link_corroborated,Hanan Samet,Hanan Samet,Historical identifier association corroborates the stored link; the old DBLP mapping is not independent identity proof.,,https://dblp.org/pid/s/HananSamet,https://scholar.google.com/citations?user=ATOfqHEAAAAJ
acm_fellows.csv,"Sethi, Ravi",Ravi Sethi,Ravi Sethi,existing_link_corroborated,Ravi Sethi,Ravi Sethi,Historical identifier association corroborates the stored link; the old DBLP mapping is not independent identity proof.,,https://dblp.org/pid/34/3026,https://scholar.google.com/citations?user=ID4wZFwAAAAJ
acm_fellows.csv,"Silberschatz, Abraham",Abraham Silberschatz,Abraham Silberschatz,existing_link_corroborated,Abraham Silberschatz,Abraham Silberschatz,Historical identifier association corroborates the stored link; the old DBLP mapping is not independent identity proof.,,https://dblp.org/pid/s/AbrahamSilberschatz,https://scholar.google.com/citations?user=-YvgZDEAAAAJ
acm_fellows.csv,"Stankovic, John A",John A. Stankovic,John A. Stankovic,existing_link_corroborated,John A. Stankovic,John A. Stankovic,Historical identifier association corroborates the stored link; the old DBLP mapping is not independent identity proof.,,https://dblp.org/pid/s/JohnAStankovic,https://scholar.google.com/citations?user=4VJre9IAAAAJ
acm_fellows.csv,"Tanenbaum, Andrew S",Andrew S. Tanenbaum,Andrew S. Tanenbaum,existing_link_corroborated,Andrew S. Tanenbaum,Andrew S. Tanenbaum,Historical identifier association corroborates the stored link; the old DBLP mapping is not independent identity proof.,,https://dblp.org/pid/t/AndrewSTanenbaum,https://scholar.google.com/citations?user=TvjaNqkAAAAJ
acm_fellows.csv,"Vishkin, Uzi",Uzi Vishkin,Uzi Vishkin,existing_link_corroborated,Uzi Vishkin,Uzi Vishkin,Historical identifier association corroborates the stored link; the old DBLP mapping is not independent identity proof.,,https://dblp.org/pid/v/UziVishkin,https://scholar.google.com/citations?user=1r8HluQAAAAJ
acm_fellows.csv,"Barr, Alan H",Alan H. Barr,Alan H. Barr,existing_link_corroborated,Alan H. Barr,,Historical identifier association corroborates the stored link; the old DBLP mapping is not independent identity proof.,,https://dblp.org/pid/51/687,
acm_fellows.csv,"Fuchs, Henry",Henry Fuchs,Henry Fuchs,existing_link_corroborated,Henry Fuchs,Henry Fuchs,Historical identifier association corroborates the stored link; the old DBLP mapping is not independent identity proof.,,https://dblp.org/pid/f/HenryFuchs,https://scholar.google.com/citations?user=guhwcP8AAAAJ
acm_fellows.csv,"Galil, Zvi",Zvi Galil,Zvi Galil,existing_link_corroborated,Zvi Galil,,Historical identifier association corroborates the stored link; the old DBLP mapping is not independent identity proof.,,https://dblp.org/pid/g/ZviGalil,https://scholar.google.com/citations?user=tI3m7CMAAAAJ
acm_fellows.csv,"Greenberg, Donald",,Donald Greenberg,accepted_historical_profile,Donald Greenberg,,Identity supported by historical source name/institution and institutional page; normalized DBLP URL agrees with the roster. No Scholar-ID evidence used (NOSCHOLARPAGE). Absent from refreshed alphabetical and combined sources; this link refers to the retained local profile table.,https://www.cs.cornell.edu/people/donald-greenberg,https://dblp.org/pid/g/DonaldPGreenberg,
acm_fellows.csv,"Lakshmivarahan, S",S. Lakshmivarahan,S. Lakshmivarahan,existing_link_corroborated,S. Lakshmivarahan,,Historical identifier association corroborates the stored link; the old DBLP mapping is not independent identity proof.,,https://dblp.org/pid/l/SLakshmivarahan,https://scholar.google.com/citations?user=SverXLoAAAAJ
acm_fellows.csv,"Schneider, Fred B",Fred B. Schneider,Fred B. Schneider,existing_link_corroborated,Fred B. Schneider,Fred B. Schneider,Historical identifier association corroborates the stored link; the old DBLP mapping is not independent identity proof.,,https://dblp.org/pid/s/FredBSchneider,https://scholar.google.com/citations?user=sxjynOsAAAAJ
acm_fellows.csv,"Yao, Andrew C",Andrew C. Yao,Andrew C. Yao,existing_link_corroborated,Andrew C. Yao,,Historical identifier association corroborates the stored link; the old DBLP mapping is not independent identity proof.,,https://dblp.org/pid/y/AndrewChiChihYao,
acm_fellows.csv,"Denning, Peter J",Peter J. Denning,Peter J. Denning,existing_link_corroborated,Peter J. Denning,,Historical identifier association corroborates the stored link; the old DBLP mapping is not independent identity proof.,,https://dblp.org/pid/d/PJDenning,https://scholar.google.com/citations?user=-W3wvGkAAAAJ
acm_fellows.csv,"Harel, David",David Harel,David Harel,existing_link_corroborated,David Harel,David Harel,Historical identifier association corroborates the stored link; the old DBLP mapping is not independent identity proof.,,https://dblp.org/pid/h/DavidHarel,https://scholar.google.com/citations?user=E20Gzu0AAAAJ
acm_fellows.csv,"Liu, C.L.",,,rejected_legacy_identity_conflict,Chun-Lei Liu,,Historical name matcher linked C. L. Liu to Chun-Lei Liu at Berkeley; the initials alone do not establish this identity.,,https://dblp.org/pid/30/5444,
acm_fellows.csv,"Rivest, Ronald L",Ronald L. Rivest,Ronald L. Rivest,existing_link_corroborated,Ronald L. Rivest,Ronald L. Rivest,Historical identifier association corroborates the stored link; the old DBLP mapping is not independent identity proof.,,https://dblp.org/pid/r/RonaldLRivest,https://scholar.google.com/citations?user=6qE0tdAAAAAJ
acm_fellows.csv,"Tarjan, Robert E",Robert E. Tarjan,Robert E. Tarjan,existing_link_corroborated,Robert E. Tarjan,Robert E. Tarjan,Historical identifier association corroborates the stored link; the old DBLP mapping is not independent identity proof.,,https://dblp.org/pid/t/RobertEndreTarjan,https://scholar.google.com/citations?user=lazJixIAAAAJ
acm_fellows.csv,"van Dam, Andries",Andries van Dam,Andries van Dam,existing_link_corroborated,Andries van Dam,,Historical identifier association corroborates the stored link; the old DBLP mapping is not independent identity proof.,,https://dblp.org/pid/d/AvDam,
turing_award_winners.csv,"Dongarra, Jack",Jack Dongarra,Jack Dongarra,existing_link_corroborated,Jack Dongarra,Jack Dongarra,Historical identifier association corroborates the stored link; the old DBLP mapping is not independent identity proof.,,https://dblp.org/pid/d/JackDongarra,https://scholar.google.com/citations?user=X4SbSTAAAAAJ
turing_award_winners.csv,"Bengio, Yoshua",Yoshua Bengio,Yoshua Bengio,existing_link_corroborated,Yoshua Bengio,Yoshua Bengio,Historical identifier association corroborates the stored link; the old DBLP mapping is not independent identity proof.,,https://dblp.org/pid/56/953,https://scholar.google.com/citations?user=kukA0LcAAAAJ
turing_award_winners.csv,"Hennessy, John L",John L. Hennessy,John L. Hennessy,existing_link_corroborated,John L. Hennessy,John L. Hennessy,Historical identifier association corroborates the stored link; the old DBLP mapping is not independent identity proof.,,https://dblp.org/pid/h/JohnLHennessy,https://scholar.google.com/citations?user=tp07xT0AAAAJ
turing_award_winners.csv,"Goldwasser, Shafi",Shafi Goldwasser,Shafi Goldwasser,existing_link_corroborated,Shafi Goldwasser,,Historical identifier association corroborates the stored link; the old DBLP mapping is not independent identity proof.,,https://dblp.org/pid/g/ShafiGoldwasser,https://scholar.google.com/citations?user=KA8dgpMAAAAJ
turing_award_winners.csv,"Micali, Silvio",Silvio Micali,Silvio Micali,existing_link_corroborated,Silvio Micali,,Historical identifier association corroborates the stored link; the old DBLP mapping is not independent identity proof.,,https://dblp.org/pid/49/5661,
turing_award_winners.csv,"Valiant, Leslie G",Leslie G. Valiant,Leslie G. Valiant,existing_link_corroborated,Leslie G. Valiant,Leslie G. Valiant,Historical identifier association corroborates the stored link; the old DBLP mapping is not independent identity proof.,,https://dblp.org/pid/v/LeslieGValiant,https://scholar.google.com/citations?user=H509xdsAAAAJ
turing_award_winners.csv,"Liskov, Barbara",Barbara Liskov,Barbara Liskov,existing_link_corroborated,Barbara Liskov,,Historical identifier association corroborates the stored link; the old DBLP mapping is not independent identity proof.,,https://dblp.org/pid/l/BarbaraLiskov,
turing_award_winners.csv,"Adleman, Leonard M.",Leonard M. Adleman,Leonard M. Adleman,existing_link_corroborated,Leonard M. Adleman,,Historical identifier association corroborates the stored link; the old DBLP mapping is not independent identity proof.,,https://dblp.org/pid/a/LeonardMAdleman,
turing_award_winners.csv,"Rivest, Ronald L",Ronald L. Rivest,Ronald L. Rivest,existing_link_corroborated,Ronald L. Rivest,Ronald L. Rivest,Historical identifier association corroborates the stored link; the old DBLP mapping is not independent identity proof.,,https://dblp.org/pid/r/RonaldLRivest,https://scholar.google.com/citations?user=6qE0tdAAAAAJ
turing_award_winners.csv,"Shamir, Adi",Adi Shamir,Adi Shamir,existing_link_corroborated,Adi Shamir,Adi Shamir,Historical identifier association corroborates the stored link; the old DBLP mapping is not independent identity proof.,,https://dblp.org/pid/s/AdiShamir,https://scholar.google.com/citations?user=EHLBP20AAAAJ
turing_award_winners.csv,"Yao, Andrew C",Andrew C. Yao,Andrew C. Yao,existing_link_corroborated,Andrew C. Yao,,Historical identifier association corroborates the stored link; the old DBLP mapping is not independent identity proof.,,https://dblp.org/pid/y/AndrewChiChihYao,
turing_award_winners.csv,"Blum, Manuel",Manuel Blum 0001,Manuel Blum 0001,existing_link_corroborated,Manuel Blum 0001,,Historical identifier association corroborates the stored link; the old DBLP mapping is not independent identity proof.,,https://dblp.org/pid/b/ManuelBlum,
turing_award_winners.csv,"Reddy, Raj",Raj Reddy,Raj Reddy,existing_link_corroborated,Raj Reddy,,Historical identifier association corroborates the stored link; the old DBLP mapping is not independent identity proof.,,https://dblp.org/pid/r/RajReddy,https://scholar.google.com/citations?user=mYu2uuIAAAAJ
turing_award_winners.csv,"Tarjan, Robert E",Robert E. Tarjan,Robert E. Tarjan,existing_link_corroborated,Robert E. Tarjan,Robert E. Tarjan,Historical identifier association corroborates the stored link; the old DBLP mapping is not independent identity proof.,,https://dblp.org/pid/t/RobertEndreTarjan,https://scholar.google.com/citations?user=lazJixIAAAAJ
turing_award_winners.csv,"Rabin, Michael O.",Michael O. Rabin,Michael O. Rabin,existing_link_corroborated,Michael O. Rabin,,Historical identifier association corroborates the stored link; the old DBLP mapping is not independent identity proof.,,https://dblp.org/pid/r/MORabin,https://scholar.google.com/citations?user=_UUtVF4AAAAJ
