roster,name,year,csrankings_name,csrankings_name_alignment_date,status,reason,candidate_names,selected_affiliation,selected_homepage,acm_citation,scholar_name,scholar_affiliation,scholar_interests,dblp_name,dblp_information,evidence_urls
acm_fellows.csv,"Allman, Eric",2025,,,no_candidate,No candidate with sufficient corroborating identity evidence in this pass.,,,,For the development of electronic mail.,,,,Eric Allman,award (2014): Internet Hall of Fame,https://awards.acm.org/award-recipients/allman_1511070
acm_fellows.csv,"Bonifati, Angela",2025,,,no_candidate,No candidate with sufficient corroborating identity evidence in this pass.,,,,For contributions to the foundations of graph databases and data integration.,Angela Bonifati,"Distinguished Professor of Computer Science, Lyon 1 University, Senior Member of the French IUF","[""Graph Databases"", ""Data Integration"", ""Artificial Intelligence"", ""Big Data Analytics""]",Angela Bonifati,"affiliation: University of Lyon, France award (2023): TCDE Impact Award",https://awards.acm.org/award-recipients/bonifati_4027339
acm_fellows.csv,"Cao, Pei",2025,,,no_candidate,No candidate with sufficient corroborating identity evidence in this pass.,,,,"For contributions to web caching, search engine efficiency, and information quality.",Pei Cao,Google Inc. and Stanford University,"[""Computer Systems"", ""Web"", ""Networks""]",Pei Cao,,https://awards.acm.org/award-recipients/cao_8112438
acm_fellows.csv,"Cappello, Franck",2025,,,no_candidate,No candidate with sufficient corroborating identity evidence in this pass.,,,,"For contributions to parallel/distributed computing, resilience, and scientific data reduction",Franck Cappello,"Argonne National Laboratory. IEEE Fellow, ACM Fellow.","[""Parallel Processing"", ""High Performance Computing"", ""Fault Tolerance"", ""Data Compression""]",Franck Cappello,"affiliation: University of Illinois, INRIA-Illinois Joint Laboratory on PetaScale Computing",https://awards.acm.org/award-recipients/cappello_5342872
acm_fellows.csv,"Drettakis, George",2025,,,no_candidate,No candidate with sufficient corroborating identity evidence in this pass.,,,,"For contributions to computer graphics, image based rendering, and visual computing.",George Drettakis,Inria Center at Université Côte d’Azur/GRAPHDECO,"[""Computer Graphics"", ""Rendering"", ""Neural Rendering"", ""Gaussian Splatting"", ""Global Illumination""]",George Drettakis,,https://awards.acm.org/award-recipients/drettakis_3424991
acm_fellows.csv,"Dukkipati, Nandita",2025,,,no_candidate,No candidate with sufficient corroborating identity evidence in this pass.,,,,"For contributions to congestion control, TCP performance, and end-host network stacks.",,,,Nandita Dukkipati,,https://awards.acm.org/award-recipients/dukkipati_3327860
acm_fellows.csv,"Fu, Yun Raymond",2025,Yun Fu 0001,2026-09-18,scholar_id_and_identity_context,Same nonempty Scholar ID as the reviewed Y-rated roster link; candidate name and institution context reviewed for compatible identity.,Yun Fu 0001 | Yu Fu 0010 | Yanjie Fu | Yanwei Fu 0001 | Ying Fu 0001 | Yongjian Fu 0001 | Yuxi Fu | Yuzhuo Fu,Northeastern University,http://www1.ece.neu.edu/~yunfu,"For contributions to representation learning, computer vision, face and gesture recognition",Y. Raymond Fu,"NEU, COE Distinguished Professor; MAE, Fellow of NAI, AAAS, ACM, IEEE, AAAI","[""machine learning"", ""computer vision"", ""image processing"", ""human computer interaction"", ""multimedia""]",,,https://awards.acm.org/award-recipients/fu_2327618 | https://scholar.google.com/citations?user=h-JEcQ8AAAAJ
acm_fellows.csv,"Gleicher, Michael L",2025,Michael Gleicher,2026-09-18,scholar_id_and_identity_context,Same nonempty Scholar ID as the reviewed Y-rated roster link; candidate name and institution context reviewed for compatible identity.,Michael Gleicher,University of Wisconsin - Madison,http://pages.cs.wisc.edu/~gleicher,"For contributions to graphics, multimedia, visualization, and robotics",Michael Gleicher,"Professor of Computer Sciences, University of Wisconsin - Madison","[""Computer Graphics"", ""Visualization"", ""Robotics""]",Michael Gleicher,"affiliation: University of Wisconsin-Madison, Madison, USA",https://awards.acm.org/award-recipients/gleicher_3026374 | https://scholar.google.com/citations?user=kDkH9UkAAAAJ
acm_fellows.csv,"Hodges, Steve",2025,,,no_candidate,No candidate with sufficient corroborating identity evidence in this pass.,,,,For contributions to interactive device and systems research resulting in widely adopted impactful products,Steve Hodges,Lancaster University 📄= pub; 💡= patent ; 🏆/🏅= award,"[""ubiquitous computing"", ""pervasive computing"", ""HCI"", ""physical computing"", ""IoT""]",Steve Hodges 0001,"affiliation: Lancaster University, UK affiliation (former): Microsoft Research, United Kingdom",https://awards.acm.org/award-recipients/hodges_9356500
acm_fellows.csv,"Markopoulou, Athina",2025,,,no_candidate,No candidate with sufficient corroborating identity evidence in this pass.,,,,For contributions to internet measurement and privacy enhancing technologies.,,,,Athina Markopoulou,,https://awards.acm.org/award-recipients/markopoulou_1561968
acm_fellows.csv,"Mei, Tao",2025,,,no_candidate,No candidate with sufficient corroborating identity evidence in this pass.,,,,"For contributions to multimedia analysis, retrieval, and applications",Tao Mei,Founder of HiDream.ai; Fellow of CAE/ACM/IEEE/IAPR,"[""Multimedia"", ""Computer Vision"", ""Generative AI"", ""Artificial Intelligence""]",Tao Mei 0001,"affiliation: JD AI Research, Beijing, China affiliation: Microsoft Research Asia, Beijing, China affiliation (PhD 2006): University of Science and Technology of China, Department of Automation, Hefei, China",https://awards.acm.org/award-recipients/mei_8219007
acm_fellows.csv,"Melodia, Tommaso",2025,,,no_candidate,No candidate with sufficient corroborating identity evidence in this pass.,,,,For contributions to open radio access network architectures and AI-native wireless networks,Tommaso Melodia,Institute for Intelligent Networked Systems at Northeastern University,"[""Open RAN"", ""Spectrum Sharing"", ""5G/6G"", ""AI/ML"", ""Internet of Things""]",Tommaso Melodia,,https://awards.acm.org/award-recipients/melodia_7974362
acm_fellows.csv,"Milojicic, Dejan S",2025,,,no_candidate,No candidate with sufficient corroborating identity evidence in this pass.,,,,"For contributions to software and hardware architectures of distributed systems, from high performance computing to cloud computing.",Dejan Milojicic,Hewlett Packard Labs,"[""Distributed Systems"", ""Operating Systems"", ""Cloud Computing"", ""Systems Software"", ""HPC""]",Dejan S. Milojicic,affiliation: Hewlett Packard Labs unicode name: Dejan S. Milojičić,https://awards.acm.org/award-recipients/milojicic_3644218
acm_fellows.csv,"Moffat, Alistair M",2025,Alistair Moffat,2026-09-18,scholar_id_and_identity_context,Same nonempty Scholar ID as the reviewed Y-rated roster link; candidate name and institution context reviewed for compatible identity.,Alistair Moffat,University of Melbourne,http://people.eng.unimelb.edu.au/ammoffat,For contributions to the implementation and evaluation of search engines.,Alistair Moffat,"School of Computing and Information Systems, The University of Melbourne","[""Compression"", ""indexing"", ""retrieval"", ""search"", ""information systems""]",Alistair Moffat,"affiliation: University of Melbourne, School of Computing and Information Systems, Australia",https://awards.acm.org/award-recipients/moffat_1885573 | https://scholar.google.com/citations?user=r3xSME0AAAAJ
acm_fellows.csv,"Musuvathi, Madanlal",2025,,,no_candidate,No candidate with sufficient corroborating identity evidence in this pass.,,,,"For the development of methods in concurrency verification and testing, and machine learning systems design",Madanlal Musuvathi,Microsoft Research,"[""Concurrency and Parallelism"", ""Program Verification"", ""Algorithms"", ""Systems"", ""Model Checking""]",Madan Musuvathi,affiliation: Microsoft Research,https://awards.acm.org/award-recipients/musuvathi_4713478
acm_fellows.csv,"Palpanas, Themis",2025,,,no_candidate,No candidate with sufficient corroborating identity evidence in this pass.,,,,"For contributions to time-series and high-dimensional vector indexing and similarity-search, anomaly detection, and entity resolution.",Themis Palpanas,"Distinguished Professor, University Paris Cite, ACM Fellow, French University Institute (IUF) Fellow","[""data management"", ""data science"", ""data/time series"", ""anomaly detection"", ""high-dimensional similarity""]",Themis Palpanas,"affiliation: Paris Descartes University, France affiliation (former): University of California, Riverside, USA",https://awards.acm.org/award-recipients/palpanas_NA32961
acm_fellows.csv,"Procaccia, Ariel",2025,Ariel D. Procaccia,2026-09-18,scholar_id_and_identity_context,Same nonempty Scholar ID as the reviewed Y-rated roster link; candidate name and institution context reviewed for compatible identity.,Ariel D. Procaccia,Harvard University,http://procaccia.info,"For contributions to AI, algorithms, and society, including foundational work and practical impact.",Ariel Procaccia,"Alfred and Rebecca Lin Professor of Computer Science, Harvard University","[""Artificial Intelligence"", ""Algorithmic Game Theory"", ""Computational Social Choice""]",Ariel D. Procaccia,"affiliation: Harvard University, Cambridge, USA affiliation (former): Carnegie Mellon University, Pittsburgh, USA",https://awards.acm.org/award-recipients/procaccia_1176772 | https://scholar.google.com/citations?user=8ZpV-lkAAAAJ
acm_fellows.csv,"Rappaport, Theodore",2025,Theodore S. Rappaport,2026-09-18,scholar_id_and_identity_context,"Same nonempty Scholar ID as the reviewed Y-rated roster link; candidate name and institution context reviewed for compatible identity. Among multiple source spellings, use the reviewed DBLP or Scholar spelling (preserving any source campus tag); Ellen Zegura uses the initial form shared by an identical source profile.",Theodore S. Rappaport | Theodore Ted S. Rappaport,New York University,http://wireless.engineering.nyu.edu/tedrappaport,For research contributions in wireless networks,Theodore (Ted) S. Rappaport,"NYU WIRELESS Founder; Lee/Weber Chair of ECE; Prof. of CS; Prof. of Radiology, New York University","[""wireless"", ""communications"", ""antennas"", ""propagation"", ""6G""]",Theodore S. Rappaport,,https://awards.acm.org/award-recipients/rappaport_6520722 | https://scholar.google.com/citations?user=aLOSzWwAAAAJ
acm_fellows.csv,"Shankar, Natarajan",2025,,,no_candidate,No candidate with sufficient corroborating identity evidence in this pass.,,,,"For contributions in automated reasoning, mechanized metatheory, formalized mathematics, formal methods, and system assurance.",Natarajan Shankar,SRI International Computer Science Laboratory,"[""Computational Logic"", ""Automated Reasoning"", ""Formal Methods"", ""Computer-Aided Verification"", ""Programming Languages""]",Natarajan Shankar,"affiliation: SRI International, Menlo Park, CA, USA",https://awards.acm.org/award-recipients/shankar_3285830
acm_fellows.csv,"Starbird, Kate",2025,,,no_candidate,No candidate with sufficient corroborating identity evidence in this pass.,,,,"For contributions to understanding and improving information ecosystems, including during crisis events and addressing misinformation",Kate Starbird,"Professor, Human Centered Design & Engineering, University of Washington","[""Crisis Informatics"", ""Crowdsourcing"", ""Crowdwork"", ""CSCW"", ""Human Computer Interaction""]",Kate Starbird,"affiliation: University of Washington, Seattle, WA, USA",https://awards.acm.org/award-recipients/starbird_5342784
acm_fellows.csv,"Suh, Gookwon Edward",2025,,,no_candidate,No candidate with sufficient corroborating identity evidence in this pass.,,,,For contributions to the development of secure hardware circuits and processors.,Edward Suh,NVIDIA / Cornell University,"[""Computer Architecture"", ""Security"", ""EDA"", ""Machine Learning""]",G. Edward Suh,"affiliation: Cornell University, Ithaca, NY, USA",https://awards.acm.org/award-recipients/suh_UK42031
acm_fellows.csv,"Wright, Rebecca N.",2025,,,no_candidate,No candidate with sufficient corroborating identity evidence in this pass.,,,,"For contributions to security and privacy, and for leadership in computing research and education",Rebecca N. Wright,Barnard College,"[""cybersecurity"", ""privacy"", ""distributed computing""]",Rebecca N. Wright,"affiliation: Barnard College, NY, USA affiliation (former): Rutgers University, USA",https://awards.acm.org/award-recipients/wright_9672189
acm_fellows.csv,"Zheng, Yu",2025,,,no_candidate,No candidate with sufficient corroborating identity evidence in this pass.,,,,For contributions to spatio-temporal data mining and urban computing,Yu Zheng,"Vice President of JD.COM, Head of AI Institute in Soutwest Jiaotong University, IEEE/ACM Fellow","[""Urban Computing"", ""Artificial Intelligence"", ""Spatio-temporal Data Mining"", ""Ubiquitous Computing""]",Yu Zheng 0004,"unicode name: 郑宇 affiliation: JD Intelligent Cities Research, Beijing, China affiliation: Southwest Jiaotong University, School of Information Science and Technology, Chengdu, China affiliation: Xidian University, School of Computer Science and Technology, Xi'an, China affiliation: Chinese Academy of Sciences, Shenzhen Institutes of Advanced Technology, China",https://awards.acm.org/award-recipients/zheng_0370383
acm_fellows.csv,"Bailey, Michael",2024,Michael D. Bailey,2026-09-18,scholar_id_and_identity_context,"Same nonempty Scholar ID as the reviewed Y-rated roster link; candidate name and institution context reviewed for compatible identity. Among multiple source spellings, use the reviewed DBLP or Scholar spelling (preserving any source campus tag); Ellen Zegura uses the initial form shared by an identical source profile.",Michael D. Bailey | Michael Donald Bailey | Mike Bailey,Georgia Institute of Technology,https://faculty.cc.gatech.edu/~mbailey,For contributions to cybersecurity and internet measurement.,Michael Donald Bailey,Georgia Institute of Technology,"[""Software Systems""]",Michael D. Bailey,"affiliation: Georgia Institute of Technology, Atlanta, GA, USA affiliation (former): University of Illinois Urbana-Champaign, IL, USA",https://awards.acm.org/award-recipients/bailey_5046024 | https://scholar.google.com/citations?user=sMnocAYAAAAJ
acm_fellows.csv,"Bodker, Susanne",2024,Susanne Bødker,2026-09-18,scholar_id_and_identity_context,Same nonempty Scholar ID as the reviewed Y-rated roster link; candidate name and institution context reviewed for compatible identity.,Susanne Bødker,Aarhus University,http://pure.au.dk/portal/en/persons/id(87d4fbb6-b38c-449e-b87d-59f693b7d6f0).html,"For contributions to participatory design, computer-supported collaborative work, and human-computer interaction.",Susanne Bødker,"Professor of Computer Science, Aarhus University","[""Human-Computer Interaction"", ""HCI"", ""CSCW"", ""Interaction design"", ""Participatory design""]",Susanne Bødker,"affiliation: Aarhus University, Aarhus, Denmark",https://awards.acm.org/award-recipients/bodker_4165858 | https://scholar.google.com/citations?user=tO-dGhkAAAAJ
acm_fellows.csv,"Chandra, Satish",2024,,,no_candidate,No candidate with sufficient corroborating identity evidence in this pass.,,,,For contributions to the foundations and practice of software development tools,Satish Chandra,"Meta Platforms, Inc.","[""machine learning"", ""programming languages"", ""software engineering"", ""program analysis""]",Satish Chandra 0001,"affiliation: Google, USA affiliation (former): Facebook, Menlo Park, CA, USA affiliation (former): Samsung Research America, Mountain View, CA, USA affiliation (former): IBM Research, T.J. Watson Research Center, Yorktown Heights, NY, USA affiliation (former): Bell Laboratories, Naperville, IL, USA",https://awards.acm.org/award-recipients/chandra_3959079
acm_fellows.csv,"Chen, Wei",2024,,,unresolved_candidates,No candidate with sufficient corroborating identity evidence in this pass.,Wei Chen 0001 | Wei Chen 0021,,,For contributions to network influence maximization and combinatorial online learning,Wei Chen,"Microsoft Research, ACM/IEEE Fellow","[""Social and information networks"", ""online learning"", ""networked game theory and economics"", ""distributed""]",Wei Chen 0013,"unicode name: 陈卫 affiliation: Microsoft Research Asia, Beijing, China affiliation (former): Tsinghua University, Institute of Interdisciplinary Information Sciences, Beijing, China affiliation (former): Chinese Academy of Sciences, Institute of Computing Technology, Beijing, China affiliation (former): Oracle Corporation affiliation (PhD 2000): Cornell University, Department of Computer Science, Ithaca, NY, USA not to be confused with: Wei Chen 0034",https://awards.acm.org/award-recipients/chen_1945616
acm_fellows.csv,"Chiasserini, Carla Fabiana",2024,,,no_candidate,No candidate with sufficient corroborating identity evidence in this pass.,,,,For contributions to the design of high-performance mobile networks and services,Carla Fabiana Chiasserini,"Full Professor, Politecnico di Torino, Italy","[""Mobile networks""]",Carla Fabiana Chiasserini,"affiliation: Polytechnic University of Turin, Italy",https://awards.acm.org/award-recipients/chiasserini_6232706
acm_fellows.csv,"Crocker, Stephen David",2024,,,no_candidate,No candidate with sufficient corroborating identity evidence in this pass.,,,,For pioneering leadership in the design of the Arpanet Host-Host Protocols and applications,,,,Steve Crocker,,https://awards.acm.org/award-recipients/crocker_2161414
acm_fellows.csv,"Delp, Edward J",2024,,,no_candidate,No candidate with sufficient corroborating identity evidence in this pass.,,,,"For Contributions to Multimedia Security, Image and Video Compression, and Image-Based Dietary Assessment",Edward Delp,Purdue University,"[""signal processing"", ""video processing"", ""image processing"", ""digital watermarking"", ""pattern recognition""]",Edward J. Delp,"affiliation: Purdue University, West Lafayette, IN, USA",https://awards.acm.org/award-recipients/delp_4732418
acm_fellows.csv,"Dreyer, Derek",2024,Derek Dreyer [SWS],2026-09-18,scholar_id_and_identity_context,Same nonempty Scholar ID as the reviewed Y-rated roster link; candidate name and institution context reviewed for compatible identity.,Derek Dreyer [SWS],Max Planck Society,https://www.mpi-sws.org/~dreyer,For contributions to the logical and semantic foundations of programming languages,Derek Dreyer,"Max Planck Institute for Software Systems (MPI-SWS), Saarland Informatics Campus","[""Programming languages"", ""type systems"", ""semantics"", ""verification""]",Derek Dreyer,affiliation: Max Planck Institute for Software Systems,https://awards.acm.org/award-recipients/dreyer_5327374 | https://scholar.google.com/citations?user=1_c89uMAAAAJ
acm_fellows.csv,"Guha, Sudipto",2024,,,no_candidate,No candidate with sufficient corroborating identity evidence in this pass.,,,,For contributions to streaming and approximation algorithms and their applications.,Sudipto Guha,`,"[""Algorithms"", ""Data Streams"", ""Databases"", ""Stochastic Optimization"", ""Machine Learning""]",Sudipto Guha,"affiliation: University of Pennsylvania, Philadelphia, PA, USA",https://awards.acm.org/award-recipients/guha_9889338
acm_fellows.csv,"Housley, Russell",2024,,,no_candidate,No candidate with sufficient corroborating identity evidence in this pass.,,,,"For contributions to Internet security standards, and leadership in the IETF.",,,,Russ Housley,,https://awards.acm.org/award-recipients/housley_3073715
acm_fellows.csv,"Hudson, Scott",2024,Scott E. Hudson,2026-09-18,scholar_id_and_identity_context,Same nonempty Scholar ID as the reviewed Y-rated roster link; candidate name and institution context reviewed for compatible identity.,Scott E. Hudson,Carnegie Mellon University,http://www.cs.cmu.edu/~hudson,"For contributions in user interface software, interactive devices, and computational fabrication applied to HCI.",Scott E. Hudson,"Professor of Human-Computer Interaction, Carnegie Mellon University","[""Human-Computer Interaction""]",Scott E. Hudson,"affiliation: Carnegie Mellon University, Pittsburgh, PA, USA affiliation (former): Georgia Institute of Technology, Atlanta, USA",https://awards.acm.org/award-recipients/hudson_1980200 | https://scholar.google.com/citations?user=6YU6_QoAAAAJ
acm_fellows.csv,"Lampe, Cliff",2024,,,no_candidate,No candidate with sufficient corroborating identity evidence in this pass.,,,,"For contributions on social network systems, and outstanding leadership in the ACM SIGCHI community.",Cliff Lampe,"Professor, School of Information University of Michigan","[""social media"", ""computer-mediated communication"", ""computer-supported cooperative work"", ""HCI"", ""groupware""]",Cliff Lampe,"affiliation: University of Michigan, USA",https://awards.acm.org/award-recipients/lampe_0157663
acm_fellows.csv,"Madni, Azad M",2024,,,no_candidate,No candidate with sufficient corroborating identity evidence in this pass.,,,,For technical leadership in advancing augmented intelligence and machine learning for aerospace and automotive systems,,,,Azad M. Madni,"affiliation: University of Southern California, USA",https://awards.acm.org/award-recipients/madni_2019240
acm_fellows.csv,"Menzies, Tim J.",2024,Tim Menzies,2026-09-18,scholar_id_and_identity_context,Same nonempty Scholar ID as the reviewed Y-rated roster link; candidate name and institution context reviewed for compatible identity.,Tim Menzies,North Carolina State University,http://menzies.us,For contributions to the foundation and application of AI to Software Engineering,Tim Menzies,"Professor, North Carolina State University, Computer Science, ACM Fellow, IEEE Fellow, ASE Fellow","[""automated software engineering"", ""defect prediction"", ""ai4se"", ""se4ai"", ""software cost estimation""]",Tim Menzies,"affiliation: North Carolina State University, North Carolina, USA affiliation (former): University of British Columbia, Vancouver, Canada",https://awards.acm.org/award-recipients/menzies_8594681 | https://scholar.google.com/citations?user=7htTUTgmLtUC
acm_fellows.csv,"O'Hearn, Peter W",2024,,,no_candidate,No candidate with sufficient corroborating identity evidence in this pass.,,,,For fundamental contributions to the science and engineering of reasoning about programs.,Peter O'Hearn,University College London,"[""Programming Languages"", ""Verification"", ""Program Analysis"", ""Theory""]",Peter W. O'Hearn,"affiliation: Facebook Research affiliation (former): University College London, UK affiliation (former): Queen Mary University of London, UK award (2016): Gödel Prize",https://awards.acm.org/award-recipients/ohearn_3785417
acm_fellows.csv,"Ozcan, Fatma",2024,,,no_candidate,No candidate with sufficient corroborating identity evidence in this pass.,,,,For contributions to the field of scalable data management systems,Fatma Ozcan,Google,"[""Big data"", ""query processing and optimization""]",Fatma Özcan 0001,affiliation: Systems Research@Google affiliation (former): IBM Research,https://awards.acm.org/award-recipients/ozcan_5014857
acm_fellows.csv,"Panda, Dhabaleswar K",2024,Dhabaleswar K. Panda 0001,2026-09-18,scholar_id_and_identity_context,"Same nonempty Scholar ID as the reviewed Y-rated roster link; candidate name and institution context reviewed for compatible identity. Among multiple source spellings, use the reviewed DBLP or Scholar spelling (preserving any source campus tag); Ellen Zegura uses the initial form shared by an identical source profile.",Dhabaleswar K. D. K. Panda | Dhabaleswar K. Panda | Dhabaleswar K. Panda 0001 | Dhabaleswar Kumar Panda 0001,Ohio State University,http://web.cse.ohio-state.edu/~panda,For contributions to high-performance and scalable communication in parallel and high-end computing systems.,Dhabaleswar K. Panda,"Professor of Computer Science, The Ohio State University","[""High Performance Computing"", ""Deep Learning"", ""Big Data"", ""Cloud Computing"", ""Exascale Computing""]",Dhabaleswar K. Panda 0001,"affiliation: Ohio State University, Columbus, USA",https://awards.acm.org/award-recipients/panda_3506292 | https://scholar.google.com/citations?user=7FXtL98AAAAJ
acm_fellows.csv,"Tian, Qi",2024,,,no_candidate,No candidate with sufficient corroborating identity evidence in this pass.,,,,"For contributions to multimedia information retrieval, computer vision, and AI for scientific computing",Qi Tian,"Chief AI Scientist at Huawei CBG & Director of Guangming Laboratory, Shenzhen, China","[""Multimedia"", ""Computer Vision"", ""Multimedia Information Retrieval"", ""AI for Science""]",Qi Tian 0001,"affiliation: Huawei Noah's Ark Lab affiliation (2002-2019): University of Texas at San Antonio, Department of Computer Science, TX, USA affiliation (2008-2009): Microsoft Research Asia, Beijing, China affiliation (former, PhD 2002): University of Illinois at Urbana-Champaign, Champaign, IL, USA affiliation (until 1996): Drexel University, Philadelphia, PA, USA affiliation (until 1992): Tsinghua University, Department of Electronic Engineering, Beijing, China",https://awards.acm.org/award-recipients/tian_0870782
acm_fellows.csv,"Walid, Anwar",2024,,,no_candidate,No candidate with sufficient corroborating identity evidence in this pass.,,,,"For contributions to the theory of multipath congestion control, its practical realization, and its deployment",,,,Anwar Elwalid,,https://awards.acm.org/award-recipients/walid_4359859
acm_fellows.csv,"Wang, Haixun",2024,,,no_candidate,No candidate with sufficient corroborating identity evidence in this pass.,,,,For contributions to graph-based systems and their application to text understanding.,Haixun Wang,"VP of Engineering, Head of AI at EvenUp","[""Machine Learning"", ""Data and knowledge engineering"", ""NLP""]",Haixun Wang,"affiliation: Instacart affiliation (former): Google affiliation (former): University of California, Los Angeles, USA",https://awards.acm.org/award-recipients/wang_5236294
acm_fellows.csv,"Zhao, Feng",2024,,,unresolved_candidates,No candidate with sufficient corroborating identity evidence in this pass.,Fang Zhao 0003 | Fang Zhao 0006 | Fuheng Zhao | Peng Zhao 0001 | Peng Zhao 0006,,,For contributions to the theories and practices of networked embedded sensing and Internet of Things,Feng Zhao,Microsoft Research,"[""sensor network"", ""mobile"", ""wireless"", ""energy"", ""embedded""]",,,https://awards.acm.org/award-recipients/zhao_3018413
acm_fellows.csv,"Zhou, Jingren",2024,,,no_candidate,No candidate with sufficient corroborating identity evidence in this pass.,,,,For contributions to cloud computing and query processing,Jingren Zhou,"Alibaba Group, Microsoft","[""Cloud Computing"", ""Large Scale Distributed Systems"", ""Machine Learning"", ""Query Processing"", ""Query""]",Jingren Zhou 0001,"affiliation: Alibaba Group, Alibaba Cloud Computing, Hangzhou, China affiliation: Microsoft Corp., Microsoft Research, Redmond, WA, USA affiliation (PhD): Columbia University, USA",https://awards.acm.org/award-recipients/zhou_9315680
acm_fellows.csv,"Zorn, Benjamin G",2024,,,no_candidate,No candidate with sufficient corroborating identity evidence in this pass.,,,,"For contributions to programming language systems include run-time performance, security, and usability in programming.",Benjamin Zorn,"Microsoft Research, Redmond","[""Programming languages"", ""reliability"", ""security"", ""performance""]",Benjamin G. Zorn,"affiliation: Microsoft Research, USA",https://awards.acm.org/award-recipients/zorn_2009520
acm_fellows.csv,"Berners-Lee, Tim",2023,,,no_candidate,No candidate with sufficient corroborating identity evidence in this pass.,,,,"For inventing the World Wide Web, the first web browser, and the fundamental protocols and algorithms allowing the Web to scale",,,,Tim Berners-Lee,"affiliation: Massachusetts Institiute of Technology, Cambridge, MA, USA affiliation: University of Southampton, School of Electronics and Computer Science, UK affiliation: CERN, Geneva, Switzerland award (2016): Turing Award award (2012): Internet Hall of Fame award (2002): Marconi Prize award (2000): EFF Pioneer Award award (1996): W. Wallace McDowell Award award (1995): ACM Software System Award",https://awards.acm.org/award-recipients/berners-lee_8087960
acm_fellows.csv,"Betz, Vaughn Timothy",2023,,,no_candidate,No candidate with sufficient corroborating identity evidence in this pass.,,,,For contributions to the architecture and computer-aided design of field programmable gate arrays (FPGAs),Vaughn Betz,University of Toronto,"[""FPGAs"", ""Computer Aided Design"", ""Deep Learning"", ""Hardware Acceleration"", ""VLSI""]",Vaughn Betz,,https://awards.acm.org/award-recipients/betz_2947711
acm_fellows.csv,"Caceres, Ramon",2023,,,no_candidate,No candidate with sufficient corroborating identity evidence in this pass.,,,,For contributions to mobile and edge computing,Ramón Cáceres,Retired,"[""Computer science""]",Ramón Cáceres,,https://awards.acm.org/award-recipients/caceres_2640969
acm_fellows.csv,"Chen, Yingying",2023,,,unresolved_candidates,No candidate with sufficient corroborating identity evidence in this pass.,Mingming Chen 0001 | Yongyong Chen,,,For contributions to design and application of mobile sensing and mobile security systems,Yingying Chen,"Fellow of AAAS, NAI, ACM and IEEE, Distinguished Professor and Dept. Chair, Rutgers University","[""AI-enabled mobile sensing & computing"", ""cyber security"", ""smart healthcare"", ""IoT"", ""secure AI/ML systems""]",Yingying Chen 0001,"affiliation: Rutgers University, Department of Electrical and Computer Engineering, New Brunswick, NJ, USA affiliation (former): Stevens Institute of Technology, Department of Electrical and Computer Engineering, Hoboken, NJ, USA",https://awards.acm.org/award-recipients/chen_8914317
acm_fellows.csv,"Church, Kenneth Ward",2023,,,no_candidate,No candidate with sufficient corroborating identity evidence in this pass.,,,,For contributions to empirical methods in natural language processing,Kenneth Church,VecML,"[""Natural Language Processing"", ""Corpora"", ""Speech""]",Kenneth Church 0001,"affiliation: Northeastern University, MA, USA affiliation (former): Johns Hopkins University affiliation (former): Microsoft Research",https://awards.acm.org/award-recipients/church_5316647
acm_fellows.csv,"Dannenberg, Roger B.",2023,,,no_candidate,No candidate with sufficient corroborating identity evidence in this pass.,,,,For contributions to the field of computer science through innovative computer music systems,Roger B. Dannenberg,"Professor of Computer Science, Carnegie Mellon University","[""Computer Music""]",Roger B. Dannenberg,"affiliation: Carnegie Mellon University, Pittsburgh, USA",https://awards.acm.org/award-recipients/dannenberg_3865244
acm_fellows.csv,"Dong, Xin Luna",2023,,,no_candidate,No candidate with sufficient corroborating identity evidence in this pass.,,,,For contributions to knowledge graph construction and data integration.,Xin Luna Dong,"ACM / IEEE Fellow, Principal Scientist at Meta","[""Knowledge graph"", ""Data quality"", ""NLP"", ""Search""]",Xin Dong 0001,affiliation: Meta Reality Labs affiliation (former): Amazon affiliation (former): Google,https://awards.acm.org/award-recipients/dong_4269593
acm_fellows.csv,"Dubey, Pradeep",2023,,,no_candidate,No candidate with sufficient corroborating identity evidence in this pass.,,,,For contributions to emerging compute- and data-intensive applications and parallel processing computer architectures,Pradeep Dubey,Intel Corporation,"[""Emergng applications and architecture""]",Pradeep Dubey,,https://awards.acm.org/award-recipients/dubey_7622525
acm_fellows.csv,"Feldmann, Anja",2023,Anja Feldmann [INF],2026-09-18,scholar_id_and_identity_context,Same nonempty Scholar ID as the reviewed Y-rated roster link; candidate name and institution context reviewed for compatible identity.,Anja Feldmann [INF],Max Planck Society,https://www.mpi-inf.mpg.de/inet/people/anja-feldmann,For contributions to the data-driven analysis of operational networks,Anja Feldmann,"Direktor, Max Planck Institut für Informatik, Saarland Informatics Campus, Saarland University","[""Networking"", ""Network Measurement"", ""Network Management"", ""Computer Networks""]",Anja Feldmann,"affiliation: Max Planck Institute for Informatics, Saarbrücken, Germany affiliation (former): TU Berlin, Germany affiliation (former): TU Munich, Germany affiliation (former): Saarland University, Saarbrücken, Germany affiliation (former): AT&T Labs, Florham Park, NJ, USA affiliation (PhD 1995): Carnegie Mellon University, School of Computer Science, Pittsburgh, PA, USA affiliation (former): University of Paderborn, CadLab, Paderborn, Germany award (2023): Konrad Zuse Medal award (2011): Gottfried Wilhelm Leibniz Prize",https://awards.acm.org/award-recipients/feldmann_3643361 | https://scholar.google.com/citations?user=mSK3340AAAAJ
acm_fellows.csv,"Fitzmaurice, George",2023,,,no_candidate,No candidate with sufficient corroborating identity evidence in this pass.,,,,For contributions to human-computer interaction and tangible user interfaces,George Fitzmaurice,"Director, Research, Autodesk Research","[""Human Computer Interaction""]",George W. Fitzmaurice,affiliation: Autodesk Research,https://awards.acm.org/award-recipients/fitzmaurice_4786307
acm_fellows.csv,"Fomin, Fedor",2023,Fedor V. Fomin,2026-09-18,scholar_id_and_identity_context,Same nonempty Scholar ID as the reviewed Y-rated roster link; candidate name and institution context reviewed for compatible identity.,Fedor V. Fomin,University of Bergen,https://www.ii.uib.no/~fomin,For contributions to the development of parameterized complexity and exact exponential algorithms.,Fedor V. Fomin,"Professor of Computer Science, University of Bergen","[""Theoretical Computer Science"", ""Parameterized Complexity"", ""Graph Algorithms"", ""Discrete Mathematics""]",Fedor V. Fomin,affiliation: University of Bergen,https://awards.acm.org/award-recipients/fomin_6324859 | https://scholar.google.com/citations?user=96ZXvOsAAAAJ
acm_fellows.csv,"Gao, Jianfeng",2023,,,unresolved_candidates,No candidate with sufficient corroborating identity evidence in this pass.,Xiaofeng Gao 0001,,,"For contributions to machine learning for web search, natural language processing and conversational systems",Jianfeng Gao,"Microsoft Research, Redmond","[""natural language processing"", ""information retrieval"", ""machine learning"", ""deep learning""]",Jianfeng Gao 0001,"affiliation: Microsoft Research, Redmond, WA, USA",https://awards.acm.org/award-recipients/gao_CR71332
acm_fellows.csv,"Gulwani, Sumit",2023,,,no_candidate,No candidate with sufficient corroborating identity evidence in this pass.,,,,"For contributions to AI-assisted programming for developers, data scientists, end users, and students",Sumit Gulwani,"Distinguished Scientist, Microsoft","[""Program Synthesis"", ""Artificial Intelligence"", ""End-User Programming"", ""Computer-aided Education""]",Sumit Gulwani,affiliation: Microsoft Research,https://awards.acm.org/award-recipients/gulwani_6080665
acm_fellows.csv,"Hinton, Geoffrey E",2023,,,no_candidate,No candidate with sufficient corroborating identity evidence in this pass.,,,,For conceptual and engineering breakthroughs that have made deep neural networks a critical component of computing,Geoffrey Hinton,"Emeritus Prof. Computer Science, University of Toronto","[""machine learning"", ""psychology"", ""artificial intelligence"", ""cognitive science"", ""computer science""]",Geoffrey E. Hinton,"affiliation: Google DeepMind, London, UK affiliation: University of Toronto, Department of Computer Science, ON, Canada award (2018): Turing Award award (2016): BBVA Foundation Frontiers of Knowledge Award award (2024): Nobel Prize in Physics",https://awards.acm.org/award-recipients/hinton_4791679
acm_fellows.csv,"Kruegel, Christopher Ian",2023,Christopher Krügel,2026-09-18,reviewed_name_and_institution,Exact reviewed DBLP author name (including disambiguation number) plus matching current or historical institutional context in the retained Scholar/DBLP evidence.,Christopher Kruegel | Christopher Krügel,Univ. of California - Santa Barbara,http://www.cs.ucsb.edu/~chris,"For contributions to systems security, malware detection, and vulnerability analysis",Christopher Kruegel,"University of California, Santa Barbara and Cisco, Inc.","[""Computer Security"", ""Security""]",Christopher Krügel,"affiliation: University of California, Santa Barbara, Computer Science Department affiliation: Lastline, Inc., Redwood City, USA",https://awards.acm.org/award-recipients/kruegel_7635683 | https://dblp.org/pid/k/ChristopherKruegel | https://scholar.google.com/citations?user=f0NoTC0AAAAJ
acm_fellows.csv,"Kung, Ht",2023,H. T. Kung 0001,2026-09-18,scholar_id_and_identity_context,"Same nonempty Scholar ID as the reviewed Y-rated roster link; candidate name and institution context reviewed for compatible identity. Among multiple source spellings, use the reviewed DBLP or Scholar spelling (preserving any source campus tag); Ellen Zegura uses the initial form shared by an identical source profile.",H. T. Kung 0001 | Hsiang-Tsung Kung 0001,Harvard University,https://www.eecs.harvard.edu/htk,For contributions to computer architecture and concurrency control for parallel computation,H. T. Kung,"Professor, Harvard University","[""Machine learning accelerators"", ""high-performance computing"", ""computer & wireless networks"", ""complexity"", ""database systems""]",H. T. Kung 0001,"unicode name: 孔祥重 affiliation: Harvard University, Cambridge, MA, USA affiliation (PhD 1974): Carnegie Mellon University, Pittsburgh, PA, USA",https://awards.acm.org/award-recipients/kung_1566817 | https://scholar.google.com/citations?user=iLQqwosAAAAJ
acm_fellows.csv,"LeCun, Yann",2023,,,no_candidate,No candidate with sufficient corroborating identity evidence in this pass.,,,,For conceptual and engineering breakthroughs that have made deep neural networks a critical component of computing,Yann LeCun,"Executive Chairman AMI Labs & Jacob T Schwarz Professor, Courant Institute, New York University","[""AI"", ""machine learning"", ""computer vision"", ""robotics"", ""image compression""]",Yann LeCun,"affiliation: New York University, Courant Institute of Mathematical Sciences, USA affiliation: Facebook award (2018): Turing Award",https://awards.acm.org/award-recipients/lecun_6017366
acm_fellows.csv,"Mao, Morley",2023,Z. Morley Mao,2026-09-18,reviewed_name_and_institution,Exact reviewed DBLP author name (including disambiguation number) plus matching current or historical institutional context in the retained Scholar/DBLP evidence.,Z. Morley Mao | Zhuoqing Morley Mao,University of Michigan,http://web.eecs.umich.edu/~zmao,For contributions to internet security and performance,Z. Morley Mao,University of Michigan,"[""ML Systems"", ""Security for ML system"", ""cybersecurity"", ""mobile computing"", ""distributed systems""]",Z. Morley Mao,"affiliation: University of Michigan, Ann Arbor, USA",https://awards.acm.org/award-recipients/mao_CR60327 | https://dblp.org/pid/91/584 | https://scholar.google.com/citations?user=Ba_Ci9UAAAAJ
acm_fellows.csv,"McGuinness, Deborah",2023,,,no_candidate,No candidate with sufficient corroborating identity evidence in this pass.,,,,For contributions to knowledge technologies including ontologies and knowledge graphs,Deborah L. McGuinness,"Tetherless World Chair, Prof. Computer, Cognitive, Web Sciences, Industrial &Systems Engineering, RPI","[""Semantic Web"", ""Ontologies"", ""Knowledge Graphs"", ""Explainable AI"", ""Web Science""]",Deborah L. McGuinness,"affiliation: Rensselaer Polytechnic Institute, Troy, NY, USA",https://awards.acm.org/award-recipients/mcguinness_3903397
acm_fellows.csv,"Medioni, Gerard",2023,,,no_candidate,No candidate with sufficient corroborating identity evidence in this pass.,,,,For contributions to computer vision and its consumer facing applications,Gerard Medioni,USC,[],Gérard G. Medioni,"affiliation: Amazon affiliation: University of Southern California, Los Angeles, Institute for Robotics and Intelligence Systems",https://awards.acm.org/award-recipients/medioni_2091171
acm_fellows.csv,"Noy, Natasha",2023,,,no_candidate,No candidate with sufficient corroborating identity evidence in this pass.,,,,"For contributions to open data, data discovery, and semantic web",Natasha Noy,Google,"[""dataset search"", ""semantic web"", ""structured data"", ""artificial intelligence""]",Natasha F. Noy,"affiliation: Google affiliation: Stanford University, USA",https://awards.acm.org/award-recipients/noy_4662698
acm_fellows.csv,"Pasareanu, Corina S",2023,,,no_candidate,No candidate with sufficient corroborating identity evidence in this pass.,,,,For contributions to the development and application of symbolic execution and compositional verification,Corina Pasareanu,CMU/Amazon/ex-NASA Ames,"[""Symbolic execution"", ""compositional verification"", ""abstraction""]",Corina Pasareanu,"affiliation: Carnegie Mellon University, Pittsburgh, USA affiliation: NASA Ames Research Center, Mountain View, CA, USA",https://awards.acm.org/award-recipients/pasareanu_8831415
acm_fellows.csv,"Pedram, Massoud",2023,,,no_candidate,No candidate with sufficient corroborating identity evidence in this pass.,,,,For contributions to low power design of VLSI circuits and contributions to energy efficient computing,Massoud Pedram,"Charles Lee Powell Professor of Electrical Engineering & Computer Science, Univ of Southern","[""Energy Efficient Electronics"", ""Power-aware computing"", ""Energy Harvesting and Storage Systems"", ""Computer Aided Design of VLSI Circui""]",Massoud Pedram,"affiliation: University of Southern California, Los Angeles, USA award (1996): Presidential Early Career Award for Scientists and Engineers",https://awards.acm.org/award-recipients/pedram_4222774
acm_fellows.csv,"Raghunathan, Anand",2023,,,no_candidate,No candidate with sufficient corroborating identity evidence in this pass.,,,,For contributions to the design of energy-efficient computing systems through design automation and approximate computing,Anand Raghunathan,"Silicon Valley Chair Professor of Electrical and Computer Engineering, Purdue University","[""AI Hardware"", ""Efficient machine learning"", ""System-on-Chips"", ""Embedded Systems""]",Anand Raghunathan,"affiliation: Purdue University, West Lafayette, USA",https://awards.acm.org/award-recipients/raghunathan_9458945
acm_fellows.csv,"Raphael, Benjamin",2023,Benjamin J. Raphael,2026-09-18,scholar_id_and_identity_context,Same nonempty Scholar ID as the reviewed Y-rated roster link; candidate name and institution context reviewed for compatible identity.,Benjamin J. Raphael,Princeton University,https://www.cs.princeton.edu/people/profile/braphael,"For contributions to computational biology, including algorithms for cancer genomics/evolution and biological network analysis",Ben Raphael,"Professor of Computer Science, Princeton University","[""Bioinformatics"", ""Computational Biology"", ""Genomics"", ""Computational Cancer Biology""]",Benjamin J. Raphael,"affiliation: Princeton University, Princeton, NJ, USA affiliation (former): Brown University, Providence, RI, USA",https://awards.acm.org/award-recipients/raphael_4460014 | https://scholar.google.com/citations?user=GhvZjJUAAAAJ
acm_fellows.csv,"Ron, Dana",2023,,,no_candidate,No candidate with sufficient corroborating identity evidence in this pass.,,,,For contributions to sub-linear time approximation algorithms,Dana Ron,Tel Aviv University,"[""Computer Science""]",Dana Ron,"affiliation: Tel Aviv University, Israel",https://awards.acm.org/award-recipients/ron_4644787
acm_fellows.csv,"Sankoff, David",2023,,,no_candidate,No candidate with sufficient corroborating identity evidence in this pass.,,,,For contributions to research and leadership in computational biology and bioinformatics,David Sankoff,University of Ottawa,"[""Applied probability"", ""bioinformatics"", ""genomics"", ""algorithms""]",David Sankoff,"affiliation: University of Ottawa, Ontario, Canada",https://awards.acm.org/award-recipients/sankoff_3953999
acm_fellows.csv,"Saroiu, Stefan",2023,,,no_candidate,No candidate with sufficient corroborating identity evidence in this pass.,,,,For contributions to memory security and trusted computing,Stefan Saroiu,Microsoft,"[""Mobile computing"", ""Security"", ""Distributed Systems"", ""Operating Systems"", ""Networking""]",Stefan Saroiu,,https://awards.acm.org/award-recipients/saroiu_7427693
acm_fellows.csv,"Snavely, Keith Noah",2023,Noah Snavely [Tech],2026-09-18,scholar_id_and_identity_context,Same nonempty Scholar ID as the reviewed Y-rated roster link; candidate name and institution context reviewed for compatible identity.,Noah Snavely [Tech],Cornell University,http://www.cs.cornell.edu/~snavely,For contributions to computer vision and computer graphics,Noah Snavely,Cornell University and Google DeepMind,"[""Computer Vision"", ""Computer Graphics"", ""Ducks""]",Noah Snavely,"affiliation: Cornell University, Ithaca, NY, USA",https://awards.acm.org/award-recipients/snavely_7772775 | https://scholar.google.com/citations?user=Db4BCX8AAAAJ
acm_fellows.csv,"Sriram, Ram D",2023,,,no_candidate,No candidate with sufficient corroborating identity evidence in this pass.,,,,For contributions in building innovative computational tools and automation techniques in engineering and health care,Ram Duvvuru Sriram,National Institute of Standards and Technology,"[""Artificial Intelligence"", ""Computer Aided Design"", ""Product Lifecycle Managment"", ""Medical Informatics"", ""Software""]",Ram D. Sriram,"affiliation: National Institute of Standards and Technology (NIST), Gaithersburg, MD, USA",https://awards.acm.org/award-recipients/sriram_7289009
acm_fellows.csv,"Szalay, Alexander",2023,Alex Szalay,2026-09-18,scholar_id_and_identity_context,"Same nonempty Scholar ID as the reviewed Y-rated roster link; candidate name and institution context reviewed for compatible identity. Among multiple source spellings, use the reviewed DBLP or Scholar spelling (preserving any source campus tag); Ellen Zegura uses the initial form shared by an identical source profile.",Alex Szalay | Alexander S. Szalay,Johns Hopkins University,https://physics-astronomy.jhu.edu/directory/alexander-s-szalay,"For contributions in systems, big data, and open data",A. S. Szalay,"Blooomberg Distinguished Professor, Johns Hopkins University","[""Astrophysics"", ""astronomy"", ""cosmology"", ""computer science"", ""statistics""]",Alex Szalay,"affiliation: Johns Hopkins University, USA award (1991): Széchenyi Prize",https://awards.acm.org/award-recipients/szalay_5190506 | https://scholar.google.com/citations?user=rUiWchkAAAAJ
acm_fellows.csv,"Varma, Manik",2023,,,no_candidate,No candidate with sufficient corroborating identity evidence in this pass.,,,,For contributions to extreme machine learning and its applications,,,,Manik Varma,,https://awards.acm.org/award-recipients/varma_8117035
acm_fellows.csv,"Wang, XiaoFeng",2023,XiaoFeng Wang 0001,2026-09-18,scholar_id_and_identity_context,"Same nonempty Scholar ID as the reviewed Y-rated roster link; candidate name and institution context reviewed for compatible identity. Among multiple source spellings, use the reviewed DBLP or Scholar spelling (preserving any source campus tag); Ellen Zegura uses the initial form shared by an identical source profile.",XiaoFeng Wang 0001 | Xiaofeng Wang 0006 | Jianfeng Wang 0001 | X. Rosalind Wang | X. Sean Wang | Xiang Wang 0010 | Xiaofen Wang | Xiaogang Wang 0001 | Xiaohang Wang 0001 | Xiaolong Wang 0001 | Xiaolong Wang 0004 | Xiaoping Wang 0001 | Xiaoyang Sean Wang | Xiaoyang Wang 0002,Nanyang Technological University,https://dr.ntu.edu.sg/entities/person/Wang-Xiaofeng,For contributions to systems security and privacy,XiaoFeng Wang,"Member, ACM SIGSAC Executive Committee","[""AI-Centered Security"", ""Systems Security and Privacy"", ""Healthcare Privacy"", ""Incentive Engineering""]",XiaoFeng Wang 0001,"affiliation: Nanyang Technological University (NTU), College of Computing and Data Science (CCDS), Singapore affiliation (former): Indiana University Bloomington, School of Informatics and Computing, IN, USA",https://awards.acm.org/award-recipients/wang_0175109 | https://scholar.google.com/citations?user=pONu-5EAAAAJ
acm_fellows.csv,"Weinberger, Kilian",2023,Kilian Q. Weinberger,2026-09-18,reviewed_name_and_institution,"Exact reviewed DBLP author name (including disambiguation number) plus matching current or historical institutional context in the retained Scholar/DBLP evidence. Cornell homepage identifies Kilian Q. Weinberger, machine learning and his previous Washington University position.",Kilian Q. Weinberger,Cornell University,http://www.cs.cornell.edu/~kilian,For contribution to machine learning and deep learning research,Kilian Weinberger,Cornell University,"[""machine learning"", ""deep learning"", ""metric learning"", ""computer vision""]",Kilian Q. Weinberger,"affiliation: Department of Computer Science and Engineering, Washington University in St. Louis",https://awards.acm.org/award-recipients/weinberger_5355323 | https://dblp.org/pid/88/4801 | https://scholar.google.com/citations?user=8RVWMycAAAAJ | https://www.cs.cornell.edu/~kilian/
acm_fellows.csv,"Xie, Xing",2023,,,unresolved_candidates,No candidate with sufficient corroborating identity evidence in this pass.,Bing Xie | Lexing Xie | Ning Xie 0002 | Ning Xie 0003,,,For contributions to spatial data mining and recommendation systems,Xing Xie 谢幸,"Assistant Managing Director, Microsoft Research Asia, ACM Fellow, IEEE Fellow, CCF Fellow","[""Data mining"", ""Recommender systems"", ""Social computing"", ""Responsible AI"", ""AI and Society""]",Xing Xie 0001,"unicode name: 谢幸 affiliation: Microsoft Research Asia, Beijing, China",https://awards.acm.org/award-recipients/xie_5371976
acm_fellows.csv,"Atienza Alonso, David",2022,,,no_candidate,No candidate with sufficient corroborating identity evidence in this pass.,,,,For contributions to the design of high-performance integrated systems and ultra-low power edge circuits and architectures,David Atienza,"Professor of Electrical and Computer Engineering, EPFL","[""Embedded systems"", ""Thermal management"", ""HW/SW codesign"", ""Edge AI"", ""Internet of Things""]",David Atienza 0001,"affiliation: Swiss Federal Institute of Technology in Lausanne (EPFL), Lausanne, Switzerland",https://awards.acm.org/award-recipients/atienzaalonso_1847292
acm_fellows.csv,"Beaudouin-Lafon, Michel",2022,,,no_candidate,No candidate with sufficient corroborating identity evidence in this pass.,,,,"For contributions to human-computer interaction, instrumental interaction and generative theory, and community leadership",Michel Beaudouin-Lafon,Université Paris-Saclay,"[""Human-Computer Interaction"", ""Computer-Supported Cooperative Work""]",Michel Beaudouin-Lafon,"affiliation: Université Paris-Sud, France",https://awards.acm.org/award-recipients/beaudouin-lafon_4460754
acm_fellows.csv,"Boncz, Peter",2022,Peter A. Boncz,2026-09-18,scholar_id_and_identity_context,Same nonempty Scholar ID as the reviewed Y-rated roster link; candidate name and institution context reviewed for compatible identity.,Peter A. Boncz,CWI,http://homepages.cwi.nl/~boncz,"For contributions to the design of columnar, main-memory, and vectorized database systems",Peter Boncz,"Professor, VU University Amsterdam & CWI","[""Database Systems"", ""Column Stores"", ""Vectorized Execution"", ""Graph/RDF querying""]",Peter Boncz,"affiliation: National Research Institute for Mathematics and Computer Science (CWI), Amsterdam, Netherlands",https://awards.acm.org/award-recipients/boncz_UJ15638 | https://scholar.google.com/citations?user=DCIZE1kAAAAJ
acm_fellows.csv,"Ceze, Luis H",2022,Luis Ceze,2026-09-18,scholar_id_and_identity_context,Same nonempty Scholar ID as the reviewed Y-rated roster link; candidate name and institution context reviewed for compatible identity.,Luis Ceze,University of Washington,https://www.cs.washington.edu/people/faculty/luisceze,For contributions to developing new architectures and programming systems for emerging applications and computing technologies,Luis Ceze,"Professor of Computer Science and Engineering, University of Washington","[""Computer Architecture"", ""Programming Languages and Operating Systems""]",Luis Ceze,"affiliation: University of Washington, Seattle, WA, USA",https://awards.acm.org/award-recipients/ceze_7000466 | https://scholar.google.com/citations?user=KzESVKwAAAAJ
acm_fellows.csv,"Chandra, Ranveer",2022,,,no_candidate,No candidate with sufficient corroborating identity evidence in this pass.,,,,For contributions to software-defined wireless networking and applications to agriculture and rural broadband,Ranveer Chandra,"Vice President, Frontier Tuning, CTO Agri-Food","[""AI"", ""Networking"", ""Wireless"", ""Agriculture"", ""Space""]",Ranveer Chandra,,https://awards.acm.org/award-recipients/chandra_0015439
acm_fellows.csv,"Chawla, Nitesh",2022,Nitesh V. Chawla,2026-09-18,scholar_id_and_identity_context,"Same nonempty Scholar ID as the reviewed Y-rated roster link; candidate name and institution context reviewed for compatible identity. Among multiple source spellings, use the reviewed DBLP or Scholar spelling (preserving any source campus tag); Ellen Zegura uses the initial form shared by an identical source profile.",Nitesh V. Chawla | Nitesh Vinay Chawla,University of Notre Dame,http://www3.nd.edu/~nchawla,"For contributions to machine learning research for imbalanced data, graphs, and interdisciplinary innovations",Nitesh V Chawla,"Frank Freimann Professor of CSE., Director, Lucy Family Institute for Data & Soc, Univ. of Notre Dame","[""Data science"", ""artificial intelligence"", ""network science""]",Nitesh V. Chawla,"affiliation: University of Notre Dame, USA",https://awards.acm.org/award-recipients/chawla_0295022 | https://scholar.google.com/citations?user=hDLBEhkAAAAJ
acm_fellows.csv,"Chi, Ed H.",2022,,,no_candidate,No candidate with sufficient corroborating identity evidence in this pass.,,,,For contributions to machine learning and data mining techniques for social computing and recommender systems,Ed H. Chi,Google DeepMind,"[""Machine Learning"", ""Recommenders"", ""Dialog Systems"", ""HCI"", ""Social Computing""]",Ed H. Chi,"unicode name: 紀懷新 affiliation: Google, Mountain View, CA, USA affiliation: Palo Alto Research Center (PARC), CA, USA affiliation (PhD 1999): University of Minnesota, Computer Science Department, Minneapolis, MN, USA",https://awards.acm.org/award-recipients/chi_4183398
acm_fellows.csv,"Cortes, Corinna",2022,,,no_candidate,No candidate with sufficient corroborating identity evidence in this pass.,,,,"For theoretical and practical contributions to machine learning, industrial leadership, and service to the field",Corinna Cortes,"Google Research, NY","[""Machine Learning"", ""Datamining""]",Corinna Cortes,award (2008): Paris Kanellakis Award,https://awards.acm.org/award-recipients/cortes_5490222
acm_fellows.csv,"Curtis, Bill",2022,,,no_candidate,No candidate with sufficient corroborating identity evidence in this pass.,,,,"For contributions to software process, software measurement, and human factors in software engineering",Bill Curtis,CAST Software,"[""software engineering"", ""human-computer interaction"", ""software management"", ""workforce management"", ""coaching behavior""]",Bill Curtis,,https://awards.acm.org/award-recipients/curtis_1822345
acm_fellows.csv,"de Supinski, Bronis R.",2022,,,no_candidate,No candidate with sufficient corroborating identity evidence in this pass.,,,,For contributions to the design of large-scale systems and their programming systems and software,Bronis R. de Supinski,Lawrence Livermore National Laboratory,[],Bronis R. de Supinski,,https://awards.acm.org/award-recipients/desupinski_4862751
acm_fellows.csv,"Deb, Kalyanmoy",2022,,,no_candidate,No candidate with sufficient corroborating identity evidence in this pass.,,,,For technical contributions in evolutionary multi-objective optimization algorithms and multi-criterion decision support,Kalyanmoy Deb,"Shelby Distinguished Professor, Computer Science, University of Alabama, Tuscaloosa, AL 35475","[""Optimization"", ""Evolutionary Computation"", ""Multi-objective optimization"", ""Machine Learning"", ""AI""]",Kalyanmoy Deb,"affiliation: Michigan State University, East Lansing, MI, USA",https://awards.acm.org/award-recipients/deb_9497348
acm_fellows.csv,"Elbaum, Sebastian",2022,Sebastian G. Elbaum,2026-09-18,scholar_id_and_identity_context,Same nonempty Scholar ID as the reviewed Y-rated roster link; candidate name and institution context reviewed for compatible identity.,Sebastian G. Elbaum,University of Virginia,https://engineering.virginia.edu/faculty/sebastian-elbaum,For contributions to the analysis and testing of evolving systems and robotic systems,Sebastian Elbaum,"Professor of Computer Science, University of Virginia","[""software engineering"", ""robotics"", ""autonomy""]",Sebastian G. Elbaum,"affiliation: University of Virginia, Charlottesville, USA affiliation (former): University of Nebraska-Lincoln, USA",https://awards.acm.org/award-recipients/elbaum_UK19687 | https://scholar.google.com/citations?user=swPW5FYAAAAJ
acm_fellows.csv,"Henkel, Joerg",2022,Jörg Henkel,2026-09-18,scholar_id_and_identity_context,Same nonempty Scholar ID as the reviewed Y-rated roster link; candidate name and institution context reviewed for compatible identity.,Jörg Henkel,Karlsruhe Inst. of Technology,http://ces.itec.kit.edu/21_henkel.php,For contributions to hardware/software co-design of power and thermal efficient embedded computing,Jörg Henkel,"Professor of Computer Science, Karlsruhe Institute of Technology","[""Embedded Machine Learning"", ""Embedded Systems"", ""Systems-on-Chip"", ""Dependable Systems"", ""Low Power Design""]",Jörg Henkel,"affiliation: Karlsruhe Institute of Technology, Germany",https://awards.acm.org/award-recipients/henkel_6636986 | https://scholar.google.com/citations?user=AmnIAhEAAAAJ
acm_fellows.csv,"Hicks, Michael W",2022,Michael Hicks 0001,2026-09-18,scholar_id_and_identity_context,Same nonempty Scholar ID as the reviewed Y-rated roster link; candidate name and institution context reviewed for compatible identity.,Michael Hicks 0001,University of Pennsylvania,https://mhicks.me,"For contributions to programming language design and implementation, program analysis, and software security.",Michael W. Hicks,"Professor of CIS, UPenn, Amazon Scholar, Professor Emeritus, UMD","[""software security"", ""programming languages"", ""software engineering""]",Michael Hicks 0001,"affiliation: Amazon Web Services, USA affiliation: University of Maryland, College Park, MD, USA",https://awards.acm.org/award-recipients/hicks_UI16381 | https://scholar.google.com/citations?user=Gggzp7UAAAAJ
acm_fellows.csv,"Hong, Jason",2022,Jason I. Hong,2026-09-18,scholar_id_and_identity_context,Same nonempty Scholar ID as the reviewed Y-rated roster link; candidate name and institution context reviewed for compatible identity.,Jason I. Hong,Carnegie Mellon University,http://www.cs.cmu.edu/~jasonh,For contributions to ubiquitous computing and to usable privacy and security,Jason Hong,Carnegie Mellon University,"[""Human-Computer Interaction"", ""HCI"", ""Usable Privacy and Security"", ""Mobile computing"", ""Social Computing""]",,,https://awards.acm.org/award-recipients/hong_4784823 | https://scholar.google.com/citations?user=MoFbcc0AAAAJ
acm_fellows.csv,"Ishii, Hiroshi",2022,,,no_candidate,No candidate with sufficient corroborating identity evidence in this pass.,,,,For contributions to tangible user interfaces and to human-computer interaction,Hiroshi ISHII,"Jerome B. Wiesner Professor of Media Arts and Sciences, Associate Director of MIT Media Lab","[""Human-Computer Interaction"", ""Tangible User Interfaces"", ""Tangible Bits"", ""Radical Atoms"", ""TeleAbsence""]",Hiroshi Ishii 0001,"affiliation: MIT Media Lab, Cambridge, MA, USA",https://awards.acm.org/award-recipients/ishii_3185337
acm_fellows.csv,"Kuo, Chung C",2022,C.-C. Jay Kuo,2026-09-18,scholar_id_and_identity_context,"Same nonempty Scholar ID as the reviewed Y-rated roster link; candidate name and institution context reviewed for compatible identity. Among multiple source spellings, use the reviewed DBLP or Scholar spelling (preserving any source campus tag); Ellen Zegura uses the initial form shared by an identical source profile.",C.-C. Jay Kuo | Chung-Chieh Jay Kuo,University of Southern California,http://mcl.usc.edu,"For contributions to technologies, applications, and mentorship in visual computing",C.-C. Jay Kuo,"Ming Hsieh Chair Professor in ECE-Systems, University of Southern California","[""Multimedia"", ""Visual Computing"", ""Video Coding"", ""Green AI"", ""Green Learning""]",,,https://awards.acm.org/award-recipients/kuo_3398864 | https://scholar.google.com/citations?user=81d60okAAAAJ
acm_fellows.csv,"Li, Hang",2022,,,unresolved_candidates,No candidate with sufficient corroborating identity evidence in this pass.,Ang Li 0005 | Ang Li 0009 | Ang Li 0013 | Chang-Tsun Li | Fang Li 0001 | Heng Li 0007 | Hong-Bo Li | Hong-bo Li | Hong-Dong Li | Huan Li 0003 | Kang Li 0001 | Shuang Li 0002 | Yang Li 0041 | Yang Li 0116 | Yang Li 0183 | Yang-Yang Li | Zhuang Li 0001,,,For contributions to machine learning for search and dialogue,Hang Li,Tsinghua University,"[""natural language processing"", ""machine learning"", ""robotics""]",Hang Li 0001,"affiliation: ByteDance, China affiliation (former): Huawei Technologies, Noah's Ark Laboratories, Hong Kong affiliation (2001-2012): Microsoft Research Asia, Beijing, China affiliation (1991-2001): NEC Laboratories, Tokyo, Japan affiliation (PhD 1998): University of Tokyo, Japan",https://awards.acm.org/award-recipients/li_5842974
acm_fellows.csv,"Navarro, Gonzalo",2022,,,no_candidate,No candidate with sufficient corroborating identity evidence in this pass.,,,,For theoretical and practical contributions to the fields of text searching and compact data structures,Gonzalo Navarro,University of Chile,"[""algorithms and data structures"", ""text searching"", ""compression"", ""graph databases"", ""similarity search""]",Gonzalo Navarro 0001,"affiliation: University of Chile, Santiago, Chile",https://awards.acm.org/award-recipients/navarro_UI58921
acm_fellows.csv,"Pollefeys, Marc",2022,,,no_candidate,No candidate with sufficient corroborating identity evidence in this pass.,,,,"For contributions to geometric computer vision and applications to AR/VR/MR, robotics, and autonomous vehicles",Marc Pollefeys,"Professor of Computer Science, ETH Zurich, and Director Spatial AI Lab, Microsoft","[""Computer Vision"", ""Computer Graphics"", ""Robotics"", ""Machine Learning"", ""Augmented Reality""]",Marc Pollefeys,"affiliation: ETH Zurich, Switzerland affiliation: University of North Carolina at Chapel Hill, USA",https://awards.acm.org/award-recipients/pollefeys_C104881
acm_fellows.csv,"Qureshi, Moinuddin",2022,Moinuddin K. Qureshi,2026-09-18,scholar_id_and_identity_context,Same nonempty Scholar ID as the reviewed Y-rated roster link; candidate name and institution context reviewed for compatible identity.,Moinuddin K. Qureshi,Georgia Institute of Technology,http://moin.ece.gatech.edu,For contributions to memory hierarchy design,Moinuddin Qureshi,"Professor, Georgia Institute of Technology","[""Computer Architecture"", ""Memory Systems"", ""Hardware Security"", ""Quantum Computing""]",Moinuddin K. Qureshi,"affiliation: Georgia Institute of Technology, Atlanta GA, USA",https://awards.acm.org/award-recipients/qureshi_6889096 | https://scholar.google.com/citations?user=EWU0STsAAAAJ
acm_fellows.csv,"Soatto, Stefano",2022,,,no_candidate,No candidate with sufficient corroborating identity evidence in this pass.,,,,For contributions to the foundations and applications of visual geometry and visual representations learning,Stefano Soatto,"Professor of Computer Science, UCLA; Vice President, AWS AI","[""Artificial Intelligence"", ""Machine Learning"", ""Robotics"", ""Vision""]",Stefano Soatto,"affiliation: University of California, Los Angeles, USA",https://awards.acm.org/award-recipients/soatto_7972221
acm_fellows.csv,"Stasko, John",2022,,,no_candidate,No candidate with sufficient corroborating identity evidence in this pass.,,,,"For contributions to the design, analysis, usage, and evaluation of software and information visualization",John Stasko,"Professor Emeritus of Interactive Computing, Georgia Institute of Technology","[""Information Visualization"", ""Visual Analytics"", ""Human-Computer Interaction""]",John T. Stasko,"affiliation: Georgia Institute of Technology, Atlanta, USA",https://awards.acm.org/award-recipients/stasko_2936201
acm_fellows.csv,"Sullivan, Gary J.",2022,,,no_candidate,No candidate with sufficient corroborating identity evidence in this pass.,,,,For contributions to video and image compression and leadership in its standardization,Gary J. Sullivan,"Director of Video Research & Standardization, Dolby Laboratories","[""Video coding"", ""Image coding"", ""Quantization"", ""Multimedia signal processing"", ""Image and video processing""]",Gary J. Sullivan,,https://awards.acm.org/award-recipients/sullivan_4760472
acm_fellows.csv,"Teevan, Jaime",2022,,,no_candidate,No candidate with sufficient corroborating identity evidence in this pass.,,,,"For contributions to human-computer interaction, information retrieval, and productivity",Jaime Teevan,"Chief Scientist & Technical Fellow, Microsoft","[""Information Retrieval"", ""Human-Computer Interaction"", ""Future of Work"", ""Personal Information Management"", ""Crowdsourcing""]",Jaime Teevan,affiliation: Microsoft,https://awards.acm.org/award-recipients/teevan_3995073
acm_fellows.csv,"Toyama, Kentaro",2022,,,no_candidate,No candidate with sufficient corroborating identity evidence in this pass.,,,,For contributions to the innovation and critique of digital technology for socio-economic development and social justice,Kentaro Toyama,"University of Michigan, School of Information","[""Global Development"", ""ICT and Development"", ""Human-Computer Interaction"", ""Multimedia"", ""Computer Vision""]",Kentaro Toyama,affiliation: University of Michigan School of Information,https://awards.acm.org/award-recipients/toyama_4938668
acm_fellows.csv,"Xing, Eric",2022,Eric P. Xing,2026-09-18,scholar_id_and_identity_context,"Same nonempty Scholar ID as the reviewed Y-rated roster link; candidate name and institution context reviewed for compatible identity. Among multiple source spellings, use the reviewed DBLP or Scholar spelling (preserving any source campus tag); Ellen Zegura uses the initial form shared by an identical source profile.",Eric P. Xing | Eric Poe Xing,MBZUAI,http://www.cs.cmu.edu/~epxing,"For contributions to algorithms, architectures, and applications in machine learning",Eric Xing,"President at Mohamed bin Zayed University of AI, Professor of Computer Science, Carnegie Mellon U","[""Machine Learning"", ""Artificial Intelligence"", ""AI/ML Systems"", ""Statistics"", ""AI4Science""]",Eric P. Xing,"affiliation: Mohamed bin Zayed University of Artificial Intelligence, Abu Dhabi, UAE affiliation: Carnegie Mellon University, School of Computer Science, Pittsburgh, PA, USA affiliation: Petuum Inc., Pittsburgh, PA, USA affiliation (PhD 2004): University of California at Berkeley, CA, USA",https://awards.acm.org/award-recipients/xing_9708021 | https://scholar.google.com/citations?user=5pKTRxEAAAAJ
acm_fellows.csv,"Yu, Dong",2022,,,unresolved_candidates,No candidate with sufficient corroborating identity evidence in this pass.,Hong Yu 0001 | Yong Yu 0001,,,For contributions in speech processing and deep learning applications,Dong Yu,ACM/IEEE/ISCA Fellow,"[""automatic speech recognition"", ""speech processing"", ""natural language processing"", ""AGI/ASI""]",Dong Yu 0001,"unicode name: 俞栋 affiliation: Tencent AI Lab, China affiliation (1998-2017): Microsoft Research, Redmond, WA, USA affiliation (PhD): University of Idaho, Moscow, ID, USA",https://awards.acm.org/award-recipients/yu_7075850
acm_fellows.csv,"Balakrishnan, Meenakshi",2021,,,no_candidate,No candidate with sufficient corroborating identity evidence in this pass.,,,,"For contributions to system-level design, embedded systems and assistive technologies for the visually impaired",M Balakrishnan,CSE Department IIT Delhi,"[""Assistive Technology"", ""EDA"", ""Architecture""]",,,https://awards.acm.org/award-recipients/balakrishnan_4440475
acm_fellows.csv,"Bjørner, Nikolaj",2021,,,no_candidate,No candidate with sufficient corroborating identity evidence in this pass.,,,,For contributions to SMT solvers and network verification,Nikolaj Bjorner,Microsoft Research,"[""Automated Deduction"", ""Systems"", ""Software Engineering""]",Nikolaj S. Bjørner,"affiliation: Microsoft Research, Redmond, WA, USA affiliation (PhD 1998): Stanford University, CA, USA",https://awards.acm.org/award-recipients/nikolaj_6098119
acm_fellows.csv,"Chang, Edward Y",2021,,,no_candidate,No candidate with sufficient corroborating identity evidence in this pass.,,,,For contributions to scalable machine learning and healthcare,Edward Y Chang,Stanford University,"[""Parallel Algorithms"", ""Active Learning"", ""Precision Medicine"", ""GAI"", ""Consciousness Moceling""]",Edward Y. Chang,unicode name: 张智威,https://awards.acm.org/award-recipients/chang_4684536
acm_fellows.csv,"Choudhury, Tanzeem",2021,,,no_candidate,No candidate with sufficient corroborating identity evidence in this pass.,,,,For contributions to mobile systems for behavioral sensing and health interventions,Tanzeem Choudhury,"Chief of Health Innovation, Professor Computing and Information Science @ Cornell Tech","[""health + multi-modal AI"", ""ubiquitous computing"", ""mobile systems""]",Tanzeem Choudhury,"affiliation: Cornell University, Ithaca, NY, USA",https://awards.acm.org/award-recipients/choudhury_3175955
acm_fellows.csv,"Eeckhout, Lieven",2021,,,no_candidate,No candidate with sufficient corroborating identity evidence in this pass.,,,,For contributions in computer architecture performance analysis and modeling,Lieven Eeckhout,"Professor of Computer Science and Engineering, Ghent University","[""Computer Architecture"", ""Hardware/Software Interface""]",Lieven Eeckhout,"affiliation: Ghent University, Gent, Belgium",https://awards.acm.org/award-recipients/eeckhout_6935601
acm_fellows.csv,"Farach-Colton, Martin",2021,Martin Farach-Colton,2026-09-18,scholar_id_and_identity_context,"Same nonempty Scholar ID as the reviewed Y-rated roster link; candidate name and institution context reviewed for compatible identity. Among multiple source spellings, use the reviewed DBLP or Scholar spelling (preserving any source campus tag); Ellen Zegura uses the initial form shared by an identical source profile.",Martin Farach | Martin Farach-Colton | Martín Farach-Colton,New York University,https://engineering.nyu.edu/faculty/martin-farach-colton,For contributions to data structures for biocomputing and big data,Martin Farach-Colton,"Shustek Professor of Computer Science, New York University","[""Algorithms"", ""Data Structures"", ""External Memory"", ""Storage Systems""]",Martin Farach-Colton,"affiliation: New York University, NY, USA affiliation (former): Rutgers University, USA",https://awards.acm.org/award-recipients/farach-colton_N017087 | https://scholar.google.com/citations?user=2uHUSa8AAAAJ
acm_fellows.csv,"Fiat, Amos",2021,,,no_candidate,No candidate with sufficient corroborating identity evidence in this pass.,,,,"For contributions to cryptography, online algorithms, and algorithmic game theory",Amos Fiat,"Professor of Computer Science, Tel Aviv University","[""Computational Game Theory"", ""Data Structures"", ""Online Algorithms""]",Amos Fiat,"affiliation: Tel Aviv University, Blavatnik School of Computer Science, Israel award: ACM Paris Kanellakis Theory and Practice Award, 2016",https://awards.acm.org/award-recipients/fiat_8021946
acm_fellows.csv,"Franke, Hubertus",2021,,,no_candidate,No candidate with sufficient corroborating identity evidence in this pass.,,,,"For contributions to the communication, concurrency and resource control in parallel systems",Hubertus Franke,"Distinguished Research Scientist, IBM Research","[""Operating systems"", ""Computer architecture"", ""Cloud computing"", ""Compilers"", ""Robotics""]",Hubertus Franke,,https://awards.acm.org/award-recipients/franke_0111101
acm_fellows.csv,"Friedman, Batya",2021,,,no_candidate,No candidate with sufficient corroborating identity evidence in this pass.,,,,For contributions to human values in the technical design process,Batya Friedman,"Professor of Information, University of Washington","[""Human-computer interaction"", ""Value sensitive design"", ""Multi-lifespan design"", ""Tech policy""]",Batya Friedman,,https://awards.acm.org/award-recipients/friedman_3437027
acm_fellows.csv,"Gabrilovich, Evgeniy",2021,,,no_candidate,No candidate with sufficient corroborating identity evidence in this pass.,,,,"For contributions to the acquisition, representation, and dissemination of web-knowledge with applications to the medical domain",Evgeniy Gabrilovich,"Vice President of Applied Science, Microsoft","[""Artificial Intelligence"", ""Machine Learning"", ""Information Retrieval"", ""Natural Language Processing""]",Evgeniy Gabrilovich,"affiliation: Google Research, Mountain View, CA, USA",https://awards.acm.org/award-recipients/gabrilovich_5181813
acm_fellows.csv,"Gal-Ezer, Judith",2021,,,no_candidate,No candidate with sufficient corroborating identity evidence in this pass.,,,,For contributions to research and implementation in computer science education,Judith Gal-Ezer,The Open University of Israel,"[""CS Education: curricula"", ""gender"", ""teacher training""]",Judith Gal-Ezer,"affiliation: Open University of Israel, Rehovot, Israel",https://awards.acm.org/award-recipients/gal-ezer_3857372
acm_fellows.csv,"Haas, Zygmunt",2021,Zygmunt J. Haas,2026-09-18,scholar_id_and_identity_context,"Same nonempty Scholar ID as the reviewed Y-rated roster link; candidate name and institution context reviewed for compatible identity. The UT Dallas faculty homepage records his Cornell history and wireless-network research, reconciling the affiliation difference.",Zygmunt J. Haas,University of Texas at Dallas,http://www.utdallas.edu/~zjh130030,For contributions to communication and security protocols for ad hoc and sensor networks,Zygmunt J. Haas,Cornell University,"[""Wireless and Mobile Networks"", ""Information Assurance""]",Zygmunt J. Haas,"affiliation: Cornell University, Ithaca, NY, USA",https://awards.acm.org/award-recipients/haas_4395034 | https://scholar.google.com/citations?user=tk8qFe0AAAAJ | https://personal.utdallas.edu/~haas/
acm_fellows.csv,"Ives, Zachary",2021,Zachary G. Ives,2026-09-18,scholar_id_and_identity_context,Same nonempty Scholar ID as the reviewed Y-rated roster link; candidate name and institution context reviewed for compatible identity.,Zachary G. Ives,University of Pennsylvania,http://www.cis.upenn.edu/~zives,"For contributions to data integration, sharing, and management for scientific applications",Zachary G. Ives,"Chair & Professor of Computer and Information Science, University of Pennsylvania","[""Databases"", ""data integration"", ""distributed systems"", ""web data management""]",Zachary G. Ives,"affiliation: University of Pennsylvania, Philadelphia, PA, USA",https://awards.acm.org/award-recipients/ives_5059670 | https://scholar.google.com/citations?user=2wJaIkEAAAAJ
acm_fellows.csv,"Jajodia, Sushil",2021,,,no_candidate,No candidate with sufficient corroborating identity evidence in this pass.,,,,"For contributions to cyber security, data protection, and privacy",Sushil Jajodia,"University Professor, BDM International Professor, and Director, Center for Secure Information","[""security"", ""privacy"", ""database"", ""databases"", ""distributed systems""]",Sushil Jajodia,"affiliation: George Mason University, Fairfax, Virginia, USA",https://awards.acm.org/award-recipients/jajodia_2061893
acm_fellows.csv,"Katz, Jonathan",2021,,,no_candidate,No candidate with sufficient corroborating identity evidence in this pass.,,,,For contributions to cryptographic protocol design and cryptography education,Jonathan Katz,"Senior Staff Research Scientist, Google","[""Cryptography"", ""Computer Security"", ""Theoretical Computer Science""]",Jonathan Katz,"affiliation: University of Maryland, College Park, USA",https://awards.acm.org/award-recipients/katz_1276948
acm_fellows.csv,"Lengauer, Thomas",2021,,,no_candidate,No candidate with sufficient corroborating identity evidence in this pass.,,,,For contributions to bioinformatics and medical informatics,,,,Thomas Lengauer,"affiliation: University Hospital Cologne, Germany affiliation (former): Max-Planck-Institut for Informatics, Saarbrücken, Germany award (2003): Konrad Zuse Medal",https://awards.acm.org/award-recipients/lengauer_1628387
acm_fellows.csv,"Li, Feifei",2021,,,no_candidate,No candidate with sufficient corroborating identity evidence in this pass.,,,,For contributions to query processing and optimization and to cloud database systems,Feifei Li,Alibaba Group/Alibaba Cloud,"[""Databases"", ""Database"", ""Data Analytics"", ""Systems"", ""Security""]",Feifei Li 0001,"affiliation: Alibaba Group, Sunnyvale, CA, USA affiliation: University of Utah, School of Computing, Salt Lake City, UT, USA affiliation (PhD 2007): Boston University, Computer Science Department, MA, USA",https://awards.acm.org/award-recipients/li_2526881
acm_fellows.csv,"Liu, Tie-Yan",2021,,,no_candidate,No candidate with sufficient corroborating identity evidence in this pass.,,,,For contributions to machine learning algorithms and their applications,Tie-Yan Liu,"President, Zhongguancun Academy | IEEE Fellow | ACM Fellow | AAIA Fellow","[""Machine learning"", ""AI for Science"", ""AI for Industry"", ""Information retrieval"", ""NLP""]",Tie-Yan Liu,"affiliation: Microsoft Research Asia, Beijing, China",https://awards.acm.org/award-recipients/liu_2478350
acm_fellows.csv,"Miller, Dale A",2021,,,no_candidate,No candidate with sufficient corroborating identity evidence in this pass.,,,,For contributions to proof theory and computational logic,Dale Miller,"Inria-Saclay and LIX, Ecole Polytechnique","[""Proof Theory"", ""Theorem Proving"", ""Linear Logic"", ""Logic Programming"", ""Computational Logic""]",Dale Miller 0001,"affiliation: INRIA Saclay - Île-de-France, France affiliation (former): University of Pennsylvania, Computer and Information Science, Philadelphia, PA, USA affiliation (PhD 1983): Carnegie Mellon University, Pittsburgh, PA, USA",https://awards.acm.org/award-recipients/miller_2617538
acm_fellows.csv,"Mossel, Elchanan",2021,,,no_candidate,No candidate with sufficient corroborating identity evidence in this pass.,,,,For contributions to theoretical computer science and inference,Elchanan Mossel,"Professor of Mathematics, MIT","[""Combinatorial Statistics"", ""Discrete Fourier Analysis and Influences"", ""Randomized Algorithms""]",Elchanan Mossel,"affiliation: Massachusetts Institute of Technology, USA affiliation (former): University of California, Berkeley, USA",https://awards.acm.org/award-recipients/mossel_0709865
acm_fellows.csv,"Ouaknine, Joel",2021,Joël Ouaknine [SWS],2026-09-18,scholar_id_and_identity_context,Same nonempty Scholar ID as the reviewed Y-rated roster link; candidate name and institution context reviewed for compatible identity.,Joël Ouaknine [SWS],Max Planck Society,https://people.mpi-sws.org/~joel,For contributions to algorithmic analysis of dynamical systems,Joel Ouaknine,"Director, Max Planck Institute for Software Systems (MPI-SWS), Saarland Informatics Campus","[""Foundations of algorithmic verification"", ""linear dynamical systems"", ""model checking"", ""logic"", ""theoretical computer science""]",Joël Ouaknine,"affiliation: University of Oxford, Department of Computer Science, UK affiliation: Max Planck Institute for Software Systems, Saarbrücken, Germany",https://awards.acm.org/award-recipients/ouaknine_6048259 | https://scholar.google.com/citations?user=ZfE4iQ4AAAAJ
acm_fellows.csv,"Picard, Rosalind Wright",2021,,,no_candidate,No candidate with sufficient corroborating identity evidence in this pass.,,,,For contributions to physiological signal sensing for individual health and wellbeing,Rosalind Picard,"Professor, MIT Media Lab","[""Affective Computing"", ""Artificial Intelligence"", ""Wearable Computing"", ""Human-Computer Interaction""]",Rosalind W. Picard,"affiliation: MIT, Cambridge, USA",https://awards.acm.org/award-recipients/picard_4794384
acm_fellows.csv,"Qadeer, Shaz",2021,,,no_candidate,No candidate with sufficient corroborating identity evidence in this pass.,,,,"For contributions to software verification, software testing, and programming languages",Shaz Qadeer,Microsoft,"[""Program verification"", ""Programming languages"", ""Distributed systems""]",Shaz Qadeer,"affiliation: Microsoft Research, Redmond",https://awards.acm.org/award-recipients/qadeer_3771219
acm_fellows.csv,"Ricart, Glenn",2021,,,no_candidate,No candidate with sufficient corroborating identity evidence in this pass.,,,,For leadership in creating advanced research infrastructure including the first Internet interconnection point,,,,Glenn Ricart,,https://awards.acm.org/award-recipients/ricart_1241702
acm_fellows.csv,"Ross, Robert B",2021,,,no_candidate,No candidate with sufficient corroborating identity evidence in this pass.,,,,For contributions to high-performance computing in storage and parallel I/O,Robert B. Ross,"Senior Computer Scientist, Mathematics and Computer Science Division, Argonne National Laboratory","[""high-performance computing"", ""HPC system software"", ""parallel I/O and file systems""]",Robert B. Ross,"affiliation: Argonne National Laboratory, Lemont, Illinois, USA",https://awards.acm.org/award-recipients/ross_2879428
acm_fellows.csv,"Samarati, Pierangela",2021,,,no_candidate,No candidate with sufficient corroborating identity evidence in this pass.,,,,For contributions to data security and privacy,Pierangela Samarati,Universita` degli Studi di Milano,[],Pierangela Samarati,"affiliation: University of Milan, Italy",https://awards.acm.org/award-recipients/samarati_NB36699
acm_fellows.csv,"Schiele, Bernt",2021,Bernt Schiele [INF],2026-09-18,scholar_id_and_identity_context,Same nonempty Scholar ID as the reviewed Y-rated roster link; candidate name and institution context reviewed for compatible identity.,Bernt Schiele [INF],Max Planck Society,https://www.mpi-inf.mpg.de/departments/computer-vision-and-multimodal-computing/people/bernt-schiele,"For contributions to large-scale object recognition, human detection, and pose estimation",Bernt Schiele,"Professor, Max Planck Institute for Informatics, Saarland University, Saarland Informatics Campus","[""Computer Vision"", ""Machine Learning"", ""Artificial Intelligence"", ""Autonomous Driving"", ""Scene Understanding""]",Bernt Schiele,"affiliation: Max Planck Institute for Informatics, Saarbücken, Germany",https://awards.acm.org/award-recipients/schiele_5009214 | https://scholar.google.com/citations?user=z76PBfYAAAAJ
acm_fellows.csv,"Shah, Mubarak Ali",2021,Mubarak Shah,2026-09-18,scholar_id_and_identity_context,Same nonempty Scholar ID as the reviewed Y-rated roster link; candidate name and institution context reviewed for compatible identity.,Mubarak Shah,University of Central Florida,https://www.crcv.ucf.edu/person/mubarak-shah,For contributions to human action recognition in video and leadership for undergraduate research experience,Mubarak Shah,"Trustee Chair Professor of Computer Science, University of Central Florida","[""Computer Vision""]",Mubarak Shah,"affiliation: University of Central Florida, Orlando, USA",https://awards.acm.org/award-recipients/shah_2657963 | https://scholar.google.com/citations?user=p8gsO3gAAAAJ
acm_fellows.csv,"Smolka, Scott",2021,Scott A. Smolka,2026-09-18,scholar_id_and_identity_context,Same nonempty Scholar ID as the reviewed Y-rated roster link; candidate name and institution context reviewed for compatible identity.,Scott A. Smolka,Stony Brook University,http://www3.cs.stonybrook.edu/~sas,"For contributions in process algebra, model checking, and runtime verification",Scott A. Smolka,"Professor of Computer Science, Stony Brook University","[""Model Checking"", ""Runtime Verification"", ""Computational Biology""]",Scott A. Smolka,"affiliation: Stony Brook University, USA",https://awards.acm.org/award-recipients/smolka_1625607 | https://scholar.google.com/citations?user=4q-QenMAAAAJ
acm_fellows.csv,"Tehranipoor, Mark",2021,,,no_candidate,No candidate with sufficient corroborating identity evidence in this pass.,,,,For contributions to microelectronics security and trust,Mark M. Tehranipoor,"Intel Charles E. Young Endowed Chair Professor, ECE, University of Florida","[""Microelectronics Security and Trust"", ""IoT Security"", ""Semiconductor Supply Chain Security""]",Mark Tehranipoor,"affiliation: University of Florida, Institute for Cybersecurity Research (FICS), Gainesville, FL, USA affiliation: University of Connecticut, Center for Hardware Assurance, Security, and Engineering (CHASE), Storrs, CT, USA",https://awards.acm.org/award-recipients/tehranipoor_3149580
acm_fellows.csv,"Waters, Brent",2021,Brent R. Waters,2026-09-18,scholar_id_and_identity_context,Same nonempty Scholar ID as the reviewed Y-rated roster link; candidate name and institution context reviewed for compatible identity.,Brent R. Waters,University of Texas at Austin,https://www.cs.utexas.edu/~bwaters,For contributions to cryptography,Brent Waters,University of Texas at Austin,"[""Cryptography"", ""Computer Security""]",Brent Waters,"affiliation: University of Texas at Austin, USA award: ACM Grace Murray Hopper Award, 2015",https://awards.acm.org/award-recipients/waters_3058089 | https://scholar.google.com/citations?user=VEKxHOAAAAAJ
acm_fellows.csv,"White, Ryen W",2021,,,no_candidate,No candidate with sufficient corroborating identity evidence in this pass.,,,,"For contributions to information retrieval, human-computer interaction, and computational health",Ryen W. White,"Distinguished Scientist & VP, Microsoft","[""Information Retrieval"", ""Human-Computer Interaction"", ""Artificial Intelligence"", ""Psychology"", ""Health""]",Ryen W. White,"affiliation: Microsoft Research, Redmond, WA, USA affiliation: University of Washington, Seattle, WA, USA",https://awards.acm.org/award-recipients/white_6607089
acm_fellows.csv,"Zaki, Mohammed",2021,Mohammed J. Zaki,2026-09-18,scholar_id_and_identity_context,"Same nonempty Scholar ID as the reviewed Y-rated roster link; candidate name and institution context reviewed for compatible identity. Among multiple source spellings, use the reviewed DBLP or Scholar spelling (preserving any source campus tag); Ellen Zegura uses the initial form shared by an identical source profile.",Mohammed J. Zaki | Mohammed Javeed Zaki,Rensselaer Polytechnic Institute,http://www.cs.rpi.edu/~zaki,For contributions to data mining algorithms and foundations,Mohammed J. Zaki,"Professor & Head, Computer Science Department, RPI","[""Data Mining"", ""Machine Learning"", ""Graph Mining"", ""Personal Health"", ""Bioinformatics""]",Mohammed J. Zaki,"affiliation: Rensselaer Polytechnic Institute, Department of Computer Science, Troy, USA",https://awards.acm.org/award-recipients/zaki_4721650 | https://scholar.google.com/citations?user=UmwJklEAAAAJ
acm_fellows.csv,"Zhao, Ben",2021,Ben Y. Zhao,2026-09-18,scholar_id_and_identity_context,Same nonempty Scholar ID as the reviewed Y-rated roster link; candidate name and institution context reviewed for compatible identity.,Ben Y. Zhao,University of Chicago,http://people.cs.uchicago.edu/~ravenben,For contributions to peer-to-peer systems and online social networks,Ben Y. Zhao,"Neubauer Professor of Computer Science, University of Chicago","[""Security"", ""Adversarial Machine Learning"", ""Mobile Computing"", ""HCI"", ""Online Social Networks""]",Ben Y. Zhao,"affiliation: University of Chicago, Chicago, IL, USA affiliation (former): University of California, Santa Barbara, USA",https://awards.acm.org/award-recipients/zhao_4998316 | https://scholar.google.com/citations?user=cYReSuEAAAAJ
acm_fellows.csv,"Arpaci-Dusseau, Andrea",2020,Andrea C. Arpaci-Dusseau,2026-09-18,scholar_id_and_identity_context,"Same nonempty Scholar ID as the reviewed Y-rated roster link; candidate name and institution context reviewed for compatible identity. Among multiple source spellings, use the reviewed DBLP or Scholar spelling (preserving any source campus tag); Ellen Zegura uses the initial form shared by an identical source profile.",Andrea C. Arpaci-Dusseau | Andrea C. Dusseau,University of Wisconsin - Madison,http://pages.cs.wisc.edu/~dusseau,For contributions to storage and computer systems,Andrea Arpaci-Dusseau,"Professor Computer Science, University of Wisconsin-Madison","[""Operating Systems"", ""File Systems"", ""Storage Systems""]",Andrea C. Arpaci-Dusseau,"affiliation: University of Wisconsin-Madison, Madison, WI, USA affiliation (PhD 1998): University of California, Berkeley, CA, USA",https://awards.acm.org/award-recipients/arpaci-dusseau_4484671 | https://scholar.google.com/citations?user=8VkvOEEAAAAJ
acm_fellows.csv,"Arpaci-Dusseau, Remzi",2020,Remzi H. Arpaci-Dusseau,2026-09-18,scholar_id_and_identity_context,"Same nonempty Scholar ID as the reviewed Y-rated roster link; candidate name and institution context reviewed for compatible identity. Among multiple source spellings, use the reviewed DBLP or Scholar spelling (preserving any source campus tag); Ellen Zegura uses the initial form shared by an identical source profile.",Remzi H. Arpaci | Remzi H. Arpaci-Dusseau,University of Wisconsin - Madison,http://pages.cs.wisc.edu/~remzi,For contributions to storage and computer systems,Remzi Arpaci-Dusseau,University of Wisconsin-Madison,"[""Operating Systems""]",Remzi H. Arpaci-Dusseau,"affiliation: University of Wisconsin-Madison, Madison, WI, USA affiliation (PhD 1999): University of California, Berkeley, CA, USA",https://awards.acm.org/award-recipients/arpaci-dusseau_4247391 | https://scholar.google.com/citations?user=C1skWKgAAAAJ
acm_fellows.csv,"Banerjee, Suman",2020,Suman Banerjee 0001,2026-09-18,scholar_id_and_identity_context,Same nonempty Scholar ID as the reviewed Y-rated roster link; candidate name and institution context reviewed for compatible identity.,Suman Banerjee 0001 | Suman Banerjee 0002 | Ansuman Banerjee,University of Wisconsin - Madison,http://pages.cs.wisc.edu/~suman,"For contributions to design, implementation, and tools of wireless systems",Suman Banerjee,UW-Madison,"[""Mobile and wireless networking""]",,,https://awards.acm.org/award-recipients/banerjee_2544948 | https://scholar.google.com/citations?user=cLb-v7gAAAAJ
acm_fellows.csv,"Briand, Lionel",2020,,,no_candidate,No candidate with sufficient corroborating identity evidence in this pass.,,,,For contributions to automated software testing,Lionel Briand,"Professor, EECS, University of Ottawa, Canada and Research Ireland Lero Centre, Ireland","[""computer science"", ""software engineering"", ""trustworthy AI"", ""software testing"", ""requirements engineering""]",Lionel C. Briand,"affiliation: University of Luxembourg affiliation: University of Ottawa, Ottawa, Canada affiliation (former): Carleton University, Ottawa, Canada",https://awards.acm.org/award-recipients/briand_4712363
acm_fellows.csv,"Canny, John",2020,John F. Canny,2026-09-18,scholar_id_and_identity_context,Same nonempty Scholar ID as the reviewed Y-rated roster link; candidate name and institution context reviewed for compatible identity.,John F. Canny,Univ. of California - Berkeley,https://www2.eecs.berkeley.edu/Faculty/Homepages/canny.html,"For contributions in robotics, machine perception, human-computer interaction, and ubiquitous computing",John Canny,"University of California, Berkeley","[""HCI"", ""Ubicomp"", ""ICTD"", ""Data Mining"", ""Health Technologies""]",John F. Canny,"affiliation: University of California, Berkeley, USA",https://awards.acm.org/award-recipients/canny_4939518 | https://scholar.google.com/citations?user=LAv0HTEAAAAJ
acm_fellows.csv,"Chandrakasan, Anantha",2020,,,no_candidate,No candidate with sufficient corroborating identity evidence in this pass.,,,,For energy-efficient design methodologies and circuits that enabled ultralow-power wireless sensors and computing devices,Anantha Chandrakasan,"Dean of Engineering, Massachusetts Institute of Technology","[""Energy Efficient Design"", ""Machine Learning Hardware"", ""Security Hardware""]",Anantha P. Chandrakasan,"affiliation: Massachusetts Institute of Technology, Cambridge, USA affiliation (PhD 1994): University of California at Berkeley, Berkeley, CA, USA",https://awards.acm.org/award-recipients/chandrakasan_NA88310
acm_fellows.csv,"Chang, Yao-Wen",2020,,,no_candidate,No candidate with sufficient corroborating identity evidence in this pass.,,,,For contributions to algorithmic electronic design automation,Yao-Wen Chang,National Taiwan University,"[""electronic design automation"", ""computer-aided design"", ""VLSI design"", ""FPGA""]",Yao-Wen Chang,"affiliation: National Taiwan University, Taipei, Taiwan",https://awards.acm.org/award-recipients/chang_4541314
acm_fellows.csv,"Cormode, Graham R.",2020,Graham Cormode,2026-09-18,scholar_id_and_identity_context,Same nonempty Scholar ID as the reviewed Y-rated roster link; candidate name and institution context reviewed for compatible identity.,Graham Cormode,University of Oxford,https://www.cs.ox.ac.uk/people/graham.cormode,For contributions to data summarization and privacy enabling data management and analysis,Graham Cormode,University of Oxford,"[""Algorithms"", ""Data Analysis"", ""Hapax Legomenon"", ""Privacy""]",Graham Cormode,"affiliation: University of Warwick, UK affiliation (former): Rutgers University, USA",https://awards.acm.org/award-recipients/cormode_0692129 | https://scholar.google.com/citations?user=gpLVKmEAAAAJ
acm_fellows.csv,"Desbrun, Mathieu",2020,,,no_candidate,No candidate with sufficient corroborating identity evidence in this pass.,,,,For contributions to geometry processing and discrete differential geometry,Mathieu Desbrun,Inria & Ecole Polytechnique,"[""Graphics"", ""discrete differential geometry"", ""discrete exterior calculus"", ""geometric mechanics""]",Mathieu Desbrun,"affiliation: INRIA, Saclay, France affiliation: California Institute of Technology, Pasadena, CA, USA",https://awards.acm.org/award-recipients/desbrun_UK23204
acm_fellows.csv,"Diffie, Whitfield",2020,,,no_candidate,No candidate with sufficient corroborating identity evidence in this pass.,,,,For the invention of asymmetric public-key cryptography and the promulgation of a practical cryptographic key-exchange method,,,,Whitfield Diffie,award (2015): Turing Award award (2010): IEEE Richard W. Hamming Medal award (2000): Marconi Prize award (1996): Paris Kanellakis Award award (1994): EFF Pioneer Award award: National Inventors Hall of Fame,https://awards.acm.org/award-recipients/diffie_8371646
acm_fellows.csv,"Duffield, Nicholas",2020,Nick G. Duffield,2026-09-18,scholar_id_and_identity_context,"Same nonempty Scholar ID as the reviewed Y-rated roster link; candidate name and institution context reviewed for compatible identity. Among multiple source spellings, use the reviewed DBLP or Scholar spelling (preserving any source campus tag); Ellen Zegura uses the initial form shared by an identical source profile.",Nick Duffield | Nick G. Duffield,Texas A&M University,http://nickduffield.net/work,For contributions to network measurement and analysis,Nick Duffield,"Director, Texas A&M Institute of Data Science; Royce E. Wisenbaker Professorship I in ECE","[""Network Measurement"", ""Sampling"", ""Network Tomography"", ""Online Social Networks"", ""Big Data Analytics""]",Nick G. Duffield,,https://awards.acm.org/award-recipients/duffield_7506264 | https://scholar.google.com/citations?user=hrQOcZcAAAAJ
acm_fellows.csv,"Edelman, Alan",2020,,,no_candidate,No candidate with sufficient corroborating identity evidence in this pass.,,,,For contributions to algorithms and languages for numerical and scientific computing,Alan Edelman,"Professor of Applied Mathematics, Member Computer Science AI LABS, MIT","[""Corgis"", ""Random Matrix Theory"", ""Julia"", ""Numerical Linear Algebra"", ""Parallel Computing""]",Alan Edelman,,https://awards.acm.org/award-recipients/edelman_6704154
acm_fellows.csv,"Fox, Dieter",2020,,,no_candidate,No candidate with sufficient corroborating identity evidence in this pass.,,,,"For contributions to probabilistic state estimation, RGB-D perception, and learning for robotics and computer vision",Dieter Fox,University of Washington and AI2,"[""Robotics"", ""Artificial Intelligence"", ""Computer Vision""]",Dieter Fox,"affiliation: University of Washington, Seattle, Washington, USA",https://awards.acm.org/award-recipients/fox_2449177
acm_fellows.csv,"Ghemawat, Sanjay",2020,,,no_candidate,No candidate with sufficient corroborating identity evidence in this pass.,,,,For contributions to distributed systems design,Sanjay Ghemawat,Google,"[""Distributed systems"", ""Profiling tools"", ""Memory management"", ""Storage systems""]",Sanjay Ghemawat,"affiliation: Google Research affiliation (former): Massachusetts Institute of Technology, Cambridge, MA, USA award: ACM Prize in Computing, 2012",https://awards.acm.org/award-recipients/ghemawat_1482280
acm_fellows.csv,"Gordon, Andrew D.",2020,,,no_candidate,No candidate with sufficient corroborating identity evidence in this pass.,,,,"For contributions to programming languages: their principles, logic, usability, and trustworthiness",Andrew D Gordon,Cogna and University of Edinburgh,"[""Programming Languages"", ""Security"", ""Probabilistic Programming"", ""Spreadsheets""]",Andrew D. Gordon 0001,affiliation: Microsoft Research,https://awards.acm.org/award-recipients/gordon_N026872
acm_fellows.csv,"Gribble, Steven",2020,,,no_candidate,No candidate with sufficient corroborating identity evidence in this pass.,,,,"For contributions to virtualization technology across clusters, servers, and networks",Steve Gribble,Distinguished software engineer at google,"[""Networking"", ""Operating Systems"", ""Distributed Systems"", ""Systems Security""]",Steve D. Gribble,"affiliation: University of Washington, Seattle, Washington, USA",https://awards.acm.org/award-recipients/gribble_5105697
acm_fellows.csv,"Hambrusch, Susanne E",2020,,,no_candidate,No candidate with sufficient corroborating identity evidence in this pass.,,,,For research and leadership contributions to computer science education,Susanne Hambrusch,"Professor, Purdue University","[""Computer science education"", ""Algorithms""]",Susanne E. Hambrusch,"affiliation: Purdue University, West Lafayette, USA",https://awards.acm.org/award-recipients/hambrusch_1930809
acm_fellows.csv,"Hellman, Martin",2020,,,no_candidate,No candidate with sufficient corroborating identity evidence in this pass.,,,,For the invention of asymmetric public-key cryptography and the promulgation of a practical cryptographic key-exchange method,,,,Martin E. Hellman,"award (2015): Turing Award affiliation: Stanford University, USA award (2010): IEEE Richard W. Hamming Medal award (2000): Marconi Prize award (1996): Paris Kanellakis Award award (1994): EFF Pioneer Award award: National Inventors Hall of Fame",https://awards.acm.org/award-recipients/hellman_4055781
acm_fellows.csv,"Higham, Nicholas",2020,,,no_candidate,No candidate with sufficient corroborating identity evidence in this pass.,,,,"For contributions to numerical linear algebra, numerical stability analysis, and communication of mathematics",Nicholas J. Higham,"Royal Society Research Prof, Richardson Prof of Applied Mathematics, University of Manchester","[""Mathematics"", ""applied mathematics"", ""Numerical analysis"", ""Numerical linear algebra"", ""Mathematical software""]",Nicholas J. Higham,"affiliation: University of Manchester, UK",https://awards.acm.org/award-recipients/higham_5202406
acm_fellows.csv,"Hoare, C. Antony R.",2020,,,no_candidate,No candidate with sufficient corroborating identity evidence in this pass.,,,,"For contributions to the theory of programming, and its application to the practice of engineering of software",,,,Tony Hoare,"affiliation: University of Cambridge, UK affiliation: Microsoft Research, Cambridge, UK award (1980): Turing Award award (2011): IEEE John von Neumann Medal award (2011): Programming Languages Achievement Award award (1990): Computer Pioneer Award award (1981): Harry H. Goode Memorial Award award: Kyoto Prize",https://awards.acm.org/award-recipients/hoare_4622167
acm_fellows.csv,"John, Lizy Kurian",2020,,,no_candidate,No candidate with sufficient corroborating identity evidence in this pass.,,,,"For contributions to the design, modeling and benchmarking of computer architectures",Lizy Kurian John,Truchard Foundation Chair and Professor at UT Austin ECE,"[""Performance Modeling"", ""Power Aware Computing"", ""Low Power Design"", ""Workload Characterization"", ""Computer Architecture""]",Lizy Kurian John,"affiliation: University of Texas at Austin, USA",https://awards.acm.org/award-recipients/john_3760857
acm_fellows.csv,"Kumar, Ravi",2020,,,no_candidate,No candidate with sufficient corroborating identity evidence in this pass.,,,,"For contributions to web science modeling, analytics, and algorithms",Ravi Kumar,Google,"[""Algorithms for massive data"", ""ML/privacy"", ""Theory of computation""]",,,https://awards.acm.org/award-recipients/kumar_2505048
acm_fellows.csv,"Levine, Brian",2020,Brian Neil Levine,2026-09-18,scholar_id_and_identity_context,Same nonempty Scholar ID as the reviewed Y-rated roster link; candidate name and institution context reviewed for compatible identity.,Brian Neil Levine,Univ. of Massachusetts Amherst,https://people.cs.umass.edu/~brian,"For contributions to network forensics, security, and privacy, and for thwarting crimes against children",Brian Neil Levine,"Distinguished Professor, ACM Fellow, College of Information and Computer Sciences, UMass Amherst","[""networking"", ""security"", ""child abuse"", ""privacy"", ""digital forensics""]",,,https://awards.acm.org/award-recipients/levine_UJ71277 | https://scholar.google.com/citations?user=oHbIF48AAAAJ
acm_fellows.csv,"LI, Xuelong",2020,,,unresolved_candidates,No candidate with sufficient corroborating identity evidence in this pass.,Xudong Li 0004 | Xueliang Li 0005,,,For contributions to computing on and learning from higher-order data,Xuelong LI 李学龙,"中国电信人工智能研究院 (TeleAI, China Telecom)","[""AI"", ""imaging & image processing"", ""AI Flow""]",Xuelong Li 0001,"affiliation (since 2023): China Telecom Corp Ltd, Institute of Artificial Intelligence, TeleAI, Beijing, China affiliation (2018-2023): Northwestern Polytechnical University, School of Artificial Intelligence, iOPEN, Xi'an, China affiliation (2009-2018): Chinese Academy of Sciences, Xi'an Institute of Optics and Precision Mechanics (OPTIMAL), China affiliation (2004-2009): University of London, UK affiliation (2003-2004): University of Ulster, UK affiliation (former, PhD): University of Science and Technology of China(USTC), Hefei, China",https://awards.acm.org/award-recipients/li_3165359
acm_fellows.csv,"Mahlke, Scott",2020,Scott A. Mahlke,2026-09-18,scholar_id_and_identity_context,Same nonempty Scholar ID as the reviewed Y-rated roster link; candidate name and institution context reviewed for compatible identity.,Scott A. Mahlke,University of Michigan,http://web.eecs.umich.edu/~mahlke,"For contributions in compiler code generation for instruction level parallelism, and customized microprocessor architectures",Scott Mahlke,"Professor, Electrical Engineering and Computer Science Dept., University of Michigan","[""Computer Architecture"", ""Compilers""]",Scott A. Mahlke,"affiliation: University of Michigan, Ann Arbor, MI, USA",https://awards.acm.org/award-recipients/mahlke_4550588 | https://scholar.google.com/citations?user=-XpZ4fgAAAAJ
acm_fellows.csv,"Maltz, David",2020,,,no_candidate,No candidate with sufficient corroborating identity evidence in this pass.,,,,"For contributions to networking infrastructure, including data center networking, network operating systems, and cloud networking",David A. Maltz,"Technical Fellow, Microsoft","[""networking"", ""data centers"", ""AI infrastructure""]",David A. Maltz,affiliation: Microsoft Research,https://awards.acm.org/award-recipients/maltz_N015560
acm_fellows.csv,"Morris, Meredith Ringel",2020,,,no_candidate,No candidate with sufficient corroborating identity evidence in this pass.,,,,"For contributions to human-computer interaction, information retrieval, computer-supported cooperative work, and accessibility",Meredith Ringel Morris,"Director, Post-AGI Interaction Research, Google DeepMind","[""Human-Centered AI"", ""Human-AI Interaction"", ""Human Computer Interaction"", ""Social Computing"", ""Accessibility""]",Meredith Ringel Morris,affiliation: Google Research,https://awards.acm.org/award-recipients/morris_6317538
acm_fellows.csv,"Nagappan, Nachiappan",2020,,,no_candidate,No candidate with sufficient corroborating identity evidence in this pass.,,,,For contributions to empirical software engineering and data-driven software development,Nachiappan Nagappan,Facebook,"[""Software Reliability"", ""Productivity"", ""Software Analytics""]",Nachiappan Nagappan,"affiliation: Facebook affiliation (former): Microsoft Research, Redmond, WA",https://awards.acm.org/award-recipients/nagappan_0576124
acm_fellows.csv,"Narayanaswami, Chandra",2020,,,no_candidate,No candidate with sufficient corroborating identity evidence in this pass.,,,,"For design and development of the Linux Watch and SoulPad, which influenced wearable and mobile systems",Chandra Narayanaswami,IBM TJ Watson Research Center,"[""ECommerce"", ""Big Data Analytics"", ""Mobile Computing""]",Chandrasekhar Narayanaswami 0001,"affiliation: IBM, Thomas J. Watson Research Center, Yorktown Heights, NY, USA affiliation (former): Rensselaer Polytechnic Institute, Troy, NY, USA",https://awards.acm.org/award-recipients/narayanaswami_4658217
acm_fellows.csv,"Parhi, Keshab K.",2020,,,no_candidate,No candidate with sufficient corroborating identity evidence in this pass.,,,,For contributions to architectures and design tools for signal processing and networking accelerators,Keshab K. Parhi,"University of Minnesota, Erwin A. Kelen Chair in Electrical Engineering","[""VLSI Signal Processing"", ""Artificial Intelligence"", ""Neuroengineering"", ""Quantum"", ""DNA Computing""]",Keshab K. Parhi,,https://awards.acm.org/award-recipients/parhi_7136349
acm_fellows.csv,"Plotkin, Gordon",2020,Gordon D. Plotkin,2026-09-18,scholar_id_and_identity_context,Same nonempty Scholar ID as the reviewed Y-rated roster link; candidate name and institution context reviewed for compatible identity.,Gordon D. Plotkin,University of Edinburgh,http://homepages.inf.ed.ac.uk/gdp,"For contributions to the science of programming languages, particularly their operational and denotational semantics",Gordon Plotkin,"Laboratory for Foundations of Computer Science, School of Informatics, University of Edinburgh",[],Gordon D. Plotkin,"affiliation: University of Edinburgh, UK award (2010): Programming Languages Achievement Award",https://awards.acm.org/award-recipients/plotkin_8625851 | https://scholar.google.com/citations?user=0KiEfGcAAAAJ
acm_fellows.csv,"Resnick, Paul",2020,,,no_candidate,No candidate with sufficient corroborating identity evidence in this pass.,,,,"For contributions to recommender systems, economics and computation, and online communities",Paul Resnick,University of Michigan,"[""social computing"", ""recommender systems"", ""reputation systems"", ""online communities""]",Paul Resnick,"affiliation: University of Michigan, Ann Arbor, USA",https://awards.acm.org/award-recipients/resnick_5173331
acm_fellows.csv,"Rosson, Marybeth",2020,,,no_candidate,No candidate with sufficient corroborating identity evidence in this pass.,,,,"For contributions to human-computer interaction, including scenario-based design",Mary Beth Rosson,"Professor of Information Sciences & Technology, Pennsylvania State University","[""Human-computer interaction"", ""Computer Supported Cooperative Work"", ""End-User Development"", ""Educational Technology"", ""Human-Centered De""]",Mary Beth Rosson,"affiliation: Penn State, University Park, USA",https://awards.acm.org/award-recipients/rosson_2902369
acm_fellows.csv,"Sheth, Amit",2020,Amit P. Sheth,2026-09-18,scholar_id_and_identity_context,Same nonempty Scholar ID as the reviewed Y-rated roster link; candidate name and institution context reviewed for compatible identity.,Amit P. Sheth,University of South Carolina,https://www.linkedin.com/in/amitsheth,For contributions to data semantics and knowledge-enhanced computing,Amit Sheth,"NCR Chair, AI Inst South Carolina; Founding Director, IAIRO","[""Neurosymbolic AI"", ""Knowledge Graph"", ""Knowledge-infused Learning"", ""Semantic Web"", ""Artificial Intelligence""]",,,https://awards.acm.org/award-recipients/sheth_2299642 | https://scholar.google.com/citations?user=2T3H4ekAAAAJ
acm_fellows.csv,"Thompson, Kenneth Lane",2020,,,unresolved_candidates,No candidate with sufficient corroborating identity evidence in this pass.,Kevyn Collins-Thompson,,,For contributions to the development of operating systems theory and for the implementation of the UNIX operating system,Ken Thompson,Retired,"[""Computer Science""]",Ken Thompson,award (1983): Turing Award award (1998): National Medal of Technology and Innovation award (1994): Computer Pioneer Award award (1990): IEEE Richard W. Hamming Medal award (1983): ACM Software System Award award (1982): IEEE Emanuel R. Piore Award,https://awards.acm.org/award-recipients/thompson_4588371
acm_fellows.csv,"Tomkins, Andrew",2020,,,no_candidate,No candidate with sufficient corroborating identity evidence in this pass.,,,,For contributions to the understanding of the web and web-based social networks,Andrew Tomkins,Google,[],Andrew Tomkins,,https://awards.acm.org/award-recipients/tomkins_0483830
acm_fellows.csv,"Troyanskaya, Olga",2020,Olga G. Troyanskaya,2026-09-18,scholar_id_and_identity_context,Same nonempty Scholar ID as the reviewed Y-rated roster link; candidate name and institution context reviewed for compatible identity.,Olga G. Troyanskaya,Princeton University,https://www.cs.princeton.edu/people/profile/ogt,"For contributions to computational biology, data integration and deep learning applications for genome interpretation",Olga Troyanskaya,"Princeton University and Flatiron Institute, Simons Foundation","[""bioinformatics"", ""genomics"", ""machine learning"", ""computational biology""]",Olga G. Troyanskaya,,https://awards.acm.org/award-recipients/troyanskaya_6455940 | https://scholar.google.com/citations?user=PjCDBjIAAAAJ
acm_fellows.csv,"Van Der Aalst, Wil",2020,Wil M. P. van der Aalst,2026-09-18,scholar_id_and_identity_context,Same nonempty Scholar ID as the reviewed Y-rated roster link; candidate name and institution context reviewed for compatible identity.,Wil M. P. van der Aalst,RWTH Aachen University,http://www.vdaalst.com,"For contributions to process mining, process management, and data science",Wil van der Aalst,"Professor of Process and Data Science, RWTH Aachen University || Celonis || Fraunhofer FIT || TU/e","[""Business Process Management"", ""Data Science"", ""Process Mining"", ""Petri nets"", ""Information Systems""]",Wil M. P. van der Aalst,"affiliation: RWTH Aachen University, Chair of Process and Data Science, Germany affiliation (former): Eindhoven University of Technology, Department of Mathematics and Computer Science",https://awards.acm.org/award-recipients/vanderaalst_5194599 | https://scholar.google.com/citations?user=aSZYyxIAAAAJ
acm_fellows.csv,"Wang, Wei",2020,Wei Wang 0010,2026-09-18,institution_and_research,"UCLA faculty page confirms the 2020 ACM Fellow, data-mining research and the CSRankings UCLA homepage. The stored DBLP review instead describes an HKUST namesake; that conflicting profile is not used as evidence for this link.",Wei Wang 0002 | Wei Wang 0009 | Wei Wang 0010 | Wei Wang 0011 | Wei Wang 0012 | Wei Wang 0028 | Wei Wang 0030 | Wei Wang 0050 | Wei Wang 0054 | Wei Wang 0108 | Wei Wang 0190 | Wei Wang 0250 | Liwei Wang 0001 | Liwei Wang 0009 | Puwei Wang | Weina Wang 0001 | Wenxi Wang | Yiwei Wang 0001,Univ. of California - Los Angeles,http://www.cs.ucla.edu/~weiwang,For contributions to the foundation and practice of data mining,Wei Wang,"Leonard Kleinrock Professor in Computer Science, UCLA","[""Data Mining"", ""Machine Learning"", ""Natural Language Processing"", ""AI for Science""]",Wei Wang 0011,"unicode name: 王炜 affiliation: Hong Kong University of Science and Technology, Information Hub, Data Science and Analytics Thrust, Guangzhou, China affiliation: Hong Kong University of Science and Technology, Department of Computer Science and Engineering, Hong Kong affiliation: University of New South Wales, School of Computer Science and Engineering, Sydney, Australia affiliation (PhD 2004): Hong Kong University of Science and Technology, Department of Computer Science, Hong Kong not to be confused with: Wei Wang 0171",https://awards.acm.org/award-recipients/wang_7192664 | https://samueli.ucla.edu/people/wei-wang/
acm_fellows.csv,"Zyda, Michael J",2020,,,no_candidate,No candidate with sufficient corroborating identity evidence in this pass.,,,,"For contributions to game design, game and virtual reality networking, and body tracking",MIchael Zyda,"Emeritus Professor of Engineering Practice, University of Southern California","[""games"", ""virtual environments"", ""modeling and simulation"", ""artificial intelligence"", ""generative AI""]",Michael Zyda,"affiliation: University of Southern California, Los Angeles, USA",https://awards.acm.org/award-recipients/zyda_1609668
acm_fellows.csv,"Aaronson, Scott J",2019,Scott Aaronson,2026-09-18,reviewed_name_and_institution,Exact reviewed DBLP author name (including disambiguation number) plus matching current or historical institutional context in the retained Scholar/DBLP evidence.,Scott Aaronson,University of Texas at Austin,http://www.scottaaronson.com,For contributions to quantum computing and computational complexity,Scott Aaronson,"Schlumberger Chair of Computer Science, University of Texas at Austin","[""Quantum computing"", ""computational complexity""]",Scott Aaronson,"affiliation: University of Texas at Austin, Department of Computer Science, TX, USA affiliation: Massachusetts Institute of Technology (MIT), Department of Electrical Engineering and Computer Science, Cambridge, MA, USA affiliation: Institute for Advanced Study, Princeton, NJ, USA affiliation: University of Waterloo, Institute for Quantum Computing, ON, Canada award (2009): Presidential Early Career Award for Scientists and Engineers",https://awards.acm.org/award-recipients/aaronson_9555914 | https://dblp.org/pid/56/1358 | https://scholar.google.com/citations?user=EYv2BNQAAAAJ
acm_fellows.csv,"Abdelzaher, Tarek",2019,Tarek F. Abdelzaher,2026-09-18,scholar_id_and_identity_context,Same nonempty Scholar ID as the reviewed Y-rated roster link; candidate name and institution context reviewed for compatible identity.,Tarek F. Abdelzaher,Univ. of Illinois at Urbana-Champaign,http://web.engr.illinois.edu/~zaher,"For interdisciplinary contributions that bridge cyber-physical systems, social sensing, real-time computing, and control",Tarek Abdelzaher,University of Illinois,"[""Real-time Systems"", ""wireless sensor networks"", ""cyber-physical systems"", ""embedded systems"", ""social sensing""]",Tarek F. Abdelzaher,"affiliation: University of Illinois at Urbana Champaign, Department of Computer Science, IL, USA affiliation: University of Virginia, Department of Computer Science, Charlottesville, VA, USA",https://awards.acm.org/award-recipients/abdelzaher_UJ76483 | https://scholar.google.com/citations?user=cA28Zs0AAAAJ
acm_fellows.csv,"Amarasinghe, Saman",2019,Saman P. Amarasinghe,2026-09-18,scholar_id_and_identity_context,Same nonempty Scholar ID as the reviewed Y-rated roster link; candidate name and institution context reviewed for compatible identity.,Saman P. Amarasinghe,Massachusetts Inst. of Technology,http://people.csail.mit.edu/saman,"For contributions to high performance computing on modern hardware platforms, domain-specific languages, and compilation techniques",Saman Amarasinghe,MIT,"[""Compilers"", ""Performance Engineering"", ""Programming Languages"", ""Parallel Computing"", ""Domain-Specific Languages""]",Saman P. Amarasinghe,"affiliation: MIT, Cambridge, USA",https://awards.acm.org/award-recipients/amarasinghe_4130225 | https://scholar.google.com/citations?user=cF6i_goAAAAJ
acm_fellows.csv,"Berger, Emery David",2019,,,no_candidate,No candidate with sufficient corroborating identity evidence in this pass.,,,,For contributions in memory management and programming language implementation,Emery D. Berger,"Professor of Computer Science, University of Massachusetts Amherst; Amazon Scholar; ACM Fellow","[""Programming Languages"", ""Systems"", ""Performance"", ""Security"", ""Reliability""]",Emery D. Berger,"affiliation: University of Massachusetts, College of Information and Computer Sciences, Amherst, MA, USA affiliation (PhD 2002): University of Texas at Austin, Department of Computer Science, TX, USA",https://awards.acm.org/award-recipients/berger_4417531
acm_fellows.csv,"Boisvert, Ronald F",2019,,,no_candidate,No candidate with sufficient corroborating identity evidence in this pass.,,,,For contributions to mathematical software and service to the profession,Ronald F. Boisvert,"Applied and Computational Mathematics Division, National Institute of Standards and","[""Numerical Analysis"", ""Computational Science"", ""Mathematical Software""]",Ronald F. Boisvert,"affiliation: National Institute of Standards and Technology (NIST), Gaithersburg, MD, USA",https://awards.acm.org/award-recipients/boisvert_1461136
acm_fellows.csv,"Cachin, Christian",2019,,,no_candidate,No candidate with sufficient corroborating identity evidence in this pass.,,,,For contributions to secure distributed computing and cryptographic protocols,Christian Cachin,"University of Bern, Cryptology and Data Security Group","[""cryptography"", ""distributed systems"", ""security""]",Christian Cachin,"affiliation: University of Bern, Switzerland affiliation (former): IBM Research Zurich, Switzerland",https://awards.acm.org/award-recipients/cachin_4033205
acm_fellows.csv,"Calder, Bradley G",2019,,,no_candidate,No candidate with sufficient corroborating identity evidence in this pass.,,,,"For contributions to cloud storage; processor simulation, replay, and feedback-directed optimization of systems and applications",Brad Calder,Google,[],Brad Calder,"affiliation: University of California, San Diego, USA",https://awards.acm.org/award-recipients/calder_4123469
acm_fellows.csv,"Calvanese, Diego",2019,,,no_candidate,No candidate with sufficient corroborating identity evidence in this pass.,,,,For contributions to description logics and their applications in data management and software engineering,Diego Calvanese,"Prof. of Computer Science, KRDB, Free Univ. of Bozen-Bolzano; Wallenberg Visiting Prof., Umeå Univ.","[""Artificial intelligence"", ""Data Management"", ""Knowledge Representation"", ""Description Logics"", ""Verification""]",Diego Calvanese,"affiliation: Free University of Bozen-Bolzano, Italy affiliation: Umeå University, Sweden",https://awards.acm.org/award-recipients/calvanese_0397786
acm_fellows.csv,"Chan, Timothy",2019,Timothy M. Chan,2026-09-18,scholar_id_and_identity_context,Same nonempty Scholar ID as the reviewed Y-rated roster link; candidate name and institution context reviewed for compatible identity.,Timothy M. Chan | T.-H. Hubert Chan,Univ. of Illinois at Urbana-Champaign,http://tmc.web.engr.illinois.edu,"For contributions to computational geometry, algorithms, and data structures",Timothy M. Chan,"Professor of Computer Science, University of Illinois at Urbana-Champaign","[""Algorithms"", ""Computational Geometry""]",,,https://awards.acm.org/award-recipients/chan_4172730 | https://scholar.google.com/citations?user=CiesWGcAAAAJ
acm_fellows.csv,"Chandy, Kanianthra Mani",2019,,,no_candidate,No candidate with sufficient corroborating identity evidence in this pass.,,,,"For contributions to queuing networks, performance analysis, distributed and parallel programming, and distributed simulation",K Mani Chandy,California Institute of Technology,"[""Distributed systems"", ""Applications for crisis management""]",K. Mani Chandy,"affiliation: Caltech, Pasadena, USA award (2014): Dijkstra Prize",https://awards.acm.org/award-recipients/chandy_4104642
acm_fellows.csv,"Cohen, Philip R",2019,,,no_candidate,No candidate with sufficient corroborating identity evidence in this pass.,,,,"For contributions to the theory and practice of multi-agent systems, human-computer dialogue, and multimodal interaction",Philip R. Cohen,"Chief Scientist Emeritus, Openstream, Inc.","[""dialogue"", ""multimodal interaction"", ""multi-agent systems"", ""natural language processing"", ""human-computer""]",Phil Cohen 0001,"affiliation: Openstream, Inc affiliation: Monash University, Laboratory for Dialogue Research, Melbourne, Australia affiliation: VoiceBox Technologies, Bellevue, WA, USA affiliation (PhD): University of Toronto, ON, Canada",https://awards.acm.org/award-recipients/cohen_4633822
acm_fellows.csv,"Ferrari, Elena",2019,,,no_candidate,No candidate with sufficient corroborating identity evidence in this pass.,,,,For contributions to security and privacy of data and social network systems,,,,Elena Ferrari 0001,"affiliation: University of Insubria, Varese, Italy",https://awards.acm.org/award-recipients/ferrari_0528703
acm_fellows.csv,"Frincke, Deborah",2019,,,no_candidate,No candidate with sufficient corroborating identity evidence in this pass.,,,,"For contributions in education, the practice of research, and the leadership of cybersecurity",Deb Frincke,"Associate Laboratory Director Sandia National Laboratories, head of National Security Programs","[""cyber"", ""analytics"", ""AI"", ""quantum"", ""critical infrastructure""]",Deborah A. Frincke,"affiliation: National Security Agency, Washington, D.C., USA",https://awards.acm.org/award-recipients/frincke_3189248
acm_fellows.csv,"Kolda, Tamara G",2019,,,no_candidate,No candidate with sufficient corroborating identity evidence in this pass.,,,,"For innovations in algorithms for tensor decompositions, contributions to data science, and community leadership",Tamara G. Kolda,MathSci.ai,"[""tensor decompositions"", ""randomized algorithms"", ""mathematical data science"", ""high-performance computing"", ""efficient algorithms""]",Tamara G. Kolda,,https://awards.acm.org/award-recipients/kolda_5055801
acm_fellows.csv,"Mackay, Wendy Elizabeth",2019,,,no_candidate,No candidate with sufficient corroborating identity evidence in this pass.,,,,"For contributions to human-computer interaction, mixed reality and participatory design, and leadership in ACM SIGCHI",Wendy E. Mackay,"Inria, LISN, Université Paris-Saclay","[""Human Computer Interaction""]",Wendy E. Mackay,"affiliation: Université Paris-Saclay, Inria, Orsay, France",https://awards.acm.org/award-recipients/mackay_4789780
acm_fellows.csv,"McIlraith, Sheila",2019,Sheila A. McIlraith,2026-09-18,scholar_id_and_identity_context,Same nonempty Scholar ID as the reviewed Y-rated roster link; candidate name and institution context reviewed for compatible identity.,Sheila A. McIlraith,University of Toronto,http://www.cs.toronto.edu/~sheila,For contributions to knowledge representation and its applications to automated planning and semantic web services,Sheila McIlraith,"Professor of Computer Science, University of Toronto","[""Artificial Intelligence"", ""Knowledge Representation and Reasoning"", ""Automated Planning"", ""Reinforcement""]",Sheila A. McIlraith,"affiliation: University of Toronto, Canada",https://awards.acm.org/award-recipients/mcilraith_2299173 | https://scholar.google.com/citations?user=ny2zuvMAAAAJ
acm_fellows.csv,"Najork, Marc",2019,,,no_candidate,No candidate with sufficient corroborating identity evidence in this pass.,,,,For contributions to web search and web science,Marc Najork,Google DeepMind,"[""Web Search"", ""Information Retrieval"", ""Distributed Systems""]",Marc Najork,"affiliation: Google Research, Mountain View, CA, USA affiliation: Compaq Systems Research Center, Palo Alto, CA, USA affiliation: University of Illinois at Urbana-Champaign, Department of Computer Science, IL, USA",https://awards.acm.org/award-recipients/najork_3678687
acm_fellows.csv,"Pinkston, Timothy",2019,,,no_candidate,No candidate with sufficient corroborating identity evidence in this pass.,,,,"For contributions to interconnection network routing algorithms and architectures, and leadership in expanding computing research",Timothy Pinkston,"Professor of Electrical Engineering, University of Southern California","[""Computer Systems Architecture""]",Timothy M. Pinkston,"affiliation: University of Southern California, Los Angeles, USA",https://awards.acm.org/award-recipients/pinkston_4451597
acm_fellows.csv,"Reuter, Andreas",2019,,,no_candidate,No candidate with sufficient corroborating identity evidence in this pass.,,,,For contributions to database concurrency control and for service to the community,,,,Andreas Reuter 0001,"affiliation: Heidelberg Institute for Theoretical Studies (HITS), Germany affiliation: EML Research, Heidelberg, Germany affiliation: University of Kaiserslautern, Department of Computer Science affiliation: Stuttgart University, Institute of Parallel and Distributed High Performance Systems affiliation: IBM Research Laboratory, San Jose, USA affiliation: Technical University of Darmstadt, Department of Computer Sciences",https://awards.acm.org/award-recipients/reuter_2059137
acm_fellows.csv,"Shor, Peter W",2019,,,no_candidate,No candidate with sufficient corroborating identity evidence in this pass.,,,,"For contributions to quantum computing, information theory, and randomized algorithms",,,,Peter W. Shor,"affiliation: Massachusetts Institute of Technology, Cambridge, USA award (1999): Gödel Prize",https://awards.acm.org/award-recipients/shor_UJ26384
acm_fellows.csv,"Youssef, Moustafa",2019,,,no_candidate,No candidate with sufficient corroborating identity evidence in this pass.,,,,For contributions to location tracking algorithms,Moustafa Youssef,"Prof. of CSE, American University in Cairo, Fellow ACM/IEEE","[""mobile wireless networks"", ""mobile and ubiquitous computing"", ""localization"", ""quantum computing""]",Moustafa Youssef 0001,"affiliation: Alexandria University, Egypt affiliation: American University in Cairo, Egypt",https://awards.acm.org/award-recipients/youssef_1643915
acm_fellows.csv,"Zaniolo, Carlo A",2019,,,no_candidate,No candidate with sufficient corroborating identity evidence in this pass.,,,,For contributions to the theory and practice of data and knowledge-base systems,Carlo Zaniolo,"Professor of Computer Science, University of California, Los Angeles","[""Databases"", ""Data Mining"", ""Web Information Systems""]",Carlo Zaniolo,"affiliation: University of California, Los Angeles, USA",https://awards.acm.org/award-recipients/zaniolo_1278936
acm_fellows.csv,"Zhou, Lidong",2019,,,no_candidate,No candidate with sufficient corroborating identity evidence in this pass.,,,,For contributions to trustworthy distributed computing and to systems research and education in China,Lidong Zhou,Microsoft Research,"[""Distributed systems"", ""storage"", ""reliability and fault tolerance"", ""security""]",Lidong Zhou,affiliation: Microsoft Research,https://awards.acm.org/award-recipients/zhou_UI17761
acm_fellows.csv,"Agha, Gul",2018,,,no_candidate,No candidate with sufficient corroborating identity evidence in this pass.,,,,"For research in concurrent programming and formal methods, specifically the Actor Model",Gul Agha,"Professor of Comp. Science, University of Illinois at Urbana-Champaign & Chief Scientist StructureIQ","[""Programming Languages"", ""Concurrency Theory"", ""Formal Methods"", ""Software Engineering"", ""Sensor Networks""]",Gul A. Agha,"affiliation: University of Illinois, Urbana, IL, USA",https://awards.acm.org/award-recipients/agha_2268985
acm_fellows.csv,"Asanovic, Krste",2018,,,no_candidate,No candidate with sufficient corroborating identity evidence in this pass.,,,,"For contributions to computer architecture, including the open RISC-V instruction set and Agile hardware development",Krste Asanovic,UC Berkeley,"[""Computer Architecture"", ""VLSI Design"", ""Parallel Programming""]",Krste Asanovic,"affiliation: SiFive, USA affiliation: University of California at Berkeley, CA, USA affiliation (former): MIT, Cambridge, USA",https://awards.acm.org/award-recipients/asanovic_3737731
acm_fellows.csv,"Barham, Paul",2018,,,no_candidate,No candidate with sufficient corroborating identity evidence in this pass.,,,,For contributions to the design of operating systems and scalable distributed information processing systems,Paul Barham,Google DeepMind,"[""Performance"", ""Distributed Systems"", ""Operating Systems"", ""Networking"", ""Machine Learning""]",Paul Barham 0001,"affiliation: Google Brain, Mountain View, CA, USA affiliation: Microsoft Research Cambridge, UK affiliation: University of Cambridge, Computer Laboratory, UK",https://awards.acm.org/award-recipients/barham_CR73674
acm_fellows.csv,"Bartlett, Peter L",2018,,,no_candidate,No candidate with sufficient corroborating identity evidence in this pass.,,,,For contributions to the theory of machine learning,Peter Bartlett,"Professor, EECS and Statistics, UC Berkeley","[""machine learning"", ""statistical learning theory"", ""adaptive control""]",Peter L. Bartlett,"affiliation: University of California at Berkeley, Department of Statistics, CA, USA",https://awards.acm.org/award-recipients/bartlett_5155502
acm_fellows.csv,"Basin, David",2018,David A. Basin,2026-09-18,reviewed_name_and_institution,Exact reviewed DBLP author name (including disambiguation number) plus matching current or historical institutional context in the retained Scholar/DBLP evidence.,David A. Basin,ETH Zurich,https://www.inf.ethz.ch/personal/basin,For contributions to Information Security and Formal Methods,David Basin,"Professor of Computer Science, ETH Zurich; Affiliated Faculty, INSAIT, Sofia University","[""Security"", ""Computer Security"", ""Formal Methods"", ""Verification""]",David A. Basin,"affiliation: ETH Zurich, Switzerland",https://awards.acm.org/award-recipients/basin_8763042 | https://dblp.org/pid/b/DavidABasin | https://scholar.google.com/citations?user=-BA-kHYAAAAJ
acm_fellows.csv,"Belding, Elizabeth",2018,Elizabeth M. Belding,2026-09-18,reviewed_name_and_institution,Exact reviewed DBLP author name (including disambiguation number) plus matching current or historical institutional context in the retained Scholar/DBLP evidence.,Elizabeth M. Belding,Univ. of California - Santa Barbara,http://people.cs.ucsb.edu/ebelding/front-page,For contributions to communication in mobile networks and their deployment in developing regions,Elizabeth Belding,UC Santa Barbara,"[""mobile networking"", ""wireless networks"", ""ICT4D""]",Elizabeth M. Belding,"affiliation: University of California, Santa Barbara, CA, USA",https://awards.acm.org/award-recipients/belding_5044698 | https://dblp.org/pid/b/EMBeldingRoyer | https://scholar.google.com/citations?user=3G79TTEAAAAJ
acm_fellows.csv,"Bodik, Rastislav",2018,,,no_candidate,No candidate with sufficient corroborating identity evidence in this pass.,,,,For contributions to program synthesis,Rastislav Bodik,University of Washington,"[""Programming Languages"", ""Program Synthesis""]",Rastislav Bodík,"affiliation: University of Washington, Seattle, USA",https://awards.acm.org/award-recipients/bodik_4751111
acm_fellows.csv,"Camenisch, Jan",2018,,,no_candidate,No candidate with sufficient corroborating identity evidence in this pass.,,,,For contributions to privacy-enhancing cryptographic protocols and leadership in their practical realization,Jan Camenisch,Category Labs,"[""Privacy"", ""Cryptography"", ""Cryptographic Protocols"", ""Identity Management""]",Jan Camenisch,"affiliation: DFINITY, Switzerland affiliation (former): IBM Research Zurich, Switzerland",https://awards.acm.org/award-recipients/camenisch_6375022
acm_fellows.csv,"Dehon, Andre M",2018,André DeHon,2026-09-18,scholar_id_and_identity_context,Same nonempty Scholar ID as the reviewed Y-rated roster link; candidate name and institution context reviewed for compatible identity.,André DeHon,University of Pennsylvania,https://www.seas.upenn.edu/~andre,"For contributions to architecture exploration and design automation of spatially programmable computing fabrics, especially FPGAs",Andre DeHon,University of Pennsylvania,"[""Spatial Computing"", ""FPGAs"", ""Reconfigurable"", ""Interconnect"", ""Hardware Security""]",André DeHon,"affiliation: University of Pennsylvania, Philadelphia, USA",https://awards.acm.org/award-recipients/dehon_3448123 | https://scholar.google.com/citations?user=nintPk8AAAAJ
acm_fellows.csv,"Devanbu, Premkumar T",2018,,,no_candidate,No candidate with sufficient corroborating identity evidence in this pass.,,,,For contributions to using software data and meta-data to improve software tools and processes,Prem Devanbu,"Distinguished Research Professor (பேராசிரியர்), Member, European Academy, ACM Fellow, UC Davis","[""Empirical Software Engineering"", ""\""Naturalness\"" of Software"", ""Software Engineering""]",Premkumar T. Devanbu,"affiliation: University of California, Davis, Department of Computer Science",https://awards.acm.org/award-recipients/devanbu_UJ34070
acm_fellows.csv,"Funkhouser, Thomas",2018,,,no_candidate,No candidate with sufficient corroborating identity evidence in this pass.,,,,For research contributions in computer graphics,Thomas Funkhouser,Princeton University and Google,"[""Computer Graphics"", ""Computer Vision"", ""Shape Analysis"", ""Geometric Modeling"", ""Geometry Processing""]",Thomas A. Funkhouser,"affiliation: Princeton University, USA",https://awards.acm.org/award-recipients/funkhouser_9011235
acm_fellows.csv,"Garofalakis, Minos",2018,,,no_candidate,No candidate with sufficient corroborating identity evidence in this pass.,,,,"For contributions to data processing and analytics, particularly data streaming, approximation, and uncertainty.",Minos Garofalakis,"Professor, ECE, Technical University of Crete; ACM/IEEE Fellow; Member Academia Europaea.","[""Big Data Analytics"", ""Data Streams"", ""Query Optimization"", ""Database Systems""]",Minos N. Garofalakis,"unicode name: Μίνως Γαροφαλάκης affiliation: Technical University of Crete, School of Electronic and Computer Engineering, Chania, Greece affiliation: ATHENA Research and Innovation Centre, Athens, Greece",https://awards.acm.org/award-recipients/garofalakis_4173290
acm_fellows.csv,"Gerla, Mario",2018,,,no_candidate,No candidate with sufficient corroborating identity evidence in this pass.,,,,For contributions to design and analysis of mobile wireless protocols for vehicular safety and traffic applications,,,,Mario Gerla,"affiliation: University of California, Los Angeles, USA",https://awards.acm.org/award-recipients/gerla_6390231
acm_fellows.csv,"Hertzmann, Aaron",2018,,,no_candidate,No candidate with sufficient corroborating identity evidence in this pass.,,,,"For contributions to computer graphics, non-photorealistic rendering, computer animation, and machine learning",Aaron Hertzmann,Adobe,"[""Computer graphics"", ""computer vision"", ""machine learning"", ""human-computer interaction""]",Aaron Hertzmann,,https://awards.acm.org/award-recipients/hertzmann_4551057
acm_fellows.csv,"Keeton, Kimberly",2018,,,no_candidate,No candidate with sufficient corroborating identity evidence in this pass.,,,,"For contributions improving the dependability, manageability, and usability of storage and novel memory systems",Kimberly Keeton,Google,"[""computer systems"", ""operating systems"", ""distributed systems"", ""storage and information management"", ""performance evaluation""]",Kimberly Keeton,"affiliation: Google Systems Research Group, USA affiliation: Hewlett Packard Enterprise Labs, Palo Alto, CA, USA",https://awards.acm.org/award-recipients/keeton_4065769
acm_fellows.csv,"Leighton, Tom",2018,,,no_candidate,No candidate with sufficient corroborating identity evidence in this pass.,,,,"For his leadership in the establishment of content delivery networks, and his contributions to algorithm design",,,,Frank Thomson Leighton,"affiliation: MIT, Cambridge, US award (2017): National Inventors Hall of Fame",https://awards.acm.org/award-recipients/leighton_3453302
acm_fellows.csv,"Littman, Michael",2018,Michael L. Littman,2026-09-18,institution_and_research,"Brown faculty page supplies the middle initial and identifies reinforcement learning and AI, matching the ACM citation on sequential decision-making.",Michael L. Littman,Brown University,http://cs.brown.edu/~mlittman,For contributions to the design and analysis of sequential decision making algorithms in artificial intelligence,Michael Littman,Brown University,"[""reinforcement learning"", ""machine learning"", ""artificial intelligence""]",,,https://awards.acm.org/award-recipients/littman_5691718 | https://cs.brown.edu/people/faculty/mlittman/
acm_fellows.csv,"Parkes, David",2018,David C. Parkes,2026-09-18,scholar_id_and_identity_context,Same nonempty Scholar ID as the reviewed Y-rated roster link; candidate name and institution context reviewed for compatible identity.,David C. Parkes,Harvard University,http://www.eecs.harvard.edu/~parkes,"For contributions to computational markets, including novel mechanism design and incentive engineering methods",David C. Parkes,"George F. Colony Professor of Computer Science, John A. Paulson Dean, Harvard University","[""Economics and Computation"", ""Multi-Agent Systems""]",,,https://awards.acm.org/award-recipients/parkes_9764989 | https://scholar.google.com/citations?user=JUn8PgwAAAAJ
acm_fellows.csv,"Parulkar, Gurudatta",2018,,,no_candidate,No candidate with sufficient corroborating identity evidence in this pass.,,,,For contributions to improving the Internet architecture and open source software,,,,Guru M. Parulkar,,https://awards.acm.org/award-recipients/parulkar_2949303
acm_fellows.csv,"Roughan, Matthew",2018,,,no_candidate,No candidate with sufficient corroborating identity evidence in this pass.,,,,"For contributions to Internet measurement and analysis, with applications to network engineering",Matthew Roughan,"School of Mathematical Sciences, University of Adelaide","[""Network Modelling"", ""Network Measurements"", ""Network Management""]",Matthew Roughan,"affiliation: University of Adelaide, Australia",https://awards.acm.org/award-recipients/roughan_1189487
acm_fellows.csv,"Tesauro, Gerald",2018,,,no_candidate,No candidate with sufficient corroborating identity evidence in this pass.,,,,"For contributions to reinforcement learning, neural networks, and intelligent autonomous agents",Gerald Tesauro,IBM Research,"[""Machine Learning"", ""Reinforcement Learning"", ""Multi-Agent Learning""]",Gerald Tesauro,"affiliation: IBM Thomas J. Watson Research Center, Yorktown Heights, NY, USA",https://awards.acm.org/award-recipients/tesauro_3484462
acm_fellows.csv,"Vadhan, Salil",2018,Salil P. Vadhan,2026-09-18,reviewed_name_and_institution,Exact reviewed DBLP author name (including disambiguation number) plus matching current or historical institutional context in the retained Scholar/DBLP evidence.,Salil P. Vadhan,Harvard University,http://www.eecs.harvard.edu/~salil,"For advancing computational complexity and cryptography, and for promoting public support for theoretical computer science",Salil Vadhan,"Vicky Joseph Professor of Computer Science and Applied Mathematics, Harvard University","[""theoretical computer science: computational complexity"", ""cryptography"", ""and data privacy""]",Salil P. Vadhan,"affiliation: Harvard University, Cambridge, USA award (2009): Gödel Prize",https://awards.acm.org/award-recipients/vadhan_6783936 | https://dblp.org/pid/v/SPVadhan | https://scholar.google.com/citations?user=dqVjyRQAAAAJ
acm_fellows.csv,"Voorhees, Ellen M",2018,,,no_candidate,No candidate with sufficient corroborating identity evidence in this pass.,,,,"For contributions in evaluation of information retrieval, question answering, and other language technologies",Ellen Voorhees,NIST,"[""information retrieval""]",Ellen M. Voorhees,"affiliation: National Institute of Standards and Technology (NIST), Gaithersburg, MD, USA",https://awards.acm.org/award-recipients/voorhees_3103744
acm_fellows.csv,"Wigderson, Avi",2018,,,no_candidate,No candidate with sufficient corroborating identity evidence in this pass.,,,,For contributions to theoretical computer science and mathematics,,,,Avi Wigderson,"affiliation: Princeton, New Jersey, USA award (2023): Turing Award award (2021): Abel Prize award (2019): Knuth Prize award (2009): Gödel Prize award (2008): Josiah Willard Gibbs Lectureship",https://awards.acm.org/award-recipients/wigderson_3844537
acm_fellows.csv,"Wolman, Alec",2018,,,no_candidate,No candidate with sufficient corroborating identity evidence in this pass.,,,,For contributions to trusted mobile systems and services,Alec Wolman,Microsoft Research,"[""Mobile Systems"", ""Operating Systems"", ""Distributed Systems"", ""Security""]",Alec Wolman,affiliation: Microsoft,https://awards.acm.org/award-recipients/wolman_3324563
acm_fellows.csv,"Cohen, Edith",2017,,,no_candidate,No candidate with sufficient corroborating identity evidence in this pass.,,,,For contributions to the design of efficient algorithms for networking and big data,Edith Cohen,"Google, Tel Aviv University","[""Algorithms"", ""Machine Learning"", ""Networks"", ""Optimization"", ""Performance Evaluation""]",Edith Cohen,"affiliation: Google Research, Mountain View, CA, USA affiliation: Tel Aviv University, Israel",https://awards.acm.org/award-recipients/cohen_8497887
acm_fellows.csv,"Comaniciu, Dorin",2017,,,no_candidate,No candidate with sufficient corroborating identity evidence in this pass.,,,,"For contributions to machine intelligence, diagnostic imaging, image-guided interventions, and computer vision",Dorin Comaniciu,Siemens Healthineers,"[""Healthcare AI"", ""Biomedical Image Analysis"", ""Medical Image Computing"", ""Image Guided Therapy""]",Dorin Comaniciu,"affiliation: Siemens Healthineers, Medical Imaging Technologies, Princeton, NJ, USA",https://awards.acm.org/award-recipients/comaniciu_9798946
acm_fellows.csv,"Dray, Susan",2017,,,no_candidate,No candidate with sufficient corroborating identity evidence in this pass.,,,,For co-founding ACM SIGCHI and disseminating exemplary user experience design and evaluation practices worldwide,Susan Dray,Dray & Associates,"[""Human Centered Design for Development"", ""Research/Practitioner Interaction"", ""Field Research"", ""International User Experience""]",Susan M. Dray,,https://awards.acm.org/award-recipients/dray_N948257
acm_fellows.csv,"Fox, Edward Alan",2017,,,no_candidate,No candidate with sufficient corroborating identity evidence in this pass.,,,,For contributions in information retrieval and digital libraries,Edward Fox,"Professor of Computer Science, Virginia Tech, VPI&SU","[""digital libraries"", ""information retrieval"", ""multimedia"", ""education"", ""linguistics""]",Edward A. Fox,"affiliation: Virginia Tech, Dept. of Computer Science, Blacksburg, Virginia, USA",https://awards.acm.org/award-recipients/fox_1239482
acm_fellows.csv,"Fujimoto, Richard M",2017,,,no_candidate,No candidate with sufficient corroborating identity evidence in this pass.,,,,For contributions to parallel and distributed discrete event simulation,Richard Fujimoto,"Regents' Professor, Georgia Institute of Technology","[""modeling and simulation"", ""parallel computing"", ""distributed computing"", ""distributed simulation""]",Richard M. Fujimoto,"affiliation: Georgia Institute of Technology, Atlanta, USA",https://awards.acm.org/award-recipients/fujimoto_1572247
acm_fellows.csv,"Gomes, Carla",2017,Carla P. Gomes,2026-09-18,reviewed_name_and_institution,Exact reviewed DBLP author name (including disambiguation number) plus matching current or historical institutional context in the retained Scholar/DBLP evidence.,Carla P. Gomes,Cornell University,http://www.cs.cornell.edu/gomes,"For establishing the field of computational sustainability, and for foundational contributions to artificial intelligence",,,,Carla P. Gomes,"affiliation: Cornell University, Department of Computer Science, Canada",https://awards.acm.org/award-recipients/gomes_3449980 | https://dblp.org/pid/g/CarlaPGomes
acm_fellows.csv,"Gusfield, Dan",2017,,,no_candidate,No candidate with sufficient corroborating identity evidence in this pass.,,,,For contributions to combinatorial optimization and to algorithmic computational biology,dan gusfield,University of California Davis,[],Dan Gusfield,"affiliation: University of California, Davis, USA",https://awards.acm.org/award-recipients/gusfield_6074553
acm_fellows.csv,"Hager, Gregory",2017,Gregory D. Hager,2026-09-18,scholar_id_and_identity_context,"Same nonempty Scholar ID as the reviewed Y-rated roster link; candidate name and institution context reviewed for compatible identity. Among multiple source spellings, use the reviewed DBLP or Scholar spelling (preserving any source campus tag); Ellen Zegura uses the initial form shared by an identical source profile.",Greg Hager | Gregory D. Hager,Johns Hopkins University,http://www.cs.jhu.edu/~hager,For contributions to vision-based robotics and to computer-enhanced interventional medicine,Gregory Hager,"Mandell Bellmore Professor of Computer Science, Johns Hopkins University","[""Robotics"", ""Computer Vision"", ""Medicine"", ""HCI"", ""Computer Science""]",Gregory D. Hager,"affiliation: Johns Hopkins University, Department of Computer Science",https://awards.acm.org/award-recipients/hager_9477633 | https://scholar.google.com/citations?user=ivApfKcAAAAJ
acm_fellows.csv,"Hand, Steven Michael",2017,,,no_candidate,No candidate with sufficient corroborating identity evidence in this pass.,,,,For contributions to virtual machines and cloud computing,,,,Steven Hand 0001,"affiliation: Google, Mountain View, CA, USA affiliation (former): University of Cambridge, UK",https://awards.acm.org/award-recipients/hand_UJ74035
acm_fellows.csv,"Kale, Laxmikant",2017,,,no_candidate,No candidate with sufficient corroborating identity evidence in this pass.,,,,For development of new parallel programming techniques and their deployment in high performance computing applications,Laxmikant Kale,"Professor or Computer Science, University of Illinois","[""parallel programming"", ""parallel computing"", ""high performance computing"", ""computational science""]",Laxmikant V. Kalé,"affiliation: University of Illinois Urbana-Champaign, IL, USA",https://awards.acm.org/award-recipients/kale_3486685
acm_fellows.csv,"Kass, Michael",2017,,,no_candidate,No candidate with sufficient corroborating identity evidence in this pass.,,,,"For contributions to computer vision and computer graphics, particularly optimization and simulation",Michael Kass,NVIDIA,"[""Computer Graphics"", ""Computer Vision"", ""Image Processing"", ""Signal Processing"", ""Artificial Intelligence""]",Michael Kass,,https://awards.acm.org/award-recipients/kass_C103297
acm_fellows.csv,"Kesselman, Carl",2017,,,no_candidate,No candidate with sufficient corroborating identity evidence in this pass.,,,,"For contributions to high-performance computing, distributed systems, and scientific data management",Carl Kesselman,Professor University of Southern California Information Sciences Institute,"[""computer science"", ""medicine"", ""bioinformatics""]",Carl Kesselman,"affiliation: University of Southern California, Information Sciences Institute, Los Angeles, USA",https://awards.acm.org/award-recipients/kesselman_ND94649
acm_fellows.csv,"Knightly, Edward",2017,Edward W. Knightly,2026-09-18,scholar_id_and_identity_context,Same nonempty Scholar ID as the reviewed Y-rated roster link; candidate name and institution context reviewed for compatible identity.,Edward W. Knightly,Rice University,http://knightly.rice.edu,"For contributions to multi-user wireless LANs, wireless networks for underserved regions, and cross-layer wireless networking",Edward Knightly,"Sheafor-Lindsay Professor of Electrical and Computer Engineering and Computer Science, Rice","[""Wireless Networking"", ""Wireless Security"", ""Millimeter Wave"", ""Terahertz""]",Edward W. Knightly,"affiliation: Rice University, Houston, USA",https://awards.acm.org/award-recipients/knightly_4715645 | https://scholar.google.com/citations?user=-0vALDMAAAAJ
acm_fellows.csv,"Knoblock, Craig",2017,,,no_candidate,No candidate with sufficient corroborating identity evidence in this pass.,,,,"For contributions to artificial intelligence, semantic web, and semantic data integration",Craig A. Knoblock,"Keston Executive Director, USC Information Sciences Institute","[""Knowledge graphs"", ""data integration"", ""data science"", ""machine learning""]",Craig A. Knoblock,"affiliation: University of Southern California, Information Sciences Institute, Los Angeles, USA",https://awards.acm.org/award-recipients/knoblock_3469376
acm_fellows.csv,"Li, Li Erran",2017,,,unresolved_candidates,No candidate with sufficient corroborating identity evidence in this pass.,Lei Li | Lei Li 0003 | Lei Li 0005 | Li Li 0029 | Li Li 0040 | Li Li 0064 | Lin Li 0051 | Lin Li 0067,,,"For contributions to the design and analysis of wireless networks, improving architectures, throughput, and analytics",Li Erran Li,"IEEE Fellow and ACM Fellow, AWS AI, Amazon","[""AI4science"", ""multimodal reasoning"", ""machine learning"", ""systems""]",Li Erran Li,affiliation: Bell Labs,https://awards.acm.org/award-recipients/li_3188992
acm_fellows.csv,"Loh, Gabriel H",2017,,,no_candidate,No candidate with sufficient corroborating identity evidence in this pass.,,,,For contributions to die-stacking technologies in computer architecture,Gabriel H. Loh,AMD Research and Advanced Development (RAD),"[""Computer architecture""]",Gabriel H. Loh,,https://awards.acm.org/award-recipients/loh_4716668
acm_fellows.csv,"Lynch, Clifford A",2017,,,no_candidate,No candidate with sufficient corroborating identity evidence in this pass.,,,,"For contributions to library automation, information retrieval, scholarly communication, and information policy",,,,Clifford A. Lynch,,https://awards.acm.org/award-recipients/lynch_1428184
acm_fellows.csv,"Mccallum, Andrew K.",2017,Andrew McCallum,2026-09-18,scholar_id_and_identity_context,Same nonempty Scholar ID as the reviewed Y-rated roster link; candidate name and institution context reviewed for compatible identity.,Andrew McCallum,Univ. of Massachusetts Amherst,https://people.cs.umass.edu/~mccallum,"For contributions to machine learning with structured data, and innovations in scientific communication",Andrew McCallum,"Distinguished Professor of Computer Science, University of Massachusetts Amherst","[""Machine Learning"", ""Natural Language Processing"", ""Artificial Intelligence"", ""Peer Review""]",Andrew McCallum,"affiliation: University of Massachusetts Amherst, Department of Computer Science, Amherst, MA, USA affiliation (PhD 1995): University of Rochester, Department of Computer Science, Rochester, NY, USA",https://awards.acm.org/award-recipients/mccallum_5725015 | https://scholar.google.com/citations?user=yILa1y0AAAAJ
acm_fellows.csv,"Oliver, Nuria",2017,,,no_candidate,No candidate with sufficient corroborating identity evidence in this pass.,,,,"For contributions in probabilistic multimodal models of human behavior and uses in intelligent, interactive systems",Nuria Oliver,ELLIS Alicante; ACM Fellow; IEEE Fellow; EurAI Fellow; Co-founder of ELLIS,"[""Human Behavior Modeling from Data"", ""Human-centric AI"", ""Mobile HCI"", ""Responsible AI"", ""AI Ethics""]",Nuria Oliver,"affiliation: ELLIS Unit Alicante Foundation, Alicante, Spain affiliation: Vodafone Insitute, Berlin, Germany",https://awards.acm.org/award-recipients/oliver_CL65690
acm_fellows.csv,"Rabin, Tal",2017,,,no_candidate,No candidate with sufficient corroborating identity evidence in this pass.,,,,"For contributions to foundations of cryptography, including multi-party computations, signatures, and threshold and proactive protocol design",Tal Rabin,"University of Pennsylvania, Amazon Web Services","[""Cryptography""]",Tal Rabin,"affiliation: University of Pennsylvania, Philadelphia, PA, USA affiliation (former): IBM Research award (2014): Anita Borg Institute Women of Vision Awards",https://awards.acm.org/award-recipients/rabin_7297576
acm_fellows.csv,"Rui, Yong",2017,,,no_candidate,No candidate with sufficient corroborating identity evidence in this pass.,,,,"For contributions to image, video and multimedia analysis, understanding, and retrieval",Yong Rui,Lenovo Research and previously Microsoft Research,"[""Multimedia analysis"", ""computer vision"", ""AI"", ""machine learning""]",Yong Rui,unicode name: 芮勇 affiliation: Lenovo Group affiliation (former): Microsoft Research,https://awards.acm.org/award-recipients/rui_C100589
acm_fellows.csv,"Schoelkopf, Bernhard",2017,Bernhard Schölkopf [IS],2026-09-18,scholar_id_and_identity_context,Same nonempty Scholar ID as the reviewed Y-rated roster link; candidate name and institution context reviewed for compatible identity.,Bernhard Schölkopf [IS],Max Planck Society,https://is.mpg.de/~bs,For contributions to the theory and practice of machine learning,Bernhard Schölkopf,"Director, Max Planck Institute for Intelligent Systems & ELLIS Institute Tübingen; Professor at ETH","[""Machine Learning"", ""Causal Inference"", ""Artificial Intelligence"", ""Computational Photography"", ""Statistics""]",Bernhard Schölkopf,"affiliation: Max Planck Institute for Intelligent Systems, Tübingen, Germany award (2018): Gottfried Wilhelm Leibniz Prize",https://awards.acm.org/award-recipients/schoelkopf_9149237 | https://scholar.google.com/citations?user=DZ-fHPgAAAAJ
acm_fellows.csv,"Seitz, Steve",2017,Steven M. Seitz,2026-09-18,scholar_id_and_identity_context,Same nonempty Scholar ID as the reviewed Y-rated roster link; candidate name and institution context reviewed for compatible identity.,Steven M. Seitz,University of Washington,http://cs.washington.edu/homes/seitz,For contributions to computer vision and computer graphics,Steve Seitz,"Professor of Computer Science & Engineering, University of Washington; Google Corporation","[""Computer Vision"", ""Computer Graphics""]",,,https://awards.acm.org/award-recipients/seitz_3858198 | https://scholar.google.com/citations?user=-6cOYcYAAAAJ
acm_fellows.csv,"Sipser, Michael",2017,,,no_candidate,No candidate with sufficient corroborating identity evidence in this pass.,,,,"For contributions to computational complexity, particularly randomized computation and circuit complexity",,,,Michael Sipser,,https://awards.acm.org/award-recipients/sipser_1534403
acm_fellows.csv,"Vardy, Alexander",2017,,,no_candidate,No candidate with sufficient corroborating identity evidence in this pass.,,,,For contributions to the theory and practice of error-correcting codes and their study in complexity theory,Alexander Vardy,University of California San Diego,"[""Information Theory"", ""Coding Theory"", ""Computational Complexity Theory"", ""Error-Correcting Codes""]",Alexander Vardy,"affiliation: University of California, San Diego, USA",https://awards.acm.org/award-recipients/vardy_5473699
acm_fellows.csv,"Voelker, Geoffrey",2017,Geoffrey M. Voelker,2026-09-18,reviewed_name_and_institution,Exact reviewed DBLP author name (including disambiguation number) plus matching current or historical institutional context in the retained Scholar/DBLP evidence.,Geoff Voelker | Geoffrey M. Voelker,Univ. of California - San Diego,http://cseweb.ucsd.edu/~voelker,"For contributions to empirical measurement and analysis in systems, networking and security",Geoffrey M. Voelker,"University of California, San Diego","[""security"", ""operating systems"", ""networking"", ""wireless""]",Geoffrey M. Voelker,"affiliation: University of California, San Diego, USA",https://awards.acm.org/award-recipients/voelker_4468054 | https://dblp.org/pid/v/GeoffreyMVoelker | https://scholar.google.com/citations?user=45CJ-rgAAAAJ
acm_fellows.csv,"Wong, Martin",2017,Martin D. F. Wong,2026-09-18,scholar_id_and_identity_context,"Same nonempty Scholar ID as the reviewed Y-rated roster link; candidate name and institution context reviewed for compatible identity. HKBU appointment notice records his UIUC and CUHK history, electronic-design-automation research and ACM Fellowship, reconciling the older Scholar affiliation.",Martin D. F. Wong,Hong Kong Baptist University,https://www.hkbu.edu.hk/en/about/university-officers/professor-martin-wong.html,For contributions to the algorithmic aspects of electronic design automation (EDA),Martin D. F. Wong,"Edward C. Jordan Professor of Electrical and Computer Engineering, University of Illinois at Urbana","[""Design Automation"", ""EDA/CAD"", ""Algorithms"", ""Optimization""]",,,https://awards.acm.org/award-recipients/wong_2111201 | https://scholar.google.com/citations?user=WPhoQiUAAAAJ | https://www.hkbu.edu.hk/en/whats-new/press-release/2023/0117-hkbu-appoints-professor-martin-wong-ding-fat-as-provost.html
acm_fellows.csv,"Zhai, Chengxiang",2017,ChengXiang Zhai,2026-09-18,scholar_id_and_identity_context,"Same nonempty Scholar ID as the reviewed Y-rated roster link; candidate name and institution context reviewed for compatible identity. Among multiple source spellings, use the reviewed DBLP or Scholar spelling (preserving any source campus tag); Ellen Zegura uses the initial form shared by an identical source profile.",ChengXiang Zhai | Chengxiang Zhai,Univ. of Illinois at Urbana-Champaign,http://czhai.cs.illinois.edu,For contributions to information retrieval and text data mining,ChengXiang Zhai,University of Illinois at Urbana-Champaign,"[""Intelligent Information Systems"", ""Intelligent Agents"", ""Foundation Models"", ""Healthcare"", ""Education""]",ChengXiang Zhai,"affiliation: University of Illinois Urbana-Champaign, IL, USA",https://awards.acm.org/award-recipients/zhai_9953944 | https://scholar.google.com/citations?user=YU-baPIAAAAJ
acm_fellows.csv,"Alon, Noga",2016,,,no_candidate,No candidate with sufficient corroborating identity evidence in this pass.,,,,"For contributions in the study of expander graphs, derandomization and streaming algorithms.",Noga Alon,Princeton University and Tel Aviv University,"[""combinatorics""]",Noga Alon,"unicode name: נוגה אלון affiliation: Princeton University, USA affiliation: Tel Aviv University, Sackler School of Mathematics, Israel award (2019): ACM Paris Kanellakis Theory and Practice Award award (2016): Dijkstra Prize award (2005): Gödel Prize",https://awards.acm.org/award-recipients/alon_6955744
acm_fellows.csv,"Bianchini, Ricardo",2016,,,no_candidate,No candidate with sufficient corroborating identity evidence in this pass.,,,,"For contributions to power, energy, and thermal management of servers and datacenters.",,,,Ricardo Bianchini,"affiliation: Microsoft Research, Redmond, WA, USA",https://awards.acm.org/award-recipients/bianchini_3969516
acm_fellows.csv,"Blackburn, Steve",2016,,,no_candidate,No candidate with sufficient corroborating identity evidence in this pass.,,,,For contributions to memory management in programming languages.,Steve Blackburn,"Research Scientist, Google | Professor of Computer Science, Australian National University","[""Programming Languages""]",Steve Blackburn,"affiliation: Google Research, Sydney, NSW, Australia affiliation (PhD): Australian National University, Department of Computer Science, Canberra, ACT, Australia affiliation (former): Intel Corp, Hillsboro, OR, USA affiliation (former): University of Massachusetts Amherst, MA, USA",https://awards.acm.org/award-recipients/blackburn_4890836
acm_fellows.csv,"Brodley, Carla",2016,Carla E. Brodley,2026-09-18,scholar_id_and_identity_context,Same nonempty Scholar ID as the reviewed Y-rated roster link; candidate name and institution context reviewed for compatible identity.,Carla E. Brodley,Northeastern University,http://www.ccis.northeastern.edu/people/carla-brodley,For applications of machine learning and for increasing participation of women in computer science.,Carla Brodley,Northeastern University,"[""Machine Learning"", ""Data Mining"", ""Predictive Medicine""]",Carla E. Brodley,"affiliation: Tufts University, Medford, USA",https://awards.acm.org/award-recipients/brodley_0736905 | https://scholar.google.com/citations?user=sQ8u6h4AAAAJ
acm_fellows.csv,"Demaine, Erik",2016,Erik D. Demaine,2026-09-18,scholar_id_and_identity_context,Same nonempty Scholar ID as the reviewed Y-rated roster link; candidate name and institution context reviewed for compatible identity.,Erik D. Demaine,Massachusetts Inst. of Technology,http://erikdemaine.org,"For contributions to geometric computing, data structures, and graph algorithms.",Erik Demaine,"Professor of Electrical Engineering and Computer Science, Massachusetts Institute of Technology","[""algorithms"", ""computational geometry"", ""data structures"", ""graph algorithms"", ""recreational algorithms""]",Erik D. Demaine,"affiliation: MIT, Cambridge, US",https://awards.acm.org/award-recipients/demaine_4859765 | https://scholar.google.com/citations?user=6Ff2c8wAAAAJ
acm_fellows.csv,"Druin, Allison",2016,,,no_candidate,No candidate with sufficient corroborating identity evidence in this pass.,,,,For contributions to creating information and computing technologies with and for children.,Allison Druin,"Chief Futurist, University of Maryland","[""Human-Computer Interaction"", ""Search"", ""Educational applications"", ""Mobile tech""]",Allison Druin,"affiliation: University of Maryland, College Park, USA",https://awards.acm.org/award-recipients/druin_2936797
acm_fellows.csv,"Flinn, Jason",2016,,,no_candidate,No candidate with sufficient corroborating identity evidence in this pass.,,,,For contributions to mobile computing and reliable distributed systems.,Jason Flinn,Facebook,"[""Distributed Systems"", ""Operating Systems"", ""Mobile Computing""]",Jason Flinn,"affiliation: Facebook affiliation (former): University of Michigan, Ann Arbor, USA",https://awards.acm.org/award-recipients/flinn_4792545
acm_fellows.csv,"Freeman, William",2016,William T. Freeman,2026-09-18,scholar_id_and_identity_context,"Same nonempty Scholar ID as the reviewed Y-rated roster link; candidate name and institution context reviewed for compatible identity. Among multiple source spellings, use the reviewed DBLP or Scholar spelling (preserving any source campus tag); Ellen Zegura uses the initial form shared by an identical source profile.",Bill Freeman | William T. Freeman,Massachusetts Inst. of Technology,https://billf.mit.edu,"For contributions to low-level computer vision, machine learning, and computer graphics.",William T. Freeman,"Professor of Computer Science, MIT","[""computer vision"", ""computational photography""]",William T. Freeman,"affiliation: MIT, Cambridge, MA, USA",https://awards.acm.org/award-recipients/freeman_8348008 | https://scholar.google.com/citations?user=0zZnyMEAAAAJ
acm_fellows.csv,"Gil, Yolanda",2016,,,no_candidate,No candidate with sufficient corroborating identity evidence in this pass.,,,,For leadership in advancing the use of artificial intelligence in support of science and for service to the community.,Yolanda Gil,"Research Professor of Computer Science, University of Southern California","[""Artificial Intelligence"", ""Intelligent User Interfaces"", ""Knowledge Capture"", ""Scientific Workflows"", ""Semantic Web""]",Yolanda Gil,"affiliation: University of Southern California, Information Sciences Institute, Los Angeles, USA",https://awards.acm.org/award-recipients/gil_6797860
acm_fellows.csv,"Grossman, Robert L.",2016,,,no_candidate,No candidate with sufficient corroborating identity evidence in this pass.,,,,"For contributions to data science, data intensive computing and data mining.",Robert L Grossman,"Frederick H. Rawson Professor of Medicine and Computer Science, University of Chicago","[""machine learning / AI"", ""data science"", ""data intensive computing"", ""bioinformatics""]",Robert L. Grossman,,https://awards.acm.org/award-recipients/grossman_5209192
acm_fellows.csv,"Hendler, James",2016,James A. Hendler,2026-09-18,scholar_id_and_identity_context,"Same nonempty Scholar ID as the reviewed Y-rated roster link; candidate name and institution context reviewed for compatible identity. Among multiple source spellings, use the reviewed DBLP or Scholar spelling (preserving any source campus tag); Ellen Zegura uses the initial form shared by an identical source profile.",James A. Hendler | James Alexander Hendler | Jim Hendler,Rensselaer Polytechnic Institute,http://www.cs.rpi.edu/~hendler,For contributions to artificial intelligence and the development of the Semantic Web.,Jim Hendler,"Professor of computer science, RPI","[""Semantic web"", ""artificial intelligence"", ""web science"", ""ontology"", ""knowledge graph""]",James A. Hendler,"affiliation: Rensselaer Polytechnic Institute, Troy, NY, USA",https://awards.acm.org/award-recipients/hendler_8529710 | https://scholar.google.com/citations?user=JNPbTdIAAAAJ
acm_fellows.csv,"Hey, Anthony",2016,,,no_candidate,No candidate with sufficient corroborating identity evidence in this pass.,,,,For leadership in high performance computing and eScience.,Tony Hey,Honorary Senior Data Scientist STFC,"[""HPC"", ""particle physics"", ""data-intensive science""]",Anthony J. G. Hey,,https://awards.acm.org/award-recipients/hey_8598791
acm_fellows.csv,"Huang, Xuedong",2016,,,no_candidate,No candidate with sufficient corroborating identity evidence in this pass.,,,,For contributions to spoken language processing.,Xuedong D. Huang,Microsoft,"[""Speech"", ""NLP"", ""AI"", ""UI"", ""Machine Learning""]",,,https://awards.acm.org/award-recipients/huang_NC99002
acm_fellows.csv,"Kannan, Ravi",2016,,,no_candidate,No candidate with sufficient corroborating identity evidence in this pass.,,,,For contributions to the field of theoretical computer science.,,,,Ravi Kannan,"affiliation: Yale University, New Haven, Connecticut, USA award (2011): Knuth Prize award (1991): Fulkerson Prize",https://awards.acm.org/award-recipients/kannan_0345975
acm_fellows.csv,"Kersten, Martin",2016,Martin L. Kersten,2026-09-18,scholar_id_and_identity_context,"Same nonempty Scholar ID as the reviewed Y-rated roster link; candidate name and institution context reviewed for compatible identity. Among multiple source spellings, use the reviewed DBLP or Scholar spelling (preserving any source campus tag); Ellen Zegura uses the initial form shared by an identical source profile.",Martin L. Kersten | Martin Leopold Kersten,CWI,http://homepages.cwi.nl/~mk,For the design and implementation of column-store and main-memory database systems.,Martin Kersten,"Research Fellow, CWI, Amsterdam","[""Database systems""]",Martin L. Kersten,"affiliation: National Research Institute for Mathematics and Computer Science, Amsterdam, Netherlands award (2014): SIGMOD Edgar F. Codd Innovations Award",https://awards.acm.org/award-recipients/kersten_5257076 | https://scholar.google.com/citations?user=Kr6jppsAAAAJ
acm_fellows.csv,"Landay, James",2016,James A. Landay,2026-09-18,scholar_id_and_identity_context,Same nonempty Scholar ID as the reviewed Y-rated roster link; candidate name and institution context reviewed for compatible identity.,James A. Landay,Stanford University,https://profiles.stanford.edu/james-landay,"For contributions to human-computer interaction, with a focus on user interface design tools and ubiquitous computing.",James Landay,"Professor of Computer Science, Stanford University","[""Human-Computer Interaction"", ""Ubiquitous Computing"", ""Design"", ""mobile computing"", ""HCI""]",James A. Landay,"affiliation: Stanford University, USA affiliation: University of Washington, Seattle, Washington, USA",https://awards.acm.org/award-recipients/landay_4743282 | https://scholar.google.com/citations?user=oQsObk0AAAAJ
acm_fellows.csv,"Leino, K. Rustan M.",2016,,,no_candidate,No candidate with sufficient corroborating identity evidence in this pass.,,,,For contributions to making program verification accessible and practical.,,,,K. Rustan M. Leino,affiliation: Amazon Web Services affiliation (former): Microsoft Research,https://awards.acm.org/award-recipients/leino_3322476
acm_fellows.csv,"Lyles, Joseph Bryan",2016,,,no_candidate,No candidate with sufficient corroborating identity evidence in this pass.,,,,"For contributions to local network technology, internet measurement, and research.",J. Bryan Lyles,retired,"[""computer networks"", ""computer security""]",J. Bryan Lyles,,https://awards.acm.org/award-recipients/lyles_1245539
acm_fellows.csv,"Mudge, Trevor",2016,,,no_candidate,No candidate with sufficient corroborating identity evidence in this pass.,,,,For contributions to power aware computer architecture.,Trevor Mudge,"Bredt Family Professor of Engineering, University of Michigan","[""Computer Architecture""]",Trevor N. Mudge,"affiliation: University of Michigan, Ann Arbor, MI, USA award (2014): Eckert-Mauchly Award",https://awards.acm.org/award-recipients/mudge_1601467
acm_fellows.csv,"Oviatt, Sharon",2016,,,no_candidate,No candidate with sufficient corroborating identity evidence in this pass.,,,,"For contributions to the empirical and theoretical foundations of multimodal systems, and to human-centered computer interfaces.",Sharon Oviatt,"Professor of Human-centered A.I., Engineering, Monash University, Melbourne Australia","[""Human-centered A.I. and computing"", ""educational interfaces"", ""mobile interfaces"", ""multimodal interfaces"", ""speech and pen interfaces""]",Sharon L. Oviatt,"affiliation: Monash University, Melbourne, VIC, Australia affiliation (former): Incaa Designs, Bainbridge Island, WA, USA",https://awards.acm.org/award-recipients/oviatt_N937979
acm_fellows.csv,"Padmanabhan, Venkata",2016,,,no_candidate,No candidate with sufficient corroborating identity evidence in this pass.,,,,For research contributions and professional leadership in networked and mobile computing systems.,Venkata N. Padmanabhan,Microsoft Research India,"[""Networking"", ""Mobile Computing""]",Venkat N. Padmanabhan,"affiliation: Microsoft Research, India",https://awards.acm.org/award-recipients/padmanabhan_4354973
acm_fellows.csv,"Perlman, Radia",2016,,,no_candidate,No candidate with sufficient corroborating identity evidence in this pass.,,,,For contributions to the theory and practice of Internet routing and bridging protocols.,,,,Radia J. Perlman,"affiliation: EMC Corp., Bellevue, WA, USA affiliation (former): Digital Equipment Corp., Tewksbury, MA, USA affiliation (former): Intel Laboratories, USA affiliation (PhD 1988): Massachusetts Institute of Technology, Cambridge, MA, USA award (2014): Internet Hall of Fame award (2010): SIGCOMM Award award (2005): Anita Borg Institute Women of Vision Awards award: National Inventors Hall of Fame",https://awards.acm.org/award-recipients/perlman_0754474
acm_fellows.csv,"Ramalingam, Ganesan",2016,,,no_candidate,No candidate with sufficient corroborating identity evidence in this pass.,,,,For contributions to static program analysis.,Ganesan Ramalingam,Microsoft Research India,"[""Programming Languages""]",G. Ramalingam,affiliation: Microsoft Research,https://awards.acm.org/award-recipients/ramalingam_3321122
acm_fellows.csv,"Sapatnekar, Sachin S.",2016,,,no_candidate,No candidate with sufficient corroborating identity evidence in this pass.,,,,For contributions to the enhancement of performance and reliability in integrated circuits.,Sachin Sapatnekar,University of Minnesota,"[""CAD for VLSI circuits""]",Sachin S. Sapatnekar,"affiliation: University of Minnesota, USA",https://awards.acm.org/award-recipients/sapatnekar_4427506
acm_fellows.csv,"Sellen, Abigail",2016,,,no_candidate,No candidate with sufficient corroborating identity evidence in this pass.,,,,For contributions to human-computer interaction and the design of human-centered technology.,Abigail Sellen,"Lab Director, Microsoft Research Cambridge, UK","[""Human-Computer Interaction""]",Abigail Sellen,affiliation: Microsoft Research,https://awards.acm.org/award-recipients/sellen_7796964
acm_fellows.csv,"Sengupta, Sudipta",2016,,,no_candidate,No candidate with sufficient corroborating identity evidence in this pass.,,,,"For contributions to cloud networking, storage, and data management.",Sudipta Sengupta,"Vice President & Distinguished Scientist, Amazon AWS","[""Artificial Intelligence"", ""Architecture & Compilers"", ""Computer Systems"", ""Database & Storage Systems"", ""Computer Networking""]",Sudipta Sengupta,,https://awards.acm.org/award-recipients/sengupta_0287417
acm_fellows.csv,"Seznec, Andre",2016,,,no_candidate,No candidate with sufficient corroborating identity evidence in this pass.,,,,For contributions to branch prediction and cache memory design.,Seznec Andre,INRIA/IRISA,"[""Computer Architecture""]",André Seznec,"affiliation: IRISA/INRIA, Rennes, France",https://awards.acm.org/award-recipients/seznec_0977925
acm_fellows.csv,"Van Oorschot, Paul",2016,Paul C. van Oorschot,2026-09-18,scholar_id_and_identity_context,Same nonempty Scholar ID as the reviewed Y-rated roster link; candidate name and institution context reviewed for compatible identity.,Paul C. van Oorschot,Carleton University,http://www.scs.carleton.ca/~paulv,"For contributions to applied cryptography, authentication and computer security.",Paul C. van Oorschot,"Professor of Computer Science, Carleton University, Canada","[""Authentication"", ""Applied cryptography"", ""Information security"", ""Computer security"", ""Systems security""]",Paul C. van Oorschot,"affiliation: Carleton University, Ottawa, Canada",https://awards.acm.org/award-recipients/vanoorschot_5794524 | https://scholar.google.com/citations?user=CMRzTi8AAAAJ
acm_fellows.csv,"Veloso, Manuela",2016,,,no_candidate,No candidate with sufficient corroborating identity evidence in this pass.,,,,"For contributions to the field of artificial intelligence, in particular in planning, learning, multi-agent systems, and robotics.",Manuela M. Veloso,"Herbert A. Simon University Professor of Computer Science, Carnegie Mellon University","[""Artificial Intelligence"", ""Robotics"", ""Planning"", ""Learning"", ""Multirobot Systems""]",Manuela M. Veloso,"affiliation: Carnegie Mellon University, Pittsburgh, USA",https://awards.acm.org/award-recipients/veloso_4988599
acm_fellows.csv,"Chen, Hsinchun",2015,,,unresolved_candidates,No candidate with sufficient corroborating identity evidence in this pass.,Jinchuan Chen | Sanchuan Chen,,,For contributions to the research and development of security informatics and health informatics systems.,Hsinchun Chen,University of Arizona,"[""business analytics"", ""data mining"", ""security informatics"", ""health informatics""]",,,https://awards.acm.org/award-recipients/chen_3182110
acm_fellows.csv,"Czerwinski, Mary P.",2015,,,no_candidate,No candidate with sufficient corroborating identity evidence in this pass.,,,,For contributions to human-computer interaction and leadership in the CHI community.,Mary Czerwinski,Microsoft Research,"[""Human-Computer Interaction"", ""Psychology"", ""cognitive psychology""]",Mary Czerwinski,affiliation: Microsoft Research,https://awards.acm.org/award-recipients/czerwinski_4071353
acm_fellows.csv,"Fall, Kevin",2015,,,no_candidate,No candidate with sufficient corroborating identity evidence in this pass.,,,,For contributions to delay-tolerant networking.,,,,Kevin R. Fall,"affiliation: Carnegie Mellon University, USA",https://awards.acm.org/award-recipients/fall_4550307
acm_fellows.csv,"Grumberg, Orna",2015,,,no_candidate,No candidate with sufficient corroborating identity evidence in this pass.,,,,For contributions to research in automated formal verification of hardware and software systems.,Orna Grumberg,"Professor of Computer Science, Technion","[""Formal verification"", ""model checking""]",Orna Grumberg,"affiliation: Technion - Israel Institute of Technology, Haifa, Israel unicode name: ארנה גרימברג",https://awards.acm.org/award-recipients/grumberg_3069713
acm_fellows.csv,"Guha, Ramanathan",2015,,,no_candidate,No candidate with sufficient corroborating identity evidence in this pass.,,,,For contributions to structured data representation and specification and their impact on the Web.,,,,Ramanathan V. Guha,"affiliation: Microsoft, Redmond, WA, USA affiliation (former): Google Inc., Mountain View, CA, USA affiliation (former, PhD 1991): Stanford University, Stanford, CA, USA",https://awards.acm.org/award-recipients/guha_1031819
acm_fellows.csv,"Luby, Michael George",2015,,,no_candidate,No candidate with sufficient corroborating identity evidence in this pass.,,,,"For contributions to coding theory, cryptography, parallel algorithms and derandomization.",Michael Luby,BitRipple and ICSI,"[""large scale data distribution over challenged networks"", ""coding theory"", ""distributed reliable storage"", ""cryptography"", ""randomized al""]",Michael Luby,"affiliation: University of California, Berkeley, USA award (2015): ACM Paris Kanellakis Theory and Practice Award award (2012): IEEE Richard W. Hamming Medal",https://awards.acm.org/award-recipients/luby_4157467
acm_fellows.csv,"Miller, Victor",2015,,,no_candidate,No candidate with sufficient corroborating identity evidence in this pass.,,,,For contributions to cryptography and software research.,Victor Miller,SRI,"[""Number Theory"", ""Cryptography""]",,,https://awards.acm.org/award-recipients/miller_2751441
acm_fellows.csv,"Pearl, Judea",2015,,,no_candidate,No candidate with sufficient corroborating identity evidence in this pass.,,,,For contributions to artificial intelligence through the development of a calculus for probabilistic and causal reasoning.,Judea Pearl,"Professor of Computer Science, University of California, Los Angeles","[""causality"", ""artificial intelligence"", ""structural equations"", ""counterfactuals""]",Judea Pearl,"affiliation: University of California, Los Angeles, CA, USA award (2011): Turing Award award (2008): Benjamin Franklin Medal award (2003): ACM - AAAI Allen Newell Award",https://awards.acm.org/award-recipients/pearl_2658896
acm_fellows.csv,"Radev, Dragomir R",2015,,,no_candidate,No candidate with sufficient corroborating identity evidence in this pass.,,,,For contributions to natural language processing and computational linguistics,Dragomir Radev,"Professor, Computer Science, Yale University","[""Natural Language Processing"", ""Information Retrieval"", ""Machine Learning"", ""Computational Linguistics"", ""Social Network Analysis""]",Dragomir R. Radev,"affiliation: Yale University, New Haven, CT, USA affiliation (former): University of Michigan, Ann Arbor, USA",https://awards.acm.org/award-recipients/radev_4508164
acm_fellows.csv,"Rajamani, Sriram",2015,,,no_candidate,No candidate with sufficient corroborating identity evidence in this pass.,,,,For contributions to software analysis and defect detection.,Sriram Rajamani,Microsoft Research,"[""programming languages"", ""verification"", ""security"", ""systems"", ""machine learning""]",,,https://awards.acm.org/award-recipients/rajamani_4149217
acm_fellows.csv,"Rodriguez, Pablo",2015,,,no_candidate,No candidate with sufficient corroborating identity evidence in this pass.,,,,For contributions to content distribution architectures in peer-to-peer networks.,Pablo Rodriguez Rodriguez,IEEE Fellow and ACM Fellow. Spain.,"[""Distributed Systems"", ""AI"", ""Computer Networks"", ""Peer-to-Peer"", ""Privacy""]",Pablo Rodriguez 0001,affiliation: Telefónica affiliation: Microsoft,https://awards.acm.org/award-recipients/rodriguez_4941866
acm_fellows.csv,"Schroeder, Peter",2015,Peter Schröder,2026-09-18,scholar_id_and_identity_context,Same nonempty Scholar ID as the reviewed Y-rated roster link; candidate name and institution context reviewed for compatible identity.,Peter Schröder,California Inst. of Technology,https://users.cms.caltech.edu/~ps,For contributions to computer graphics and geometry processing.,Peter Schröder,"Professor of Computer Science and Applied & Computational Mathematics, Caltech","[""Computer Graphics""]",Peter Schröder,,https://awards.acm.org/award-recipients/schroeder_2750750 | https://scholar.google.com/citations?user=t3TgxNwAAAAJ
acm_fellows.csv,"Tan, Wang-Chiew",2015,,,unresolved_candidates,No candidate with sufficient corroborating identity evidence in this pass.,Gang Tan | Pang-Ning Tan,,,For contributions to data provenance and to the foundations of information integration.,Wang-Chiew Tan,Facebook AI,"[""data management"", ""data provenance"", ""data integration"", ""natural language processing""]",Wang Chiew Tan,"affiliation: Meta, USA affiliation (former): University of California, Santa Cruz, USA",https://awards.acm.org/award-recipients/tan_0563874
acm_fellows.csv,"Warnow, Tandy",2015,Tandy J. Warnow,2026-09-18,institution_and_research,"The CSRankings homepage identifies the Illinois professor, 2015 ACM Fellowship, phylogenetics and historical linguistics, matching the award citation.",Tandy J. Warnow,Univ. of Illinois at Urbana-Champaign,https://tandy.cs.illinois.edu,"For contributions to mathematical theory, algorithms, and software for large-scale molecular phylogenetics and historical linguistics.",Tandy Warnow,"University of Illinois Urbana-Champaign, Siebel School of Computing and Data Science","[""computational biology"", ""phylogenetics"", ""machine learning"", ""historical linguistics"", ""multiple sequence""]",Tandy Warnow,"affiliation: University of Illinois at Urbana-Champaign, Department of Computer Science, IL, USA affiliation: University of Texas at Austin, Department of Computer Science, TX, USA",https://awards.acm.org/award-recipients/warnow_1091023 | https://tandy.cs.illinois.edu/
acm_fellows.csv,"Adve, Vikram",2014,Vikram S. Adve,2026-09-18,scholar_id_and_identity_context,Same nonempty Scholar ID as the reviewed Y-rated roster link; candidate name and institution context reviewed for compatible identity.,Vikram S. Adve,Univ. of Illinois at Urbana-Champaign,https://vikram.cs.illinois.edu,For developing the LLVM compiler and for contributions to parallel computing and software security.,Vikram Adve,University of Illinois at Urbana-Champaign,"[""Artificial Intelligence"", ""Digital Agriculture"", ""Compilers"", ""Programming Languages"", ""Parallel Computing""]",Vikram S. Adve,"affiliation: University of Illinois at Urbana-Champaign, USA award (2012): ACM Software System Award",https://awards.acm.org/award-recipients/adve_3453297 | https://scholar.google.com/citations?user=VbruE20AAAAJ
acm_fellows.csv,"Afrati, Foto",2014,,,no_candidate,No candidate with sufficient corroborating identity evidence in this pass.,,,,For contributions to the theory of database systems.,Foto Afrati,"Professor of Computer Science, National Technical University of Athens","[""Databases"", ""algorithms"", ""distributed computation""]",Foto N. Afrati,,https://awards.acm.org/award-recipients/afrati_5120647
acm_fellows.csv,"Bachman, Charles W",2014,,,no_candidate,No candidate with sufficient corroborating identity evidence in this pass.,,,,"For contributions to database technology, notably the integrated data store",,,,Charles W. Bachman,award (1973): Turing Award award (2012): National Medal of Technology and Innovation,https://awards.acm.org/award-recipients/bachman_9385610
acm_fellows.csv,"Dhillon, Inderjit",2014,,,no_candidate,No candidate with sufficient corroborating identity evidence in this pass.,,,,"For contributions to large-scale data analysis, machine learning and computational mathematics.",Inderjit S. Dhillon,"VP, Google Fellow at Google & Professor of Computer Science at UT Austin, Ex-VP at Amazon","[""Machine Learning"", ""Deep Learning"", ""Large Language Models"", ""Numerical Linear Algebra"", ""Computational""]",Inderjit S. Dhillon,"affiliation: University of Texas at Austin, USA",https://awards.acm.org/award-recipients/dhillon_8822330
acm_fellows.csv,"Dutt, Nikil D.",2014,Nikil Dutt,2026-09-18,scholar_id_and_identity_context,Same nonempty Scholar ID as the reviewed Y-rated roster link; candidate name and institution context reviewed for compatible identity.,Nikil Dutt,Univ. of California - Irvine,http://www.ics.uci.edu/~dutt,"For contributions to embedded architecture exploration, and service to electronic design automation and embedded systems.",Nikil Dutt,"Distinguished Professor, CS, EECS & Cognitive Sciences, University of California, Irvine","[""Embedded Systems"", ""Electronic Design Automation"", ""Computer Architecture"", ""Compilers"", ""Healthcare IoT""]",Nikil Dutt,"affiliation: University of California, Irvine, Department of Computer Science, CA, USA",https://awards.acm.org/award-recipients/dutt_3887684 | https://scholar.google.com/citations?user=CpBXPVoAAAAJ
acm_fellows.csv,"Gehrke, Johannes",2014,,,no_candidate,No candidate with sufficient corroborating identity evidence in this pass.,,,,For his contributions to data mining and data stream query processing.,Johannes Gehrke,Uber,"[""Database systems"", ""distributed systems"", ""machine learning""]",Johannes Gehrke,"affiliation: Microsoft, USA affiliation: Cornell University, Ithaca, USA",https://awards.acm.org/award-recipients/gehrke_4146023
acm_fellows.csv,"Grimson, Eric",2014,,,no_candidate,No candidate with sufficient corroborating identity evidence in this pass.,,,,"For contributions to computer vision, and medical image computing.",Eric Grimson,MIT,"[""Computer vision"", ""medical image analysis"", ""medical image computing""]",W. Eric L. Grimson,"affiliation: MIT Computer Science and Artificial Intelligence Laboratory, Cambridge, USA",https://awards.acm.org/award-recipients/grimson_0490961
acm_fellows.csv,"Horvitz, Eric",2014,,,no_candidate,No candidate with sufficient corroborating identity evidence in this pass.,,,,"For contributions to artificial intelligence, and human-computer interaction.",Eric Horvitz,Microsoft,"[""Machine intelligence"", ""decision theory"", ""decisions under uncertainty"", ""information retrieval"", ""bounded""]",Eric Horvitz,"affiliation: Microsoft Research, Redmond, WA, USA award (2015): ACM - AAAI Allen Newell Award",https://awards.acm.org/award-recipients/horvitz_4722252
acm_fellows.csv,"Lamport, Leslie Barry",2014,,,no_candidate,No candidate with sufficient corroborating identity evidence in this pass.,,,,For contributions to the theory and practice of distributed and concurrent systems,Leslie Lamport,Unknown affiliation,[],Leslie Lamport,"affiliation: Microsoft Research, Mountain View award (2013): Turing Award award (2008): IEEE John von Neumann Medal award (2004): IEEE Emanuel R. Piore Award award (2000, 2005, 2014): Dijkstra Prize",https://awards.acm.org/award-recipients/lamport_1205376
acm_fellows.csv,"Malik, Sharad",2014,,,no_candidate,No candidate with sufficient corroborating identity evidence in this pass.,,,,"For contributions to efficient and capable SAT solvers, and accurate embedded software models.",Sharad Malik,"Professor of Electrical and Computer Engineering, Princeton University","[""Computer Engineering"", ""Electronic Design Automation"", ""Computer-Aided Design"", ""Formal Verification"", ""Hardware Verification""]",Sharad Malik,"affiliation: Princeton University, NJ, USA",https://awards.acm.org/award-recipients/malik_3144771
acm_fellows.csv,"Morris, Robert",2014,Robert Tappan Morris,2026-09-18,institution_and_research,"MIT identifies Robert Morris as a 2014 ACM Fellow working on computer networking, distributed systems and operating systems; the candidate is the MIT faculty member.",Robert Tappan Morris,Massachusetts Inst. of Technology,https://pdos.csail.mit.edu/~rtm,"For contributions to computer networking, distributed systems, and operating systems.",Robert Morris,"Professor of Computer Science, MIT","[""Networks"", ""Operating Systems"", ""Distributed Systems""]",,,https://awards.acm.org/award-recipients/morris_4169967 | https://news.mit.edu/2015/five-csail-researchers-named-acm-fellows-0108
acm_fellows.csv,"Navathe, Shamkant",2014,Shamkant B. Navathe,2026-09-18,scholar_id_and_identity_context,Same nonempty Scholar ID as the reviewed Y-rated roster link; candidate name and institution context reviewed for compatible identity.,Shamkant B. Navathe,Georgia Institute of Technology,http://www.cc.gatech.edu/computing/Database/faculty/sham,"For contribution to data modeling, database design, and database education.",Shamkant B Navathe,"Professor of Computer Science, Georgia Institute of Technology","[""Database Systems""]",Shamkant B. Navathe,"affiliation: Georgia Institute of Technology, Atlanta, USA",https://awards.acm.org/award-recipients/navathe_1444884 | https://scholar.google.com/citations?user=_Z12v2IAAAAJ
acm_fellows.csv,"Ranganathan, Parthasarathy",2014,,,no_candidate,No candidate with sufficient corroborating identity evidence in this pass.,,,,For contributions to the areas of energy efficiency and server architectures.,Parthasarathy Ranganathan,Google,"[""systems"", ""computer architecture"", ""datacenters"", ""energy efficiency"", ""power management""]",Parthasarathy Ranganathan,affiliation: Google Inc. affiliation (former): Hewlett-Packard Labs,https://awards.acm.org/award-recipients/ranganathan_4587556
acm_fellows.csv,"Shieber, Stuart",2014,Stuart M. Shieber,2026-09-18,scholar_id_and_identity_context,Same nonempty Scholar ID as the reviewed Y-rated roster link; candidate name and institution context reviewed for compatible identity.,Stuart M. Shieber,Harvard University,http://www.eecs.harvard.edu/shieber,"For contributions to natural-language processing, and to open-access systems and policy.",Stuart Shieber,Harvard University,"[""computational linguistics"", ""natural-language processing""]",Stuart M. Shieber,"affiliation: Harvard University, Cambridge, USA",https://awards.acm.org/award-recipients/shieber_1887579 | https://scholar.google.com/citations?user=oq8WAwsAAAAJ
acm_fellows.csv,"Srikant, Ramakrishnan",2014,,,no_candidate,No candidate with sufficient corroborating identity evidence in this pass.,,,,For contributions to knowledge discovery and data mining.,Ramakrishnan Srikant,"Google Fellow, Google","[""Search Ads"", ""Machine Learning""]",Ramakrishnan Srikant,affiliation: Google award (2002): Grace Murray Hopper Award,https://awards.acm.org/award-recipients/srikant_UJ17103
acm_fellows.csv,"Syverson, Paul",2014,,,no_candidate,No candidate with sufficient corroborating identity evidence in this pass.,,,,For contributions to and leadership in the theory and practice of privacy and security.,Paul Syverson,"Mathematician, U.S. Naval Research Laboratory","[""Computer security"", ""Privacy"", ""Anonymity"", ""Logic"", ""Combat Epistemology""]",Paul F. Syverson,"affiliation: Naval Research Laboratory, USA",https://awards.acm.org/award-recipients/syverson_5067587
acm_fellows.csv,"Whittaker, Stephen J",2014,Steve Whittaker 0001,2026-09-18,scholar_id_and_identity_context,Same nonempty Scholar ID as the reviewed Y-rated roster link; candidate name and institution context reviewed for compatible identity.,Steve Whittaker 0001,Univ. of California - Santa Cruz,https://sites.google.com/view/stevewhittaker/home,For contributions to human-computer interaction.,Steve Whittaker,"Distinguished Professor of Computational Media, University of California at Santa Cruz","[""Human Computer Interaction"", ""Computer Mediated Communication"", ""Well-Being""]",Steve Whittaker 0001,"affiliation: University of California, Santa Cruz, Jack Baskin School of Engineering, CA, USA affiliation: IBM Research, Almaden, CA, USA affiliation: Hewlett Packard Labs, Bristol, UK affiliation: University of Sheffield, Department of Information Studies, UK affiliation: AT&T Labs, Florham Park, NJ, USA affiliation: Bell Labs, Murray Hill, NJ, USA affiliation: Lotus Development Corporation, Cambridge, MA, USA",https://awards.acm.org/award-recipients/whittaker_1473868 | https://scholar.google.com/citations?user=TkVUIVsAAAAJ
acm_fellows.csv,"Ackerman, Mark S",2013,,,no_candidate,No candidate with sufficient corroborating identity evidence in this pass.,,,,"For contributions to human computer interaction, with an emphasis on finding and sharing expertise.",Mark Ackerman,"University of Michigan, Ann Arbor","[""human-computer interaction"", ""social computing"", ""cscw""]",Mark S. Ackerman,"affiliation: University of Michigan, Ann Arbor, USA",https://awards.acm.org/award-recipients/ackerman_2446870
acm_fellows.csv,"Aggarwal, Charu Chandra",2013,,,no_candidate,No candidate with sufficient corroborating identity evidence in this pass.,,,,For contributions to knowledge discovery and data mining algorithms.,Charu Aggarwal,"Distinguished Research Staff Member, IBM T. J. Watson Research Center","[""Linear Algebra and Optimization"", ""Data Mining"", ""Probability and Statistics"", ""Outlier Analysis"", ""AI""]",Charu C. Aggarwal,"affiliation: IBM T. J. Watson Research Center, Yorktown, NY, USA affiliation: Indian Institute of Technology Kanpur, Department of Computer Science and Engineering, India",https://awards.acm.org/award-recipients/aggarwal_6102260
acm_fellows.csv,"Borgman, Christine L",2013,,,no_candidate,No candidate with sufficient corroborating identity evidence in this pass.,,,,"For contributions to research on human interaction with information systems, data practices, and information policy.",Christine L. Borgman,"Distinguished Professor of Information Studies, UCLA","[""information"", ""computing"", ""digital libraries"", ""scientific data""]",Christine L. Borgman,"affiliation: University of California, Los Angeles, USA",https://awards.acm.org/award-recipients/borgman_2203826
acm_fellows.csv,"De Lucena, Carlos J P",2013,Carlos José Pereira de Lucena,2026-09-18,scholar_id_and_identity_context,"Same nonempty Scholar ID as the reviewed Y-rated roster link; candidate name and institution context reviewed for compatible identity. Among multiple source spellings, use the reviewed DBLP or Scholar spelling (preserving any source campus tag); Ellen Zegura uses the initial form shared by an identical source profile.",Carlos J. P. Lucena | Carlos José Pereira de Lucena | Carlos Lucena,PUC-RIO,http://www.inf.puc-rio.br/blog/professor/@carlos-jose-pereira-de-lucena,"For contributions in software engineering and multiagent systems, and for computer science leadership in Brazil.",Carlos José Pereira de Lucena,"Professor de Ciência da Computação, PUC-Rio","[""Engenharia de Software"", ""Agentes de Software"", ""Sistemas Muti-Agentes""]",Carlos José Pereira de Lucena,"affiliation: Pontifical Catholic University of Rio de Janeiro, Brazil",https://awards.acm.org/award-recipients/delucena_UK77047 | https://scholar.google.com/citations?user=BCW5XGIAAAAJ
acm_fellows.csv,"Elliott, Chip",2013,,,no_candidate,No candidate with sufficient corroborating identity evidence in this pass.,,,,"For scientific contributions enabling quantum communications, advanced tactical networks, and programming literacy.",,,,Chip Elliott,,https://awards.acm.org/award-recipients/elliott_4552162
acm_fellows.csv,"Forsyth, David",2013,David A. Forsyth,2026-09-18,scholar_id_and_identity_context,Same nonempty Scholar ID as the reviewed Y-rated roster link; candidate name and institution context reviewed for compatible identity.,David A. Forsyth,Univ. of Illinois at Urbana-Champaign,http://luthuli.cs.uiuc.edu/~daf,For contributions to computer vision.,David Forsyth,"Professor of Computer Science, University of Illinois, Urbana Champaign","[""Computer Vision"", ""Computer Graphics"", ""Machine Learning""]",David A. Forsyth,"affiliation: University of Illinois, Urbana-Champaign, IL, USA",https://awards.acm.org/award-recipients/forsyth_4507323 | https://scholar.google.com/citations?user=5H0arvkAAAAJ
acm_fellows.csv,"Gosling, James",2013,,,no_candidate,No candidate with sufficient corroborating identity evidence in this pass.,,,,"For Java, NeWS, Emacs, NetBeans, and other contributions to programming languages, tools, and environments.",,,,James Gosling,award (2015): IEEE John von Neumann Medal award (2002): ACM Software System Award,https://awards.acm.org/award-recipients/gosling_9843418
acm_fellows.csv,"Haas, Peter",2013,Peter J. Haas,2026-09-18,scholar_id_and_identity_context,Same nonempty Scholar ID as the reviewed Y-rated roster link; candidate name and institution context reviewed for compatible identity.,Peter J. Haas,Univ. of Massachusetts Amherst,https://people.cs.umass.edu/~phaas,For leadership in probabilistic methods for the management and analysis of data and for system simulation.,Peter J Haas,"College of Information and Computer Sciences, University of Massachusetts Amherst","[""Comper Science"", ""Operations Research""]",,,https://awards.acm.org/award-recipients/haas_4166369 | https://scholar.google.com/citations?user=PeCI8KcAAAAJ
acm_fellows.csv,"Kannan, Sampath Kumar",2013,Sampath Kannan,2026-09-18,scholar_id_and_identity_context,Same nonempty Scholar ID as the reviewed Y-rated roster link; candidate name and institution context reviewed for compatible identity.,Sampath Kannan,University of Pennsylvania,https://www.cis.upenn.edu/~kannan,"For contributions to algorithmic approaches to program reliability, bioinformatics, and for service to the computer science research community.",Sampath Kannan,"Professor, Computer and Information Science, University of Pennsylvania","[""Theoretical Computer Science""]",Sampath Kannan,,https://awards.acm.org/award-recipients/kannan_UJ34784 | https://scholar.google.com/citations?user=WhvtccoAAAAJ
acm_fellows.csv,"Kasik, David J",2013,,,no_candidate,No candidate with sufficient corroborating identity evidence in this pass.,,,,"For contributions to computer graphics, user interface software, and visual analytics.",,,,David J. Kasik,,https://awards.acm.org/award-recipients/kasik_1266766
acm_fellows.csv,"Kleinberg, Jon",2013,Jon M. Kleinberg,2026-09-18,scholar_id_and_identity_context,Same nonempty Scholar ID as the reviewed Y-rated roster link; candidate name and institution context reviewed for compatible identity.,Jon M. Kleinberg,Cornell University,https://www.cs.cornell.edu/home/kleinber,For contributions to the science of information and social networks.,Jon Kleinberg,"Professor of Computer Science, Cornell University","[""algorithms"", ""information networks"", ""social networks"", ""societal aspects of algorithms""]",Jon M. Kleinberg,"affiliation: Cornell University, Ithaca, USA award (2014): ACM - AAAI Allen Newell Award award (2011): Frederick W. Lanchester Prize award (2008): ACM Prize in Computing award (2006): Nevanlinna Prize",https://awards.acm.org/award-recipients/kleinberg_0032532 | https://scholar.google.com/citations?user=VX7d5EQAAAAJ
acm_fellows.csv,"Kumar, Panganamala",2013,,,unresolved_candidates,No candidate with sufficient corroborating identity evidence in this pass.,P. Sateesh Kumar | P. Sreenivasa Kumar 0001 | P. Vijay Kumar | Pankaj Kumar 0007 | Pardeep Kumar | Pawan Kumar 0001 | Piyush Kumar | Preetham Kumar,,,For contributions to wireless communication and control technologies.,P. R. Kumar,Texas A&M University,"[""Learning Theory"", ""Wireless"", ""Network Information Theory"", ""Stochastic Control"", ""Cyberphysical Systems""]",P. R. Kumar 0001,"affiliation: Texas A&M University, College Station, TX, USA affiliation (former): University of Illinois, Urbana-Champaign, IL, USA",https://awards.acm.org/award-recipients/kumar_2386142
acm_fellows.csv,"Lea, Douglas",2013,,,no_candidate,No candidate with sufficient corroborating identity evidence in this pass.,,,,"For contributions to software, particularly in support of concurrency.",Doug Lea,"Professor of Computer Science, SUNY Oswego","[""Concurrent programming"", ""system software""]",Doug Lea,,https://awards.acm.org/award-recipients/lea_3428158
acm_fellows.csv,"Maarek, Yoelle",2013,,,no_candidate,No candidate with sufficient corroborating identity evidence in this pass.,,,,For contributions to industrial leadership and to information retrieval and Web search.,Yoelle Maarek,"Chief Researcher AI/IR, TII",[],Yoelle Maarek,,https://awards.acm.org/award-recipients/maarek_4442703
acm_fellows.csv,"Manning, Christopher",2013,Christopher D. Manning,2026-09-18,scholar_id_and_identity_context,Same nonempty Scholar ID as the reviewed Y-rated roster link; candidate name and institution context reviewed for compatible identity.,Christopher D. Manning,Stanford University,https://nlp.stanford.edu/~manning,For contributions to natural language processing research and education.,Christopher D Manning,"Professor of Computer Science and Linguistics, Stanford University","[""Natural Language Processing"", ""Computational Linguistics"", ""Deep Learning""]",Christopher D. Manning,"affiliation: Stanford University, Department of Computer Science, USA",https://awards.acm.org/award-recipients/manning_4438248 | https://scholar.google.com/citations?user=1zmDOdwAAAAJ
acm_fellows.csv,"Mellor-Crummey, John",2013,John M. Mellor-Crummey,2026-09-18,scholar_id_and_identity_context,Same nonempty Scholar ID as the reviewed Y-rated roster link; candidate name and institution context reviewed for compatible identity.,John M. Mellor-Crummey,Rice University,http://www.cs.rice.edu/~johnmc,For contributions to parallel and high performance computing.,John Mellor-Crummey,"Professor of Computer Science, Rice University","[""High Performance Computing"", ""Parallel Computing"", ""Tools"", ""Performance Analysis"", ""Synchronization""]",John M. Mellor-Crummey,"affiliation: Rice University, Houston, USA",https://awards.acm.org/award-recipients/mellor-crummey_2978823 | https://scholar.google.com/citations?user=wX0XpxMAAAAJ
acm_fellows.csv,"Morrisett, Greg",2013,J. Gregory Morrisett [Tech],2026-09-18,scholar_id_and_identity_context,"Same nonempty Scholar ID as the reviewed Y-rated roster link; candidate name and institution context reviewed for compatible identity. Among multiple source spellings, use the reviewed DBLP or Scholar spelling (preserving any source campus tag); Ellen Zegura uses the initial form shared by an identical source profile.",Greg Morrisett [Tech] | J. Gregory Morrisett [Tech],Cornell University,http://www.cs.cornell.edu/~jgm,For contributions to mathematically-based methods for ensuring the efficient implementation and verification of practical programming languages.,Greg Morrisett,"Dean and Professor, Cornell University","[""programming languages"", ""security"", ""semantics"", ""type systems"", ""type theory""]",J. Gregory Morrisett,"affiliation: Harvard University, Cambridge, USA",https://awards.acm.org/award-recipients/morrisett_3964848 | https://scholar.google.com/citations?user=Dswus94AAAAJ
acm_fellows.csv,"Myers, Andrew",2013,Andrew C. Myers,2026-09-18,scholar_id_and_identity_context,Same nonempty Scholar ID as the reviewed Y-rated roster link; candidate name and institution context reviewed for compatible identity.,Andrew C. Myers,Cornell University,http://www.cs.cornell.edu/andru,For contributions to languages and systems that use information flow for implementing secure computing systems.,Andrew C. Myers,"Class of 1912 Professor of Engineering, Dept. of Computer Science, Cornell University","[""Programming Languages"", ""Security"", ""Systems""]",Andrew C. Myers,"affiliation: Cornell University, Department of Computer Science, Ithaca, NY, USA affiliation (PhD 1999): Massachusetts Institute of Technology (MIT), Cambridge, MA, USA",https://awards.acm.org/award-recipients/myers_UK20507 | https://scholar.google.com/citations?user=ovlpa_IAAAAJ
acm_fellows.csv,"Nau, Dana",2013,,,no_candidate,No candidate with sufficient corroborating identity evidence in this pass.,,,,For contributions to automated search and planning.,Dana Nau,University of Maryland,"[""Artificial Intelligence"", ""Automated Planning"", ""Heuristic Search"", ""Evolutionary Game Theory"", ""Game Tree Search""]",Dana S. Nau,"affiliation: University of Maryland, College Park, USA",https://awards.acm.org/award-recipients/nau_9374109
acm_fellows.csv,"Robertson, S E",2013,,,unresolved_candidates,No candidate with sufficient corroborating identity evidence in this pass.,Scott P. Robertson,,,For contributions to the theory and practice of information retrieval.,,,,Stephen E. Robertson,affiliation: Microsoft Research,https://awards.acm.org/award-recipients/robertson_N024075
acm_fellows.csv,"Sellis, Timoleon",2013,,,no_candidate,No candidate with sufficient corroborating identity evidence in this pass.,,,,"For contributions to database query optimization, spatial data management, and data warehousing.",Timos Sellis,Athena Research Center,"[""Data Management"", ""Data Science"", ""Databases"", ""Database systems"", ""Spatial Databases""]",Timos K. Sellis,"unicode name: Τίμος Σελλής affiliation: Athena Research Center, Archimedes Research Unit, Athens, Greece award (2018): TCDE Impact Award",https://awards.acm.org/award-recipients/sellis_2439610
acm_fellows.csv,"Shavit, Nir N",2013,Nir Shavit,2026-09-18,reviewed_name_and_institution,Exact reviewed DBLP author name (including disambiguation number) plus matching current or historical institutional context in the retained Scholar/DBLP evidence.,Nir Shavit,Massachusetts Inst. of Technology,http://people.csail.mit.edu/shanir,For contributions to the theory and practice of synchronization in concurrent programming.,,,,Nir Shavit,"affiliation: Massachusetts Institute of Technology, Cambridge, MA, USA affiliation (former): Tel Aviv University, Israel award (2012): Dijkstra Prize award (2004): Gödel Prize",https://awards.acm.org/award-recipients/shavit_4451837 | https://dblp.org/pid/s/NirShavit
acm_fellows.csv,"Williamson, David",2013,David P. Williamson,2026-09-18,scholar_id_and_identity_context,Same nonempty Scholar ID as the reviewed Y-rated roster link; candidate name and institution context reviewed for compatible identity.,David P. Williamson,Cornell University,http://www.orie.cornell.edu/people/profile.cfm?netid=dw36,For contributions to the design and analysis of approximation algorithms.,David P. Williamson,"Professor of Operations Research, Cornell University","[""Algorithms"", ""Mathematical Programming"", ""Combinatorial Optimization"", ""Approximation Algorithms""]",,,https://awards.acm.org/award-recipients/williamson_4646584 | https://scholar.google.com/citations?user=pOd2M64AAAAJ
acm_fellows.csv,"Yung, Moti",2013,,,no_candidate,No candidate with sufficient corroborating identity evidence in this pass.,,,,For contributions to cryptography and its use in security and privacy of systems.,Moti Yung,Distinguished Research Scientist Google; Adjunct Research Prof. Columbia U.,"[""information security"", ""cryptography"", ""privacy"", ""computer security"", ""distributed algorithms""]",Moti Yung,"affiliation: Google Inc., New York, NY, USA affiliation: Columbia University, New York City, USA",https://awards.acm.org/award-recipients/yung_N005082
acm_fellows.csv,"Zegura, Ellen",2013,Ellen W. Zegura,2026-09-18,scholar_id_and_identity_context,"Same nonempty Scholar ID as the reviewed Y-rated roster link; candidate name and institution context reviewed for compatible identity. Among multiple source spellings, use the reviewed DBLP or Scholar spelling (preserving any source campus tag); Ellen Zegura uses the initial form shared by an identical source profile.",Ellen W. Zegura | Ellen Witte Zegura,Georgia Institute of Technology,http://www.cc.gatech.edu/fac/Ellen.Zegura,For contributions to communication and computation in intermittingly-connected networks.,Ellen Zegura,"Professor of Computer Science, Georgia Tech","[""Computer Networks"", ""Mobile and Wireless Networks"", ""Internet Topology"", ""Humanitarian Computing""]",Ellen Zegura,"affiliation: Georgia Institute of Technology, Atlanta, USA",https://awards.acm.org/award-recipients/zegura_3750494 | https://scholar.google.com/citations?user=Z6EHuGcAAAAJ
acm_fellows.csv,"Zhang, Zhengyou",2013,,,unresolved_candidates,No candidate with sufficient corroborating identity evidence in this pass.,Chengyu Zhang 0001 | Shengyu Zhang 0001 | Shengyu Zhang 0002 | Zheng Zhang 0003 | Zheng Zhang 0005 | Zheng Zhang 0006 | Zheng Zhang 0012 | Zhenghao Zhang | Zhenyu Zhang 0005,,,For contributions to computer vision and multimedia.,Zhengyou Zhang,Tencent AI Lab & Tencent Robotics X,"[""Computer Vision"", ""Multimedia"", ""Speech"", ""Robotics"", ""AI""]",,,https://awards.acm.org/award-recipients/zhang_5032776
acm_fellows.csv,"Arge, Lars",2012,,,no_candidate,No candidate with sufficient corroborating identity evidence in this pass.,,,,For contributions to massive data algorithmics,Lars Arge,"Professor of Computer Science and MADALGO center director, Aarhus University","[""Algorithms and data structures""]",Lars Arge,"affiliation: Aarhus University, Denmark affiliation: Duke University, Durham, USA",https://awards.acm.org/award-recipients/arge_4751673
acm_fellows.csv,"Boehm, Hans",2012,,,no_candidate,No candidate with sufficient corroborating identity evidence in this pass.,,,,For contributions to multithreaded programming and to algorithms and libraries for automatic memory management.,Hans-J. Boehm,Google,"[""Programming Languages""]",,,https://awards.acm.org/award-recipients/boehm_1686237
acm_fellows.csv,"Boutilier, Craig",2012,,,no_candidate,No candidate with sufficient corroborating identity evidence in this pass.,,,,For contributions to knowledge representation and computational decision making.,Craig Boutilier,"Principal Scientist, Google","[""Artificial Intelligence"", ""Recommender Systems"", ""Computational Economics"", ""Decision Theory"", ""User Models""]",Craig Boutilier,"affiliation: Google Inc., Mountain View, CA, USA affiliation (former): University of Toronto, Canada",https://awards.acm.org/award-recipients/boutilier_6612295
acm_fellows.csv,"Cattell, Rick",2012,,,no_candidate,No candidate with sufficient corroborating identity evidence in this pass.,,,,For contributions to database systems.,Rick (Roderic G. G.) Cattell,Cattell.Net,"[""Neuromorphics"", ""scalable database systems"", ""NoSQL"", ""AI"", ""compilers""]",,,https://awards.acm.org/award-recipients/cattell_1468248
acm_fellows.csv,"Davis, Larry S",2012,,,no_candidate,No candidate with sufficient corroborating identity evidence in this pass.,,,,For contributions to image processing and computer vision.,Larry Davis,"Professor of Computer Science, University of Maryland","[""Computer Vision""]",Larry Davis 0001,"affiliation: University of Maryland, College Park, MD, USA",https://awards.acm.org/award-recipients/davis_4079562
acm_fellows.csv,"Elmagarmid, Ahmed",2012,Ahmed K. Elmagarmid,2026-09-18,scholar_id_and_identity_context,Same nonempty Scholar ID as the reviewed Y-rated roster link; candidate name and institution context reviewed for compatible identity.,Ahmed K. Elmagarmid,Qatar Computing Research Inst.,https://www.cs.purdue.edu/homes/ake,For contributions to database management systems.,Ahmed Elmagarmid,"Executive Director, Qatar Computing Research Institute","[""Database Systems""]",Ahmed K. Elmagarmid,"affiliation: Qatar Computing Research Institute, Qatar affiliation (former): Purdue University, West Lafayette, USA",https://awards.acm.org/award-recipients/elmagarmid_1872514 | https://scholar.google.com/citations?user=Cb9BDJkAAAAJ
acm_fellows.csv,"Garfinkel, Simson L",2012,,,no_candidate,No candidate with sufficient corroborating identity evidence in this pass.,,,,For contributions to digital forensics and to computer security education.,Simson Garfinkel,"BasisTech, LLC","[""AI and Data Science Ethics"", ""Applied Privacy"", ""Digital Forensics""]",Simson L. Garfinkel,"affiliation: U.S. Department of Homeland Security, Washington, DC, USA affiliation: U.S. Census Bureau, Center for Disclosure Avoidance Research, Suitland, MD, USA affiliation: National Institute of Standards and Technology, Gaithersberg, MD, USA affiliation: Naval Postgraduate School, Washington, DC, USA affiliation: Massachusetts Institute of Technology, CSAIL, Cambridge, MA, USA",https://awards.acm.org/award-recipients/garfinkel_2595445
acm_fellows.csv,"Gibson, Garth A",2012,,,no_candidate,No candidate with sufficient corroborating identity evidence in this pass.,,,,For contributions to the performance and reliability of storage systems.,Garth Alan Gibson,"CTO & CAIO, Vdura Inc., Consulting Professor of Computer Science, Carnegie Mellon","[""Systems and Machine Learning""]",Garth A. Gibson,"affiliation: Carnegie Mellon University, Pittsburgh, USA",https://awards.acm.org/award-recipients/gibson_2521995
acm_fellows.csv,"Grove, David Paul",2012,,,no_candidate,No candidate with sufficient corroborating identity evidence in this pass.,,,,For contributions to programming languages and for the development of open-source research infrastructures.,David Grove,IBM Research,"[""Programming Languages""]",David Grove,,https://awards.acm.org/award-recipients/grove_4112884
acm_fellows.csv,"Grudin, Jonathan",2012,,,no_candidate,No candidate with sufficient corroborating identity evidence in this pass.,,,,For contributions to human computer interaction with an emphasis on computer supported cooperative work.,,,,Jonathan Grudin,affiliation: Microsoft Research,https://awards.acm.org/award-recipients/grudin_3028016
acm_fellows.csv,"Gupta, Manish",2012,,,no_candidate,No candidate with sufficient corroborating identity evidence in this pass.,,,,For contributions to high performance computing software and compiler optimizations.,Manish Gupta,Google DeepMind,"[""High performance computing"", ""compilers"", ""mobile computing"", ""data analytics""]",Manish Gupta 0002,"affiliation (since 2017): IIIT Bangalore, Infosys Foundation, India affiliation (2013-2016): Xerox Research Center India, Bangalore, India affiliation (2012-2013): Goldman Sachs India, Bangalore, India affiliation (2008-2012): IBM Research India, New Delhi / Bangalore, India affiliation (2006-2008): IBM India Systems and Technology Laboratory, Bangalore, India affiliation (1992-2006): IBM T. J. Watson Research Center, Yorktown Heights, NY, USA affiliation (PhD 1992): University of Illinois, Urbana-Champaign, IL, USA",https://awards.acm.org/award-recipients/gupta_9121534
acm_fellows.csv,"Hershberger, John",2012,,,no_candidate,No candidate with sufficient corroborating identity evidence in this pass.,,,,For contributions to geometric computing and to design tools for integrated circuits.,,,,John Hershberger 0001,"affiliation: Mentor Graphics, Wilsonville, OR, USA affiliation: DEC Systems Research Center, Palo Alto, CA, USA",https://awards.acm.org/award-recipients/hershberger_2869725
acm_fellows.csv,"Karlin, Anna",2012,Anna R. Karlin,2026-09-18,scholar_id_and_identity_context,Same nonempty Scholar ID as the reviewed Y-rated roster link; candidate name and institution context reviewed for compatible identity.,Anna R. Karlin,University of Washington,http://www.cs.washington.edu/people/faculty/karlin,For contributions to the design and analysis of algorithms and their use in the study of systems design.,Anna R. Karlin,"Bill & Melinda Gates Chair and Professor of Computer Science and Engineering, University of","[""Algorithms"", ""Algorithmic Game Theory""]",Anna R. Karlin,"affiliation: University of Washington, School of Computer Science and Engineering, Seattle, WA, USA affiliation (PhD 1987): Stanford University, Department of Computer Science, Stanford, CA, USA award (2020): Paris Kanellakis Award",https://awards.acm.org/award-recipients/karlin_3133790 | https://scholar.google.com/citations?user=9ZGqm5QAAAAJ
acm_fellows.csv,"O'Rourke, Joseph",2012,,,no_candidate,No candidate with sufficient corroborating identity evidence in this pass.,,,,For contributions to computational geometry and for broadening participation in computing.,Joseph O'Rourke,"Professor of Computer Science, and of Mathematics, Smith College","[""geometry"", ""discrete geometry"", ""computational geometry"", ""metric geometry""]",Joseph O'Rourke,"affiliation: Smith College, Department of Computer Science affiliation: Johns Hopkins University, Department of Computer Science affiliation: University of Pennsylvania, Department of Computer and Information Science",https://awards.acm.org/award-recipients/orourke_1530385
acm_fellows.csv,"Pingali, Keshav K",2012,,,no_candidate,No candidate with sufficient corroborating identity evidence in this pass.,,,,For contributions to data-centric parallel programming and to parallel compilation theory and practice.,Keshav Pingali,"Professor of Computer Science, The University of Texas at Austin","[""Programming languages"", ""parallel computing"", ""big-data computing""]",Keshav Pingali,,https://awards.acm.org/award-recipients/pingali_3088747
acm_fellows.csv,"Pitts, Andrew M",2012,,,no_candidate,No candidate with sufficient corroborating identity evidence in this pass.,,,,For contributions to the theory of programming language semantics.,Andrew M Pitts FRS FACM,"Emeritus Professor of Theoretical Computer Science, University of Cambridge","[""type theory"", ""category theory"", ""nominal techniques"", ""programming language semantics"", ""logic in computer""]",Andrew M. Pitts,"affiliation: University of Cambridge, UK",https://awards.acm.org/award-recipients/pitts_4659264
acm_fellows.csv,"Rastogi, Rajeev Ramnarain",2012,,,no_candidate,No candidate with sufficient corroborating identity evidence in this pass.,,,,For contributions to the analysis and management of large data sets.,Rajeev Rastogi,Amazon,"[""Machine Learning"", ""Data Mining""]",Rajeev Rastogi,affiliation: Yahoo! affiliation: Bell Labs,https://awards.acm.org/award-recipients/rastogi_N030429
acm_fellows.csv,"Ross, Keith",2012,Keith W. Ross,2026-09-18,scholar_id_and_identity_context,Same nonempty Scholar ID as the reviewed Y-rated roster link; candidate name and institution context reviewed for compatible identity.,Keith W. Ross,NYU Abu Dhabi,https://nyuad.nyu.edu/en/academics/divisions/science/faculty/keith-ross.html,For contributions to the design and modeling of computer networks and Internet applications.,Keith Ross,"Professor of Computer Science, NYU Abu Dhabi","[""Deep Reinforcement Learning"", ""Networking"", ""Privacy""]",,,https://awards.acm.org/award-recipients/ross_5425728 | https://scholar.google.com/citations?user=RhUcYmQAAAAJ
acm_fellows.csv,"Sakallah, Karem",2012,Karem A. Sakallah,2026-09-18,scholar_id_and_identity_context,Same nonempty Scholar ID as the reviewed Y-rated roster link; candidate name and institution context reviewed for compatible identity.,Karem A. Sakallah,University of Michigan,http://web.eecs.umich.edu/~karem,For algorithms for Boolean Satisfiability that advanced the state-of-the-art of hardware verification.,Karem A Sakallah,University of Michigan,"[""Formal Verification"", ""Automated Reasoning""]",Karem A. Sakallah,"affiliation: University of Michigan, Ann Arbor, USA",https://awards.acm.org/award-recipients/sakallah_3682317 | https://scholar.google.com/citations?user=M441iZ8AAAAJ
acm_fellows.csv,"Schreiber, Robert",2012,,,no_candidate,No candidate with sufficient corroborating identity evidence in this pass.,,,,"For contributions to matrix computations and to languages, compilers, and architectures for parallel scientific computing.",Rob Schreiber,Cerebras Systems,"[""scientific computing""]",Robert Schreiber,,https://awards.acm.org/award-recipients/schreiber_3384971
acm_fellows.csv,"Scott, Steven",2012,,,unresolved_candidates,No candidate with sufficient corroborating identity evidence in this pass.,Stephen Scott,,,For contributions to the architecture of interconnection networks and supercomputers.,,,,,,https://awards.acm.org/award-recipients/scott_3157930
acm_fellows.csv,"Shoham, Yoav",2012,,,no_candidate,No candidate with sufficient corroborating identity evidence in this pass.,,,,"For contributions at the intersection of artificial intelligence, logic, and economics.",Yoav Shoham,Professor (emeritus),"[""Artificial Intelligence""]",Yoav Shoham,"affiliation: Stanford University, USA unicode name: יואב שהם‎‎ award (2012): ACM - AAAI Allen Newell Award",https://awards.acm.org/award-recipients/shoham_2838361
acm_fellows.csv,"Sifakis, Joseph",2012,,,no_candidate,No candidate with sufficient corroborating identity evidence in this pass.,,,,For contributions to hardware and software verification technology.,Joseph Sifakis,"Reseracher at Verimag laboratory, Grenoble","[""software engineering"", ""formal methods"", ""web services"", ""middleware"", ""networks""]",Joseph Sifakis,award (2007): Turing Award,https://awards.acm.org/award-recipients/sifakis_1701095
acm_fellows.csv,"Valduriez, Patrick",2012,,,no_candidate,No candidate with sufficient corroborating identity evidence in this pass.,,,,For contributions to parallel and distributed data management.,Patrick Valduriez,Inria,[],Patrick Valduriez,"affiliation: INRIA, France",https://awards.acm.org/award-recipients/valduriez_2852754
acm_fellows.csv,"Yelick, Katherine",2012,Katherine A. Yelick,2026-09-18,scholar_id_and_identity_context,"Same nonempty Scholar ID as the reviewed Y-rated roster link; candidate name and institution context reviewed for compatible identity. Among multiple source spellings, use the reviewed DBLP or Scholar spelling (preserving any source campus tag); Ellen Zegura uses the initial form shared by an identical source profile.",Katherine A. Yelick | Kathy Yelick,Univ. of California - Berkeley,https://www.cs.berkeley.edu/~yelick,For contributions to parallel languages that improve programmer productivity.,Katherine Yelick,"Vice Chancellor for Research and EECS Professor, UC Berkeley and Sr. Faculty Scientist, LBNL","[""Parallel Computing"", ""Programming Languages"", ""Compilers"", ""High Performance Computing""]",Katherine A. Yelick,"affiliation: University of California, Berkeley, USA award: ACM Athena Lecturer 2013",https://awards.acm.org/award-recipients/yelick_3873601 | https://scholar.google.com/citations?user=93yNuV0AAAAJ
acm_fellows.csv,"Zabih, Ramin",2012,,,no_candidate,No candidate with sufficient corroborating identity evidence in this pass.,,,,For contributions to discrete optimization in computer vision.,Ramin Zabih,"Professor of Computer Science, Cornell University","[""Computer Vision""]",Ramin Zabih,"affiliation: Cornell University, Ithaca, USA",https://awards.acm.org/award-recipients/zabih_4467866
acm_fellows.csv,"Ball, Thomas",2011,,,no_candidate,No candidate with sufficient corroborating identity evidence in this pass.,,,,For contributions to software analysis and defect detection.,Thomas Ball,Univ. Washington & Lancaster Univ.,"[""Program analysis"", ""verification"", ""testing"", ""CS education""]",Thomas Ball 0001,affiliation: Microsoft Research,https://awards.acm.org/award-recipients/ball_3707775
acm_fellows.csv,"Blelloch, Guy",2011,Guy E. Blelloch,2026-09-18,scholar_id_and_identity_context,Same nonempty Scholar ID as the reviewed Y-rated roster link; candidate name and institution context reviewed for compatible identity.,Guy E. Blelloch,Carnegie Mellon University,http://www.cs.cmu.edu/~guyb,For contributions to parallel computing.,Guy Blelloch,"Professor of Computer Science, Carnegie Mellon University","[""Algorithms"", ""Programming Languages"", ""Parallelism""]",Guy E. Blelloch,"affiliation: Carnegie Mellon University, Pittsburgh, USA award (2023): Paris Kanellakis Award",https://awards.acm.org/award-recipients/blelloch_3352499 | https://scholar.google.com/citations?user=Z6nLCukAAAAJ
acm_fellows.csv,"Ebeling, Carl",2011,,,no_candidate,No candidate with sufficient corroborating identity evidence in this pass.,,,,For contributions to the architecture and design of reconfigurable systems.,,,,Carl Ebeling,"affiliation: University of Washington, Seattle, Washington, USA",https://awards.acm.org/award-recipients/ebeling_1915388
acm_fellows.csv,"Fox, Geoffrey",2011,Geoffrey C. Fox,2026-09-18,scholar_id_and_identity_context,"Same nonempty Scholar ID as the reviewed Y-rated roster link; candidate name and institution context reviewed for compatible identity. Among multiple source spellings, use the reviewed DBLP or Scholar spelling (preserving any source campus tag); Ellen Zegura uses the initial form shared by an identical source profile.",Geoffrey C. Fox | Geoffrey Charles Fox,University of Virginia,https://engineering.virginia.edu/faculty/geoffrey-c-fox,"For contributions to software applications for high-performance computing, and for diversity outreach.",Geoffrey Fox,"Professor of Computer Science, University of Virginia, Biocomplexity Institute","[""Cyberinfrastructure"", ""Distributed Systems"", ""Clouds"", ""Parallel Computing"", ""Particle Physics""]",Geoffrey C. Fox,"affiliation: Indiana University Bloomington, School of Informatics and Computing, USA",https://awards.acm.org/award-recipients/fox_2961621 | https://scholar.google.com/citations?user=dJ-fD-sAAAAJ
acm_fellows.csv,"Furnas, George",2011,,,no_candidate,No candidate with sufficient corroborating identity evidence in this pass.,,,,For contributions to human-computer interaction.,George Furnas,"Professor of Information, Professor of Computer Science, Professor of Psychology, University of Michigan","[""Human Computer Interaction"", ""Visualization"", ""Information Retrieval"", ""Latent Semantic Analysis""]",George W. Furnas,,https://awards.acm.org/award-recipients/furnas_2334274
acm_fellows.csv,"Guo, Baining",2011,,,no_candidate,No candidate with sufficient corroborating identity evidence in this pass.,,,,For contributions to computer graphics.,Baining Guo,"Distinguished Scientist, Microsoft Research","[""Computer Graphics"", ""Virtual Reality"", ""Geometric Modeling"", ""Graphics""]",Baining Guo,,https://awards.acm.org/award-recipients/guo_4838059
acm_fellows.csv,"Heckerman, David",2011,,,no_candidate,No candidate with sufficient corroborating identity evidence in this pass.,,,,For contributions to reasoning and decision-making under uncertainty.,David Heckerman,Microsoft Research,"[""Machine Learning"", ""Computational Biology"", ""Genomics"", ""Expert Systems"", ""HIV""]",David Heckerman,affiliation: Amazon affiliation (former): Microsoft Research,https://awards.acm.org/award-recipients/heckerman_UJ73150
acm_fellows.csv,"Holzmann, Gerard J.",2011,,,no_candidate,No candidate with sufficient corroborating identity evidence in this pass.,,,,For contributions to software verification by model checking.,Gerard Holzmann,Nimble Research,"[""Software verification"", ""logic model checking""]",Gerard J. Holzmann,"affiliation: Bell Labs affiliation (PhD 1976): Delft University of Technology, The Netherlands award (2005): Paris Kanellakis Award award (2001): ACM Software System Award",https://awards.acm.org/award-recipients/holzmann_1625680
acm_fellows.csv,"Hoppe, Hugues",2011,,,no_candidate,No candidate with sufficient corroborating identity evidence in this pass.,,,,For contributions to computer graphics.,Hugues Hoppe,Computer science researcher,"[""Computer Graphics"", ""Geometry Processing"", ""Geometric Modeling"", ""Computer Vision""]",Hugues Hoppe,,https://awards.acm.org/award-recipients/hoppe_4601894
acm_fellows.csv,"Karloff, Howard J",2011,,,no_candidate,No candidate with sufficient corroborating identity evidence in this pass.,,,,For contributions to the design and analysis of algorithms.,Howard Karloff,Goldman Sachs,"[""algorithms"", ""machine learning"", ""optimization""]",Howard J. Karloff,affiliation: AT&T Inc,https://awards.acm.org/award-recipients/karloff_2184786
acm_fellows.csv,"Keckler, Stephen",2011,,,no_candidate,No candidate with sufficient corroborating identity evidence in this pass.,,,,For contributions to computer architectures and technology modeling.,Steve Keckler,"Vice President of Architecture Research, NVIDIA","[""computer architecture""]",Stephen W. Keckler,"affiliation: NVIDIA affiliation: University of Texas at Austin, USA award (2003): Grace Murray Hopper Award",https://awards.acm.org/award-recipients/keckler_4044954
acm_fellows.csv,"Key, Peter B.",2011,,,no_candidate,No candidate with sufficient corroborating identity evidence in this pass.,,,,For network control and routing.,Peter Key,Consultant researcher,"[""Stochastic Networks"", ""Network Economics"", ""Game Theory"", ""Routing"", ""Pricing""]",Peter B. Key,,https://awards.acm.org/award-recipients/key_N019877
acm_fellows.csv,"Kirkpatrick, Scott",2011,,,no_candidate,No candidate with sufficient corroborating identity evidence in this pass.,,,,For simulated annealing and contributions to combinatorial optimization.,Scott Kirkpatrick,"Professor, School of Engineering and Computer Science, Hebrew University","[""condensed matter physics"", ""computer science"", ""optimization"", ""networks""]",,,https://awards.acm.org/award-recipients/kirkpatrick_CR61160
acm_fellows.csv,"Kraut, Robert E",2011,,,no_candidate,No candidate with sufficient corroborating identity evidence in this pass.,,,,For contributions to human-computer interaction.,Robert E. Kraut,"Herbert Simon University Professor Emeritus, Carnegie Mellon University,","[""Social computing"", ""Computational social science"", ""Online communities"", ""Human-Computer Interaction""]",Robert E. Kraut,"affiliation: Carnegie Mellon University, Human-Computer Interaction Institute, Pittsburgh, PA, USA",https://awards.acm.org/award-recipients/kraut_1476423
acm_fellows.csv,"Magnusson, Peter",2011,,,no_candidate,No candidate with sufficient corroborating identity evidence in this pass.,,,,For contributions to full-system simulation.,,,,,,https://awards.acm.org/award-recipients/magnusson_4793956
acm_fellows.csv,"Max, Nelson",2011,Nelson L. Max,2026-09-18,reviewed_name_and_institution,Exact reviewed DBLP author name (including disambiguation number) plus matching current or historical institutional context in the retained Scholar/DBLP evidence.,Nelson L. Max,Univ. of California - Davis,http://faculty.engineering.ucdavis.edu/max,For contributions to visualization tools and computer animation.,Nelson Max,"University of California, Davis","[""computer graphics and animation"", ""scientific visualization""]",Nelson L. Max,"affiliation: University of California, Davis, CA, USA affiliation: Lawrence Livermore National Laboratory, Livermore, CA, USA",https://awards.acm.org/award-recipients/max_1735901 | https://dblp.org/pid/06/3255 | https://scholar.google.com/citations?user=di1ip9IAAAAJ
acm_fellows.csv,"Mitchell, Joseph",2011,Joseph S. B. Mitchell,2026-09-18,scholar_id_and_identity_context,Same nonempty Scholar ID as the reviewed Y-rated roster link; candidate name and institution context reviewed for compatible identity.,Joseph S. B. Mitchell,Stony Brook University,https://www.cs.stonybrook.edu/people/faculty/josephmitchell,For contributions to geometric computing and approximation algorithms.,Joseph S. B. Mitchell,"Distinguished Professor, Applied Mathematics and Computer Science, Stony Brook University","[""algorithms"", ""computational geometry"", ""networks"", ""optimization""]",,,https://awards.acm.org/award-recipients/mitchell_3261294 | https://scholar.google.com/citations?user=KICA5DoAAAAJ
acm_fellows.csv,"Mukherjee, Shubu",2011,,,no_candidate,No candidate with sufficient corroborating identity evidence in this pass.,,,,For contributions to modeling and design of high-performance and soft-error tolerant microarchitectures.,Shubu Mukherjee,"Vice President, Architecture, SiFive, Inc.","[""Computer architecture""]",,,https://awards.acm.org/award-recipients/mukherjee_4035622
acm_fellows.csv,"Ozsoyoglu, Zehra",2011,Z. Meral Özsoyoglu,2026-09-18,scholar_id_and_identity_context,"Same nonempty Scholar ID as the reviewed Y-rated roster link; candidate name and institution context reviewed for compatible identity. Among multiple source spellings, use the reviewed DBLP or Scholar spelling (preserving any source campus tag); Ellen Zegura uses the initial form shared by an identical source profile.",Z. Meral Özsoyoglu | Zehra Meral Özsoyoglu,Case Western Reserve University,http://engineering.case.edu/eecs/faculty-staff,For contributions to database management systems.,Z. Meral Ozsoyoglu,"Professor of Computer Science, Case Western Reserve University","[""database systems"", ""query processing"", ""index structures""]",Z. Meral Özsoyoglu,"affiliation: Case Western Reserve University, Cleveland, OH, USA",https://awards.acm.org/award-recipients/ozsoyoglu_1485481 | https://scholar.google.com/citations?user=QRrrUU0AAAAJ
acm_fellows.csv,"Pach, Janos",2011,,,no_candidate,No candidate with sufficient corroborating identity evidence in this pass.,,,,For contributions to computational geometry.,Janos Pach,Ecole Polytechnique Federale de Lausanne and Renyi Institute Budapest,"[""Discrete Geometry"", ""Computational Geometry"", ""Combinatorics"", ""Graph Drawing""]",János Pach,"affiliation: Renyi Institute Budapest, Hungary affiliation (former): École Polytechnique Fédérale de Lausanne, Switzerland",https://awards.acm.org/award-recipients/pach_3536786
acm_fellows.csv,"Petzold, Linda",2011,Linda R. Petzold,2026-09-18,scholar_id_and_identity_context,"Same nonempty Scholar ID as the reviewed Y-rated roster link; candidate name and institution context reviewed for compatible identity. Among multiple source spellings, use the reviewed DBLP or Scholar spelling (preserving any source campus tag); Ellen Zegura uses the initial form shared by an identical source profile.",Linda R. Petzold | Linda Ruth Petzold,Univ. of California - Santa Barbara,https://cse.cs.ucsb.edu,For contributions to computational science.,Linda Petzold,"Professor, University of California Santa Barbara","[""Computational science and engineering"", ""Quantitative biology""]",Linda R. Petzold,"affiliation: University of California, Santa Barbara, USA",https://awards.acm.org/award-recipients/petzold_4496873 | https://scholar.google.com/citations?user=6IxWYR0AAAAJ
acm_fellows.csv,"Pollack, Martha",2011,Martha E. Pollack,2026-09-18,scholar_id_and_identity_context,Same nonempty Scholar ID as the reviewed Y-rated roster link; candidate name and institution context reviewed for compatible identity.,Martha E. Pollack,Cornell University,https://infosci.cornell.edu/content/pollack,For contributions to planning systems design and for service to the computing community.,Martha E. Pollack,"President Emerita, Cornell University","[""Artificial Intelligence""]",Martha E. Pollack,"affiliation: University of Michigan, Ann Arbor, USA",https://awards.acm.org/award-recipients/pollack_9212507 | https://scholar.google.com/citations?user=5oU0wxcAAAAJ
acm_fellows.csv,"Sanguinetti, John",2011,,,no_candidate,No candidate with sufficient corroborating identity evidence in this pass.,,,,For contributions to hardware simulation.,,,,John Sanguinetti,,https://awards.acm.org/award-recipients/sanguinetti_1372366
acm_fellows.csv,"Seltzer, Margo",2011,Margo I. Seltzer,2026-09-18,scholar_id_and_identity_context,Same nonempty Scholar ID as the reviewed Y-rated roster link; candidate name and institution context reviewed for compatible identity.,Margo I. Seltzer,University of British Columbia,https://www.seltzer.com/margo,For contributions to data management and computing systems.,Margo Seltzer,University of British Columbia,"[""Systems of all sorts""]",Margo I. Seltzer,"affiliation: University of British Columbia, Canada affiliation (former): Harvard University, Cambridge, USA",https://awards.acm.org/award-recipients/seltzer_4169694 | https://scholar.google.com/citations?user=XeyiyUYAAAAJ
acm_fellows.csv,"Singhal, Amit",2011,,,no_candidate,No candidate with sufficient corroborating identity evidence in this pass.,,,,For contributions to search and information retrieval.,,,,Amit Singhal 0001,"affiliation: Cornell University, Ithaca, USA",https://awards.acm.org/award-recipients/singhal_3910767
acm_fellows.csv,"Srivastava, Divesh",2011,,,no_candidate,No candidate with sufficient corroborating identity evidence in this pass.,,,,For contributions to query processing in data management systems.,Divesh Srivastava,AT&T Labs-Research,"[""Data management""]",Divesh Srivastava,affiliation: AT&T Inc award (2021): TCDE Impact Award,https://awards.acm.org/award-recipients/srivastava_3365632
acm_fellows.csv,"Tullsen, Dean",2011,Dean M. Tullsen,2026-09-18,reviewed_name_and_institution,Exact reviewed DBLP author name (including disambiguation number) plus matching current or historical institutional context in the retained Scholar/DBLP evidence.,Dean M. Tullsen,Univ. of California - San Diego,https://cseweb.ucsd.edu/~tullsen,For contributions to the architecture of high-performance processors.,Dean Tullsen,"Department of Computer Science and Engineering, UC San Diego","[""computer architecture"", ""security""]",Dean M. Tullsen,"affiliation: University of California, San Diego, USA",https://awards.acm.org/award-recipients/tullsen_4733242 | https://dblp.org/pid/t/DeanMTullsen | https://scholar.google.com/citations?user=h8wSTmMAAAAJ
acm_fellows.csv,"Vahdat, Amin",2011,,,no_candidate,No candidate with sufficient corroborating identity evidence in this pass.,,,,For contributions to data center scalability and management.,Amin Vahdat,Google,"[""Systems"", ""Networking"", ""Computer Networks"", ""Distributed Systems"", ""Operating Systems""]",Amin Vahdat,"affiliation: Google affiliation (former): University of California, San Diego, USA",https://awards.acm.org/award-recipients/vahdat_C100426
acm_fellows.csv,"Wetherall, David",2011,,,no_candidate,No candidate with sufficient corroborating identity evidence in this pass.,,,,For contributions to computer network design.,David Wetherall,"Professor of Computer Science & Engineering, University of Washington","[""networking"", ""mobile computing"", ""wireless"", ""distributed systems""]",David Wetherall,"affiliation: University of Washington, Seattle, Washington, USA",https://awards.acm.org/award-recipients/wetherall_4469821
acm_fellows.csv,"Zadeck, Frank Kenneth",2011,,,no_candidate,No candidate with sufficient corroborating identity evidence in this pass.,,,,For contributions to optimizing compilers.,,,,F. Kenneth Zadeck,,https://awards.acm.org/award-recipients/zadeck_1746114
acm_fellows.csv,"Abramson, David A",2010,,,no_candidate,No candidate with sufficient corroborating identity evidence in this pass.,,,,For contributions to software engineering tools and techniques for high performance and distributed supercomputers.,,,,David Abramson 0001,"affiliation: University of Queensland, Brisbane, QLD, Australia affiliation (former): Monash University, Clayton, VIC, Australia affiliation (former): CSIRO Division Of Information Technology, Carlton, VIC, Australia affiliation (former): Griffith University, Brisbane, QLD, Australia affiliation (PhD 1982): Monash University, Clayton, VIC, Australia",https://awards.acm.org/award-recipients/abramson_2140366
acm_fellows.csv,"Adve, Sarita",2010,Sarita V. Adve,2026-09-18,scholar_id_and_identity_context,Same nonempty Scholar ID as the reviewed Y-rated roster link; candidate name and institution context reviewed for compatible identity.,Sarita V. Adve,Univ. of Illinois at Urbana-Champaign,http://rsim.cs.illinois.edu/~sadve,"For contributions to hardware and language memory models, and to low-power and resilient systems.",Sarita Adve,"Professor of Computer Science, University of Illinois at Urbana-Champaign","[""Computer architecture"", ""parallel computing"", ""computer systems"", ""reliability"", ""energy""]",Sarita V. Adve,"affiliation: University of Illinois at Urbana-Champaign, IL, USA award (2012): Anita Borg Institute Women of Vision Awards",https://awards.acm.org/award-recipients/adve_3453289 | https://scholar.google.com/citations?user=5m-oAesAAAAJ
acm_fellows.csv,"Barroso, Luiz Andre",2010,,,no_candidate,No candidate with sufficient corroborating identity evidence in this pass.,,,,"For contributions to multi-core computing, warehouse scale data-center architectures, and energy proportional computing.",,,,Luiz André Barroso,affiliation: Google award (2020): ACM-IEEE CS Eckert-Mauchly Award,https://awards.acm.org/award-recipients/barroso_UJ31885
acm_fellows.csv,"Burger, Douglas C",2010,,,no_candidate,No candidate with sufficient corroborating identity evidence in this pass.,,,,For contributions to distributed microprocessor architectures and memory systems.,Doug Burger,"Corporate VP, Managing Director, Microsoft Research Core","[""AI architecture and large-scale AI systems""]",Doug Burger,"affiliation: University of Texas at Austin, USA",https://awards.acm.org/award-recipients/burger_4123196
acm_fellows.csv,"Chayes, Jennifer",2010,Jennifer T. Chayes,2026-09-18,scholar_id_and_identity_context,"Same nonempty Scholar ID as the reviewed Y-rated roster link; candidate name and institution context reviewed for compatible identity. Among multiple source spellings, use the reviewed DBLP or Scholar spelling (preserving any source campus tag); Ellen Zegura uses the initial form shared by an identical source profile.",Jennifer T. Chayes | Jennifer Tour Chayes,Univ. of California - Berkeley,http://jenniferchayes.com,For contributions to the foundations of dynamic random networks in theoretical computer science.,Jennifer Chayes,"Professor, UC Berkeley",[],Jennifer T. Chayes,"affiliation: University of California, Berkeley, CA, USA affiliation (former): Microsoft Research award (2020): ACM Distinguished Service Award award (2012): Anita Borg Institute Women of Vision Awards",https://awards.acm.org/award-recipients/chayes_9522152 | https://scholar.google.com/citations?user=YAHWbtkAAAAJ
acm_fellows.csv,"Chen, Peter",2010,Peter M. Chen,2026-09-18,scholar_id_and_identity_context,Same nonempty Scholar ID as the reviewed Y-rated roster link; candidate name and institution context reviewed for compatible identity.,Peter M. Chen,University of Michigan,https://eecs.engin.umich.edu/people/chen-peter-m,For contributions to reliable storage and virtual machines.,Peter M. Chen,University of Michigan,"[""operating systems"", ""virtual machines"", ""file systems"", ""fault tolerance"", ""security""]",Peter M. Chen,"affiliation: University of Michigan, Ann Arbor, USA",https://awards.acm.org/award-recipients/chen_8258758 | https://scholar.google.com/citations?user=dVZNQqUAAAAJ
acm_fellows.csv,"Dahlin, Michael D",2010,,,no_candidate,No candidate with sufficient corroborating identity evidence in this pass.,,,,For contributions to the science and engineering of large-scale distributed computer systems.,M Dahlin,Professor of Computer Science University of Texas,"[""operating systems"", ""distributed systems""]",Michael Dahlin,"affiliation: University of Texas at Austin, USA",https://awards.acm.org/award-recipients/dahlin_4094785
acm_fellows.csv,"Ellis, Carla S.",2010,,,no_candidate,No candidate with sufficient corroborating identity evidence in this pass.,,,,"For contributions to techniques for energy management technology in mobile devices, and for service to the computing community.",,,,Carla Schlatter Ellis,"affiliation: Duke University, Durham, USA",https://awards.acm.org/award-recipients/ellis_1446368
acm_fellows.csv,"Fisher, Kathleen S",2010,,,no_candidate,No candidate with sufficient corroborating identity evidence in this pass.,,,,"For contributions to programming language design, theory, and practice, and for service to the computing community.",Kathleen Fisher,"Adjunct Professor of Computer Science, Tufts University","[""Programming Languages""]",Kathleen Fisher,"affiliation: Tufts University, Medford, USA",https://awards.acm.org/award-recipients/fisher_4399903
acm_fellows.csv,"Goodman, James",2010,,,no_candidate,No candidate with sufficient corroborating identity evidence in this pass.,,,,For contributions to parallel processor and memory system design.,James Goodman,"Professor Emeritus of Computer Science, University of Wisconsin-Madison","[""computer architecture"", ""transactional memory""]",James R. Goodman,affiliation: University of Auckland affiliation: University of Wisconsin-Madison award (2013): Eckert-Mauchly Award,https://awards.acm.org/award-recipients/goodman_5275342
acm_fellows.csv,"Kavraki, Lydia",2010,Lydia E. Kavraki,2026-09-18,scholar_id_and_identity_context,Same nonempty Scholar ID as the reviewed Y-rated roster link; candidate name and institution context reviewed for compatible identity.,Lydia E. Kavraki,Rice University,http://www.cs.rice.edu/~kavraki,For contributions to robotic motion planning and its application to computational biology.,Lydia E. Kavraki,Rice University,"[""Robotics"", ""AI"", ""Bioinformatics"", ""Algorithms""]",Lydia E. Kavraki,"affiliation: Rice University, Houston, USA award (2019): ACM AAAI Allen Newell Award award (2017): ACM Athena Lecturer award (2015): Anita Borg Institute Women of Vision Awards award (2000): Grace Murray Hopper Award",https://awards.acm.org/award-recipients/kavraki_3691391 | https://scholar.google.com/citations?user=Q6pxNZYAAAAJ
acm_fellows.csv,"Kiesler, Sara",2010,,,no_candidate,No candidate with sufficient corroborating identity evidence in this pass.,,,,For contributions to Human Computer Interaction.,Sara Kiesler,"Emeritus Hillman Professor of Computer Science and Human Computer Interaction, Carnegie Mellon","[""human-computer interaction"", ""collaboration"", ""human-robot interaction"", ""social computing"", ""online communities""]",Sara B. Kiesler,"affiliation: Carnegie Mellon University, Pittsburgh, USA",https://awards.acm.org/award-recipients/kiesler_4386785
acm_fellows.csv,"Kossmann, Donald",2010,,,no_candidate,No candidate with sufficient corroborating identity evidence in this pass.,,,,For advances in XML data management and distributed information systems.,,,,Donald Kossmann,"affiliation: Microsoft, Redmond, WA, USA affiliation (former): ETH Zürich, Switzerland",https://awards.acm.org/award-recipients/kossmann_4175188
acm_fellows.csv,"Launchbury, John",2010,,,no_candidate,No candidate with sufficient corroborating identity evidence in this pass.,,,,For contributions to the development of functional programming.,John Launchbury,"Chief Scientist, Galois",[],John Launchbury,"affiliation: Galois Inc., USA",https://awards.acm.org/award-recipients/launchbury_4652509
acm_fellows.csv,"Lyon, Richard F",2010,,,no_candidate,No candidate with sufficient corroborating identity evidence in this pass.,,,,For contributions to machine perception and for the invention of the optical mouse.,Richard F. Lyon,"Research Scientist, Google Inc.","[""Machine Hearing"", ""Signal Processing"", ""Sensors"", ""Hearing Accessibility"", ""Photography""]",Richard F. Lyon,,https://awards.acm.org/award-recipients/lyon_4734935
acm_fellows.csv,"Mooney, Raymond",2010,Raymond J. Mooney,2026-09-18,scholar_id_and_identity_context,Same nonempty Scholar ID as the reviewed Y-rated roster link; candidate name and institution context reviewed for compatible identity.,Raymond J. Mooney,University of Texas at Austin,https://www.cs.utexas.edu/~mooney,For contributions to machine learning and natural language processing,Raymond Mooney,"Professor of Computer Science, University of Texas at Austin","[""Artificial Intelligence"", ""Machine Learning"", ""Data Mining"", ""Natural Language Processing"", ""Computational Linguistics""]",Raymond J. Mooney,"affiliation: University of Texas at Austin, TX, USA",https://awards.acm.org/award-recipients/mooney_2689065 | https://scholar.google.com/citations?user=p9RsPG4AAAAJ
acm_fellows.csv,"Muthukrishnan, S.",2010,,,no_candidate,No candidate with sufficient corroborating identity evidence in this pass.,,,,"For contributions to efficient algorithms for string matching, data streams, and internet ad auctions",S Muthukrishnan,Rutgers Univ,[],S. Muthukrishnan 0001,"affiliation: Rutgers University, Department of Computer Science, Piscataway, NJ, USA affiliation: Google Inc., New York, NY, USA affiliation: DIMACS, Piscataway, NJ, USA affiliation: AT&T Shannon Laboratories, Florham Park, NJ, USA affiliation: Bell Laboratories, Murray Hill, NJ, USA affiliation: University of Warwick, Department of Computer Science, UK affiliation (PhD): New York University, Courant Institute of Mathematical Sciences, NY, USA",https://awards.acm.org/award-recipients/muthukrishnan_NB36624
acm_fellows.csv,"Pereira, Fernando",2010,,,unresolved_candidates,No candidate with sufficient corroborating identity evidence in this pass.,Fernando M. Q. Pereira | Fernando Magno Quintão Pereira,,,For contributions to machine-learning models of natural language and biological sequences.,Fernando Pereira,"VP, Google","[""Machine Learning"", ""Computational Linguistics"", ""Speech Recognition"", ""Artificial Intelligence"", ""Bioinformatics""]",,,https://awards.acm.org/award-recipients/pereira_5799408
acm_fellows.csv,"Pevzner, Pavel",2010,Pavel A. Pevzner,2026-09-18,reviewed_name_and_institution,Exact reviewed DBLP author name (including disambiguation number) plus matching current or historical institutional context in the retained Scholar/DBLP evidence.,Pavel A. Pevzner,Univ. of California - San Diego,http://cseweb.ucsd.edu/~ppevzner,"For contribution to algorithms for genome rearrangements, DNA sequencing, and proteomics.",Pavel Pevzner,University of California at San Diego,"[""bioinformatics"", ""computational molecular biology"", ""algorithms""]",Pavel A. Pevzner,"affiliation: University of California, San Diego, USA award (2018): Paris Kanellakis Award",https://awards.acm.org/award-recipients/pevzner_4068235 | https://dblp.org/pid/p/PAPevzner | https://scholar.google.com/citations?user=rfS5yTMAAAAJ
acm_fellows.csv,"Rombach, Dieter",2010,H. Dieter Rombach,2026-09-18,reviewed_name_and_institution,Exact reviewed DBLP author name (including disambiguation number) plus matching current or historical institutional context in the retained Scholar/DBLP evidence.,H. Dieter Rombach | Hans Dieter Rombach,TU Kaiserslautern,http://wwwagse.informatik.uni-kl.de/staff/rombach,For contributions to empirical software engineering research and its successful application to industrial practice.,Dieter Rombach,"Professor of Computer Science, University of Kaiserslautern","[""Software Engineering"", ""Processes"", ""Measurement""]",H. Dieter Rombach,"affiliation: University of Kaiserslautern, Department of Computer Science, Germany",https://awards.acm.org/award-recipients/rombach_1728062 | https://dblp.org/pid/r/HDRombach | https://scholar.google.com/citations?user=T_618nIAAAAJ
acm_fellows.csv,"Rosenblum, David S.",2010,,,no_candidate,No candidate with sufficient corroborating identity evidence in this pass.,,,,"For contributions to software testing and distributed systems, and for service to the software engineering community.",David S. Rosenblum,"Vice President for Research, Constructor University","[""Machine Learning"", ""Mobile Computing"", ""Software Testing"", ""Distributed Systems""]",David S. Rosenblum,"affiliation: George Mason University, USA affiliation (former): National University of Singapore, Singapore affiliation (former): University College London, UK",https://awards.acm.org/award-recipients/rosenblum_2017093
acm_fellows.csv,"Tompa, Frank Wm",2010,,,no_candidate,No candidate with sufficient corroborating identity evidence in this pass.,,,,For contributions to text-dominated and semi-structured data management.,Frank Tompa,"Distinguished Professor Emeritus, University of Waterloo","[""Text Databases"", ""Search Engines"", ""Document Engineering""]",Frank Wm. Tompa,"affiliation: University of Waterloo, Canada",https://awards.acm.org/award-recipients/tompa_1240787
acm_fellows.csv,"Trimberger, Stephen",2010,,,no_candidate,No candidate with sufficient corroborating identity evidence in this pass.,,,,"For contributions to the design of programmable logic and reconfigurable architectures, and for the development of design automation tools that enable their use.",,,,Steven Trimberger,"affiliation: Xilinx Research Labs, San Jose, CA USA",https://awards.acm.org/award-recipients/trimberger_2649929
acm_fellows.csv,"Ungar, David M",2010,,,no_candidate,No candidate with sufficient corroborating identity evidence in this pass.,,,,For contributions to the design and implementation of object-oriented programming languages,David Ungar,Apple,"[""Programming Languages and Implementation""]",David M. Ungar,,https://awards.acm.org/award-recipients/ungar_1458462
acm_fellows.csv,"Zhai, Shumin",2010,,,no_candidate,No candidate with sufficient corroborating identity evidence in this pass.,,,,For contributions to human computer interface research and innovation.,Shumin Zhai,Google,"[""Mobile User Interfaces"", ""Human-Computer Interaction"", ""Human Performance Models"", ""Text Input"", ""Input Devices and Methods""]",Shumin Zhai,"affiliation: IBM Almaden Research Center, San Jose, USA",https://awards.acm.org/award-recipients/zhai_4636791
acm_fellows.csv,"Bacon, David F",2009,,,no_candidate,No candidate with sufficient corroborating identity evidence in this pass.,,,,For contributions to real-time systems and to object-oriented language design and implementation.,David F. Bacon,Google,"[""Databases"", ""Programming Languages"", ""Cloud Data Storage""]",David F. Bacon,affiliation: Google affiliation (former): IBM Research,https://awards.acm.org/award-recipients/bacon_4810628
acm_fellows.csv,"Baeza-Yates, Ricardo A",2009,,,no_candidate,No candidate with sufficient corroborating identity evidence in this pass.,,,,For contributions to the development of algorithms and information retrieval techniques.,Ricardo Baeza-Yates,"KTH - Univ. Pompeu Fabra - Univ. de Chile; Sweden, Spain & Chile","[""Responsible AI"", ""Information retrieval"", ""Web search"", ""Web mining"", ""algorithms and data structures""]",Ricardo Baeza-Yates,"affiliation: Northeastern University, Silicon Valley campus, CA, USA affiliation: NTENT affiliation: Pompeu Fabra University, Department of Information and Communications Technologies affiliation: University of Chile, Santiago, Department of Computer Science affiliation: Yahoo Labs, Barcelona, Spain award (2025): Luiz André Barroso Award",https://awards.acm.org/award-recipients/baeza-yates_2551737
acm_fellows.csv,"Bhatkar, Vijay P",2009,,,no_candidate,No candidate with sufficient corroborating identity evidence in this pass.,,,,"For contributions to computing technology, education and research.",,,,Vijay P. Bhatkar,,https://awards.acm.org/award-recipients/bhatkar_1843762
acm_fellows.csv,"Blakeley, Jose A",2009,,,no_candidate,No candidate with sufficient corroborating identity evidence in this pass.,,,,For contributions to database management systems and data access technologies.,Jose Blakeley,Microsoft Corporation,"[""Database Systems"", ""Distributed Database Systems"", ""Data Warehousing"", ""Massively Parallel Processing"", ""Database Appliance""]",José A. Blakeley,,https://awards.acm.org/award-recipients/blakeley_2189942
acm_fellows.csv,"Borriello, Gaetano",2009,,,no_candidate,No candidate with sufficient corroborating identity evidence in this pass.,,,,"For the design, realization, and integration of embedded and ubiquitous computing systems.",,,,Gaetano Borriello,"affiliation: University of Washington, Seattle, Washington, USA",https://awards.acm.org/award-recipients/borriello_2947281
acm_fellows.csv,"Choudhary, Alok",2009,Alok N. Choudhary,2026-09-18,scholar_id_and_identity_context,Same nonempty Scholar ID as the reviewed Y-rated roster link; candidate name and institution context reviewed for compatible identity.,Alok N. Choudhary,Northwestern University,http://www.eecs.northwestern.edu/~choudhar,"For contributions to HPC, storage and parallel I/O.",Alok Choudhary,Professor Northwestern University,"[""Data Science"", ""AI/ML"", ""Supercomputing"", ""business intelligence"", ""marketing""]",,,https://awards.acm.org/award-recipients/choudhary_3360559 | https://scholar.google.com/citations?user=6nvFl5sAAAAJ
acm_fellows.csv,"Dale, Nell Boylan",2009,,,no_candidate,No candidate with sufficient corroborating identity evidence in this pass.,,,,For distinguished service to the ACM and her impact on computing education.,,,,Nell B. Dale,"affiliation: University of Texas, Austin, TX, USA",https://awards.acm.org/award-recipients/dale_1569201
acm_fellows.csv,"Davie, Bruce",2009,,,no_candidate,No candidate with sufficient corroborating identity evidence in this pass.,,,,For contributions to computer networking.,Bruce Davie,"Founder, Systems Approach, LLC","[""Networking""]",Bruce S. Davie,"affiliation: VMware, Palo Alto, CA, USA affiliation (former): Cisco Systems Inc., USA",https://awards.acm.org/award-recipients/davie_4274130
acm_fellows.csv,"Dean, Jeffrey A",2009,,,no_candidate,No candidate with sufficient corroborating identity evidence in this pass.,,,,For contributions to the science and engineering of large-scale distributed computer systems.,,,,Jeffrey Dean,"affiliation: Google, Inc. award: ACM Prize in Computing, 2012",https://awards.acm.org/award-recipients/dean_2879385
acm_fellows.csv,"Dean, Thomas L",2009,,,no_candidate,No candidate with sufficient corroborating identity evidence in this pass.,,,,For the development of dynamic Bayes networks and anytime algorithms.,Thomas Dean,Brown University,"[""Artificial Intelligence""]",Thomas L. Dean,,https://awards.acm.org/award-recipients/dean_3342086
acm_fellows.csv,"Erickson, Thomas D",2009,,,no_candidate,No candidate with sufficient corroborating identity evidence in this pass.,,,,For contributions to interaction design and social computing and for outstanding service to ACM.,Thomas Erickson,retired@Minneapolis,"[""Human Computer Interaction"", ""Computer Supported Cooperative Work"", ""Interaction Design""]",Thomas Erickson,affiliation: IBM Research,https://awards.acm.org/award-recipients/erickson_3354016
acm_fellows.csv,"Fischer, Gerhard",2009,,,no_candidate,No candidate with sufficient corroborating identity evidence in this pass.,,,,For contributions to human computer interaction and computer-mediated lifelong learning.,,,,Gerhard Fischer,"affiliation: University of Colorado, USA",https://awards.acm.org/award-recipients/fischer_1311901
acm_fellows.csv,"Goldberg, Andrew V",2009,,,no_candidate,No candidate with sufficient corroborating identity evidence in this pass.,,,,For contributions to fundamental theoretical and practical problems in the design and analysis of algorithms.,Andrew V. Goldberg,"Endowed Chair Professor, ISE, Lehigh University","[""Algorithms"", ""Algoritm Engineering"", ""Mechanism Design"", ""Combinatorial Optimization""]",Andrew V. Goldberg,"affiliation: Amazon Inc., USA affiliation (former): Microsoft Research",https://awards.acm.org/award-recipients/goldberg_2877256
acm_fellows.csv,"Hellerstein, Joseph M",2009,,,no_candidate,No candidate with sufficient corroborating identity evidence in this pass.,,,,For contributions to database systems and data management.,Joseph Hellerstein,"Jim Gray Professor of the Graduate School, UC Berkeley","[""Databases"", ""Distributed Systems"", ""Programming Languages""]",Joseph M. Hellerstein,"affiliation: University of California, Berkeley, CA, USA affiliation (PhD): University of Wisconsin-Madison, Madison, WI, USA",https://awards.acm.org/award-recipients/hellerstein_4354833
acm_fellows.csv,"Hendren, Laurie J",2009,,,no_candidate,No candidate with sufficient corroborating identity evidence in this pass.,,,,"For contributions to program analysis of procedural, object-oriented and aspect-oriented programming languages.",,,,Laurie J. Hendren,"affiliation: McGill University, Montreal, Canada",https://awards.acm.org/award-recipients/hendren_2327567
acm_fellows.csv,"Hoelzle, Urs",2009,,,no_candidate,No candidate with sufficient corroborating identity evidence in this pass.,,,,"For the design, engineering and operation of energy efficient large-scale cloud computing systems.",Urs Hölzle,Google Inc,[],Urs Hölzle,"affiliation: Google affiliation (former): University of California, Santa Barbara, USA",https://awards.acm.org/award-recipients/hoelzle_2674646
acm_fellows.csv,"Kaltofen, Erich L",2009,,,no_candidate,No candidate with sufficient corroborating identity evidence in this pass.,,,,"For contributions to symbolic and algebraic computation, algebraic algorithms and complexity theory.",Erich Kaltofen,NCSU,"[""Symbolic Computation""]",Erich L. Kaltofen,"affiliation: North Carolina State University, Raleigh, NC, USA affiliation (former): Rensselaer Polytechnic Institute, Troy, NY, USa",https://awards.acm.org/award-recipients/kaltofen_1728641
acm_fellows.csv,"Karger, David",2009,David R. Karger,2026-09-18,scholar_id_and_identity_context,Same nonempty Scholar ID as the reviewed Y-rated roster link; candidate name and institution context reviewed for compatible identity.,David R. Karger,Massachusetts Inst. of Technology,http://people.csail.mit.edu/karger,For efficient algorithms for combinatorial optimization problems based on randomization.,David Karger,"Professor of Computer Science, MIT","[""Information Management"", ""HCI"", ""Semantic Web"", ""PIM"", ""Algorithms""]",David R. Karger,"affiliation: MIT, Cambridge, US",https://awards.acm.org/award-recipients/karger_3831799 | https://scholar.google.com/citations?user=2vQRGrYAAAAJ
acm_fellows.csv,"Miller, Rj",2009,Renée J. Miller,2026-09-18,scholar_id_and_identity_context,Same nonempty Scholar ID as the reviewed Y-rated roster link; candidate name and institution context reviewed for compatible identity.,Renée J. Miller,University of Waterloo,https://cs.uwaterloo.ca/contacts/renee-j-miller,"For innovations in metadata management, especially the creation of tools to integrate, transform, query and analyze information.",Renee Miller,University of Waterloo,"[""Data Management"", ""Database Systems"", ""Computer Science""]",Renée J. Miller,"affiliation: University of Waterloo, Canada affiliation (former): Northeastern University, Boston, MA, USA affiliation (former): University of Toronto, Canada award (2018): VLDB Women in Database Research Award award: Presidential Early Career Award for Scientists and Engineers",https://awards.acm.org/award-recipients/miller_3973153 | https://scholar.google.com/citations?user=NjeM1LsAAAAJ
acm_fellows.csv,"Riedl, John T",2009,,,no_candidate,No candidate with sufficient corroborating identity evidence in this pass.,,,,For contributions to recommender systems and to social and collaborative computing.,John Riedl,"Professor of Computer Science, University of Minnesota","[""Intelligent User Interfaces"", ""Social Web"", ""Recommender Systems""]",John Riedl,"affiliation: University of Minnesota, USA award (2010): ACM Software System Award",https://awards.acm.org/award-recipients/riedl_2663490
acm_fellows.csv,"Rinard, Martin",2009,Martin C. Rinard,2026-09-18,scholar_id_and_identity_context,Same nonempty Scholar ID as the reviewed Y-rated roster link; candidate name and institution context reviewed for compatible identity.,Martin C. Rinard,Massachusetts Inst. of Technology,http://people.csail.mit.edu/rinard,For his contributions to program analysis for parallel computing and techniques for enabling software systems to execute successfully in the face of errors and failures.,martin rinard,MIT,"[""programming languages"", ""software engineering""]",Martin C. Rinard,"affiliation: Massachusetts Institute of Technology (MIT), CSAIL, Cambridge, MA, USA affiliation (PhD 1994): Stanford University, CA, USA",https://awards.acm.org/award-recipients/rinard_NA19107 | https://scholar.google.com/citations?user=hxlxVEUAAAAJ
acm_fellows.csv,"Selinger, Patricia G.",2009,,,no_candidate,No candidate with sufficient corroborating identity evidence in this pass.,,,,For contributions to relational database technology.,,,,Patricia G. Selinger,award (2002): SIGMOD Edgar F. Codd Innovations Award award (1988): ACM Software System Award,https://awards.acm.org/award-recipients/selinger_UK15837
acm_fellows.csv,"Shyamasundar, Rudrapatna K",2009,,,no_candidate,No candidate with sufficient corroborating identity evidence in this pass.,,,,For contributions to real-time distributed programs and logic programming.,R K Shyamasundar,Indian institute of Technology Bombay,"[""Concurrency Parallel programming Reactive Programming Logic programming Network Security Information Security""]",R. K. Shyamasundar,"affiliation: Tata Institute of Fundamental Research, Mumbai, India",https://awards.acm.org/award-recipients/shyamasundar_4395026
acm_fellows.csv,"Thekkath, Chandramohan A",2009,,,no_candidate,No candidate with sufficient corroborating identity evidence in this pass.,,,,"For contributions to operating systems, distributed systems, and scalable storage.",,,,Chandramohan A. Thekkath,,https://awards.acm.org/award-recipients/thekkath_3725660
acm_fellows.csv,"Wilks, Yorick",2009,,,no_candidate,No candidate with sufficient corroborating identity evidence in this pass.,,,,For research on meaning-based understanding of natural language by computers.,Yorick Wilks,"Senior Research Scientist, IHMC, Florida","[""Artificial Intelligence"", ""Natural Language Processing"", ""Computational Linguistics""]",Yorick Wilks,"affiliation: University of Sheffield, England, UK",https://awards.acm.org/award-recipients/wilks_2710333
acm_fellows.csv,"Winograd, Terry",2009,,,no_candidate,No candidate with sufficient corroborating identity evidence in this pass.,,,,"For contributions to AI, natural language processing, HCI, and human-centered design.",,,,Terry Winograd,"affiliation: Stanford University, USA",https://awards.acm.org/award-recipients/winograd_2634855
acm_fellows.csv,"Abadi, Martin",2008,,,no_candidate,No candidate with sufficient corroborating identity evidence in this pass.,,,,For contributions to computer security and verification of computer systems.,Martin Abadi,"Research Scientist, Google, and Professor Emeritus, UC Santa Cruz","[""security"", ""programming languages and systems"", ""specification and verification""]",Martín Abadi,"affiliation: University of California, Santa Cruz, USA",https://awards.acm.org/award-recipients/abadi_1389428
acm_fellows.csv,"Buxton, William A.S.",2008,,,no_candidate,No candidate with sufficient corroborating identity evidence in this pass.,,,,For contributions to the field of human-computer interaction.,Bill Buxton,Microsoft Research,"[""HCI Design""]",William Buxton,,https://awards.acm.org/award-recipients/buxton_7390685
acm_fellows.csv,"Clarkson, Kenneth L",2008,,,no_candidate,No candidate with sufficient corroborating identity evidence in this pass.,,,,For contributions to computational geometry.,Kenneth L. Clarkson,IBM Research,"[""Algorithms""]",Kenneth L. Clarkson,,https://awards.acm.org/award-recipients/clarkson_4491536
acm_fellows.csv,"Cook, Perry",2008,,,no_candidate,No candidate with sufficient corroborating identity evidence in this pass.,,,,"For contributions to computer music, physics-based sound synthesis and voice analysis/synthesis.",,,,Perry R. Cook,"affiliation: Princeton University, Departments of Computer Science and Music, NJ, USA",https://awards.acm.org/award-recipients/cook_4412276
acm_fellows.csv,"Cook, Stephen A",2008,,,no_candidate,No candidate with sufficient corroborating identity evidence in this pass.,,,,For fundamental contributions to the theory of computational complexity.,Stephen Cook,"Department of Computer Science, University of Toronto","[""Computational Complexity"", ""Proof Complexity""]",Stephen A. Cook,"affiliation: University of Toronto, Canada award: Turing Award, 1982",https://awards.acm.org/award-recipients/cook_N991950
acm_fellows.csv,"Davidson, Jack",2008,Jack W. Davidson,2026-09-18,reviewed_name_and_institution,Exact reviewed DBLP author name (including disambiguation number) plus matching current or historical institutional context in the retained Scholar/DBLP evidence.,Jack W. Davidson,University of Virginia,https://engineering.virginia.edu/faculty/jack-w-davidson,For contributions in compiler design and implementation.,,,,Jack W. Davidson,"affiliation: University of Virginia, Charlottesville, USA award (2023): Outstanding Contribution to ACM Award",https://awards.acm.org/award-recipients/davidson_1513993 | https://dblp.org/pid/d/JWDavidson
acm_fellows.csv,"Dayal, Umeshwar",2008,,,no_candidate,No candidate with sufficient corroborating identity evidence in this pass.,,,,"For contributions to managing federated, active, and heterogeneous databases.",,,,Umeshwar Dayal,"affiliation: Hitachi America, Ltd., Research & Development Division",https://awards.acm.org/award-recipients/dayal_CR54528
acm_fellows.csv,"Goemans, Michel X",2008,,,no_candidate,No candidate with sufficient corroborating identity evidence in this pass.,,,,For contributions to the theory of approximation algorithms and mathematical programming.,Michel Goemans,"RSA Professor of Mathematics, MIT",[],Michel X. Goemans,"affiliation: MIT, Cambridge, USA award (2000): Fulkerson Prize",https://awards.acm.org/award-recipients/goemans_4568770
acm_fellows.csv,"Hanrahan, Pat",2008,,,no_candidate,No candidate with sufficient corroborating identity evidence in this pass.,,,,For contributions to rendering theory and systems.,Patrick Hanrahan,Stanford University,"[""computer graphics"", ""visualization"", ""parallel computing""]",Pat Hanrahan,"affiliation: Stanford University, USA award (2019): Turing Award",https://awards.acm.org/award-recipients/hanrahan_4652251
acm_fellows.csv,"House, Charles H",2008,,,no_candidate,No candidate with sufficient corroborating identity evidence in this pass.,,,,For distinguished service and contributions to ACM and the computing community.,,,,Charles H. House,"affiliation: InnovaScapes Institute, Woodlake, CA, USA affiliation (former): Hewlett-Packard, CA, USA affiliation (former): mediaX, Stanford University, CA, USA affiliation (former): Cogswell College, San Jose, CA, USA President of the ACM, 1996 to 1998",https://awards.acm.org/award-recipients/house_4788345
acm_fellows.csv,"Humphrey, Watts S",2008,,,no_candidate,No candidate with sufficient corroborating identity evidence in this pass.,,,,For contributions to software engineering process discipline.,,,,Watts S. Humphrey,"affiliation: Carnegie Mellon University, Software Engineering Institute, Pittsburg, PA, USA award (2003): National Medal of Technology and Innovation",https://awards.acm.org/award-recipients/humphrey_1884790
acm_fellows.csv,"Kay, Alan",2008,,,no_candidate,No candidate with sufficient corroborating identity evidence in this pass.,,,,For fundamental contributions to personal computing and object-oriented programming.,,,,Alan C. Kay,"affiliation: University of California, Los Angeles, CA, USA affiliation: Viewpoints Research Institute, Los Angeles, CA, USA award (2004): Kyoto Prize award (2003): Turing Award award (1987): ACM Software System Award",https://awards.acm.org/award-recipients/kay_3972189
acm_fellows.csv,"Levin, Roy",2008,,,no_candidate,No candidate with sufficient corroborating identity evidence in this pass.,,,,For contributions to software and systems.,,,,,,https://awards.acm.org/award-recipients/levin_1310671
acm_fellows.csv,"Lowney, Paul G",2008,,,no_candidate,No candidate with sufficient corroborating identity evidence in this pass.,,,,For contributions to compiler technology and performance enhancement tools.,,,,P. Geoffrey Lowney,,https://awards.acm.org/award-recipients/lowney_1760495
acm_fellows.csv,"McKinley, Kathryn S",2008,,,no_candidate,No candidate with sufficient corroborating identity evidence in this pass.,,,,For contributions to compilers and memory management.,Kathryn S McKinley,Google,"[""Programming Language Implementation""]",Kathryn S. McKinley,"affiliation: University of Texas at Austin, USA",https://awards.acm.org/award-recipients/mckinley_3720018
acm_fellows.csv,"Meyer, Bertrand",2008,,,unresolved_candidates,No candidate with sufficient corroborating identity evidence in this pass.,Bernd Meyer 0001,,,For contributions to software engineering and programming languages.,Bertrand Meyer,"Professor of Software Engineering, Constructor Institute of Technology","[""Software engineering"", ""object-oriented programming"", ""software verification"", ""Eiffel"", ""concurrent programming""]",Bertrand Meyer 0001,"affiliation: Constructor University, Schaffhausen, Switzerland affiliation: Eiffel Software, Santa Barbara, CA, USA affiliation (2001-2016): ETH Zurich, Department of Computer Science, Switzerland affiliation (former): Polytechnic University of Milan, Italy affiliation (2015-2016): University of Toulouse, France affiliation (former): Monash University, Melbourne, VIC, Australia affiliation (1974-1983): Électricité de France (EDF) SA, Clamart, France affiliation (PhD): University of Nancy, France award (2006): ACM Software System Award",https://awards.acm.org/award-recipients/meyer_0256073
acm_fellows.csv,"Olson, Judith S",2008,,,no_candidate,No candidate with sufficient corroborating identity evidence in this pass.,,,,For contributions to human-computer interaction and computer-supported cooperative work.,Judith Olson,"Professor of Informatics, University of California Irvine","[""Human Computer Interaction"", ""Computer Supported Cooperative Work""]",Judith S. Olson,"affiliation: University of California, Irvine, CA, USA award: ACM Athena Lecturer 2011",https://awards.acm.org/award-recipients/olson_2607695
acm_fellows.csv,"Paulson, Lawrence Charles",2008,,,no_candidate,No candidate with sufficient corroborating identity evidence in this pass.,,,,For contributions to theorem provers and verification techniques.,,,,Lawrence C. Paulson,"affiliation: University of Cambridge, UK",https://awards.acm.org/award-recipients/paulson_4585196
acm_fellows.csv,"Pirahesh, Hamid",2008,,,no_candidate,No candidate with sufficient corroborating identity evidence in this pass.,,,,For contributions to query processing and query languages.,hamid pirahesh,IBM,"[""Information Management"", ""cloud computing"", ""cognitive computing""]",Hamid Pirahesh,"affiliation: IBM Almaden Research Center, San Jose, USA",https://awards.acm.org/award-recipients/pirahesh_1636471
acm_fellows.csv,"Randell, Brian",2008,,,no_candidate,No candidate with sufficient corroborating identity evidence in this pass.,,,,For contributions to dependable computing and computer history.,Brian Randell,"Emeritus Professor of Computing Science, Newcastle University","[""Dependability"", ""History of Digital Computers""]",Brian Randell,award (2002): IEEE Emanuel R. Piore Award,https://awards.acm.org/award-recipients/randell_1049162
acm_fellows.csv,"Rose, Jonathan",2008,,,no_candidate,No candidate with sufficient corroborating identity evidence in this pass.,,,,For contributions to the architecture and computer-aided design of field-programmable gate arrays (FPGAs).,Jonathan Rose,"Professor of Electrical and Computer Engineering, University of Toronto","[""Recent: Natural Language Processing and Software in the service of Mental Health"", ""Previous:FPGAs"", ""Architecture"", ""CAD""]",Jonathan Rose,"affiliation: University of Toronto, Canada",https://awards.acm.org/award-recipients/rose_2230928
acm_fellows.csv,"Squillante, Mark S",2008,,,no_candidate,No candidate with sufficient corroborating identity evidence in this pass.,,,,For contributions to the theory and practice of stochastic modeling.,Mark S. Squillante,"Mathematical Sciences Department, IBM Research","[""Probability theory"", ""Stochastic optimization"", ""Stochastic optimal control"", ""Mathematical analysis"", ""Dynamical systems""]",Mark S. Squillante,,https://awards.acm.org/award-recipients/squillante_2571602
acm_fellows.csv,"Stenstrom, Per O",2008,Per Stenström,2026-09-18,scholar_id_and_identity_context,Same nonempty Scholar ID as the reviewed Y-rated roster link; candidate name and institution context reviewed for compatible identity.,Per Stenström,Chalmers/GU,https://www.chalmers.se/en/staff/Pages/per-stenstrom.aspx,For contributions to the design of high-performance memory systems.,Per Stenström,Chalmers University of Technology,"[""Computer architecture""]",Per Stenström,"affiliation: Chalmers University of Technology, Goteborg, Sweden",https://awards.acm.org/award-recipients/stenstrom_7463656 | https://scholar.google.com/citations?user=wsMoM6cAAAAJ
acm_fellows.csv,"Szeliski, Richard",2008,,,no_candidate,No candidate with sufficient corroborating identity evidence in this pass.,,,,For contributions to computational photography.,Richard Szeliski,"Google DeepMind + CSE, The University of Washington","[""Computer Vision"", ""Computer Graphics""]",Richard Szeliski,affiliation: Facebook affiliation (former): Microsoft,https://awards.acm.org/award-recipients/szeliski_2475143
acm_fellows.csv,"Terry, Douglas B",2008,,,no_candidate,No candidate with sufficient corroborating identity evidence in this pass.,,,,For contributions to distributed computing.,Douglas Terry,Former Distinguished Scientist at Amazon Web Services,"[""distributed systems"", ""databases"", ""mobile computing"", ""IoT"", ""cloud""]",Douglas B. Terry,affiliation: Microsoft Research,https://awards.acm.org/award-recipients/terry_1854348
acm_fellows.csv,"Banerjee, Utpal",2007,,,no_candidate,No candidate with sufficient corroborating identity evidence in this pass.,,,,For contributions to the mathematical foundations of optimizing parallelizing compilers.,,,,Utpal Banerjee,,https://awards.acm.org/award-recipients/banerjee_1882547
acm_fellows.csv,"Beeri, Catriel",2007,,,no_candidate,No candidate with sufficient corroborating identity evidence in this pass.,,,,For contributions to database theory.,,,,Catriel Beeri,"affiliation: Hebrew University of Jerusalem, Israel",https://awards.acm.org/award-recipients/beeri_1289180
acm_fellows.csv,"Brewer, Eric A.",2007,,,no_candidate,No candidate with sufficient corroborating identity evidence in this pass.,,,,"For the design of scalable, reliable internet services.",Eric Brewer,Google and UC Berkeley,"[""Internet and distributed systems"", ""developing regions""]",Eric A. Brewer,"affiliation: University of California, Berkeley, USA award: ACM Prize in Computing, 2009",https://awards.acm.org/award-recipients/brewer_UI34063
acm_fellows.csv,"Broder, Andrei Z",2007,,,no_candidate,No candidate with sufficient corroborating identity evidence in this pass.,,,,For contributions to algorithms and web technology.,Andrei Broder,"Distinguished Scientist, Google","[""Web ecosystems"", ""Computational advertising"", ""Web search"", ""User understanding"", ""Randomized algorithms""]",Andrei Z. Broder,"award (2020): Paris Kanellakis Award award (2012): Paris Kanellakis Award affiliation: Google, Mountain View, CA, USA",https://awards.acm.org/award-recipients/broder_N005132
acm_fellows.csv,"Cohen, Michael F.",2007,,,no_candidate,No candidate with sufficient corroborating identity evidence in this pass.,,,,For contributions to computer graphics and computer vision.,Michael F Cohen,Facebook,"[""Computer Graphics"", ""Computer Vision"", ""Image Based Rendering""]",Michael F. Cohen,"affiliation: Meta affiliation: University of Washington, USA",https://awards.acm.org/award-recipients/cohen_3186095
acm_fellows.csv,"Constantine, Larry",2007,,,no_candidate,No candidate with sufficient corroborating identity evidence in this pass.,,,,For contributions to software design.,Larry Constantine,"Professor (ret.), University of Madeira","[""social psychology"", ""systems theory"", ""software engineering"", ""interaction design""]",Larry L. Constantine,,https://awards.acm.org/award-recipients/constantine_3358900
acm_fellows.csv,"Downey, Rodney",2007,,,no_candidate,No candidate with sufficient corroborating identity evidence in this pass.,,,,For contributions to computability and complexity theory.,rod downey,"Victoria University, Wellington","[""Logic"", ""Computability"", ""Complexity"", ""Algebra""]",Rodney G. Downey,"affiliation: Victoria University of Wellington, New Zealand",https://awards.acm.org/award-recipients/downey_4371977
acm_fellows.csv,"Feigenbaum, Edward A",2007,,,no_candidate,No candidate with sufficient corroborating identity evidence in this pass.,,,,For contributions to artificial intelligence.,,,,Edward A. Feigenbaum,"affiliation: Stanford University, USA award (1994): Turing Award award (2013): Computer Pioneer Award",https://awards.acm.org/award-recipients/feigenbaum_4167235
acm_fellows.csv,"Felten, Edward",2007,,,no_candidate,No candidate with sufficient corroborating identity evidence in this pass.,,,,For contributions to security and the public policy of information technology.,Edward W. Felten,"Robert E. Kahn Professor of Computer Science and Public Affairs, Princeton University","[""Computer Security"", ""Privacy"", ""Tech policy""]",Edward W. Felten,"affiliation: Princeton University, USA",https://awards.acm.org/award-recipients/felten_5140041
acm_fellows.csv,"Gao, Guang",2007,,,no_candidate,No candidate with sufficient corroborating identity evidence in this pass.,,,,For contributions to multiprocessor computers and compiler optimization techniques.,,,,,,https://awards.acm.org/award-recipients/gao_1954601
acm_fellows.csv,"Gottlob, Georg",2007,,,no_candidate,No candidate with sufficient corroborating identity evidence in this pass.,,,,For contributions to the theory of artificial intelligence and database systems.,Georg Gottlob,"Professor of Informatics, University of Calabria","[""Algorithms in Artificial Intelligence and Information Systems"", ""Databases"", ""Database Theory""]",Georg Gottlob,"affiliation: University of Oxford, Department of Computer Science affiliation: TU Vienna, Faculty of Informatics",https://awards.acm.org/award-recipients/gottlob_2684009
acm_fellows.csv,"Hull, Richard",2007,,,no_candidate,No candidate with sufficient corroborating identity evidence in this pass.,,,,For contributions to data semantics and web services.,Richard Hull,"Principal Scientist, IC-FOODS","[""computer science"", ""databases"", ""web services"", ""business process management"", ""business artifacts""]",Richard Hull 0001,"affiliation (former): IBM T. J. Watson Research Center, Yorktown Heights, NY, USA affiliation (former): Bell Labs/Lucent Technologies, Inc., Murray Hill, NJ, USA affiliation (former): INRIA, France affiliation (former): University of Colorado, Boulder, CO, USA affiliation (former): University of Southern California, Los Angeles, CA, USA",https://awards.acm.org/award-recipients/hull_1920347
acm_fellows.csv,"Huttenlocher, Daniel",2007,Daniel P. Huttenlocher,2026-09-18,scholar_id_and_identity_context,"Same nonempty Scholar ID as the reviewed Y-rated roster link; candidate name and institution context reviewed for compatible identity. Among multiple source spellings, use the reviewed DBLP or Scholar spelling (preserving any source campus tag); Ellen Zegura uses the initial form shared by an identical source profile.",Dan Huttenlocher | Daniel P. Huttenlocher,Massachusetts Inst. of Technology,https://web.mit.edu/hutt/www,For contributions to computer vision.,Daniel Huttenlocher,Massachusetts Institute of Technology,"[""Computer Vision"", ""AI"", ""Social Networks""]",Daniel P. Huttenlocher,"affiliation: Massachusetts Institute of Technology, MA, USA affiliation (former): Cornell University, Ithaca, USA",https://awards.acm.org/award-recipients/huttenlocher_3791746 | https://scholar.google.com/citations?user=q16KVs0AAAAJ
acm_fellows.csv,"Klensin, John C",2007,,,no_candidate,No candidate with sufficient corroborating identity evidence in this pass.,,,,For contributions to networking standards and internet applications.,,,,John C. Klensin,award (2012): Internet Hall of Fame,https://awards.acm.org/award-recipients/klensin_1101344
acm_fellows.csv,"Levoy, Marc",2007,,,no_candidate,No candidate with sufficient corroborating identity evidence in this pass.,,,,For contributions to computer graphics.,Marc Levoy,"Professor of Computer Science, Emeritus, Stanford University","[""Computer graphics"", ""computational photography""]",Marc Levoy,"affiliation: Google Research, CA, USA affiliation: Stanford University, Computer Graphics Lab, CA, USA",https://awards.acm.org/award-recipients/levoy_2513653
acm_fellows.csv,"Moss, Eliot",2007,,,no_candidate,No candidate with sufficient corroborating identity evidence in this pass.,,,,For contributions in transactions and memory management.,J. Eliot B. Moss,"Professor Emeritus of Information and Computer Sciences, University of Massachusetts Amherst","[""Programming languages"", ""transactions"", ""machine learning"", ""verification""]",J. Eliot B. Moss,"affiliation: University of Massachusetts Amherst, USA award (2012): Dijkstra Prize",https://awards.acm.org/award-recipients/moss_1491653
acm_fellows.csv,"Motwani, Rajeev",2007,,,no_candidate,No candidate with sufficient corroborating identity evidence in this pass.,,,,For contributions to algorithms and complexity theory.,,,,Rajeev Motwani 0001,"affiliation: Stanford University, Computer Science Department award (2001): Gödel Prize",https://awards.acm.org/award-recipients/motwani_4305223
acm_fellows.csv,"Olson, Gary M",2007,,,no_candidate,No candidate with sufficient corroborating identity evidence in this pass.,,,,For contributions to computer-supported collaborative work.,Gary M. Olson,"Dept. of Informatics, University of California, Irvine","[""Human Computer Interaction"", ""Computer Supported Cooperative Work""]",Gary M. Olson,"affiliation: University of Michigan, Ann Arbor, USA",https://awards.acm.org/award-recipients/olson_2607703
acm_fellows.csv,"Padua, David",2007,,,no_candidate,No candidate with sufficient corroborating identity evidence in this pass.,,,,For contributions to compiler support for parallel computing.,David Padua,"Professor Emeritus, University of Illinois at Urbana-Champaign","[""Compilers"", ""Parallel Computing""]",David A. Padua,"affiliation: University of Illinois Urbana-Champaign, IL, USA",https://awards.acm.org/award-recipients/padua_4317590
acm_fellows.csv,"Pausch, Randy",2007,,,no_candidate,No candidate with sufficient corroborating identity evidence in this pass.,,,,For contributions to the use of programming environments in education and entertainment.,,,,Randy F. Pausch,award: Presidential Young Investigator Award,https://awards.acm.org/award-recipients/pausch_3279411
acm_fellows.csv,"Pnueli, Amir",2007,,,no_candidate,No candidate with sufficient corroborating identity evidence in this pass.,,,,For contributions to program and system verification.,,,,Amir Pnueli,award (1996): Turing Award award (2007): ACM Software System Award,https://awards.acm.org/award-recipients/pnueli_4725172
acm_fellows.csv,"Requicha, Aristides",2007,,,no_candidate,No candidate with sufficient corroborating identity evidence in this pass.,,,,For contributions to solid modeling and nanorobotics.,,,,Aristides A. G. Requicha,"affiliation: University of Southern California, Los Angeles, USA",https://awards.acm.org/award-recipients/requicha_1452523
acm_fellows.csv,"Roberts, Eric S",2007,,,no_candidate,No candidate with sufficient corroborating identity evidence in this pass.,,,,For contributions to computer science education.,,,,Eric Roberts 0001,"affiliation: Willamette University, Salem, OR, USA affiliation (former): Stanford University, CA, USA",https://awards.acm.org/award-recipients/roberts_2086759
acm_fellows.csv,"Thomas, Donald E",2007,,,no_candidate,No candidate with sufficient corroborating identity evidence in this pass.,,,,For contributions to computer-aided design of integrated circuits and systems.,,,,Donald E. Thomas,"affiliation: Carnegie Mellon University, Pittsburgh, USA",https://awards.acm.org/award-recipients/thomas_1644756
acm_fellows.csv,"Wand, Mitchell",2007,,,unresolved_candidates,No candidate with sufficient corroborating identity evidence in this pass.,Michael Wand 0001,,,For contributions to type theory and program analysis.,Mitchell Wand,"Professor of Computer Science, Northeastern University","[""programming languages"", ""semantics"", ""types""]",Mitchell Wand,"affiliation: Northeastern University, Boston, USA",https://awards.acm.org/award-recipients/wand_1239896
acm_fellows.csv,"Zhang, HongJiang",2007,,,rejected_identity_conflict,"The shared Scholar ID belongs to the stored HongJiang Zhang profile, but CSRankings attaches it to Hong Jiang 0001 at UT Arlington. The surname, institution and multimedia-versus-storage research contexts conflict. Reject the ID-only candidate.",Hong Jiang 0001 | Dongxiang Zhang | Honggang Zhang 0002 | Hongyang R. Zhang | Hongyang Zhang 0001,,,For contributions to content-based analysis and retrieval of multimedia.,HongJiang Zhang,Sourcecode Capital,"[""Multimedia Computing"", ""Pattern Recognition"", ""Computer Vision"", ""Image Processing"", ""Video Processing ..""]",HongJiang Zhang,affiliation: Microsoft Research,https://awards.acm.org/award-recipients/zhang_NC44438 | https://scholar.google.com/citations?user=u6wmNbQAAAAJ | https://awards.acm.org/award-recipients/zhang_NC44438
acm_fellows.csv,Arvind,2006,,,no_candidate,No candidate with sufficient corroborating identity evidence in this pass.,,,,For contributions to dataflow computing and verification.,Arvind,MIT,"[""Computer Architecture""]",,,https://awards.acm.org/award-recipients/arvind_3667433
acm_fellows.csv,"Atallah, Mikhail",2006,Mikhail J. Atallah,2026-09-18,scholar_id_and_identity_context,Same nonempty Scholar ID as the reviewed Y-rated roster link; candidate name and institution context reviewed for compatible identity.,Mikhail J. Atallah,Purdue University,https://www.cs.purdue.edu/people/mja,For contributions to parallel and distributed computation.,Mikhail Atallah,Distinguished Professor of Computer Science,"[""Information security"", ""algorithms""]",Mikhail J. Atallah,"affiliation: Purdue University, West Lafayette, USA",https://awards.acm.org/award-recipients/atallah_1978675 | https://scholar.google.com/citations?user=uc8_eH0AAAAJ
acm_fellows.csv,"Chen, Ming-Syan",2006,,,unresolved_candidates,No candidate with sufficient corroborating identity evidence in this pass.,Bing-Yu Chen 0004 | Deming Chen | Ing-Ray Chen | Jing Chen 0003 | Ling Chen 0001 | Ling Chen 0006 | Min Chen 0032 | Ming-Song Chen 0001 | Mingyu Chen 0001 | Qing Chen 0001 | Siming Chen 0001 | Ting Chen 0002 | Ting Chen 0006 | Ying-Ping Chen,,,For contributions to query processing and data mining.,Ming-Syan Chen,"National Taiwan University, Taiwan","[""data mining"", ""database"", ""multimedia""]",Ming-Syan Chen,"unicode name: 陳銘憲 affiliation: National Taiwan University, Department of Electrical Engineering, Taipei, Taiwan affiliation (PhD 1998): University of Michigan, Ann Arbor, MI, USA",https://awards.acm.org/award-recipients/chen_3402419
acm_fellows.csv,"Dumais, Susan T",2006,,,no_candidate,No candidate with sufficient corroborating identity evidence in this pass.,,,,For research contributions to information retrieval and human-computer interaction.,Susan Dumais,"Technical Fellow, Microsoft Research","[""Information Retrieval"", ""Human-Computer Interaction""]",Susan T. Dumais,affiliation: Microsoft Research award: ACM Athena Lecturer 2014,https://awards.acm.org/award-recipients/dumais_2360550
acm_fellows.csv,"Fayyad, Usama M",2006,,,no_candidate,No candidate with sufficient corroborating identity evidence in this pass.,,,,"For contributions to machine learning, data mining and knowledge discovery.",,,,Usama M. Fayyad,,https://awards.acm.org/award-recipients/fayyad_5186069
acm_fellows.csv,"Forbus, Kenneth",2006,Kenneth D. Forbus,2026-09-18,scholar_id_and_identity_context,Same nonempty Scholar ID as the reviewed Y-rated roster link; candidate name and institution context reviewed for compatible identity.,Kenneth D. Forbus,Northwestern University,http://www.cs.northwestern.edu/~forbus,For contributions to artificial intelligence and cognitive science.,Kenneth D. Forbus,"Professor of Computer Science, Northwestern University","[""Artificial Intelligence""]",Kenneth D. Forbus,"affiliation: Northwestern University, Illinois, USA",https://awards.acm.org/award-recipients/forbus_2642585 | https://scholar.google.com/citations?user=IdRYT-8AAAAJ
acm_fellows.csv,"Giles, Lee",2006,C. Lee Giles,2026-09-18,scholar_id_and_identity_context,"Same nonempty Scholar ID as the reviewed Y-rated roster link; candidate name and institution context reviewed for compatible identity. Among multiple source spellings, use the reviewed DBLP or Scholar spelling (preserving any source campus tag); Ellen Zegura uses the initial form shared by an identical source profile.",C. Lee Giles | Clyde Lee Giles,Pennsylvania State University,https://clgiles.ist.psu.edu,For contributions to information processing and web analysis.,C Lee Giles,Pennsylvania State University,"[""Information extraction"", ""search engines"", ""information retrieval"", ""deep learning"", ""digital libraries""]",C. Lee Giles,"affiliation: Penn State, University Park, USA",https://awards.acm.org/award-recipients/giles_5219597 | https://scholar.google.com/citations?user=sAkg9T8AAAAJ
acm_fellows.csv,"Greenberg, Albert G",2006,,,no_candidate,No candidate with sufficient corroborating identity evidence in this pass.,,,,For contributions to Internet measurement and engineering.,,,,Albert G. Greenberg,affiliation: Microsoft award (2015): SIGCOMM Award,https://awards.acm.org/award-recipients/greenberg_3415148
acm_fellows.csv,"Guttag, John",2006,John V. Guttag,2026-09-18,reviewed_name_and_institution,Exact reviewed DBLP author name (including disambiguation number) plus matching current or historical institutional context in the retained Scholar/DBLP evidence.,John V. Guttag,Massachusetts Inst. of Technology,http://nms.csail.mit.edu/~guttag,For contributions to algebraic specifications and abstract data types.,John Guttag,Unknown affiliation,[],John V. Guttag,"affiliation: MIT, Cambridge, USA",https://awards.acm.org/award-recipients/guttag_4811303 | https://dblp.org/pid/g/JohnVGuttag | https://scholar.google.com/citations?user=TvyZkdwAAAAJ
acm_fellows.csv,"Halevy, Alon Yitzchak",2006,,,no_candidate,No candidate with sufficient corroborating identity evidence in this pass.,,,,For contributions to data integration and knowledge representation.,Alon Halevy,Google,"[""Database systems"", ""Web data management"", ""Artificial Intelligence""]",Alon Y. Halevy,"affiliation: Facebook, Menlo Park, CA, USA affiliation (former): Recruit Institute of Technology, Mountain View, CA, USA affiliation (former): Google Research, Mountain View, CA, USA affiliation (former, PhD 1993): Stanford University, Department of Computer Science, CA, USA award (2000): Presidential Early Career Award for Scientists and Engineers",https://awards.acm.org/award-recipients/halevy_5041603
acm_fellows.csv,"Hearn, Anthony C",2006,,,no_candidate,No candidate with sufficient corroborating identity evidence in this pass.,,,,For contributions to computer algebra and symbolic computation.,,,,Anthony C. Hearn,,https://awards.acm.org/award-recipients/hearn_1069624
acm_fellows.csv,"Jouppi, Norman",2006,,,no_candidate,No candidate with sufficient corroborating identity evidence in this pass.,,,,For contributions to the design and analysis of high-performance processors and memory systems.,Norman P. Jouppi,Google,"[""Computer architecture""]",Norman P. Jouppi,"affiliation: Google, Mountain View, CA, USA award (2015): Eckert-Mauchly Award",https://awards.acm.org/award-recipients/jouppi_2003499
acm_fellows.csv,"Laird, John E.",2006,,,no_candidate,No candidate with sufficient corroborating identity evidence in this pass.,,,,For contributions to the development and application of cognitive architectures.,John Laird,"Emeritus Professor of Computer Science and Engineering, University of Michigan","[""Artificial Intelligence""]",John E. Laird,"affiliation: University of Michigan, Ann Arbor, USA",https://awards.acm.org/award-recipients/laird_1610138
acm_fellows.csv,"Larus, James",2006,,,no_candidate,No candidate with sufficient corroborating identity evidence in this pass.,,,,"For contributions to programming languages, compilers, and computer architecture.",James R Larus,"Professor Emeritus, EPFL","[""Programming Languages"", ""Compilers"", ""Software Engineering"", ""Computer Architecture"", ""Computer Systems""]",James R. Larus,"affiliation: École Polytechnique Fédérale de Lausanne, Switzerland affiliation (former): Microsoft Research",https://awards.acm.org/award-recipients/larus_1713445
acm_fellows.csv,"Li, Ming",2006,Ming Li 0001,2026-09-18,reviewed_name_and_institution,Exact reviewed DBLP author name (including disambiguation number) plus matching current or historical institutional context in the retained Scholar/DBLP evidence.,Ming Li 0001 | Ming Li 0005 | Ming Li 0006 | Bing Li 0010 | Ding Li 0001 | Jing Li 0002 | Jing Li 0025 | Jing Li 0034 | Jing Li 0049 | Jing Li 0055 | Jing Li 0073 | Ling Li 0001 | Meng Li 0004 | Min Li 0007 | Minglu Li 0001 | Miqing Li | Ning Li 0002 | Qing Li 0001 | Qing'an Li | Wing Ning Li | Ximing Li 0002 | Yiming Li | Ying Li 0004,University of Waterloo,https://cs.uwaterloo.ca/~mli,For contributions to computational complexity and its applications.,Ming Li,"University Professor, University of Waterloo","[""Bioinformatics"", ""machine learning"", ""Kolmogorov complexity"", ""few shot learning"", ""information distance""]",Ming Li 0001,"affiliation: University of Waterloo, ON, Canada affiliation (former): Cornell University, Ithaca, NY, USA affiliation (former): York University, Toronto, Canada affiliation (former): Harvard University, Cambridge, MA, USA",https://awards.acm.org/award-recipients/li_6717615 | https://dblp.org/pid/l/MingLi1 | https://scholar.google.com/citations?user=j1xcTB4AAAAJ
acm_fellows.csv,"McKeown, Nick",2006,,,no_candidate,No candidate with sufficient corroborating identity evidence in this pass.,,,,For contributions to network switching and queueing.,Nick McKeown,Stanford University,"[""computer networks"", ""computer systems"", ""ML systems"", ""ML interconnects"", ""AI for Law""]",Nick McKeown,"affiliation: Stanford University, USA award (2012): SIGCOMM Award",https://awards.acm.org/award-recipients/mckeown_4304689
acm_fellows.csv,"Moore, J Strother",2006,,,unresolved_candidates,No candidate with sufficient corroborating identity evidence in this pass.,James H. Moore,,,For contributions to mechanized theorem proving.,jstrother moore,"Computer Science Dept, University of Texas at Austin","[""Formal Methods"", ""Theorem Proving"", ""Artificial Intelligence""]",J Strother Moore,"affiliation: University of Texas at Austin, USA award (2005): ACM Software System Award award (1999): Herbrand Award",https://awards.acm.org/award-recipients/moore_4797627
acm_fellows.csv,"Newell, Alan",2006,,,no_candidate,No candidate with sufficient corroborating identity evidence in this pass.,,,,For contributions to computer-based systems for people with disabilities.,,,,,,https://awards.acm.org/award-recipients/newell_CL65900
acm_fellows.csv,"Norvig, Peter",2006,,,no_candidate,No candidate with sufficient corroborating identity evidence in this pass.,,,,For contributions to artificial intelligence and information retrieval.,,,,Peter Norvig,affiliation: Google Research,https://awards.acm.org/award-recipients/norvig_4663209
acm_fellows.csv,"O'Leary, Dianne Prost",2006,,,no_candidate,No candidate with sufficient corroborating identity evidence in this pass.,,,,For mentoring activities and contributions to numerical algorithms.,Dianne P O'Leary,"Professor of Computer Science, University of Maryland","[""computational linear algebra and optimization"", ""scientific computing""]",Dianne P. O'Leary,"affiliation: University of Maryland, College Park, USA",https://awards.acm.org/award-recipients/oleary_1275429
acm_fellows.csv,"Olsen, Dan R",2006,,,no_candidate,No candidate with sufficient corroborating identity evidence in this pass.,,,,For contributions to user interface technology.,,,,Dan R. Olsen,"affiliation: Brigham Young University, Provo, Utah, USA",https://awards.acm.org/award-recipients/olsen_2000610
acm_fellows.csv,"Olukotun, Oyekunle",2006,Kunle Olukotun,2026-09-18,scholar_id_and_identity_context,"Same nonempty Scholar ID as the reviewed Y-rated roster link; candidate name and institution context reviewed for compatible identity. Among multiple source spellings, use the reviewed DBLP or Scholar spelling (preserving any source campus tag); Ellen Zegura uses the initial form shared by an identical source profile.",Kunle Olukotun | Oyekunle A. Olukotun,Stanford University,http://arsenalfc.stanford.edu/kunle,For contributions to multiprocessors on a chip and multi threaded processor design.,Kunle Olukotun,"Cadence Design Systems Professor of Computer Science, Stanford University","[""computer architecture"", ""parallel computing"", ""programming languages""]",Kunle Olukotun,"affiliation: Stanford University, USA award (2018): Harry H. Goode Memorial Award",https://awards.acm.org/award-recipients/olukotun_3961927 | https://scholar.google.com/citations?user=IzXDyR8AAAAJ
acm_fellows.csv,"Scott, Michael",2006,Michael L. Scott,2026-09-18,scholar_id_and_identity_context,"Same nonempty Scholar ID as the reviewed Y-rated roster link; candidate name and institution context reviewed for compatible identity. Among multiple source spellings, use the reviewed DBLP or Scholar spelling (preserving any source campus tag); Ellen Zegura uses the initial form shared by an identical source profile.",Michael L. Scott | Michael Lee Scott,University of Rochester,https://www.cs.rochester.edu/~scott,For contributions to system software for parallel and distributed computing.,Michael L. Scott,"Arthur Gould Yates Professor Emeritus, Computer Science, Univ. of Rochester","[""Concurrency and Synchronization"", ""Parallel Computing"", ""Operating Systems"", ""Programming Languages""]",,,https://awards.acm.org/award-recipients/scott_2109486 | https://scholar.google.com/citations?user=PzaBy-UAAAAJ
acm_fellows.csv,"Shum, Heung-Yeung",2006,,,no_candidate,No candidate with sufficient corroborating identity evidence in this pass.,,,,For contributions to computer vision and computer graphics.,Heung-Yeung Shum,Microsoft,"[""Computer Vision"", ""Computer Graphics""]",Harry Shum,affiliation: Microsoft Research,https://awards.acm.org/award-recipients/shum_4767844
acm_fellows.csv,"Spector, Alfred Z",2006,,,no_candidate,No candidate with sufficient corroborating identity evidence in this pass.,,,,For leadership and contributions to scalable distributed systems.,,,,Alfred Z. Spector,affiliation: Two Sigma Investments affiliation (former): Google Research award (2016): ACM Software System Award,https://awards.acm.org/award-recipients/spector_CR79707
acm_fellows.csv,"Winslett, Marianne",2006,,,no_candidate,No candidate with sufficient corroborating identity evidence in this pass.,,,,For contributions to information management and security.,Marianne Winslett,"Department of Computer Science, University of Illinois at Urbana-Champaign",[],Marianne Winslett,"affiliation: University of Illinois, Department of Computer Science, Urbana, IL, USA affiliation (PhD 1986): Stanford University, CA, USA",https://awards.acm.org/award-recipients/winslett_2577922
acm_fellows.csv,"York, Bryant W",2006,,,no_candidate,No candidate with sufficient corroborating identity evidence in this pass.,,,,For leadership in broadening participation in computing.,,,,Bryant W. York,"affiliation: Portland State University, USA",https://awards.acm.org/award-recipients/york_1471234
acm_fellows.csv,"Zdonik, Stanley",2006,,,no_candidate,No candidate with sufficient corroborating identity evidence in this pass.,,,,For contributions to data management and database systems.,Stanley Zdonik,Brown University,[],Stanley B. Zdonik,"affiliation: Brown University, Providence, USA",https://awards.acm.org/award-recipients/zdonik_1195676
acm_fellows.csv,"Anderson, Thomas",2005,Thomas E. Anderson,2026-09-18,scholar_id_and_identity_context,Same nonempty Scholar ID as the reviewed Y-rated roster link; candidate name and institution context reviewed for compatible identity.,Thomas E. Anderson,University of Washington,http://www.cs.washington.edu/people/faculty/tom,For contributions in distributed systems and computer networks.,Thomas Anderson,"Warren Francis and Wilma Kolm Bradley Chair, CSE, University of Washington","[""Distributed Systems"", ""Networking"", ""Operating Systems""]",Thomas E. Anderson,"affiliation: University of Washington, Seattle, Washington, USA",https://awards.acm.org/award-recipients/anderson_3425501 | https://scholar.google.com/citations?user=MYqlcPgAAAAJ
acm_fellows.csv,"Bjorner, Dines",2005,,,no_candidate,No candidate with sufficient corroborating identity evidence in this pass.,,,,For contributions to formal methods and for international leadership.,Dines Bjorner,"Professor Emeritus, DTU Informatics, Denmark","[""Programming Methodology"", ""Formal Methods""]",Dines Bjørner,affiliation: Technical University of Denmark,https://awards.acm.org/award-recipients/bjorner_1110022
acm_fellows.csv,"Bourne, Stephen",2005,,,no_candidate,No candidate with sufficient corroborating identity evidence in this pass.,,,,For contributions to the development of UNIX and for effective leadership of ACM.,,,,Stephen R. Bourne,"President of the ACM, 2000 to 2002",https://awards.acm.org/award-recipients/bourne_4808457
acm_fellows.csv,"Brooks, Rodney A",2005,,,no_candidate,No candidate with sufficient corroborating identity evidence in this pass.,,,,For contributions to artificial intelligence and robotics.,,,,Rodney A. Brooks,"affiliation: MIT Computer Science and Artificial Intelligence Laboratory, Cambridge, USA",https://awards.acm.org/award-recipients/brooks_2810307
acm_fellows.csv,"Chaudhuri, Surajit",2005,,,no_candidate,No candidate with sufficient corroborating identity evidence in this pass.,,,,For contributions to database query processing and optimization.,Surajit Chaudhuri,Microsoft Research,"[""Database Systems"", ""Data Analytics""]",Surajit Chaudhuri,affiliation: Microsoft award (2011): SIGMOD Edgar F. Codd Innovations Award,https://awards.acm.org/award-recipients/chaudhuri_3419371
acm_fellows.csv,"Cooper, Keith",2005,Keith D. Cooper,2026-09-18,scholar_id_and_identity_context,Same nonempty Scholar ID as the reviewed Y-rated roster link; candidate name and institution context reviewed for compatible identity.,Keith D. Cooper,Rice University,https://www.cs.rice.edu/~keith,For contributions to the theory and practice of compiler construction.,Keith Cooper,"Professor of Computer Science, Rice University","[""Programming languages"", ""compilers"", ""optimization"", ""static analysis""]",Keith D. Cooper,"affiliation: Rice University, Houston, USA",https://awards.acm.org/award-recipients/cooper_2476356 | https://scholar.google.com/citations?user=ubiUvvgAAAAJ
acm_fellows.csv,"Dill, David",2005,,,no_candidate,No candidate with sufficient corroborating identity evidence in this pass.,,,,For contributions to system verification and for leadership in the development of verifiable voting systems.,David L. Dill,"Professor, Emeritus, of Computer Science, Stanford University","[""formal verification"", ""voting technology"", ""computational biology""]",,,https://awards.acm.org/award-recipients/dill_3232592
acm_fellows.csv,"Diot, Christophe",2005,,,no_candidate,No candidate with sufficient corroborating identity evidence in this pass.,,,,For contributions to the measurement and analysis of computer networks.,Christophe Diot,Data Nomad,"[""Network Telemetry""]",Christophe Diot,,https://awards.acm.org/award-recipients/diot_N989889
acm_fellows.csv,"Dubois, Michel",2005,,,no_candidate,No candidate with sufficient corroborating identity evidence in this pass.,,,,For contributions to multiprocessor memory system design.,,,,,,https://awards.acm.org/award-recipients/dubois_2626471
acm_fellows.csv,"Kolaitis, Phokion",2005,Phokion G. Kolaitis,2026-09-18,reviewed_name_and_institution,Exact reviewed DBLP author name (including disambiguation number) plus matching current or historical institutional context in the retained Scholar/DBLP evidence.,Phokion G. Kolaitis,Univ. of California - Santa Cruz,https://users.soe.ucsc.edu/~kolaitis,For contributions to logic in computer science.,Phokion Kolaitis,"Distinguished Professor Emeritus, University of California Santa Cuz","[""Database systems"", ""logic in computer science""]",Phokion G. Kolaitis,"affiliation: University of California, Santa Cruz, USA",https://awards.acm.org/award-recipients/kolaitis_2330363 | https://dblp.org/pid/k/PGKolaitis | https://scholar.google.com/citations?user=cqnovfEAAAAJ
acm_fellows.csv,"Lakshman, T V",2005,,,no_candidate,No candidate with sufficient corroborating identity evidence in this pass.,,,,For contributions to packet processing and traffic management algorithms.,T. V. Lakshman,"Bell Labs, Nokia","[""Networking"", ""Distributed Systems"", ""Machine Learning"", ""Cloud Computing""]",T. V. Lakshman,,https://awards.acm.org/award-recipients/lakshman_2112407
acm_fellows.csv,"Nicol, David M",2005,,,no_candidate,No candidate with sufficient corroborating identity evidence in this pass.,,,,For contributions to discrete-event simulation.,David Nicol,"William and Mary, Dartmouth, University of Illinois","[""parallel processing"", ""simulation"", ""modeling"", ""security""]",David M. Nicol,"affiliation: University of Illinois at Urbana-Champaign, USA affiliation (former): Dartmouth College, Hanover, USA",https://awards.acm.org/award-recipients/nicol_2343671
acm_fellows.csv,"Palem, Krishna",2005,Krishna V. Palem,2026-09-18,scholar_id_and_identity_context,Same nonempty Scholar ID as the reviewed Y-rated roster link; candidate name and institution context reviewed for compatible identity.,Krishna V. Palem,Rice University,http://www.cs.rice.edu/~kvp1,For contributions to compiler optimization and embedded computing.,Krishna Palem,Ken and Audrey Kennedy Professor,"[""Embedded Computing"", ""Algorithms"", ""Probability and Statistics"", ""Electronic Circuit Design"", ""Low Power Computing""]",Krishna V. Palem,"affiliation: Rice University, Houston, TX, USA award (2008): W. Wallace McDowell Award",https://awards.acm.org/award-recipients/palem_2607406 | https://scholar.google.com/citations?user=TW6dnZUAAAAJ
acm_fellows.csv,"Reps, Thomas",2005,Thomas W. Reps,2026-09-18,scholar_id_and_identity_context,Same nonempty Scholar ID as the reviewed Y-rated roster link; candidate name and institution context reviewed for compatible identity.,Thomas W. Reps,University of Wisconsin - Madison,http://pages.cs.wisc.edu/~reps,For contributions to automated program analysis and synthesis.,Thomas Reps,"J. Barkley Rosser Professor & Rajiv and Ritu Batra Chair Emeritus, CS Dept., Univ. of Wisconsin","[""Programming Languages"", ""Program Analysis"", ""Computer Security"", ""Program Verification"", ""Program Synthesis""]",Thomas W. Reps,"affiliation: University of Wisconsin-Madison, Madison, USA",https://awards.acm.org/award-recipients/reps_2764926 | https://scholar.google.com/citations?user=pwhyTq0AAAAJ
acm_fellows.csv,"Vazirani, Umesh",2005,Umesh V. Vazirani,2026-09-18,reviewed_name_and_institution,Exact reviewed DBLP author name (including disambiguation number) plus matching current or historical institutional context in the retained Scholar/DBLP evidence.,Umesh V. Vazirani,Univ. of California - Berkeley,http://www.cs.berkeley.edu/~vazirani,For contributions to theoretical computer science and quantum computation.,,,,Umesh V. Vazirani,"affiliation: University of California, Berkeley, USA award (2012): Fulkerson Prize",https://awards.acm.org/award-recipients/vazirani_UK41587 | https://dblp.org/pid/v/UVVazirani
acm_fellows.csv,"Want, Roy",2005,,,no_candidate,No candidate with sufficient corroborating identity evidence in this pass.,,,,For contributions to mobile and ubiquitous systems.,Roy Want,"Principal Scientist, Google","[""Mobile and Ubiquitous Computing""]",Roy Want,,https://awards.acm.org/award-recipients/want_4646733
acm_fellows.csv,"Weikum, Gerhard",2005,Gerhard Weikum [INF],2026-09-18,scholar_id_and_identity_context,Same nonempty Scholar ID as the reviewed Y-rated roster link; candidate name and institution context reviewed for compatible identity.,Gerhard Weikum [INF],Max Planck Society,http://www.mpi-inf.mpg.de/~weikum,For contributions to distributed database systems.,Gerhard Weikum,"Professor of Computer Science, Max Planck Institute for Informatics, Saarland Informatics Campus","[""Databases"", ""Data Mining"", ""Information Retrieval"", ""Web Data Management"", ""Knowledge Bases""]",Gerhard Weikum,"affiliation: Max Planck Institute for Informatics, Saarbrücken, Germany award (2021): Konrad Zuse Medal award (2016): SIGMOD Edgar F. Codd Innovations Award",https://awards.acm.org/award-recipients/weikum_2380772 | https://scholar.google.com/citations?user=vNAD0mAAAAAJ
acm_fellows.csv,"Weiser, Uri",2005,Uri C. Weiser,2026-09-18,scholar_id_and_identity_context,Same nonempty Scholar ID as the reviewed Y-rated roster link; candidate name and institution context reviewed for compatible identity.,Uri C. Weiser,Technion,http://webee.technion.ac.il/people/weiser,For leadership in superscalar processors and multimedia architectures.,Uri Weiser,"Professor, Technion","[""Computer Architecture""]",Uri C. Weiser,"affiliation: Technion - Israel Institute of Technology, Haifa, Israel award (2016): Eckert-Mauchly Award",https://awards.acm.org/award-recipients/weiser_5213699 | https://scholar.google.com/citations?user=ctN8BtoAAAAJ
acm_fellows.csv,"Weld, Daniel",2005,,,no_candidate,No candidate with sufficient corroborating identity evidence in this pass.,,,,For contributions to planning algorithms.,Daniel Weld,Allen Institute for AI & University of Washington,"[""Artificial Intelligence"", ""Human AI Interaction"", ""Crowdsourcing"", ""Information Extraction"", ""Planning""]",Daniel S. Weld,"affiliation: University of Washington, Seattle, Washington, USA",https://awards.acm.org/award-recipients/weld_3459088
acm_fellows.csv,"Wellman, Michael",2005,Michael P. Wellman,2026-09-18,scholar_id_and_identity_context,"Same nonempty Scholar ID as the reviewed Y-rated roster link; candidate name and institution context reviewed for compatible identity. Among multiple source spellings, use the reviewed DBLP or Scholar spelling (preserving any source campus tag); Ellen Zegura uses the initial form shared by an identical source profile.",Michael P. Wellman | Michael Paul Wellman,University of Michigan,http://www.eecs.umich.edu/ai/people/wellman,For contributions to market-based and decentralized computation,Michael Wellman,"Professor of Computer Science & Engineering, University of Michigan","[""Artificial Intelligence"", ""Computational Finance"", ""Computational Game Theory""]",Michael P. Wellman,"affiliation: University of Michigan, Ann Arbor, USA",https://awards.acm.org/award-recipients/wellman_3645520 | https://scholar.google.com/citations?user=UruIct4AAAAJ
acm_fellows.csv,"Willinger, Walter",2005,,,no_candidate,No candidate with sufficient corroborating identity evidence in this pass.,,,,For contributions to the analysis of data networks and protocols.,Walter Willinger,"NIKSUN, Inc., Northwestern University","[""Internet Measurement"", ""Internet Modeling"", ""Cyber Security""]",Walter Willinger,"affiliation: NIKSUN Inc., USA",https://awards.acm.org/award-recipients/willinger_UJ65469
acm_fellows.csv,"Wood, David A",2005,,,no_candidate,No candidate with sufficient corroborating identity evidence in this pass.,,,,For contributions to shared-memory multiprocessing.,David A. Wood,"University of Wisconsin, Madison","[""Computer architecture""]",David A. Wood 0001,"affiliation: University of Wisconsin-Madison, Madison, USA",https://awards.acm.org/award-recipients/wood_2100675
acm_fellows.csv,"Bubenko, Janis A",2004,,,no_candidate,No candidate with sufficient corroborating identity evidence in this pass.,,,,For leadership in Information Systems.,,,,Janis A. Bubenko Jr.,"affiliation: Stockholm University, Sweden",https://awards.acm.org/award-recipients/bubenko_1033935
acm_fellows.csv,"Cardelli, Luca",2004,,,no_candidate,No candidate with sufficient corroborating identity evidence in this pass.,,,,For contributions to object-oriented programming languages.,Luca Cardelli,University of Oxford,"[""Theory of programming languages"", ""Process algebra"", ""Systems Biology"", ""Molecular Programming""]",Luca Cardelli,"affiliation: Microsoft Research, Cambridge, UK award (2015): Programming Languages Achievement Award",https://awards.acm.org/award-recipients/cardelli_4301529
acm_fellows.csv,"Collins, George E",2004,,,no_candidate,No candidate with sufficient corroborating identity evidence in this pass.,,,,For contributions to symbolic computation.,,,,George E. Collins,"affiliation: University of Delaware, Newark, DE, USA affiliation (former): Ohio State University, Columbus, OH, USA affiliation (former): University of Wisconsin-Madison, WI, USA affiliation (former): IBM Watson Research Center, Yorktown Heights, NY, USA affiliation (former): State University of Iowa, Iowa City, IA, USA affiliation (PhD 1955): Cornell University, Ithaca, NY, USA",https://awards.acm.org/award-recipients/collins_1005040
acm_fellows.csv,"Emer, Joel",2004,,,no_candidate,No candidate with sufficient corroborating identity evidence in this pass.,,,,For contributions to computer architecture and performance analysis.,Joel Emer,"Professor of the Practice, MIT - Sr. Distinguished Research Scientist, Nvidia","[""Computer Architecture""]",Joel S. Emer,award (2009): Eckert-Mauchly Award,https://awards.acm.org/award-recipients/emer_2328912
acm_fellows.csv,"Gottlieb, Allan",2004,,,no_candidate,No candidate with sufficient corroborating identity evidence in this pass.,,,,For contributions to shared-memory multiprocessing.,Allan Gottlieb,"Professor of Computer Science, NYU","[""Computer Science""]",Allan Gottlieb,,https://awards.acm.org/award-recipients/gottlieb_1485069
acm_fellows.csv,"Hanson, Vicki",2004,Vicki L. Hanson,2026-09-18,reviewed_name_and_institution,Exact reviewed DBLP author name (including disambiguation number) plus matching current or historical institutional context in the retained Scholar/DBLP evidence.,Vicki L. Hanson,Rochester Inst. of Technology,https://vickihanson.org,For contributions to computing technologies for people with disabilities.,,,,Vicki L. Hanson,"affiliation (2018-2026): Association for Computing Machinery (ACM), CEO, New York, NY, USA affiliation (former): University of Dundee, United Kingdom affiliation (former): Rochester Institute of Technology (RIT), NY, USA award (2013): Anita Borg Institute Women of Vision Awards President of the ACM, July 1, 2016 to June 30, 2018",https://awards.acm.org/award-recipients/hanson_4186888 | https://dblp.org/pid/38/3540
acm_fellows.csv,"Hill, Mark D.",2004,,,no_candidate,No candidate with sufficient corroborating identity evidence in this pass.,,,,For contributions to memory consistency models and memory system design.,Mark D. Hill,University of Wisconsin-Madison Professor Emeritus,"[""Computer Architecture""]",Mark D. Hill,"affiliation: University of Wisconsin-Madison, Madison, USA",https://awards.acm.org/award-recipients/hill_2155109
acm_fellows.csv,"Ioannidis, Yannis",2004,Yannis E. Ioannidis,2026-09-18,scholar_id_and_identity_context,Same nonempty Scholar ID as the reviewed Y-rated roster link; candidate name and institution context reviewed for compatible identity.,Yannis E. Ioannidis,University of Athens,http://www.madgik.di.uoa.gr/people/yannis,"For contributions to database systems, particularly query optimization.",Yannis Ioannidis,University of Athens // Athena Research Center,"[""Data Management"", ""Data Science"", ""Data Infras"", ""Recommender Systems"", ""Human-Computer Interaction""]",Yannis E. Ioannidis,"unicode name: Γιάννης Ιωαννίδης affiliation: National and Kapodistrian University of Athens, Department of Informatics and Telecommunications, Greece President of the ACM, July 1, 2022 to June 30, 2026",https://awards.acm.org/award-recipients/ioannidis_2446300 | https://scholar.google.com/citations?user=MIfpzUQAAAAJ
acm_fellows.csv,"Kaashoek, Frans",2004,M. Frans Kaashoek,2026-09-18,reviewed_name_and_institution,Exact reviewed DBLP author name (including disambiguation number) plus matching current or historical institutional context in the retained Scholar/DBLP evidence.,M. Frans Kaashoek,Massachusetts Inst. of Technology,https://pdos.csail.mit.edu/archive/kaashoek,"For contributions to distributed, mobile, and parallel systems.",Frans Kaashoek,Massuchesetts Institute of Technology (MIT),"[""Computer Systems"", ""Operating systems"", ""Distributed Systems"", ""Security""]",M. Frans Kaashoek,"affiliation: MIT, Cambridge, USA award: ACM Prize in Computing, 2010",https://awards.acm.org/award-recipients/kaashoek_3218864 | https://dblp.org/pid/k/MFransKaashoek | https://scholar.google.com/citations?user=YCoLskoAAAAJ
acm_fellows.csv,"larson, per-ake",2004,,,no_candidate,No candidate with sufficient corroborating identity evidence in this pass.,,,,For contributions to query processing and access methods in database systems.,Per-Ake Larson,University of Waterloo,"[""database system""]",Per-Åke Larson,"affiliation: Microsoft Research, Redmond, WA, USA affiliation: Huawei Research, Toronto, ON, Canada",https://awards.acm.org/award-recipients/larson_1722404
acm_fellows.csv,"Lee, Peter",2004,,,no_candidate,No candidate with sufficient corroborating identity evidence in this pass.,,,,For contributions to the security of mobile code.,,,,,,https://awards.acm.org/award-recipients/lee_2941862
acm_fellows.csv,"Mockapetris, Paul",2004,,,no_candidate,No candidate with sufficient corroborating identity evidence in this pass.,,,,"For contributions to the Internet, including the development of domain and email protocols.",,,,Paul V. Mockapetris,award (2019): ACM Software System Award award (2012): Internet Hall of Fame award (2005): SIGCOMM Award affiliation: ThreatSTOP Inc,https://awards.acm.org/award-recipients/mockapetris_3342151
acm_fellows.csv,"Peyton-Jones, Simon L",2004,,,unresolved_candidates,No candidate with sufficient corroborating identity evidence in this pass.,Simon L. Jones,,,For contributions to functional programming languages.,Simon Peyton Jones,Epic Games,"[""Programming languages"", ""Functional programming""]",Simon L. Peyton Jones,affiliation: Microsoft Research award (2016): Programming Languages Achievement Award,https://awards.acm.org/award-recipients/peyton-jones_2286110
acm_fellows.csv,"Schantz, Richard",2004,,,no_candidate,No candidate with sufficient corroborating identity evidence in this pass.,,,,For contributions to object-oriented distributed computing.,,,,Richard E. Schantz,,https://awards.acm.org/award-recipients/schantz_5183520
acm_fellows.csv,"Schroeder, Michael D",2004,,,no_candidate,No candidate with sufficient corroborating identity evidence in this pass.,,,,"For contributions to distributed computing systems, security, and networking.",,,,Michael D. Schroeder,"affiliation: Microsoft Research Silicon Valley affiliation: DEC Systems Research Center, USA",https://awards.acm.org/award-recipients/schroeder_1238062
acm_fellows.csv,"Vassiliadis, Stamatis",2004,,,no_candidate,No candidate with sufficient corroborating identity evidence in this pass.,,,,For inventions in processor architecture and design.,,,,Stamatis Vassiliadis,"affiliation: Delft University of Technology, Netherlands",https://awards.acm.org/award-recipients/vassiliadis_4108874
acm_fellows.csv,"Wise, David S",2004,,,no_candidate,No candidate with sufficient corroborating identity evidence in this pass.,,,,For leadership in the computer science community and contributions to functional programming languages.,,,,David S. Wise,,https://awards.acm.org/award-recipients/wise_1041425
acm_fellows.csv,"Agrawal, Rakesh",2003,,,no_candidate,No candidate with sufficient corroborating identity evidence in this pass.,,,,For contributions to data mining.,Rakesh Agrawal,Data Insights Laboratories,"[""Data Mining"", ""Privacy"", ""Web Search"", ""Education""]",Rakesh Agrawal 0001,"affiliation: Data Insights Laboratories, San Jose, CA, USA affiliation (former): Microsoft Research, Mountain View, CA, USA affiliation (former): IBM Almaden Research Center, San Jose, CA, USA affiliation (former): AT&T Bell Laboratories, Murray Hill, NJ, USA affiliation (PhD 1983): University of Wisconsin-Madison, WI, USA award (2000): SIGMOD Edgar F. Codd Innovations Award",https://awards.acm.org/award-recipients/agrawal_5033774
acm_fellows.csv,"Ammar, Mostafa",2003,Mostafa H. Ammar,2026-09-18,scholar_id_and_identity_context,Same nonempty Scholar ID as the reviewed Y-rated roster link; candidate name and institution context reviewed for compatible identity.,Mostafa H. Ammar,Georgia Institute of Technology,http://www.cc.gatech.edu/fac/Mostafa.Ammar,For contributions to the design of systems and protocols for scalable network services.,Mostafa Ammar,"Regents' Professor, School of Computer Science, Georgia Tech","[""Networking"", ""Networked Services"", ""Wireless and Mobile Networks"", ""Multicast"", ""Multimedia Communication""]",Mostafa H. Ammar,"affiliation: Georgia Institute of Technology, Atlanta, USA",https://awards.acm.org/award-recipients/ammar_2417426 | https://scholar.google.com/citations?user=OT79Y9UAAAAJ
acm_fellows.csv,"Bahl, Victor",2003,,,no_candidate,No candidate with sufficient corroborating identity evidence in this pass.,,,,"For contributions to wireless communication systems, and for leadership in the mobile computing and communications community.",Victor Bahl,"Technical Fellow & CTO Azure For Operators, Microsoft Corporation","[""Systems & infrastructure problems related to cloud services"", ""mobile computing"", ""wireless systems"", ""data center & enterprise networ""]",Paramvir Bahl,affiliation: Microsoft Research,https://awards.acm.org/award-recipients/bahl_4616751
acm_fellows.csv,"DeMillo, Richard",2003,Richard A. DeMillo,2026-09-18,reviewed_name_and_institution,Exact reviewed DBLP author name (including disambiguation number) plus matching current or historical institutional context in the retained Scholar/DBLP evidence.,Richard A. DeMillo,Georgia Institute of Technology,http://c21u.gatech.edu/team/staff/demillo,For contributions to the engineering of reliable and secure software.,,,,Richard A. DeMillo,"affiliation: Georgia Institute of Technology, Atlanta, GA, USA",https://awards.acm.org/award-recipients/demillo_1345156 | https://dblp.org/pid/10/3823
acm_fellows.csv,"Hailpern, Brent T",2003,,,no_candidate,No candidate with sufficient corroborating identity evidence in this pass.,,,,"For leadership in, and service to, the computer science community.",Brent Hailpern,"Part-Time Instructor, Northeastern University","[""Programming Languages"", ""Program Verification"", ""Object Oriented Systems""]",Brent Hailpern,,https://awards.acm.org/award-recipients/hailpern_1623560
acm_fellows.csv,"Harrold, Mary",2003,,,no_candidate,No candidate with sufficient corroborating identity evidence in this pass.,,,,For contributions in software testing and analysis.,,,,Mary Jean Harrold,"affiliation: Georgia Institute of Technology, Atlanta, USA",https://awards.acm.org/award-recipients/harrold_3125325
acm_fellows.csv,"Hart, Peter E",2003,,,no_candidate,No candidate with sufficient corroborating identity evidence in this pass.,,,,For contributions in pattern recognition and artificial intelligence.,Peter E. Hart,Consultant,"[""information theory"", ""computer science"", ""robotics"", ""computer vision"", ""pattern classification""]",,,https://awards.acm.org/award-recipients/hart_1078831
acm_fellows.csv,"Hudak, Paul",2003,,,no_candidate,No candidate with sufficient corroborating identity evidence in this pass.,,,,For contributions to functional programming languages.,Paul Hudak,"Professor of Computer Science, Yale University","[""programming languages"", ""functional programming""]",Paul Hudak,"affiliation: Yale University, New Haven, CT, USA award (1985): Presidential Young Investigator Award",https://awards.acm.org/award-recipients/hudak_1966126
acm_fellows.csv,"Jain, Ramesh C",2003,,,no_candidate,No candidate with sufficient corroborating identity evidence in this pass.,,,,For contributions to computer vision and multimedia information systems.,,,,Ramesh Jain 0001,"affiliation: University of California, Irvine, CA, USA award (2022): ACM Distinguished Service Award",https://awards.acm.org/award-recipients/jain_1702455
acm_fellows.csv,"Jha, Niraj K.",2003,,,no_candidate,No candidate with sufficient corroborating identity evidence in this pass.,,,,For contributions to low power design and testing of digital systems.,Niraj Jha,"Professor of Electrical and Computer Engineering, Princeton University","[""Machine learning"", ""Smart healthcare"", ""Computer-aided design"", ""Secure computing"", ""Embedded systems""]",Niraj K. Jha,"affiliation: Princeton University, USA",https://awards.acm.org/award-recipients/jha_4557161
acm_fellows.csv,"Kozen, Dexter",2003,,,no_candidate,No candidate with sufficient corroborating identity evidence in this pass.,,,,For contributions to theoretical computer science.,Dexter Kozen,"Professor of Computer Science, Cornell University","[""program logic and semantics"", ""algorithm design and analysis"", ""complexity theory"", ""automata theory""]",Dexter Kozen,"affiliation: Cornell University, Computer Science Department award (2016): W. Wallace McDowell Award",https://awards.acm.org/award-recipients/kozen_N993279
acm_fellows.csv,"Moran, Thomas",2003,,,no_candidate,No candidate with sufficient corroborating identity evidence in this pass.,,,,For contributions to human-computer interaction.,Thomas P. Moran,Retired,"[""Human-computer interaction""]",,,https://awards.acm.org/award-recipients/moran_1239979
acm_fellows.csv,"Myers, Eugene",2003,Eugene W. Myers [CBG],2026-09-18,scholar_id_and_identity_context,"Same nonempty Scholar ID as the reviewed Y-rated roster link; candidate name and institution context reviewed for compatible identity. Among multiple source spellings, use the reviewed DBLP or Scholar spelling (preserving any source campus tag); Ellen Zegura uses the initial form shared by an identical source profile.",Eugene W. Myers [CBG] | Gene Myers [CBG],Max Planck Society,https://www.mpi-cbg.de/research-groups/current-groups/gene-myers/group-leader,For contributions to bioinformatics.,Gene Myers,Max-Planck Institute for Molecular Cell Biology & Genetics,"[""Bioimage Informatics"", ""Bioinformatics"", ""String Algorithms""]",Eugene W. Myers,"affiliation: Max Planck Institute of Molecular Cell Biology and Genetics affiliation: Howard Hughes Medical Institute, Janelia Farm Research Campus affiliation: University of California, Berkeley, Department of Electrical Engineering and Computer Sciences award (2004): Max Planck Research Award award (2001): Paris Kanellakis Award",https://awards.acm.org/award-recipients/myers_1815232 | https://scholar.google.com/citations?user=jlas1aMAAAAJ
acm_fellows.csv,"Sanders, William",2003,William H. Sanders,2026-09-18,scholar_id_and_identity_context,Same nonempty Scholar ID as the reviewed Y-rated roster link; candidate name and institution context reviewed for compatible identity.,William H. Sanders,Carnegie Mellon University,https://engineering.cmu.edu/directory/bios/sanders-william.html,For contributions to the design of dependable systems and networks.,William H Sanders,Carnegie Mellon University,"[""Computer Science and Engineering""]",,,https://awards.acm.org/award-recipients/sanders_2837482 | https://scholar.google.com/citations?user=FClnlsgAAAAJ
acm_fellows.csv,"Shenker, Scott J",2003,,,no_candidate,No candidate with sufficient corroborating identity evidence in this pass.,,,,For contributions to Internet architecture and protocols.,Scott Shenker,UC Berkeley and ICSI,[],Scott Shenker,"affiliation: University of California, Berkeley, USA award (2023): Computer Pioneer Award award (2017): Paris Kanellakis Award award (2002): SIGCOMM Award",https://awards.acm.org/award-recipients/shenker_3005626
acm_fellows.csv,"Van Rijsbergen, C J",2003,,,no_candidate,No candidate with sufficient corroborating identity evidence in this pass.,,,,For contributions to information retrieval.,,,,C. J. van Rijsbergen,"affiliation: University of Glasgow, UK",https://awards.acm.org/award-recipients/vanrijsbergen_1908771
acm_fellows.csv,"Agarwal, Pankaj",2002,Pankaj K. Agarwal,2026-09-18,scholar_id_and_identity_context,"Same nonempty Scholar ID as the reviewed Y-rated roster link; candidate name and institution context reviewed for compatible identity. Among multiple source spellings, use the reviewed DBLP or Scholar spelling (preserving any source campus tag); Ellen Zegura uses the initial form shared by an identical source profile.",Pankaj K. Agarwal | Pankaj Kumar Agarwal,Duke University,https://users.cs.duke.edu/~pankaj,For contributions to computational geometry and for building and strengthening links between this area and many of its applications.,Pankaj K. Agarwal,Duke University,"[""Algorithms"", ""Computational Geometry"", ""GIS"", ""Spatial Databases""]",Pankaj K. Agarwal,"affiliation: Duke University, Department of Computer Science",https://awards.acm.org/award-recipients/agarwal_3956364 | https://scholar.google.com/citations?user=xe0eVksAAAAJ
acm_fellows.csv,"Agrawal, Vishwani D",2002,,,no_candidate,No candidate with sufficient corroborating identity evidence in this pass.,,,,For contributions to testing of digital electronic circuits.,,,,Vishwani D. Agrawal,,https://awards.acm.org/award-recipients/agrawal_3049186
acm_fellows.csv,"Babaoglu, Ozalp",2002,,,no_candidate,No candidate with sufficient corroborating identity evidence in this pass.,,,,"For contributions to fault-tolerant distributed computing, BSD Unix, and for leadership in the European distributed systems community.",Ozalp Babaoglu,"Professore Alma Mater, University of Bologna","[""Distributed computing"", ""fault tolerance"", ""self organization"", ""machine learning applied to High""]",Özalp Babaoglu,"affiliation: University of Bologna, Italy",https://awards.acm.org/award-recipients/babaoglu_1684422
acm_fellows.csv,"Culler, David",2002,,,no_candidate,No candidate with sufficient corroborating identity evidence in this pass.,,,,For contributions to networks of small and large devices.,David CULLER,"University of California, Berkeley","[""Systems"", ""Networks"", ""Embedded Computing"", ""Architecture"", ""Sustainability""]",David E. Culler,"affiliation: Google Inc., USA affiliation: University of California, Berkeley, USA",https://awards.acm.org/award-recipients/culler_2196962
acm_fellows.csv,"Dally, William",2002,,,no_candidate,No candidate with sufficient corroborating identity evidence in this pass.,,,,For contributions to the architecture and design of interconnections networks and parallel computing.,William Dally,"Chief Scientist, NVIDIA; Adjunct Professor of CS and EE, Stanford University;","[""Computer Architecture"", ""High-Performance Computing"", ""Parallel Programming"", ""Interconnection Networks"", ""Computer Science""]",William J. Dally,"affiliation: Stanford University, USA affiliation: NVIDIA award (2010): Eckert-Mauchly Award",https://awards.acm.org/award-recipients/dally_2638401
acm_fellows.csv,"Dietterich, Thomas G",2002,,,no_candidate,No candidate with sufficient corroborating identity evidence in this pass.,,,,For contributions to machine learning.,Thomas Dietterich,"Distinguished Professor (Emeritus), Computer Science, Oregon State University","[""Machine Learning"", ""Computational Sustainability"", ""Artificial Intelligence"", ""Reinforcement Learning""]",Thomas G. Dietterich,"affiliation: Oregon State University, School of Electrical Engineering and Computer Science",https://awards.acm.org/award-recipients/dietterich_2692762
acm_fellows.csv,"Eggers, Susan",2002,,,no_candidate,No candidate with sufficient corroborating identity evidence in this pass.,,,,For contributions to the design and analysis of multithreaded and shared memory multiprocessors and compiler technology.,Susan J Eggers,"Professor of Computer Science, University of Washington","[""Computer Architecture"", ""Compiler Optimization""]",Susan J. Eggers,"affiliation: University of Washington, Seattle, Washington, USA award: ACM Athena Lecturer 2009",https://awards.acm.org/award-recipients/eggers_1922665
acm_fellows.csv,"Gabow, Harold N",2002,,,no_candidate,No candidate with sufficient corroborating identity evidence in this pass.,,,,"For contributions to efficient algorithms to flows, connectivity and matching.",,,,Harold N. Gabow,"affiliation: University of Colorado, USA",https://awards.acm.org/award-recipients/gabow_1396977
acm_fellows.csv,"Goyal, Ambuj",2002,,,no_candidate,No candidate with sufficient corroborating identity evidence in this pass.,,,,For contributions to the theory and practice of system dependability modeling.,,,,Ambuj Goyal,,https://awards.acm.org/award-recipients/goyal_4690640
acm_fellows.csv,"Guzman, Adolfo",2002,,,no_candidate,No candidate with sufficient corroborating identity evidence in this pass.,,,,"For contributions to image understanding and shape similarity, and for advancing the state of the art and the education in Computer Science in Mexico.",Adolfo Guzman-Arenas,"Computer Science Professor (emeritus), Instituto Politécnico Nacional","[""Artificial Intelligence"", ""Big Data"", ""knowledge representation"", ""ontologies""]",Adolfo Guzmán-Arenas,,https://awards.acm.org/award-recipients/guzman_1110550
acm_fellows.csv,"Halpern, Joseph",2002,Joseph Y. Halpern,2026-09-18,scholar_id_and_identity_context,"Same nonempty Scholar ID as the reviewed Y-rated roster link; candidate name and institution context reviewed for compatible identity. Among multiple source spellings, use the reviewed DBLP or Scholar spelling (preserving any source campus tag); Ellen Zegura uses the initial form shared by an identical source profile.",Joe Halpern | Joseph Y. Halpern,Cornell University,https://www.cs.cornell.edu/home/halpern,For contributions to the modeling of and reasoning about uncertainty.,Joseph Halpern,"Professor of Computer Science, Cornell University","[""Artificial Intelligence"", ""decision theory"", ""game theory"", ""modal logic"", ""multi-agent systems""]",Joseph Y. Halpern,"affiliation: Cornell University, Computer Science Department award (2009): Dijkstra Prize award (2008): ACM - AAAI Allen Newell Award award (1997): Gödel Prize",https://awards.acm.org/award-recipients/halpern_4785671 | https://scholar.google.com/citations?user=FsBCAfgAAAAJ
acm_fellows.csv,"Hwu, Wen-Mei",2002,,,no_candidate,No candidate with sufficient corroborating identity evidence in this pass.,,,,For technical contributions and leadership in computer architecture.,Wen-mei W. Hwu,"Senior Distinguished Research Scientist, NVIDIA; Professor and Sanders-AMD Chair of Electrical and","[""Computer Architecture"", ""Compiler"", ""Parallel Computing"", ""Cognitive Computing Systems""]",Wen-Mei W. Hwu,"affiliation: University of Illinois at Urbana-Champaign, Department of Electrical and Computer Engineering, Urbana-Champaign, IL, USA award (1999): Grace Murray Hopper Award",https://awards.acm.org/award-recipients/hwu_3270394
acm_fellows.csv,"Immerman, Neil",2002,,,no_candidate,No candidate with sufficient corroborating identity evidence in this pass.,,,,"For contributions to complexity theory, descriptive complexity, and database theory.",Neil Immerman,"College of Computer and Information Sciences, UMass, Amherst","[""logic in computer science"", ""descriptive complexity""]",Neil Immerman,"affiliation: University of Massachusetts Amherst, USA award (1995): Gödel Prize",https://awards.acm.org/award-recipients/immerman_1758739
acm_fellows.csv,"Karin, Sidney",2002,,,no_candidate,No candidate with sufficient corroborating identity evidence in this pass.,,,,For leadership in integrating the academic computer science and computational science communities.,,,,Sidney Karin,"affiliation: University of California, San Diego, USA",https://awards.acm.org/award-recipients/karin_1343664
acm_fellows.csv,"Kellogg, Wendy A",2002,,,no_candidate,No candidate with sufficient corroborating identity evidence in this pass.,,,,For contributions to social computing and human-computer interaction (HCI) and for service to ACM.,Wendy A. Kellogg,IBM T.J. Watson Research Center,"[""Human Computer Interaction"", ""Computer Supported Cooperative Work"", ""Designing Interactive Systems""]",Wendy A. Kellogg,affiliation: IBM Research,https://awards.acm.org/award-recipients/kellogg_3872595
acm_fellows.csv,"Lomet, David B",2002,,,no_candidate,No candidate with sufficient corroborating identity evidence in this pass.,,,,"For contributions to database system access methods, concurrency control, and recovery.",,,,David B. Lomet,affiliation: Microsoft Research,https://awards.acm.org/award-recipients/lomet_1036250
acm_fellows.csv,"Miller, Gary L",2002,,,no_candidate,No candidate with sufficient corroborating identity evidence in this pass.,,,,For contributions to the design and analysis of algorithms in number theory and computational geometry.,Gary L. Miller,Carnegie Mellon University,[],Gary L. Miller,"affiliation: Carnegie Mellon University, Pittsburgh, USA award (2013): Knuth Prize award (2003): Paris Kanellakis Award",https://awards.acm.org/award-recipients/miller_1556943
acm_fellows.csv,"Mohan, C.",2002,,,unresolved_candidates,No candidate with sufficient corroborating identity evidence in this pass.,C. Krishna Mohan | Chalavadi Krishna Mohan | Chilukuri K. Mohan | Chilukuri Krishna Mohan,,,"For contributions to reliable, high-performance transaction management.",C. Mohan,"Visiting Professor, Tsinghua & HKBU; Retired IBM Fellow, IBM Research","[""blockchain"", ""databases"", ""big data"", ""AI"", ""distributed systems""]",,,https://awards.acm.org/award-recipients/mohan_4674321
acm_fellows.csv,"Naughton, Jeffrey F",2002,,,no_candidate,No candidate with sufficient corroborating identity evidence in this pass.,,,,For contributions to database system research and practice.,Jeffrey Naughton,Celonis,"[""database management systems""]",Jeffrey F. Naughton,"affiliation: Google Inc, Madison, WI, USA affiliation: University of Wisconsin, Madison, WI, USA award (2008): ACM Software System Award",https://awards.acm.org/award-recipients/naughton_3729555
acm_fellows.csv,"Rau, Bantwal R",2002,,,no_candidate,No candidate with sufficient corroborating identity evidence in this pass.,,,,For contributions to VLIW architectures and their compilers.,,,,Bob Rau,"affiliation: Hewlett-Packard Labs, Palo Alto, CA, USA affiliation: ESL Inc., San Jose, CA, USA affiliation: Cydrome Inc., Los Gatos, CA, USA affiliation: Colorado State University, Computer Science Department, Fort Collins, CO, USA affiliation: University of Illinois at Urbana-Champaign, Coordinated Science Laboratory, IL, USA affiliation (PhD): Stanford University, CA, USA award (2002): Eckert-Mauchly Award",https://awards.acm.org/award-recipients/rau_3746435
acm_fellows.csv,"Salesin, David H",2002,,,no_candidate,No candidate with sufficient corroborating identity evidence in this pass.,,,,"For contributions to computer graphics, particularly non-photorealistic rendering.",David Salesin,Google,"[""Computer graphics""]",David Salesin,"affiliation: University of Washington, Seattle, Washington, USA",https://awards.acm.org/award-recipients/salesin_3176872
acm_fellows.csv,"Wilkes, John",2002,,,no_candidate,No candidate with sufficient corroborating identity evidence in this pass.,,,,For contributions to the understanding of storage systems and their management.,john wilkes,Google,"[""distributed systems"", ""self management"", ""cluster management"", ""warehouse scale computing"", ""glassblowing""]",John Wilkes,affiliation: Google,https://awards.acm.org/award-recipients/wilkes_2106466
acm_fellows.csv,"Abraham, Jacob",2001,,,no_candidate,No candidate with sufficient corroborating identity evidence in this pass.,,,,"For outstanding contributions in the fields of fault tolerant computing, automatic test generation and design for test, and formal verification.",Jacob Abraham,"Professor, University of Texas","[""manufacturing test"", ""formal verification"", ""fault tolerance"", ""security""]",,,https://awards.acm.org/award-recipients/abraham_1411065
acm_fellows.csv,"Aiken, Robert",2001,,,no_candidate,No candidate with sufficient corroborating identity evidence in this pass.,,,,"For outstanding service to the international computing community and to ACM, and for contributions to education.",,,,,,https://awards.acm.org/award-recipients/aiken_1056878
acm_fellows.csv,"Asano, Tetsuo",2001,,,no_candidate,No candidate with sufficient corroborating identity evidence in this pass.,,,,For his contributions to discrete algorithms on computational geometry and their practical applications to computer vision and VLSI design.,Tetsuo Asano,"Professor of School of Information Science, JAIST","[""Algorithm"", ""Computational Geometry""]",Tetsuo Asano,unicode name: 浅野 哲夫,https://awards.acm.org/award-recipients/asano_1637115
acm_fellows.csv,"Bernstein, Philip A",2001,,,no_candidate,No candidate with sufficient corroborating identity evidence in this pass.,,,,"For pioneering work in distributed query optimization, distributed databases, distributed transaction processing, metadata management, and schema integration.",Philip A. Bernstein,Microsoft Research,"[""Database systems and transaction processin""]",Philip A. Bernstein,"affiliation: Microsoft Research, Redmond, WA, USA award (1994): SIGMOD Edgar F. Codd Innovations Award",https://awards.acm.org/award-recipients/bernstein_1334671
acm_fellows.csv,"Birnbaum, Joel S",2001,,,no_candidate,No candidate with sufficient corroborating identity evidence in this pass.,,,,"For pioneering contributions to RISC computer architectures, and leadership in integrating, extending and shaping industrial research in measurement, computing, and communication technologies.",,,,Joel S. Birnbaum,,https://awards.acm.org/award-recipients/birnbaum_4128302
acm_fellows.csv,"Borning, Alan H",2001,,,no_candidate,No candidate with sufficient corroborating identity evidence in this pass.,,,,"For contributions to constraint-based languages, systems, and applications, to object-oriented programming; and to understanding issues of computers and society.",,,,Alan Borning,"affiliation: University of Washington, Seattle, Washington, USA",https://awards.acm.org/award-recipients/borning_1966373
acm_fellows.csv,"Breitbart, Yuri",2001,,,no_candidate,No candidate with sufficient corroborating identity evidence in this pass.,,,,"For his significant and lasting influence on the principles and practice of database management, for his pioneering work in multidatabase research, and for his leadership role in academia and industry.",,,,Yuri Breitbart,,https://awards.acm.org/award-recipients/breitbart_1464148
acm_fellows.csv,"Cai, Jin-Yi",2001,Jin-Yi Cai,2026-09-18,scholar_id_and_identity_context,"Same nonempty Scholar ID as the reviewed Y-rated roster link; candidate name and institution context reviewed for compatible identity. Among multiple source spellings, use the reviewed DBLP or Scholar spelling (preserving any source campus tag); Ellen Zegura uses the initial form shared by an identical source profile.",Jin-Yi Cai | Jin-yi Cai,University of Wisconsin - Madison,http://pages.cs.wisc.edu/~jyc,"For significant contributions to computational complexity theory, and for service to the international computer science research community.",Jin-Yi Cai,University of Wisconsin - Madison,"[""complexity_theory""]",Jin-Yi Cai,"affiliation: University of Wisconsin-Madison, Madison, USA award (2021): Fulkerson Prize award (2021): Gödel Prize",https://awards.acm.org/award-recipients/cai_3189107 | https://scholar.google.com/citations?user=Yn-Lm_QAAAAJ
acm_fellows.csv,"Clark, David D",2001,,,unresolved_candidates,No candidate with sufficient corroborating identity evidence in this pass.,David Clark 0001,,,"For his preeminent role in the development of computer communication and the Internet, including architecture, protocols, security, and telecommunications policy.",David Clark,"Senior Research Scientist, Computer Science and AI Lab, MIT","[""Computer networks"", ""Internet"", ""network performance"", ""policy""]",David D. Clark,award (2013): Internet Hall of Fame award (1998): IEEE Richard W. Hamming Medal award (1990): SIGCOMM Award,https://awards.acm.org/award-recipients/clark_1239037
acm_fellows.csv,"de Kleer, Johan",2001,,,no_candidate,No candidate with sufficient corroborating identity evidence in this pass.,,,,"For seminal contributions of effective techniques for qualitative representation and reasoning about physical systems, and leadership in building research teams that span multiple disciplines.",Johan de Kleer,c-infinity,"[""Artificial Intelligence""]",,,https://awards.acm.org/award-recipients/dekleer_5195433
acm_fellows.csv,"Farber, David J.",2001,,,no_candidate,No candidate with sufficient corroborating identity evidence in this pass.,,,,"For pioneering contributions in the field of communications, and his extraordinary commitment to making the benefits of communications systems available to the widest possible community.",,,,David J. Farber,"affiliation: Carnegie Mellon University, Pittsburgh, USA award (2013): Internet Hall of Fame award (1995): SIGCOMM Award",https://awards.acm.org/award-recipients/farber_1012145
acm_fellows.csv,"Ferrari, Domenico",2001,,,no_candidate,No candidate with sufficient corroborating identity evidence in this pass.,,,,For pioneering work on real-time communication protocols for packet-switching internetworks.,,,,Domenico Ferrari,,https://awards.acm.org/award-recipients/ferrari_1139658
acm_fellows.csv,"Floyd, Sally J",2001,,,no_candidate,No candidate with sufficient corroborating identity evidence in this pass.,,,,For deep and lasting contributions to the understanding and design of the Internet; for pioneering development of scalable traffic control techniques.,,,,Sally Floyd,"affiliation: International Computer Science Institute, Berkeley, California, USA award (2007): SIGCOMM Award",https://awards.acm.org/award-recipients/floyd_2769651
acm_fellows.csv,"Gelenbe, Erol",2001,,,no_candidate,No candidate with sufficient corroborating identity evidence in this pass.,,,,"For advancing computer and network performance evaluation as an international field of research and application, and for establishing national computer science education programs in France.",Erol Gelenbe,"Institute of Theoretical and Applied Informatics, Polish Acad. Science","[""Computer Science and Engineering""]",Erol Gelenbe,"affiliation: Imperial College London, UK",https://awards.acm.org/award-recipients/gelenbe_4447025
acm_fellows.csv,"Hayes, John P",2001,,,no_candidate,No candidate with sufficient corroborating identity evidence in this pass.,,,,For outstanding contributions to logic design and testing and to fault-tolerant computer architecture.,John P Hayes,"Professor of EECS, University of Michigan","[""stochastic computing"", ""computer architecture"", ""digital design"", ""VLSI"", ""emerging technologies""]",John P. Hayes,"affiliation: University of Michigan, Ann Arbor, USA",https://awards.acm.org/award-recipients/hayes_1076777
acm_fellows.csv,"Iyengar, Sitharama",2001,S. Sitharama Iyengar,2026-09-18,scholar_id_and_identity_context,"Same nonempty Scholar ID as the reviewed Y-rated roster link; candidate name and institution context reviewed for compatible identity. Among multiple source spellings, use the reviewed DBLP or Scholar spelling (preserving any source campus tag); Ellen Zegura uses the initial form shared by an identical source profile.",S. S. Iyengar 0001 | S. Sitharama Iyengar | Sundaraja Sitharama Iyengar | S. R. S. Iyengar | Sudarshan Iyengar,Florida International University,http://users.cis.fiu.edu/~iyengar,"For fundamental research and contributions in algorithms and data structures for applications in parallel computing, image-processing, sensor fusion and robotics, and for services to ACM.",Sundararaja Sitharama Iyengar,"Professor of Computer Science, Florida International University","[""Algorithms"", ""Sensor Networks"", ""Computational Biology"", ""Cyber Security"", ""etc""]",S. Sitharama Iyengar,"affiliation: Florida International University, Miami, FL, USA",https://awards.acm.org/award-recipients/iyengar_4450524 | https://scholar.google.com/citations?user=eNONM8AAAAAJ
acm_fellows.csv,"Iyer, Ravishankar",2001,Ravishankar K. Iyer,2026-09-18,reviewed_name_and_institution,Exact reviewed DBLP author name (including disambiguation number) plus matching current or historical institutional context in the retained Scholar/DBLP evidence.,Ravishankar K. Iyer | Ravishankar Krishnan Iyer,Univ. of Illinois at Urbana-Champaign,https://www.ece.illinois.edu/directory/profile/rkiyer,"For outstanding contributions to the design, measurement and evaluation of reliable computing systems.",,,,Ravishankar K. Iyer,"affiliation: University of Illinois at Urbana-Champaign, Center for Reliable & High Performance Computing (CRHC), IL, USA",https://awards.acm.org/award-recipients/iyer_3188174 | https://dblp.org/pid/i/RavishankarKIyer
acm_fellows.csv,"Jaja, Joseph F",2001,,,no_candidate,No candidate with sufficient corroborating identity evidence in this pass.,,,,"For contributions to the design and analysis of parallel algorithms, algebraic and combinatorial complexity, VLSI architectures, and high-performance computing.",,,,Joseph F. JáJá,"affiliation: University of Maryland, Institute for Advanced Computer Studies, College Park, MD, USA affiliation (PhD): Harvard University, Cambridge, MA, USA",https://awards.acm.org/award-recipients/jaja_1772425
acm_fellows.csv,"Kahn, Robert E",2001,,,no_candidate,No candidate with sufficient corroborating identity evidence in this pass.,,,,"For leadership in the design of the Internet, strategic computing, digital libraries, digital object infrastructure and digital intellectual property protection technology.",,,,Robert E. Kahn,award (2004): Turing Award award (2012): Internet Hall of Fame award (1997): National Medal of Technology and Innovation award (1996): Computer Pioneer Award award (1994): Marconi Prize award (1993): SIGCOMM Award award (1992): EFF Pioneer Award award (1991): ACM Software System Award award: National Inventors Hall of Fame award: Benjamin Franklin Medal,https://awards.acm.org/award-recipients/kahn_4598637
acm_fellows.csv,"Kang , Sung Mo",2001,,,no_candidate,No candidate with sufficient corroborating identity evidence in this pass.,,,,For outstanding contributions to computer-aided design for performance and reliability of CMOS VLSI and optoelectronic circuits and systems for high performance computing and communications.,Sung Mo Kang,"University of California, Santa Cruz","[""VLSI"", ""CAD"", ""Memristors and Memristive Systems""]",Sung-Mo Kang,,https://awards.acm.org/award-recipients/kang_4584710
acm_fellows.csv,"Kieburtz, Richard B",2001,,,no_candidate,No candidate with sufficient corroborating identity evidence in this pass.,,,,"For founding two successful computer science departments, for research, and for service to the computing community.",,,,Richard B. Kieburtz,,https://awards.acm.org/award-recipients/kieburtz_1119536
acm_fellows.csv,"Kowalski, Robert A",2001,,,no_candidate,No candidate with sufficient corroborating identity evidence in this pass.,,,,"For his work as a cofounder of the field of logic programming, for providing the field's first foundations, and for pursuing applications to legal reasoning, temporal reasoning, metalevel reasoning, default reasoning, and argumentation.",Bob Kowalski,"Emeritus Professor, Imperial College London","[""Logic and Artificial Intelligence""]",Robert A. Kowalski,"affiliation: Imperial College London, UK",https://awards.acm.org/award-recipients/kowalski_4145520
acm_fellows.csv,"Kurose, James",2001,,,no_candidate,No candidate with sufficient corroborating identity evidence in this pass.,,,,"For contributions to the design and analysis of network protocols, and for technical leadership in the field.",James Kurose,U. Massachusetts,"[""Computer networks""]",James F. Kurose,"affiliation: University of Massachusetts Amherst, USA affiliation: National Science Foundation, Arlington, USA",https://awards.acm.org/award-recipients/kurose_2056158
acm_fellows.csv,"Lee, Ruby B",2001,,,no_candidate,No candidate with sufficient corroborating identity evidence in this pass.,,,,For pioneering multimedia instructions in general-purpose processor architecture and innovations in the design and implementation of the instruction set architecture of RISC processors.,Ruby B. Lee,"Forrest G. Hamrick Professor of Electrical Engineering, also Computer Science","[""Cyber Security"", ""Computer Architecture"", ""Multimedia"", ""Hardware Security"", ""Secure processors and caches""]",Ruby B. Lee,"affiliation: Princeton University, Department of Electrical Engineering, NJ, USA affiliation: Hewlett-Packard, Cupertino, CA, USA affiliation (PhD): Stanford University, CA, USA",https://awards.acm.org/award-recipients/lee_3798436
acm_fellows.csv,"Litwin, Witold",2001,,,no_candidate,No candidate with sufficient corroborating identity evidence in this pass.,,,,"For pioneering research in dynamic storage structures, scalable distributed file structures and multidatabases.",Witold Litwin,"Professor of Computer Science, University Paris Dauphine","[""Scalable Distributed Data Structures"", ""Data bases"", ""Cloud Databases""]",Witold Litwin,,https://awards.acm.org/award-recipients/litwin_1602903
acm_fellows.csv,"Mogul, Jeffrey C",2001,,,no_candidate,No candidate with sufficient corroborating identity evidence in this pass.,,,,"For significant contributions in operating systems, file systems, Web caching, Internet performance, and Internet standards.",Jeff Mogul,Google,"[""operating systems"", ""networks"", ""computer architecture""]",Jeffrey C. Mogul,affiliation: Google Research,https://awards.acm.org/award-recipients/mogul_1720986
acm_fellows.csv,"Norman, Don",2001,,,no_candidate,No candidate with sufficient corroborating identity evidence in this pass.,,,,For contributions to human-centered design and computing.,Don Norman,"Honorary Prof. and Founding Director Emeritus, The Design Lab, University of California, San Diego","[""Complex sociotechnical systems"", ""Humanity-Centered System Design"", ""cognitive science"", ""HCI""]",Donald A. Norman,award (2006): Benjamin Franklin Medal,https://awards.acm.org/award-recipients/norman_2193936
acm_fellows.csv,"Papadimitriou, Christos",2001,Christos H. Papadimitriou,2026-09-18,scholar_id_and_identity_context,"Same nonempty Scholar ID as the reviewed Y-rated roster link; candidate name and institution context reviewed for compatible identity. Among multiple source spellings, use the reviewed DBLP or Scholar spelling (preserving any source campus tag); Ellen Zegura uses the initial form shared by an identical source profile.",Christos H. Papadimitriou | Christos Harilaos Papadimitriou,Columbia University,https://www.cs.berkeley.edu/~christos,"For outstanding contributions to complexity theory, database theory and combinatorial optimization.",Christos H PAPADIMITRIOU,Columbia University,"[""Algorithms"", ""Complexity"", ""Game Theory"", ""Evolution"", ""Computational Neuroscience""]",Christos H. Papadimitriou,"unicode name: Χρήστος Χαρίλαος Παπαδημητρίου affiliation: Columbia University, New York, NY, USA affiliation (former): University of California, Berkeley, USA award (2016): IEEE John von Neumann Medal award (2012): Gödel Prize award (2002): Knuth Prize",https://awards.acm.org/award-recipients/papadimitriou_4558987 | https://scholar.google.com/citations?user=rXYLXJMAAAAJ
acm_fellows.csv,"Parker, Donn B",2001,,,no_candidate,No candidate with sufficient corroborating identity evidence in this pass.,,,,For contributions to information security and professional ethics.,,,,Donn B. Parker,,https://awards.acm.org/award-recipients/parker_1004340
acm_fellows.csv,"Patel, Janak H",2001,,,no_candidate,No candidate with sufficient corroborating identity evidence in this pass.,,,,"For his outstanding contributions to the fields of test generation and fault simulation of sequential circuits, cache consistency protocols, interconnection networks, and error detection.",Janak H. Patel,"Electrical and Computer Engineering, University of Illinois at Urbana-Champaign","[""Computer Engineering"", ""Computer Architecture"", ""Interconnection Networks"", ""Electronic Design Automation""]",Janak H. Patel,,https://awards.acm.org/award-recipients/patel_1595982
acm_fellows.csv,"Patt, Yale",2001,,,no_candidate,No candidate with sufficient corroborating identity evidence in this pass.,,,,For many outstanding seminal contributions to high performance microarchitecture and for leadership and teaching in computer science and engineering education.,Yale Patt,"Professor of ECE and Ernest Cockrell, Jr. Centennial Chair in","[""computer architecture"", ""microarchitecture"", ""computer science"", ""digital logic"", ""system software""]",Yale N. Patt,"affiliation: University of Texas at Austin, USA award (2016): Benjamin Franklin Medal award (2013): Harry H. Goode Memorial Award award (1999): W. Wallace McDowell Award award (1996): Eckert-Mauchly Award award (1995): IEEE Emanuel R. Piore Award",https://awards.acm.org/award-recipients/patt_1374941
acm_fellows.csv,"Pohl, Ira",2001,,,no_candidate,No candidate with sufficient corroborating identity evidence in this pass.,,,,"For outstanding contributions to computer science research and education in the areas of heuristic search, analysis of algorithms, and programming language methodology.",,,,Ira Pohl,,https://awards.acm.org/award-recipients/pohl_1059500
acm_fellows.csv,"Pullen, John Mark",2001,,,no_candidate,No candidate with sufficient corroborating identity evidence in this pass.,,,,"For contributions to information technology in transitioning the Internet from a Federal research project to commercial availability, and development of Internet distance education technologies.",J Mark Pullen,"Professor of Computer Science, George Mason University","[""Multimedia Networking"", ""Networked Education and Training""]",J. Mark Pullen,"affiliation: George Mason University, Fairfax VA, USA",https://awards.acm.org/award-recipients/pullen_2007714
acm_fellows.csv,"Raghavan, Prabhakar",2001,,,no_candidate,No candidate with sufficient corroborating identity evidence in this pass.,,,,For contributions to the theory and practice of randomized algorithms.,Prabhakar Raghavan,Google,"[""Algorithms"", ""Web"", ""Data mining""]",Prabhakar Raghavan,"affiliation: Stanford University, USA",https://awards.acm.org/award-recipients/raghavan_N004671
acm_fellows.csv,"Ramakrishnan, Raghu",2001,,,no_candidate,No candidate with sufficient corroborating identity evidence in this pass.,,,,"For significant technical contributions in deductive databases, data mining and analysis, data visualization and data integration; and for outstanding professional service to the database research community.",Raghu Ramakrishnan,Microsoft,"[""Database systems"", ""data mining"", ""information extraction"", ""ranking/recommendation"", ""social networks""]",Raghu Ramakrishnan 0001,"affiliation: Microsoft, Redmond, WA, USA affiliation (2006-2012): Yahoo! Research, Santa Clara, CA, USA affiliation (former): University of Wisconsin-Madison, WI, USA affiliation (PhD 1987): University of Texas, Austin, TX, USA",https://awards.acm.org/award-recipients/ramakrishnan_3252756
acm_fellows.csv,"ramamritham, krithivasan",2001,Krithi Ramamritham,2026-09-18,scholar_id_and_identity_context,Same nonempty Scholar ID as the reviewed Y-rated roster link; candidate name and institution context reviewed for compatible identity.,Krithi Ramamritham,IIT Bombay,http://cuse.iitb.ac.in/people/faculty/krithi-ramamritham,For contributions to the theory and practice of real-time systems and real-time transaction processing.,Krithivasan Ramamritham,"India (previously Dean R&D and Rekhi Chair Professor, IIT Bombay)","[""databases"", ""real-time systems"", ""ICT based solutions for society""]",,,https://awards.acm.org/award-recipients/ramamritham_1787308 | https://scholar.google.com/citations?user=LFLG5pcAAAAJ
acm_fellows.csv,"Reynolds, John C",2001,,,no_candidate,No candidate with sufficient corroborating identity evidence in this pass.,,,,"For research on the use of types in programming languages, for clarifying the semantical basis for types, and for influencing the design of modern programming languages.",,,,,,https://awards.acm.org/award-recipients/reynolds_1030899
acm_fellows.csv,"Robertson, George",2001,,,no_candidate,No candidate with sufficient corroborating identity evidence in this pass.,,,,"For pioneering contributions to information visualization, animated 3D user interfaces, multimedia message systems, hypertext systems, operating systems, and programming languages.",,,,,,https://awards.acm.org/award-recipients/robertson_1080837
acm_fellows.csv,"Roussopoulos, Nick",2001,,,no_candidate,No candidate with sufficient corroborating identity evidence in this pass.,,,,For outstanding contributions to the principles and practice of database management and for leadership in academia and service to the ACM community.,Nick Roussopoulos,"Professor of Computer Science, University of Maryland","[""Databases""]",Nick Roussopoulos,"affiliation: University of Maryland, College Park, USA",https://awards.acm.org/award-recipients/roussopoulos_1373158
acm_fellows.csv,"Sabnani, Krishan K.",2001,,,no_candidate,No candidate with sufficient corroborating identity evidence in this pass.,,,,For seminal contributions to the research and development of communication protocols.,Krishan Sabnani,"Professor of Computer Science, Johns Hopkins University","[""Networking""]",Krishan K. Sabnani,"affiliation: Johns Hopkins University, Baltimore, MD, USA",https://awards.acm.org/award-recipients/sabnani_6154314
acm_fellows.csv,"Schek, Hans-Joerg",2001,,,no_candidate,No candidate with sufficient corroborating identity evidence in this pass.,,,,"For his outstanding contributions to the principles and practice of database management, for his outstanding leadership role in academia, and for his service to the ACM community.",HJ Schek,"ETH Zürich and UMIT Innsbruck, Emeritus since 2005","[""Databases and Information Systems""]",Hans-Jörg Schek,"affiliation (former): University of Konstanz, Germany affiliation (former): ETH Zurich, Switzerland affiliation (former): TH Darmstadt, Germany affiliation (former): IBM Heidelberg, Germany",https://awards.acm.org/award-recipients/schek_1967272
acm_fellows.csv,"Schlichting, Richard D",2001,,,no_candidate,No candidate with sufficient corroborating identity evidence in this pass.,,,,"For his influential research on fault-tolerant and dependable computing, configurable network protocols, and distributed systems, and for his outstanding leadership of and service to the computing community.",,,,Richard D. Schlichting,affiliation: AT&T Inc,https://awards.acm.org/award-recipients/schlichting_1498310
acm_fellows.csv,"Shin, Kang",2001,,,no_candidate,No candidate with sufficient corroborating identity evidence in this pass.,,,,For the development of the theory of dynamic failure in real-time fault-tolerant computing.,Kang G. Shin,"Kevin & Nancy O'Connor Professor of Computer Science, University of Michigan","[""Real-time embedded systems"", ""cyber-physical systems"", ""computer networks"", ""security and privacy"", ""mobile and wireless computing and c""]",Kang G. Shin,"affiliation: University of Michigan, Ann Arbor, USA",https://awards.acm.org/award-recipients/shin_2349744
acm_fellows.csv,"Smith, Alan J",2001,,,no_candidate,No candidate with sufficient corroborating identity evidence in this pass.,,,,"For his highly cited paper on cache memories, for his contributions to performance measurement, and for his leadership in professional society activities.",,,,Alan Jay Smith,"affiliation: University of California, Berkeley, USA award (2006): Harry H. Goode Memorial Award",https://awards.acm.org/award-recipients/smith_1240373
acm_fellows.csv,"Steinmetz, Ralf",2001,,,no_candidate,No candidate with sufficient corroborating identity evidence in this pass.,,,,"For pioneering work in multimedia communications and education, including fundamental contributions in perceivable Quality of Service for multimedia systems derived from multimedia synchronization, and for multimedia education.",,,,Ralf Steinmetz,"affiliation: Technical University Darmstadt, Germany",https://awards.acm.org/award-recipients/steinmetz_2492122
acm_fellows.csv,"Turner, Jonathan",2001,,,no_candidate,No candidate with sufficient corroborating identity evidence in this pass.,,,,"For fundamental contributions --- such as the design of scalable packet switches --- that helped realize the vision of an Integrated packet switching network for data, voice and video.",Jonathan Turner,"Senior Professor of Computer Science, Washington University in St. Louis","[""Networking"", ""algorithms"", ""switching systems"", ""routers"", ""data communications""]",,,https://awards.acm.org/award-recipients/turner_2493385
acm_fellows.csv,"Wolf, Marilyn",2001,,,no_candidate,No candidate with sufficient corroborating identity evidence in this pass.,,,,For contributions to embedded computing.,Marilyn Wolf,"Koch Professor of Engineering and Director, School of Computing","[""embedded computing"", ""cyber-physical systems"", ""VLSI"", ""multimedia""]",Marilyn Wolf,"affiliation: University of Nebraska-Lincoln, USA affiliation (former): Georgia Institute of Technology, Atlanta, School of Electrical and Computer Engineering affiliation (former): Princeton University, Department of Electrical Engineering affiliation (former): AT&T Bell Laboratories, Murray Hill, USA",https://awards.acm.org/award-recipients/wolf_1958891
acm_fellows.csv,"Zave, Pamela",2001,,,no_candidate,No candidate with sufficient corroborating identity evidence in this pass.,,,,"For encouraging the use of formal methods in the development of telecommunication software through influential research, tool development, large case studies, and professional education.",Pamela Zave,AT&T Labs--Research,"[""formal methods"", ""network architecture"", ""Internet of Things"", ""network services"", ""software engineering""]",Pamela Zave,"affiliation: Princeton University, NJ, USA",https://awards.acm.org/award-recipients/zave_1255058
acm_fellows.csv,"Banerjee, Prithviraj",2000,,,no_candidate,No candidate with sufficient corroborating identity evidence in this pass.,,,,"For contributions in parallel computing, specifically in the design of parallel algorithms for VLSI CAD, and the development of parallelizing compiler techniques for distributed memory multiprocessors.",,,,Prithviraj Banerjee,"affiliation: Northwestern University, Illinois, USA award (1987): Presidential Young Investigator Award",https://awards.acm.org/award-recipients/banerjee_2526747
acm_fellows.csv,"Bhuyan, Laxmi Narayan",2000,,,no_candidate,No candidate with sufficient corroborating identity evidence in this pass.,,,,For his significant contributions to the design and analysis of Interconnection Networks and Parallel Processing.,,,,Laxmi N. Bhuyan,"affiliation: University of California, Riverside, USA",https://awards.acm.org/award-recipients/bhuyan_2311272
acm_fellows.csv,"Biermann, Alan W",2000,,,no_candidate,No candidate with sufficient corroborating identity evidence in this pass.,,,,"For major contributions to the fields of automatic programming, natural language dialogue processing, and computer science education.",,,,Alan W. Biermann,"affiliation: Duke University, Durham, USA",https://awards.acm.org/award-recipients/biermann_1129477
acm_fellows.csv,"Bokhari, Shahid H",2000,,,no_candidate,No candidate with sufficient corroborating identity evidence in this pass.,,,,For research contributions to automatic load balancing and partitioning of distributed processes.,Shahid Bokhari,"Independent Researcher, Cupertino, CA","[""Massively multithreaded computing"", ""Parallel processing"", ""bioinformatics""]",Shahid H. Bokhari,,https://awards.acm.org/award-recipients/bokhari_1596477
acm_fellows.csv,"Bryant, Randal E",2000,,,no_candidate,No candidate with sufficient corroborating identity evidence in this pass.,,,,"Randal Bryant is best known for Ordered Binary Decision Diagrams, a canonical form for boolean functions. Although originally developed for applications in CAD, this data structure has found many applications in areas such as hardware and software verification, automated theorem proving, and AI planning.",Randal Bryant,Carnegie Mellon University,"[""Formal verification"", ""binary decision diagrams""]",Randal E. Bryant,"affiliation: Carnegie Mellon University, Pittsburgh, USA award (2007): IEEE Emanuel R. Piore Award award (1998): Paris Kanellakis Award",https://awards.acm.org/award-recipients/bryant_3890209
acm_fellows.csv,"Card, Stuart K.",2000,,,no_candidate,No candidate with sufficient corroborating identity evidence in this pass.,,,,"In recognition of his fundamental pioneering contributions toward creating a theory and practice of human-computer interaction that integrates computer science and psychological science--through research, texts, lecturing, and creating successful system",Stuart K. Card,"Adjunct Professor, Computer Science Dept., Stanford University","[""Human Computer Interaction""]",Stuart K. Card,"affiliation: Palo Alto Research Center Incorporated, PARC, California, USA",https://awards.acm.org/award-recipients/card_2489516
acm_fellows.csv,"Duncan, Karen",2000,,,no_candidate,No candidate with sufficient corroborating identity evidence in this pass.,,,,"Karen has been an outstanding researcher, writer, innovator, and leader in medical informatics, and has a sustained, outstanding record of leadership and service to the ACM and the computing community.",,,,,,https://awards.acm.org/award-recipients/duncan_1117605
acm_fellows.csv,"Estrin, Deborah",2000,Deborah Estrin [Tech],2026-09-18,scholar_id_and_identity_context,Same nonempty Scholar ID as the reviewed Y-rated roster link; candidate name and institution context reviewed for compatible identity.,Deborah Estrin [Tech],Cornell University,http://tech.cornell.edu/people/deborah-estrin,"For significant contributions to the design of scalable Internet protocols, and for service to the networking community.",Deborah Estrin,"Professor of Computer Science, Cornell Tech, Cornell University","[""digital health"", ""mobile sensing"", ""Internet architecture"", ""public interest tech""]",Deborah Estrin,"affiliation: Cornell Tech affiliation: University of California, Los Angeles, USA award: ACM Athena Lecturer 2006 award (2007): Anita Borg Institute Women of Vision Awards",https://awards.acm.org/award-recipients/estrin_1782044 | https://scholar.google.com/citations?user=3_WYcR4AAAAJ
acm_fellows.csv,"Fagin, Ronald",2000,,,no_candidate,No candidate with sufficient corroborating identity evidence in this pass.,,,,"For creating the field of finite model theory, and for fundamental research in relational database theory and in reasoning about knowledge.",Ronald Fagin,IBM Research - Silicon Valley,"[""Logic for computer science"", ""database theory"", ""finite model theory"", ""real-valued logics""]",Ronald Fagin,"affiliation: IBM Almaden Research Center, San Jose, USA award (2014): Gödel Prize award (2012): W. Wallace McDowell Award award (2004): SIGMOD Edgar F. Codd Innovations Award",https://awards.acm.org/award-recipients/fagin_N951889
acm_fellows.csv,"Freeman, Peter A",2000,,,no_candidate,No candidate with sufficient corroborating identity evidence in this pass.,,,,For pioneering leadership in establishing software engineering as a professional field and for founding and leading the first College of Computing.,Peter A. Freeman,"Georgia Tech, UC Irvine","[""software engineering"", ""science policy"", ""articificial intelligence""]",Peter Freeman 0001,"affiliation: Georgia Institute of Technology, Atlanta, USA",https://awards.acm.org/award-recipients/freeman_1034859
acm_fellows.csv,"Fuchs, Wesley Kent",2000,,,no_candidate,No candidate with sufficient corroborating identity evidence in this pass.,,,,For contributions to reliable computing.,W. Kent Fuchs,"President, University of Florida","[""Dependable Computing"", ""Computer Engineering""]",W. Kent Fuchs,"affiliation: Purdue University, West Lafayette, USA",https://awards.acm.org/award-recipients/fuchs_2110864
acm_fellows.csv,"Haderle, Donald J",2000,,,no_candidate,No candidate with sufficient corroborating identity evidence in this pass.,,,,"Chief Architect for DB2 in the 1980s, which proved that relational databases were suitable for critical online transaction processing applications as well as decision support.",,,,Don Haderle,"affiliation: IBM Almaden Research Center, San Jose, USA",https://awards.acm.org/award-recipients/haderle_2651198
acm_fellows.csv,"Heath, Michael",2000,,,no_candidate,No candidate with sufficient corroborating identity evidence in this pass.,,,,For his research contributions in scientific and parallel computing and for his educational research leadership in computational science and engineering.,Michael T. Heath,"Professor of Computer Science, University of Illinois at Urbana-Champaign","[""Scientific Computing"", ""Numerical Analysis"", ""Parallel Computing""]",,,https://awards.acm.org/award-recipients/heath_2177665
acm_fellows.csv,"Kleinrock, Leonard",2000,,,no_candidate,No candidate with sufficient corroborating identity evidence in this pass.,,,,"For his pioneering work as inventor of packet switching, the underlying technology of the Internet. He wrote the first paper and first book on the subject, and supervised the birth of what became the Internet. Also, for achievements as an inspiring and",,,,Leonard Kleinrock,"affiliation: University of California, Los Angeles, USA award (2014): BBVA Foundation Frontiers of Knowledge Award award (2012): Internet Hall of Fame award (2007): National Medal of Science award (1996): Harry H. Goode Memorial Award award (1990): SIGCOMM Award award (1986): Marconi Prize award (1976): Frederick W. Lanchester Prize",https://awards.acm.org/award-recipients/kleinrock_1081546
acm_fellows.csv,"Lamsweerde, Axel Van",2000,,,no_candidate,No candidate with sufficient corroborating identity evidence in this pass.,,,,"For wide spectrum research contributions, from parallel program synthesis to software engineering environments to requirements engineering. Contributions to the software engineering community in Europe and worldwide.",Axel van Lamsweerde,"Professor Emeritus, ICTEAM Institute, EPL, Université catholique de Louvain","[""Software engineering"", ""requirements rengineering"", ""system modeling"", ""high assurance systems"", ""formal methods""]",Axel van Lamsweerde,"affiliation: Université catholique de Louvain, Belgium",https://awards.acm.org/award-recipients/lamsweerde_1962265
acm_fellows.csv,"Lorie, Raymond A",2000,,,no_candidate,No candidate with sufficient corroborating identity evidence in this pass.,,,,"Multiple important contributions to the technology of Relational Database systems (SQL embedding, SQL compilation, optimizer, extensions for engineering). Important contribution in automatic data entry from forms.",,,,Raymond A. Lorie,,https://awards.acm.org/award-recipients/lorie_4303566
acm_fellows.csv,"Loveland, Donald W",2000,,,no_candidate,No candidate with sufficient corroborating identity evidence in this pass.,,,,Played a major role in the development of theory proving and automated deduction through seminal research and an influential book on the subject.,,,,Donald W. Loveland,"affiliation: Duke University, USA award (2001): Herbrand Award",https://awards.acm.org/award-recipients/loveland_1010602
acm_fellows.csv,"Meyer, Albert R",2000,,,no_candidate,No candidate with sufficient corroborating identity evidence in this pass.,,,,"For fundamental advances in complexity theory and semantics of programming, and for outstanding service and education of graduate students.",,,,Albert R. Meyer,"affiliation: MIT Computer Science and Artificial Intelligence Laboratory, Cambridge, USA",https://awards.acm.org/award-recipients/meyer_1215300
acm_fellows.csv,"Morris, James H",2000,James H. Morris,2026-09-18,reviewed_name_and_institution,Exact reviewed DBLP author name (including disambiguation number) plus matching current or historical institutional context in the retained Scholar/DBLP evidence.,James H. Morris | James H. Morris Jr. | J. Garrett Morris,Carnegie Mellon University,http://www.cs.cmu.edu/~jhm,"James H. Morris is responsible for several seminally important ideas in computer science. He was one of the first to use Lambda Calculus to model programming languages, he was one of the developers of 'Lazy Evaluation', and he was co-discoverer of the Knuth-Morris-Pratt string search algorithm. Morris was Principal Scientist and Research Fellow at Xerox Palo Alto Research Center from 1974 until 1982. In 1982 he moved to Carnegie Mellon where he has held a number of positions including Developer of the Campus-wide Network (The Andrew System) and Chairman of the Computer Science Department.",,,,James H. Morris,"affiliation: Carnegie Mellon University, Pittsburgh, PA, USA",https://awards.acm.org/award-recipients/morris_4263737 | https://dblp.org/pid/94/280
acm_fellows.csv,"Warren, David S",2000,,,no_candidate,No candidate with sufficient corroborating identity evidence in this pass.,,,,"David Warren is a world leader in logic-programming research, past-president of the Association for Logic Programming, and implementor of the SBProlog and XSB systems.",David Scott Warren,"Emeritus Professor of Computer Science, Stony Brook University","[""Programming Languages"", ""Knowledge Representation"", ""Database Systems"", ""Artificial Intelligence""]",David Scott Warren,"affiliation: Stony Brook University, USA",https://awards.acm.org/award-recipients/warren_1844307
acm_fellows.csv,"Williams, Robin",2000,,,unresolved_candidates,No candidate with sufficient corroborating identity evidence in this pass.,R. Ryan Williams,,,For leadership in Computer Science research and the transfer of technology into products; and for contributions to ACM.,,,,,,https://awards.acm.org/award-recipients/williams_1076371
acm_fellows.csv,"Zwaenepoel, Willy E",2000,,,no_candidate,No candidate with sufficient corroborating identity evidence in this pass.,,,,"For contributions to distributed and parallel processing, in particular to the design, implementation, and evaluation of software distributed shared memory.",Willy Zwaenepoel,University of Sydney,"[""distributed systems"", ""operating systems""]",Willy Zwaenepoel,"affiliation: University of Sydney, NSW, Australia affiliation (former): Swiss Federal Institute of Technology in Lausanne, Switzerland",https://awards.acm.org/award-recipients/zwaenepoel_2046290
acm_fellows.csv,"Auslander, Marc",1999,,,no_candidate,No candidate with sufficient corroborating identity evidence in this pass.,,,,For contributions to reduced instructionset computing (RISC) systems.,,,,Marc A. Auslander,,https://awards.acm.org/award-recipients/auslander_1044882
acm_fellows.csv,"Braden, Robert T",1999,,,no_candidate,No candidate with sufficient corroborating identity evidence in this pass.,,,,For leadership in the development and enhancement of the Internet's End-to-End protocols.,,,,Bob Braden,,https://awards.acm.org/award-recipients/braden_1009208
acm_fellows.csv,"Cook, Rob",1999,,,no_candidate,No candidate with sufficient corroborating identity evidence in this pass.,,,,"Cook invented Monte-Carlo rendering methods for antialiasing, motion blur, depth-of-field, glossy reflections, and translucency. Cook pioneered shading languages and physics-based shading, and co-authored the Renderman software.",,,,,,https://awards.acm.org/award-recipients/cook_4147260
acm_fellows.csv,"DeBlasi, Joseph S",1999,,,no_candidate,No candidate with sufficient corroborating identity evidence in this pass.,,,,For extraordinary executive leadership and innovative Internet-based programs that transformed ACM into a powerful international presence in computing.,,,,,,https://awards.acm.org/award-recipients/deblasi_3515723
acm_fellows.csv,"Demmel, James",1999,,,no_candidate,No candidate with sufficient corroborating identity evidence in this pass.,,,,"For outstanding contributions to scientific computing, parallel processing and software engineering.",James W DEMMEL,"Professor of EECS and Mathematics, UC Berkeley","[""high performance computing""]",James Demmel,"affiliation: University of California, Berkeley, USA award (2014): Paris Kanellakis Award",https://awards.acm.org/award-recipients/demmel_6010135
acm_fellows.csv,"Fateman, Richard J",1999,,,no_candidate,No candidate with sufficient corroborating identity evidence in this pass.,,,,For seminal contributions to the development of MACSYMA and symbolic processing systems.,Richard Fateman,"Emeritus Professor of Computer Science, University of California at Berkeley","[""computer algebra"", ""programming languages"", ""Lisp"", ""document image analysis""]",Richard J. Fateman,"affiliation: University of California, Berkeley, USA",https://awards.acm.org/award-recipients/fateman_1117654
acm_fellows.csv,"Foley, James D",1999,,,no_candidate,No candidate with sufficient corroborating identity evidence in this pass.,,,,"Through his books, courses, papers, organizational, and professional contributions, Foley has had a broad and lasting impact on the computer graphics field and on ACM.",James Foley,"Professor of Computer Science, Georgia Institute of Technology","[""computer graphics"", ""human-computer interaction"", ""information visualization""]",James D. Foley,"affiliation: Georgia Institute of Technology, Atlanta, GA, USA affiliation (former): George Washington University, Washington, DC, USA",https://awards.acm.org/award-recipients/foley_1150127
acm_fellows.csv,"Geschke, Charles M",1999,,,no_candidate,No candidate with sufficient corroborating identity evidence in this pass.,,,,"For contributions to the PostScript Language and Interpreter and for his leadership of Adobe Systems, one of the most innovative software companies of today.",,,,Charles M. Geschke,award (2010): Marconi Prize award (2008): National Medal of Technology and Innovation award (1989): ACM Software System Award,https://awards.acm.org/award-recipients/geschke_1240134
acm_fellows.csv,"Ghezzi, Carlo",1999,,,no_candidate,No candidate with sufficient corroborating identity evidence in this pass.,,,,Numerous research contributions from compiler theory to real-time systems to software processes. A strong contributor to the software engineering community in Europe and worldwide.,Carlo Ghezzi,"Emeritus Professor, Politecnico di Milano","[""Software engineering"", ""dependable and evolvable systems"", ""programming languages"", ""ethical and societal aspects of computing""]",Carlo Ghezzi,"affiliation: Polytechnic University of Milan, Italy",https://awards.acm.org/award-recipients/ghezzi_1434422
acm_fellows.csv,"Glass, Robert L",1999,,,no_candidate,No candidate with sufficient corroborating identity evidence in this pass.,,,,For distinguished contributions to practical software engineering through writing and speaking in language and action bridging the interests of academia and industry.,,,,Robert L. Glass,,https://awards.acm.org/award-recipients/glass_1532894
acm_fellows.csv,"Graham, Ronald L.",1999,,,no_candidate,No candidate with sufficient corroborating identity evidence in this pass.,,,,"For seminal contributions to the analysis of algorithms, in particular the worst-case analysis of heuristics, the theory of scheduling, and computational geometry.",Ronald Graham,"Professor of Mathematics and Computer Science, UC San Diego","[""combinatorics"", ""graph theory"", ""number theory"", ""combinatorial geometry"", ""theoretical computer science""]",Ronald L. Graham,"affiliation: University of California, San Diego, USA award (1993): Euler Medal",https://awards.acm.org/award-recipients/graham_2060168
acm_fellows.csv,"Guibas, Leonidas",1999,Leonidas J. Guibas,2026-09-18,scholar_id_and_identity_context,Same nonempty Scholar ID as the reviewed Y-rated roster link; candidate name and institution context reviewed for compatible identity.,Leonidas J. Guibas,Stanford University,https://profiles.stanford.edu/leonidas-guibas,"For his work on geometric data structures, arrangements of surfaces and their applications, geometric algorithms in computer graphics, and algorithmic issues in computer vision.",Leonidas Guibas,"Professor of Computer Science, Stanford University","[""geometric computing"", ""computer vision"", ""computer graphics"", ""machine learning"", ""robotics""]",Leonidas J. Guibas,"affiliation: Stanford University, USA award (2007): ACM - AAAI Allen Newell Award",https://awards.acm.org/award-recipients/guibas_1283951 | https://scholar.google.com/citations?user=5JlEyTAAAAAJ
acm_fellows.csv,"Ibaraki, Toshihide",1999,,,no_candidate,No candidate with sufficient corroborating identity evidence in this pass.,,,,"For contributions to the theory and algorithms of discrete optimization, graphs and networks, and logical analysis of data with Boolean functions, as well as their applications.",,,,Toshihide Ibaraki,,https://awards.acm.org/award-recipients/ibaraki_1089572
acm_fellows.csv,John D Gannon,1999,,,no_candidate,No candidate with sufficient corroborating identity evidence in this pass.,,,,"For contributions to research in programming languages and software engineering, and for service to the ACM, SIGSOFT, and the entire computing community.",,,,John D. Gannon,"affiliation: University of Maryland, College Park, USA",
acm_fellows.csv,"Lewis, Philip M",1999,,,no_candidate,No candidate with sufficient corroborating identity evidence in this pass.,,,,"For fundamental contributions to the development of computational theory and practice, particularly complexity theory, compiler design, and concurrency control for databases and systems.",,,,Philip M. Lewis,"affiliation: Stony Brook University, USA",https://awards.acm.org/award-recipients/lewis_1144468
acm_fellows.csv,"MacQueen, David",1999,,,no_candidate,No candidate with sufficient corroborating identity evidence in this pass.,,,,"For significant research contributions in type theory and programming language design, especially for work on the design and implementation of Standard ML.",David MacQueen,"Professor Emeritus of Computer Science, University of Chicago","[""programming languages"", ""semantics"", ""types"", ""modules""]",,,https://awards.acm.org/award-recipients/macqueen_1475888
acm_fellows.csv,"Martin, C. Dianne",1999,,,unresolved_candidates,No candidate with sufficient corroborating identity evidence in this pass.,Charles Martin 0001 | Charles P. Martin | Charles Patrick Martin,,,For extraordinary leadership and innovation in computer science education and for service to ACM and the profession.,,,,C. Dianne Martin,"affiliation: George Washington University, Washington, D.C., USA",https://awards.acm.org/award-recipients/martin_2161529
acm_fellows.csv,"Masinter, Larry M",1999,,,no_candidate,No candidate with sufficient corroborating identity evidence in this pass.,,,,Development of Interlisp programming environment; leader in creation of standards for the Internet and World Wide Web.,Larry Masinter,Interlisp.org,"[""Lisp"", ""Interlisp"", ""documents"", ""Web standards""]",Larry Masinter,,https://awards.acm.org/award-recipients/masinter_3814811
acm_fellows.csv,"Mehlhorn, Kurt",1999,Kurt Mehlhorn [INF],2026-09-18,scholar_id_and_identity_context,Same nonempty Scholar ID as the reviewed Y-rated roster link; candidate name and institution context reviewed for compatible identity.,Kurt Mehlhorn [INF],Max Planck Society,https://www.mpi-inf.mpg.de/~mehlhorn,"For important contributions in complexity theory and in the design, analysis, and practice of combinatorial and geometric algorithms.",Kurt Mehlhorn,"Professor of Computer Science, Max Planck Institute for Informatics, Saarland Informatics Campus","[""Algorithms"", ""Computational Geometry"", ""Computer Algebra"", ""Algorithm Engineering""]",Kurt Mehlhorn,"affiliation: Max Planck Institute for Informatics, Saarbrücken, Germany award (2010): Paris Kanellakis Award award (1987): Gottfried Wilhelm Leibniz Prize award (1995): Konrad Zuse Medal",https://awards.acm.org/award-recipients/mehlhorn_1424282 | https://scholar.google.com/citations?user=28CWXPUAAAAJ
acm_fellows.csv,"Mills, David L",1999,,,no_candidate,No candidate with sufficient corroborating identity evidence in this pass.,,,,For contributions to Internet Routing and Timekeeping.,,,,David L. Mills,"affiliation (former): University of Delaware, Newark, DE, USA affiliation (former): University of Memphis, TN, USA",https://awards.acm.org/award-recipients/mills_1036540
acm_fellows.csv,"Pradhan, Dhiraj",1999,,,no_candidate,No candidate with sufficient corroborating identity evidence in this pass.,,,,"For contributions to VLSI CAD test, and Fault-tolerant Systems Design, including leadership in computer engineering, and computer science education and research.",Dhiraj K Pradhan,"Professor of Computer Science, University of Bristol","[""Fault tolerance"", ""Logic Synthesis"", ""Computer architecture"", ""error correcting codes"", ""Galois Field""]",,,https://awards.acm.org/award-recipients/pradhan_1390087
acm_fellows.csv,"Sameh, Ahmed",1999,,,no_candidate,No candidate with sufficient corroborating identity evidence in this pass.,,,,"For leadership in education and research in parallel computing, and for pioneering contributions in mathematical software for parallel architectures.",,,,,,https://awards.acm.org/award-recipients/sameh_1184720
acm_fellows.csv,"Samuelson, Pamela",1999,,,no_candidate,No candidate with sufficient corroborating identity evidence in this pass.,,,,"Fellow of the John D. and Catherine T. MacArthur Foundation, 1997-2002; Named as one of the 100 most influential people in the digital age in the December 1997 issue of Upside Magazine and as one of the lawyers of the year in the December 1997 issue of the California Lawyer; Fellow, Electronic Frontier Foundation, since 1997.",Pamela Samuelson,Berkeley Law School,"[""intellectual property"", ""copyright"", ""information policy""]",Pamela Samuelson,"affiliation: University of California, Berkeley, USA award (2005): Anita Borg Institute Women of Vision Awards",https://awards.acm.org/award-recipients/samuelson_3933272
acm_fellows.csv,"Snir, Marc",1999,,,no_candidate,No candidate with sufficient corroborating identity evidence in this pass.,,,,For contributions to the theory of parallel computation and the development of scaleable parallel systems architectures.,Marc Snir,University of Illinois at Urbana Chamapign,"[""Parallel Computing""]",Marc Snir,,https://awards.acm.org/award-recipients/snir_1436294
acm_fellows.csv,"Snodgrass, Richard",1999,Richard T. Snodgrass,2026-09-18,scholar_id_and_identity_context,Same nonempty Scholar ID as the reviewed Y-rated roster link; candidate name and institution context reviewed for compatible identity.,Richard T. Snodgrass,University of Arizona,http://www.cs.arizona.edu/~rts,"For originating , providing leadership to, and for fundamental contributions to the research area of temporal databases, and for outstanding, wide-ranging service to the database community.",Richard Snodgrass,"Professor of Computer Science Emeritus, University of Arizona","[""Database systems"", ""Ergalics (science of computer science)""]",Richard T. Snodgrass,"affiliation: University of Arizona, Tucson, USA",https://awards.acm.org/award-recipients/snodgrass_1557909 | https://scholar.google.com/citations?user=BkrB4awAAAAJ
acm_fellows.csv,"Tan, Chung Jen",1999,,,unresolved_candidates,No candidate with sufficient corroborating identity evidence in this pass.,Cheng Tan 0005,,,Pioneer in logical design and in the development of IBM's parallel computing systems. Leadership of Deep Blue Project. Major role on ACM Computer Chess Committee.,,,,Chung-Jen Tan,,https://awards.acm.org/award-recipients/tan_4326757
acm_fellows.csv,"Torii, Koji",1999,,,no_candidate,No candidate with sufficient corroborating identity evidence in this pass.,,,,"For distinguished research in language theory and in software engineering, and for international leadership in the software engineering community.",,,,Koji Torii,"affiliation: Nara Institute of Science and Technology, Japan",https://awards.acm.org/award-recipients/torii_3055183
acm_fellows.csv,"Waltz, David L",1999,,,no_candidate,No candidate with sufficient corroborating identity evidence in this pass.,,,,For contributions to Artificial Intelligence through innovations in memory-based reasoning and constraint-satisfaction techniques.,,,,David L. Waltz,"affiliation: Columbia University, New York City, USA",https://awards.acm.org/award-recipients/waltz_1508100
acm_fellows.csv,"Warnock, John",1999,,,no_candidate,No candidate with sufficient corroborating identity evidence in this pass.,,,,"For three decades, Warnock has been respected as an innovator in the field of computer software. One of Warnock's most outstanding achievements is the development of the PostScript language.",,,,John E. Warnock,award (2010): Marconi Prize award (2008): National Medal of Technology and Innovation award (1989): ACM Software System Award,https://awards.acm.org/award-recipients/warnock_4021408
acm_fellows.csv,"Yonezawa, Akinori",1999,,,no_candidate,No candidate with sufficient corroborating identity evidence in this pass.,,,,"Yonezawa is a pioneer of concurrent object-oriented programming systems, and he contributed to developing the area, publishing papers and serving to the community.",,,,Akinori Yonezawa,"affiliation: University of Tokyo, Japan",https://awards.acm.org/award-recipients/yonezawa_1476860
acm_fellows.csv,"Agrawal, Dharma P",1998,Dharma Agrawal,2026-09-18,institution_and_research,Cincinnati identifies Dharma P. Agrawal and his distributed/wireless computing work; the reviewed DBLP name and Cincinnati affiliation corroborate the shorter CSRankings name.,Dharma Agrawal,University of Cincinnati,http://eecs.ceas.uc.edu/~dpa,"For contributions to Parallel Processing Architecture, Interconnection Networks, Parallelism Detection & Scheduling.",,,,Dharma P. Agrawal,"affiliation: University of Cincinnati, USA award (2008): Harry H. Goode Memorial Award",https://awards.acm.org/award-recipients/agrawal_1589548 | https://eecs.ceas.uc.edu/~cdmc/aboutUs.html
acm_fellows.csv,"Appel, Andrew W",1998,,,no_candidate,No candidate with sufficient corroborating identity evidence in this pass.,,,,Significant research contributions in the area of programming languages and compilers. Important contributions to the ACM Transactions on Programming Languages and Systems.,Andrew W. Appel,"Professor Emeritus of Computer Science, Princeton University",[],Andrew W. Appel,"affiliation: Princeton University, USA",https://awards.acm.org/award-recipients/appel_2115301
acm_fellows.csv,"Browne, James C",1998,,,no_candidate,No candidate with sufficient corroborating identity evidence in this pass.,,,,For leadership in research and graduate education in computer science across a spectrum of subdisciplines and for innovation in technology transfer both to industry and to other disciplines of science and engineering.,,,,James C. Browne,,https://awards.acm.org/award-recipients/browne_1027143
acm_fellows.csv,"Cartwright, Robert Staley",1998,Robert Cartwright,2026-09-18,scholar_id_and_identity_context,Same nonempty Scholar ID as the reviewed Y-rated roster link; candidate name and institution context reviewed for compatible identity.,Robert Cartwright,Rice University,https://www.cs.rice.edu/~cork/index.shtml,"Cartwright formulated a series of landmark results concerning the principles of programming languages, i.e., the theory of data, types, and computability in sequential, higher-order languages.",Robert Cartwright,"Professor of Computer Science, Rice University","[""Programming Languages"", ""Software Engineering"", ""Program Testing"", ""Language Design"", ""Program Semantics""]",Robert Cartwright,"affiliation: Rice University, Houston, USA",https://awards.acm.org/award-recipients/cartwright_1677715 | https://scholar.google.com/citations?user=TtJeqqoAAAAJ
acm_fellows.csv,"Chen, Peter P",1998,,,unresolved_candidates,No candidate with sufficient corroborating identity evidence in this pass.,Peter M. Chen,,,"Dr. Peter Chen is the originator of the Entity-Relationship (ER) Model, which serves as the foundation of many systems analysis and design methodologies, CASE tools, and repository systems.",,,,Peter P. Chen,award (2003): Harry H. Goode Memorial Award award (2002): ACM - AAAI Allen Newell Award,https://awards.acm.org/award-recipients/chen_2463263
acm_fellows.csv,"Clarke, Edmund",1998,,,no_candidate,No candidate with sufficient corroborating identity evidence in this pass.,,,,Edmund M. Clarke is the co-inventor of Model Checking (with his former student Allen Emerson). He and his graduate students helped make Model Checking a tool that can be used to verify finite-state concurrent systems of industrial complexity.,Edmund Clarke,University Professor Emeritus at Carnegie Mellon University,"[""Formal methods"", ""Model Checking""]",Edmund M. Clarke,"award (2007): Turing Award affiliation: Carnegie Mellon University, Pittsburgh, USA award (2014): Benjamin Franklin Medal award (2008): Herbrand Award award (2004): Harry H. Goode Memorial Award award (1999): Paris Kanellakis Award",https://awards.acm.org/award-recipients/clarke_1167964
acm_fellows.csv,"Clarke, Lori",1998,,,no_candidate,No candidate with sufficient corroborating identity evidence in this pass.,,,,"For outstanding research in software engineering, particularly in the areas of software testing and analysis, and for dedicated service to the software engineering community.",,,,Lori A. Clarke,"affiliation: University of Massachusetts Amherst, USA",https://awards.acm.org/award-recipients/clarke_1395003
acm_fellows.csv,"Cole, Richard J",1998,,,no_candidate,No candidate with sufficient corroborating identity evidence in this pass.,,,,"Richard Cole has developed innovative and enabling paradigms, algorithms and methods of analysis: in computational geometry, parallel computing, and string and pattern matching.",Richard Cole,"Professor of Computer Science, Courant Institute, New York University","[""design and analysis of algorithms""]",Richard Cole 0001,"affiliation: New York University, Courant Institute, NY, USA",https://awards.acm.org/award-recipients/cole_1895101
acm_fellows.csv,"Ellis, Clarence A",1998,,,no_candidate,No candidate with sufficient corroborating identity evidence in this pass.,,,,Dr. Ellis' publications and his leadership in ACM SIGOIS and conferences have had a major impact in the office information systems field.,,,,Clarence A. Ellis,"affiliation: University of Colorado, USA",https://awards.acm.org/award-recipients/ellis_3975695
acm_fellows.csv,"Gabriel, Richard P.",1998,,,no_candidate,No candidate with sufficient corroborating identity evidence in this pass.,,,,"Dr. Richard Gabriel is a leader in the Lisp/OOP community with years of contributions to standardization and founding a highly successful company, Lucid.",,,,,,https://awards.acm.org/award-recipients/gabriel_3666336
acm_fellows.csv,"Gupta, Gopal Krishna",1998,,,unresolved_candidates,No candidate with sufficient corroborating identity evidence in this pass.,Gopal Gupta 0001,,,"For his outstanding contributions in the areas of Hybrid DE's, database and signature recognition, and to the development of computer science education in remote areas of Australia, and South East Asia.",,,,,,https://awards.acm.org/award-recipients/gupta_1257229
acm_fellows.csv,"Horning, James Jay",1998,,,no_candidate,No candidate with sufficient corroborating identity evidence in this pass.,,,,"For fundamental contributions to the fields of programming language design and specification methodology, and for leadership in matters of computing and public policy.",,,,James J. Horning,,https://awards.acm.org/award-recipients/horning_1051440
acm_fellows.csv,"Jones, Neil",1998,,,no_candidate,No candidate with sufficient corroborating identity evidence in this pass.,,,,"For outstanding contributions to semantics-directed compilation, especially partial evaluation, and to the theory of computation, formal models and their practical realization.",,,,Neil D. Jones,"affiliation: University of Copenhagen, Denmark",https://awards.acm.org/award-recipients/jones_4210456
acm_fellows.csv,"Joshi, Aravind K",1998,,,no_candidate,No candidate with sufficient corroborating identity evidence in this pass.,,,,"For pioneering theoretical and technological contributions to natural language processing and fostering interdisciplinary research and education in artificial intelligence, cognitive science and information technology, in general.",,,,Aravind K. Joshi,"affiliation: University of Pennsylvania, Philadelphia, PA, USA award (2005): Benjamin Franklin Medal",https://awards.acm.org/award-recipients/joshi_1047992
acm_fellows.csv,"Kandel, Abraham",1998,,,no_candidate,No candidate with sufficient corroborating identity evidence in this pass.,,,,"For original research contributions advancing the state-of-the-art in applied fuzzy sets, fuzzy expert systems, and fuzzy hybrid systems.",,,,Abraham Kandel,,https://awards.acm.org/award-recipients/kandel_1140078
acm_fellows.csv,"Kent, Stephen T",1998,,,no_candidate,No candidate with sufficient corroborating identity evidence in this pass.,,,,"For contributions in technologies, algorithms, policies and practices that help ensure the privacy and security of data communications networks and systems such as the Internet.",,,,Stephen T. Kent,,https://awards.acm.org/award-recipients/kent_1575380
acm_fellows.csv,"LAM, SIMON S",1998,,,no_candidate,No candidate with sufficient corroborating identity evidence in this pass.,,,,"For fundamental research contributions to the design, analysis, and understanding of computer network architectures and protocols.",,,,Simon S. Lam,"unicode name: 林善成 affiliation: University of Texas at Austin, USA award (2023): Internet Hall of Fame award (2004): SIGCOMM Award award (2004): ACM Software System Award award (2004): W. Wallace McDowell Award",https://awards.acm.org/award-recipients/lam_1287606
acm_fellows.csv,"Li, Kai",1998,Kai Li 0001,2026-09-18,scholar_id_and_identity_context,Same nonempty Scholar ID as the reviewed Y-rated roster link; candidate name and institution context reviewed for compatible identity.,Kai Li 0001 | Kai Li 0017,Princeton University,http://www.cs.princeton.edu/~li,"For fundamental contributions to computer systems and architecture, by introducing and demonstrating the effectiveness of Shared Virtual Memory.",Kai Li,"Professor of computer science, Princeton university","[""Operating systems"", ""parallel computing"", ""computer architecture"", ""content-based search"", ""privacy preservation and data auditing for M""]",,,https://awards.acm.org/award-recipients/li_2321214 | https://scholar.google.com/citations?user=9MSpWOUAAAAJ
acm_fellows.csv,"Notkin, David S",1998,,,no_candidate,No candidate with sufficient corroborating identity evidence in this pass.,,,,"For broad contributions to research in software engineering and software evolution, and for service to the ACM and the greater software engineering community.",,,,David Notkin,"affiliation: University of Washington, Seattle, Washington, USA",https://awards.acm.org/award-recipients/notkin_1526847
acm_fellows.csv,"Nycum, Susan H",1998,,,no_candidate,No candidate with sufficient corroborating identity evidence in this pass.,,,,For her contributions to improving the bilateral understanding between the technical community and the legal community.,,,,Susan H. Nycum,,https://awards.acm.org/award-recipients/nycum_1456367
acm_fellows.csv,"Osterweil, Leon J",1998,,,no_candidate,No candidate with sufficient corroborating identity evidence in this pass.,,,,"For fundamental contributions in software engineering, particularly in testing and analysis, environments and process, and leadership in the computer science community.",Leon Osterweil,University of Massachusetts Amherst,"[""Software process"", ""software engineering"", ""medical processes""]",Leon J. Osterweil,"affiliation: University of Massachusetts Amherst, USA",https://awards.acm.org/award-recipients/osterweil_3140399
acm_fellows.csv,"Rangan, Venkat P",1998,,,no_candidate,No candidate with sufficient corroborating identity evidence in this pass.,,,,"P. Venkat founded one of the foremost centers for research in multimedia, in which area he is an inventor of fundamental techniques with global impact.",,,,P. Venkat Rangan,"affiliation: Amrita University, Coimbatore, India affiliation: University of California, San Diego, USA",https://awards.acm.org/award-recipients/rangan_3841665
acm_fellows.csv,"Richards, John T",1998,,,no_candidate,No candidate with sufficient corroborating identity evidence in this pass.,,,,For contributions to user-centered software design and for outstanding service to the programming languages community.,John T. Richards,IBM T.J. Watson Research Center,"[""Human Computer Interaction"", ""AI"", ""Software Engineering"", ""Accessibility""]",John T. Richards,affiliation: IBM Research,https://awards.acm.org/award-recipients/richards_3250446
acm_fellows.csv,"Rowe, Lawrence A",1998,,,no_candidate,No candidate with sufficient corroborating identity evidence in this pass.,,,,"For seminal contributions to programming languages, relational database technology, user interfaces and multimedia systems.",Lawrence A. Rowe,"Emeritus Professor EECS, U.C. Berkelely","[""Multimedia systems and applications""]",Lawrence A. Rowe,"affiliation: University of California, Berkeley, USA",https://awards.acm.org/award-recipients/rowe_1080860
acm_fellows.csv,"Ryder, Barbara Gershon",1998,,,no_candidate,No candidate with sufficient corroborating identity evidence in this pass.,,,,"For seminal contributions to the theoretical foundations and empirical investigation of interprocedural compile-time analyses, especially for languages with general-purpose pointers.",,,,Barbara G. Ryder,"affiliation: Rutgers University, USA",https://awards.acm.org/award-recipients/ryder_1582709
acm_fellows.csv,"Selman, Alan",1998,,,no_candidate,No candidate with sufficient corroborating identity evidence in this pass.,,,,Throughout his career Alan L. Selman has been an influential contributor to computational complexity theory and a dedicated professional within the academic comuter science community.,Alan Selman,"Professor emeritus of computer science and engineering, University at Buffalo","[""Computational complexity""]",Alan L. Selman,"affiliation: University at Buffalo, USA",https://awards.acm.org/award-recipients/selman_1182401
acm_fellows.csv,"Sequin, Carlo H",1998,,,no_candidate,No candidate with sufficient corroborating identity evidence in this pass.,,,,"For seminal contributions to the development of RISC, CAD tools and computer graphics systems.",,,,Carlo H. Séquin,"affiliation: University of California, Berkeley, USA",https://awards.acm.org/award-recipients/sequin_1723501
acm_fellows.csv,"Siegel, H. J.",1998,,,no_candidate,No candidate with sufficient corroborating identity evidence in this pass.,,,,"For contributions to the design and analysis of parallel machine interconnection networks, reconfigurable parallel computers, parallel application mappings, and heterogeneous computing systems.",H.J. Siegel,Unknown affiliation,[],Howard Jay Siegel,"affiliation: Colorado State University, USA",https://awards.acm.org/award-recipients/siegel_1435668
acm_fellows.csv,"Taylor, Richard N",1998,,,no_candidate,No candidate with sufficient corroborating identity evidence in this pass.,,,,"For contributions to research in software engineering and software environments, and for service to the ACM, SIGSOFT, and the entire software engineering community.",Richard Taylor,"Professor of Information and Computer Sciences, University of California, Irvine","[""software engineering"", ""software architecture"", ""decentralized systems"", ""analysis and testing"", ""software environments""]",Richard N. Taylor,"affiliation: University of California, Irvine, USA",https://awards.acm.org/award-recipients/taylor_1470475
acm_fellows.csv,"Turner, Albert J",1998,,,unresolved_candidates,No candidate with sufficient corroborating identity evidence in this pass.,Alexander P. Turner | Alexander Phillip Turner,,,Professor Turner exemplifies outstanding leadership in advancing the state-of-the-art of computing sciences education both within ACM and in the wider national and international arenas.,,,,A. Joe Turner,"affiliation: Clemson University, USA",https://awards.acm.org/award-recipients/turner_1244433
acm_fellows.csv,"Welzl, Emmerich",1998,Emo Welzl,2026-09-18,reviewed_name_and_institution,Exact reviewed DBLP author name (including disambiguation number) plus matching current or historical institutional context in the retained Scholar/DBLP evidence.,Emo Welzl,ETH Zurich,https://www.inf.ethz.ch/personal/emo,For orignial contributions in geometric and combinatorial algorithms and for bringing together discrete mathematics and algorithmics.,,,,Emo Welzl,"affiliation: ETH Zurich, Switzerland award (1995): Gottfried Wilhelm Leibniz Prize",https://awards.acm.org/award-recipients/welzl_1886985 | https://dblp.org/pid/w/EmoWelzl
acm_fellows.csv,"Wing, Jeannette M.",1998,,,no_candidate,No candidate with sufficient corroborating identity evidence in this pass.,,,,"For fundamental contributions to formal methods, programming languages, and programming methodology, and for promoting the use of formal methods in software development.",Jeannette M Wing,"Executive Vice President for Research, Professor of Computer Science, Columbia University","[""trustworthy AI"", ""security and privacy"", ""formal methods"", ""programming languages""]",Jeannette M. Wing,"affiliation: Columbia University, New York, NY, USA affiliation: Microsoft Research, USA affiliation: Carnegie Mellon University, Pittsburgh, USA award: ACM Distinguished Service Award, 2014",https://awards.acm.org/award-recipients/wing_1654391
acm_fellows.csv,"Zweben, Stuart",1998,,,no_candidate,No candidate with sufficient corroborating identity evidence in this pass.,,,,"For contributions to the field of software engineering, and for leadership in professional societies in the computing field.",Stuart Zweben,"Professor Emeritus, The Ohio State University","[""Computing education"", ""Software Engineering""]",Stuart H. Zweben,"affiliation: Ohio State University, Columbus, USA President of the ACM, 1994 to 1996",https://awards.acm.org/award-recipients/zweben_1290964
acm_fellows.csv,"akyildiz, ian f",1997,,,no_candidate,No candidate with sufficient corroborating identity evidence in this pass.,,,,"Dr. Akyildiz has achieved fundamental research contributions in: finite capacity queuing network models; performance evaluation of Time Warp parallel simulations; traffic Control in ATM networks, and ; mobility management in wireless networks.",IAN F. AKYILDIZ,"Truva Inc., USA","[""Wireless Commu5G/6G Wireless Systems"", ""Intelligent Surfaces"", ""Nano-scale and Molecular Communication"", ""Underwater and CubeSats Com""]",Ian F. Akyildiz,"affiliation: Georgia Institute of Technology, Atlanta, USA award (2011): W. Wallace McDowell Award award (2002): Harry H. Goode Memorial Award",https://awards.acm.org/award-recipients/akyildiz_2743755
acm_fellows.csv,"Baer, Jean-Loup",1997,,,no_candidate,No candidate with sufficient corroborating identity evidence in this pass.,,,,"For contributions to the design and evaluation of parallel processing systems, in particular in the areas of cache coherence protocols and techniques to tolerate memory latency.",,,,Jean-Loup Baer,"affiliation: University of Washington, Seattle, Washington, USA",https://awards.acm.org/award-recipients/ebaer_1063148
acm_fellows.csv,"Basili, Victor",1997,,,no_candidate,No candidate with sufficient corroborating identity evidence in this pass.,,,,For contributions to empirical software engineering.,V Basili,Professor Emeritus University of Maryland,"[""Empirical Software Engineering"", ""Software""]",Victor R. Basili,"affiliation: University of Maryland, Department of Computer Science, College Park, USA",https://awards.acm.org/award-recipients/basili_1045137
acm_fellows.csv,"Bate, Roger R",1997,,,no_candidate,No candidate with sufficient corroborating identity evidence in this pass.,,,,"Developing computational models for celestial mechanics, astrodynamics, transport lag systems, and nuclear reasctors; leadership in developing innovative computer architectures, software processes, and USAFA computer science.",,,,,,https://awards.acm.org/award-recipients/bate_1033521
acm_fellows.csv,"Boehm, Barry",1997,,,no_candidate,No candidate with sufficient corroborating identity evidence in this pass.,,,,"For significant contributions to the technology and discipline of software engineering, including implementation of advanced computer and software systems, environments, architectures, process models, cost models, quality models, and risk models.",Barry Boehm,"Professor of Computer Science, Industrial&Systems Engineering, & Astronautics","[""Computer Science"", ""Software Engineering"", ""Systems Engineering"", ""Software Cost Estimation"", ""Software Process""]",Barry W. Boehm,"affiliation: University of Southern California, Los Angeles, USA",https://awards.acm.org/award-recipients/boehm_1051168
acm_fellows.csv,"Chlamtac, Imrich",1997,,,no_candidate,No candidate with sufficient corroborating identity evidence in this pass.,,,,"For fundamental contributions to the development of algorithms and communication protocols, and technical leadership in mobile networking.",Imrich Chlamtac,"President, European Alliance for Innovation","[""Telecommunications""]",Imrich Chlamtac,,https://awards.acm.org/award-recipients/chlamtac_1888304
acm_fellows.csv,"Croft, Bruce",1997,,,no_candidate,No candidate with sufficient corroborating identity evidence in this pass.,,,,"For contributions to the theory and practice of information retrieval, especially the development of new retrieval models and the transfer of research results to practice.",W. Bruce Croft,"Distinguished Professor Emeritus, University of Massachusetts Amherst","[""Information Retrieval""]",W. Bruce Croft,"affiliation: University of Massachusetts Amherst, MA, USA affiliation (PhD 1978): University of Cambridge, UK",https://awards.acm.org/award-recipients/croft_1539394
acm_fellows.csv,"Davis, Gordon B",1997,,,no_candidate,No candidate with sufficient corroborating identity evidence in this pass.,,,,"One of the principal founders, intellectual architects, and developers of the academic discipline of information systems, also termed Management Information Systems.",Gordon B. Davis,"Professor of MIS, University of Minnesota 1961-2004","[""Management Information Systems"", ""MIS"", ""Information Systems""]",Gordon B. Davis,,https://awards.acm.org/award-recipients/davis_1044965
acm_fellows.csv,"Dobkin, David P",1997,,,no_candidate,No candidate with sufficient corroborating identity evidence in this pass.,,,,"For pionering the development of computational geometry as a field, and for leading the technology transfer of theoretical algorithms to practical problems in computer graphics.",David P. Dobkin,Princeton,[],David P. Dobkin,"affiliation: Princeton University, USA",https://awards.acm.org/award-recipients/dobkin_1543941
acm_fellows.csv,"Freeman, Herbert",1997,,,no_candidate,No candidate with sufficient corroborating identity evidence in this pass.,,,,"For his outstanding contributions in computer graphics, computer vision, and computerized cartography, especially his invention of the chain code for line-drawing representation and processing.",,,,Herbert Freeman,award (1999): Computer Pioneer Award,https://awards.acm.org/award-recipients/freeman_1001833
acm_fellows.csv,"Garcia-Molina, Hector",1997,,,no_candidate,No candidate with sufficient corroborating identity evidence in this pass.,,,,"For outstanding innovations to database system technology, including achievements in storage management, distributed databases, transaction management and digital libraries.",hector garcia-molina,"Professor of Computer Science, Stanford University",[],Hector Garcia-Molina,"affiliation: Stanford University, USA",https://awards.acm.org/award-recipients/garcia-molina_1583368
acm_fellows.csv,"Greif, Irene",1997,,,no_candidate,No candidate with sufficient corroborating identity evidence in this pass.,,,,"For innovative development of group-enabled desktop applications, and for pioneering the field of Computer Supported Cooperative Work.",,,,Irene Greif,"affiliation: IBM, USA award (2012): Anita Borg Institute Women of Vision Awards",https://awards.acm.org/award-recipients/greif_1243609
acm_fellows.csv,"Gurevich, Yuri",1997,,,no_candidate,No candidate with sufficient corroborating identity evidence in this pass.,,,,"Professor Yuri Gurevich is an internationally acclaimed researcher, educator, and leader in the field of foundational issues of computer science.",Yuri Gurevich,Professor of Computer Science and Engineering,"[""Computer science"", ""mathematics"", ""quantum physics""]",Yuri Gurevich,affiliation: Microsoft Research,https://awards.acm.org/award-recipients/gurevich_2256485
acm_fellows.csv,J D Couger,1997,,,no_candidate,No candidate with sufficient corroborating identity evidence in this pass.,,,,"A member of ACM for 29 years, Dan Couger has lectured in more than 60 countries on six continents. He is the author of 18 books and more than 185 papers. Prior to his academic appointment he was a manager in the computer field. He has served the US computing community in a variety of capacities, recognized by 5 national-level awards for his contributions.",,,,J. Daniel Couger,,
acm_fellows.csv,"Kedem, Zvi Meir",1997,,,no_candidate,No candidate with sufficient corroborating identity evidence in this pass.,,,,"Zvi Kedem has developed crucial enabling innovations in key areas of information technology and their foundational underpinnings: in computer graphics, database systems, and parallel computing.",,,,Zvi M. Kedem,"affiliation: New York University, USA",https://awards.acm.org/award-recipients/kedem_1284975
acm_fellows.csv,"Lawson, H W",1997,,,no_candidate,No candidate with sufficient corroborating identity evidence in this pass.,,,,"For outstanding contributions to compilers, programming languages, computer architecture, microporgramming, and real-time systems as well as to computer science and engineering education and training.",,,,Harold W. Lawson,award (2000): Computer Pioneer Award,https://awards.acm.org/award-recipients/lawson_1018555
acm_fellows.csv,"Lee, Der-Tsai",1997,,,unresolved_candidates,No candidate with sufficient corroborating identity evidence in this pass.,David Lee 0002 | David T. Lee | David Timothy Lee | Dik Lun Lee | Dong Hoon Lee 0001 | Dongha Lee 0003 | Dongman Lee | Dongwon Lee 0001 | Dongyoon Lee | Duan-Shin Lee,,,For contribution to Computational Geometry and Design and Analysis of Algorithms.,Der-Tsai Lee,"Distinguished Research Chair Professor, CSIE, Dept. National Taiwan University","[""computer science""]",D. T. Lee,"unicode name: 李德財 affiliation: Academia Sinica, Institute of Information Science, Taipei, Taiwan affiliation (former): Northwestern University, Department of Electrical and Computer Engineering, Evanston, IL, USA affiliation (former): National Science Foundation, Division of Computer and Computation Research, Washington, DC, USA affiliation (former, PhD 1978): University of Illinois at Urbana-Champaign, IL, USA",https://awards.acm.org/award-recipients/lee_1683903
acm_fellows.csv,"Lipton, Richard",1997,,,no_candidate,No candidate with sufficient corroborating identity evidence in this pass.,,,,For sustained excellence in research in virtually every aspect of theoretical computer science. He has produced some of the most influential work in the field.,,,,Richard J. Lipton,"affiliation: Georgia Institute of Technology affiliation: Princeton University, USA award (2014): Knuth Prize",https://awards.acm.org/award-recipients/lipton_2099257
acm_fellows.csv,"Lynch, Nancy",1997,Nancy A. Lynch,2026-09-18,scholar_id_and_identity_context,Same nonempty Scholar ID as the reviewed Y-rated roster link; candidate name and institution context reviewed for compatible identity.,Nancy A. Lynch,Massachusetts Inst. of Technology,https://people.csail.mit.edu/lynch,"For contributions to the theory of distributed computing, including mathematical models and proof techniques, algorithms and impossiblity results.",Nancy Lynch,"Professor of EECS, MIT","[""Distributed computing theory: Algorithms and lower bounds"", ""Modeling and verification"", ""Wireless networks"", ""Biological algorithms""]",Nancy A. Lynch,"affiliation: Massachusetts Institute of Technology (MIT), Computer Science and Artificial Intelligence Laboratory (CSAIL) award (2012): ACM Athena Lecturer award (2010): IEEE Emanuel R. Piore Award award (2007): Dijkstra Prize award (2007): Knuth Prize",https://awards.acm.org/award-recipients/lynch_2276129 | https://scholar.google.com/citations?user=LPTkkxUAAAAJ
acm_fellows.csv,"Menasce, Daniel A.",1997,,,no_candidate,No candidate with sufficient corroborating identity evidence in this pass.,,,,"For fundamental contributions to education and practice of computer networks and performance evaluation, and material contributions to the establishment of a strong computing industry in Brazil.",Daniel Menasce,"Professor of Computer Science, George Mason University","[""autonomic computing"", ""software performance engineering"", ""computer system performance evaluation"", ""service oriented architectures"", ""security""]",Daniel A. Menascé,affiliation: George Mason University,https://awards.acm.org/award-recipients/menasce_4050696
acm_fellows.csv,"Miller, Raymond",1997,,,no_candidate,No candidate with sufficient corroborating identity evidence in this pass.,,,,For research contributions to the theory of parallel computation and for his distinguished service to the Computer Science community as an educator and leader.,,,,,,https://awards.acm.org/award-recipients/miller_1010750
acm_fellows.csv,"Perrott, Ron",1997,,,no_candidate,No candidate with sufficient corroborating identity evidence in this pass.,,,,The candidate has made fundamental contributions to the design and implementation of parallel languages and has been active in formulating IT policy at the UK and European levels.,Ron Perrott,"Professor, Oxford University","[""Parallel computing""]",Ronald H. Perrott,"affiliation: University of Oxford, UK affiliation: Queen's University Belfast, UK award: ACM Distinguished Service Award, 2015",https://awards.acm.org/award-recipients/perrott_3842507
acm_fellows.csv,"Pippenger, Nicholas",1997,,,no_candidate,No candidate with sufficient corroborating identity evidence in this pass.,,,,"For numerous contributions to the theory of computation, to communication theory and information theory, and to related areas of mathematics.",Nicholas Pippenger,"Emeritus Professor of Mathematics, Harvey Mudd College","[""Discrete Math"", ""Probability""]",Nicholas Pippenger,"affiliation: Princeton University, USA",https://awards.acm.org/award-recipients/pippenger_1421585
acm_fellows.csv,"Pratt, Vaughan Ronald",1997,,,no_candidate,No candidate with sufficient corroborating identity evidence in this pass.,,,,"An outstanding computer scientist, with unusually diverse, original and deep accomplishments, like showing primes in NP, inventing dynamic logic, helping start SUN, and solidifying concurrency.",,,,Vaughan R. Pratt,"affiliation: Stanford University, USA",https://awards.acm.org/award-recipients/pratt_1324086
acm_fellows.csv,Raymond Reiter,1997,,,no_candidate,No candidate with sufficient corroborating identity evidence in this pass.,,,,"Professor Reiter's fundamental contributions to artificial intelligence have important applications in perception, diagnostic reasoning, robotic control and database, and programming language semantics.",,,,Raymond Reiter,"affiliation: University of Toronto, Department of Computer Science, ON, Canada",
acm_fellows.csv,"Schneck, Paul",1997,,,no_candidate,No candidate with sufficient corroborating identity evidence in this pass.,,,,"For leadership in compiler and operating system software for extending the utility and capability of high-performance computers, including mainframes, vector processors, and parallel processors.",,,,Paul B. Schneck,,https://awards.acm.org/award-recipients/schneck_1045616
acm_fellows.csv,"Sedgewick, Robert",1997,,,no_candidate,No candidate with sufficient corroborating identity evidence in this pass.,,,,For seminal work in the mathematical analysis of algorithms and pioneering research in algorithm animation.,Robert Sedgewick,Princeton University,"[""Algorithm science"", ""Analytic combinatorics"", ""Analysis of algorithms"", ""Algorithm engineering"", ""Data structures""]",Robert Sedgewick,"affiliation: Princeton University, USA",https://awards.acm.org/award-recipients/sedgewick_1183631
acm_fellows.csv,"Sevcik, Kenneth C",1997,,,no_candidate,No candidate with sufficient corroborating identity evidence in this pass.,,,,"For exceptional service to ACM and the computing profession, and for outstanding research contributions in data base systems and in computer/communication performance evaluation.",,,,Kenneth C. Sevcik,"affiliation: University of Toronto, Canada",https://awards.acm.org/award-recipients/sevcik_1127315
acm_fellows.csv,"Sharir, Micha",1997,,,no_candidate,No candidate with sufficient corroborating identity evidence in this pass.,,,,Algorithmic motion planning; properties of Davenport-Schinzel sequences and their applications in computiational geometry; arrangements of surfaces and their relevance to geometric algorithms; subexpotential randomized (combinatorial) algorithm for linear programming.,Micha Sharir,Tel Aviv University,"[""Computational Geometry"", ""Combinatorial Geometry""]",Micha Sharir,"affiliation: Tel Aviv University, Israel award (2025): Knuth Prize",https://awards.acm.org/award-recipients/sharir_1636810
acm_fellows.csv,"Shaw, Alan C",1997,,,no_candidate,No candidate with sufficient corroborating identity evidence in this pass.,,,,"He is an outstanding researcher with contributions in operating systems, real-time systems, picture processing and software modelling. He has written seminal CS texts.",,,,Alan C. Shaw,"affiliation: University of Washington, Seattle, Washington, USA",https://awards.acm.org/award-recipients/shaw_1096734
acm_fellows.csv,"Shneiderman, Ben",1997,,,no_candidate,No candidate with sufficient corroborating identity evidence in this pass.,,,,"Ben Shneiderman has been a leader in the field of computer-human interaction, seeking to extend benefits of computing technology to a broad constituency.",Ben Shneiderman,"Professor Emeritus Computer Science, University of Maryland","[""HCI"", ""human-computer interaction"", ""information visualization"", ""human-centered AI""]",Ben Shneiderman,"affiliation: University of Maryland, College Park, USA",https://awards.acm.org/award-recipients/shneiderman_1238799
acm_fellows.csv,"Steiglitz, Kenneth",1997,,,no_candidate,No candidate with sufficient corroborating identity evidence in this pass.,,,,"For advancing the fields of signal processing, control theory, computer music, and combinatorial optimization from a computer science perspective.",,,,Kenneth Steiglitz,"affiliation: Princeton University, USA",https://awards.acm.org/award-recipients/steiglitz_2779957
acm_fellows.csv,"Weyuker, Elaine",1997,Elaine J. Weyuker,2026-09-18,scholar_id_and_identity_context,Same nonempty Scholar ID as the reviewed Y-rated roster link; candidate name and institution context reviewed for compatible identity.,Elaine J. Weyuker,University of Central Florida,https://www.cs.ucf.edu/person/elaine-weyuker,"For contributions to software engineering, specifically software testing and metrics, and the theory of computation.",Elaine Weyuker,"Distinguished Professor, University of Central Florida","[""Software Engineering"", ""Software Testing"", ""Software Fault Prediction"", ""Empirical Software Engineering"", ""Software Metrics""]",Elaine J. Weyuker,"affiliation: University of Central Florida, Orlando, USA affiliation (former): AT&T Inc. USA award (2008): Anita Borg Institute Women of Vision Awards",https://awards.acm.org/award-recipients/weyuker_1412071 | https://scholar.google.com/citations?user=xXjQoLIAAAAJ
acm_fellows.csv,"Wilensky, Robert",1997,,,no_candidate,No candidate with sufficient corroborating identity evidence in this pass.,,,,For research contributions to the areas of natural language processing and digital libraries as well as outstanding leadership in Computer Science.,,,,Robert Wilensky,"affiliation: University of California, Berkeley, USA",https://awards.acm.org/award-recipients/wilensky_1570597
acm_fellows.csv,"Zanella, Paolo",1997,,,no_candidate,No candidate with sufficient corroborating identity evidence in this pass.,,,,"Dr. Zanella has been a pioneer in using and advancing state of the art information technology in European research, most noticeably as leader of the Data Division of CERN.",,,,,,https://awards.acm.org/award-recipients/zanella_1025881
acm_fellows.csv,"Adrion, William Richards",1996,,,no_candidate,No candidate with sufficient corroborating identity evidence in this pass.,,,,"For leadership in computing through academic and government administration, service to professional societies, and research on reliable systems, software testing and analysis.",,,,W. Richards Adrion,"affiliation: University of Massachusetts Amherst, USA",https://awards.acm.org/award-recipients/adrion_1176312
acm_fellows.csv,"Aho, Alfred V",1996,,,no_candidate,No candidate with sufficient corroborating identity evidence in this pass.,,,,"For contributions to Interconnection Networks, High-Performance Computer Architecture, System Reliability, and Scheduling Techniques.",Alfred Aho,"Lawrence Gussman Professor of Computer Science, Columbia University","[""Programming languages and compilers"", ""theory"", ""software"", ""quantum computing..""]",Alfred V. Aho,"affiliation: Columbia University, New York City, USA award (2020): Turing Award award (2003): IEEE John von Neumann Medal",https://awards.acm.org/award-recipients/aho_1046358
acm_fellows.csv,"Ahuja, Narendra",1996,,,no_candidate,No candidate with sufficient corroborating identity evidence in this pass.,,,,"For contributions to computer vision including hierarchical representation, active sensing, analysis guided synthesis, multidimensional modeling, computational sensors, and multiprocessor architectures.",Narendra Ahuja,"Donald Biggar Willet Professor, University of Illinois at Urbana-Champagn","[""Computer Vision""]",Narendra Ahuja,,https://awards.acm.org/award-recipients/ahuja_1711084
acm_fellows.csv,"Akeley, Kurt B",1996,,,no_candidate,No candidate with sufficient corroborating identity evidence in this pass.,,,,"In recognition of his contributions to the architecture, design, and realization of high performance 3D graphics hardware systems. These architectures define not only his company, but provide the high-performance 3D graphic facilities which enable scient",,,,Kurt Akeley,affiliation: Microsoft Research,https://awards.acm.org/award-recipients/akeley_2777811
acm_fellows.csv,"Bajcsy, Ruzena",1996,,,no_candidate,No candidate with sufficient corroborating identity evidence in this pass.,,,,For introducing the paradigm of Active Perception in the field of machine perception and establishing and maintaining a world class robotic and intelligent systems laboratory.,Ruzena bajcsy,Unknown affiliation,[],Ruzena Bajcsy,"affiliation: University of California, Berkeley, USA award (2009): Benjamin Franklin Medal award (2009): Anita Borg Institute Women of Vision Awards award (2003): ACM Distinguished Service Award award (2001): ACM - AAAI Allen Newell Award",https://awards.acm.org/award-recipients/bajcsy_1513548
acm_fellows.csv,"Bochmann, Gregor V",1996,Gregor von Bochmann,2026-09-18,reviewed_name_and_institution,Exact reviewed DBLP author name (including disambiguation number) plus matching current or historical institutional context in the retained Scholar/DBLP evidence.,Gregor V. Bochmann | Gregor v. Bochmann | Gregor von Bochmann,University of Ottawa,http://www.site.uottawa.ca/~bochmann,"In a seminal 1977 paper, Professor Bochmann proposed a formal model for designing communication protocols. This was followed by many papers enlarging upon the concepts, so establishing the field of protocol engineering.",Gregor v. Bochmann,University of Ottawa,[],Gregor von Bochmann,"affiliation: University of Ottawa, Canada affiliation: Université de Montréal, Canada",https://awards.acm.org/award-recipients/bochmann_1191212 | https://dblp.org/pid/b/GvBochmann | https://scholar.google.com/citations?user=nTTn0TIAAAAJ
acm_fellows.csv,"Borg, Anita",1996,,,no_candidate,No candidate with sufficient corroborating identity evidence in this pass.,,,,For contributions to fault tolerant computing and memory system performance measurement; for her support of women in computing with her creation of 'systers' and the Grace Hopper Celebration of Women in Computing.,,,,Anita Borg,award (1995): EFF Pioneer Award,https://awards.acm.org/award-recipients/borg_4980071
acm_fellows.csv,"Dodd, George",1996,,,no_candidate,No candidate with sufficient corroborating identity evidence in this pass.,,,,For pioneering contributions to associative network and relational database systems and sustained leadership role and management of innovative research and development for computer applications in the automotive industry.,,,,George G. Dodd,,https://awards.acm.org/award-recipients/dodd_4584082
acm_fellows.csv,"Encarnacao, Jose L.",1996,,,no_candidate,No candidate with sufficient corroborating identity evidence in this pass.,,,,"Jose Encarnacao was awarded the SIGGRAPH Steven A. Coons Award for Outstanding Creative Contributions to Computer Graphics for 1995. Dr. Jose Encarnacao is being recognized for his leadership in the international graphics standard efforts, and for his leadership in projects applying computer graphics to a broad range of industrial and medical applications.",,,,José L. Encarnação,"affiliation: Technische Universität Darmstadt, Germany award (1997): Konrad Zuse Medal",https://awards.acm.org/award-recipients/encarnacao_1154509
acm_fellows.csv,"Ferrante, Jeanne",1996,,,no_candidate,No candidate with sufficient corroborating identity evidence in this pass.,,,,For the development of intermediate program representations for program optimization and parallelization that are fundamental to current optimizing compilers.,,,,Jeanne Ferrante,"affiliation: University of California, San Diego, USA",https://awards.acm.org/award-recipients/ferrante_2284206
acm_fellows.csv,"Frailey, Dennis",1996,,,no_candidate,No candidate with sufficient corroborating identity evidence in this pass.,,,,"For advances in real-time operating systems, optimizing compilers, computer architecture and software process; for leadership in computer science education; and for service to the computing profession.",Dennis Frailey,"Retired, Texas Instruments, Raytheon, SMU, UT Arlington","[""software engineering"", ""computer science"", ""engineering management"", ""software quality engineering"", ""cycle time reduction""]",Dennis J. Frailey,"affiliation: University of Texas at Arlington, TX, USA",https://awards.acm.org/award-recipients/frailey_1054683
acm_fellows.csv,"Graham, Robert M",1996,,,no_candidate,No candidate with sufficient corroborating identity evidence in this pass.,,,,"He was a significant contributor to the deign and implementation of the Multics time-sharing system and the MAD compiler; SIGPLAN chairman; CACM department editor; National ACM Lecturer; University of Massachusetts Computer Science Department chairman; and author of the textbook, Principles of Systems Programming.",,,,Robert M. Graham,"affiliation: University of Massachusetts Amherst, USA",https://awards.acm.org/award-recipients/graham_1013218
acm_fellows.csv,"Harrison, Michael A",1996,,,no_candidate,No candidate with sufficient corroborating identity evidence in this pass.,,,,"For his rare combination of fundamental theoretical contributions in automata theory and formal languages, service to ACM, and entrepreneurial contributions.",,,,Michael A. Harrison,"affiliation: University of California, Berkeley, USA",https://awards.acm.org/award-recipients/harrison_1013374
acm_fellows.csv,"Heidelberger, Philip",1996,,,no_candidate,No candidate with sufficient corroborating identity evidence in this pass.,,,,For contributions to the theory and practice of efficient discrete event simulations.,Philip Heidelberger,IBM Research (Retired),[],Philip Heidelberger,affiliation: IBM Research,https://awards.acm.org/award-recipients/heidelberger_1759711
acm_fellows.csv,"Irwin, Mary Jane",1996,,,no_candidate,No candidate with sufficient corroborating identity evidence in this pass.,,,,"For contributions to computer arithmetic, digital signal processing architectures, and electronic CAD and outstanding service to ACM/SIG activities.",Mary Jane (Janie) Irwin,"Emerita Evan Pugh University Professor, CSE, Penn State University","[""Computer Architecture"", ""VLSI Design"", ""Electronic Design Automation""]",Mary Jane Irwin,"affiliation: Penn State, University Park, USA award (2010): ACM Athena Lecturer award (2007): Anita Borg Institute Women of Vision Awards award (2005): ACM Distinguished Service Award",https://awards.acm.org/award-recipients/irwin_1411388
acm_fellows.csv,"Jaffe, Jeffrey",1996,,,no_candidate,No candidate with sufficient corroborating identity evidence in this pass.,,,,For outstanding achievements in the development of effective and influential distributed routing algorithms for peer networking and for many professional contributions to computer communication research.,,,,Jeff Jaffe,"affiliation: World Wide Web Consortium affiliation (former): Lucent Technologies, Bell Labs., Holmdel, NJ, USA affiliation (former): IBM Thomas J. Watson Research Center, Yorktown Heights, NY, USA affiliation (PhD 1979): Massachusetts Institute of Technology, Boston, MA, USA",https://awards.acm.org/award-recipients/jaffe_1816776
acm_fellows.csv,"Jones, Anita K",1996,,,no_candidate,No candidate with sufficient corroborating identity evidence in this pass.,,,,For contributions to the development of operating system and parallel system software and to the advancement of science and technology in the United States.,,,,Anita K. Jones,"affiliation: University of Virginia, Charlottesville, VA, USA affiliation (former): Carnegie Mellon University, Pittsburgh, PA, USA",https://awards.acm.org/award-recipients/jones_5056346
acm_fellows.csv,"Katz, Randy H.",1996,,,no_candidate,No candidate with sufficient corroborating identity evidence in this pass.,,,,"For contributions to computer system design, engineering education, and government service.",Randy Katz,"University of California, Berkeley","[""Computer Systems"", ""Communications Networks"", ""Distributed Systems"", ""Energy Efficiency in Systems""]",Randy H. Katz,"affiliation: University of California, Berkeley, USA award (2010): IEEE James H. Mulligan, Jr. Education Medal",https://awards.acm.org/award-recipients/katz_1398320
acm_fellows.csv,"Klawe, Maria",1996,,,no_candidate,No candidate with sufficient corroborating identity evidence in this pass.,,,,"For outstanding technical, educational, and disciplinary leadership, and for significant contributions to theoretical computer science and to educational applications of computing technology.",,,,Maria M. Klawe,"affiliation: Harvey Mudd College, Claremont, CA, USA award (2014): Anita Borg Institute Women of Vision Awards President of the ACM, 2002 to 2004",https://awards.acm.org/award-recipients/klawe_1960913
acm_fellows.csv,"Landweber, Lawrence H",1996,,,no_candidate,No candidate with sufficient corroborating identity evidence in this pass.,,,,"Lawrence H. Landweber has been a pioneer in the development of computer networks to support research and education. Accomplishments include his founding role in CSNET, the first community-based network, and his contribution to the internationalization of the Internet.",,,,Lawrence H. Landweber,"affiliation: University of Wisconsin, Madison, USA award (2012): Internet Hall of Fame",https://awards.acm.org/award-recipients/landweber_1036110
acm_fellows.csv,Larry Stockmeyer,1996,,,no_candidate,No candidate with sufficient corroborating identity evidence in this pass.,,,,"For several fundamental contributions to computational complexity theory, which have significantly affected the course of this field.",,,,Larry J. Stockmeyer,award (2007): Dijkstra Prize,
acm_fellows.csv,"Lesk, Michael E",1996,,,no_candidate,No candidate with sufficient corroborating identity evidence in this pass.,,,,"For outstanding contributions to Unix, research in Information Retrieval, and the design and implementation of multimedia Digital Libraries.",,,,Michael E. Lesk,,https://awards.acm.org/award-recipients/lesk_1118207
acm_fellows.csv,"Levy, Henry M",1996,,,no_candidate,No candidate with sufficient corroborating identity evidence in this pass.,,,,"For exceptional contributions to computer science research in operating systems and computer architecture, to education (through publications and students), and to the ACM.",Henry M. Levy,"Professor and Wissner-Slivka Chair, Paul G. Allen School of Computer Science & Engineering","[""Operating Systems"", ""Distributed Systems"", ""Computer Architecture""]",Henry M. Levy,"affiliation: University of Washington, Seattle, Washington, USA",https://awards.acm.org/award-recipients/levy_1741685
acm_fellows.csv,"Muntz, Richard R",1996,,,no_candidate,No candidate with sufficient corroborating identity evidence in this pass.,,,,For contributions to the theory of queuing networks and their application to computer system performance evaluation.,Richard R. Muntz,"Professor of Computer Science, UCLA","[""Database management"", ""performance evaluation"", ""data mining"", ""storage""]",Richard R. Muntz,"affiliation: University of California, Los Angeles, USA",https://awards.acm.org/award-recipients/muntz_2656122
acm_fellows.csv,"Nance, Richard E",1996,,,no_candidate,No candidate with sufficient corroborating identity evidence in this pass.,,,,"Dr. Nance's fundamental work in simulation environments has changed the profession. His unfailing effectiveness as editor, committee chair, and conference organizer helps make ACM successful.",,,,Richard E. Nance,,https://awards.acm.org/award-recipients/nance_1074814
acm_fellows.csv,"Nishizeki, Takao",1996,,,no_candidate,No candidate with sufficient corroborating identity evidence in this pass.,,,,"For contributions to the design and analysis of efficient algorithms for planar graphs, network flows and VLSI routing.",Takao Nishizeki,Tohoku University (Emeritus Professor),"[""Algorithm"", ""Graph Algorithms"", ""Graph Drawing"", ""Discrete Mathematics"", ""Secret sharing""]",Takao Nishizeki,"affiliation: Tohoku University, Japan",https://awards.acm.org/award-recipients/nishizeki_3042207
acm_fellows.csv,"Preas, Bryan",1996,,,no_candidate,No candidate with sufficient corroborating identity evidence in this pass.,,,,"For excellence in physical design research, promotion of design automation through conference leadership, and pioneering effort in electronic design automation publications.",,,,Bryan Preas,,https://awards.acm.org/award-recipients/preas_2878536
acm_fellows.csv,"Rao, TRN",1996,,,no_candidate,No candidate with sufficient corroborating identity evidence in this pass.,,,,For outstanding contributions to error-control coding theory and fault tolerant systems; and service to ACM Lectureship and Chapter activities.,,,,T. R. N. Rao,"affiliation: University of Louisiana at Lafayette, USA",https://awards.acm.org/award-recipients/rao_1788686
acm_fellows.csv,"Reingold, Edward M",1996,,,no_candidate,No candidate with sufficient corroborating identity evidence in this pass.,,,,For significant research and educational contributions to data structures and the analysis of combinatorial algorithms.,Edward M Reingold,"Prof Emeritus Comp Sci, UIUC & Ill Inst of Tech","[""algorithms"", ""data structures"", ""calendars""]",Edward M. Reingold,"affiliation: University of Illinois, USA",https://awards.acm.org/award-recipients/reingold_1148444
acm_fellows.csv,"Rice, John",1996,,,no_candidate,No candidate with sufficient corroborating identity evidence in this pass.,,,,For leadership in establishing the discipline of mathematical software and in founding the journal ACM Transactions on Mathematical Software. For leadership in developing high level systems and problem solving environments for scientific and numerical applications. For serving to the computing profession in editorial and administrative positions.,,,,,,https://awards.acm.org/award-recipients/rice_1062546
acm_fellows.csv,"Rosenberg, Arnold",1996,,,no_candidate,No candidate with sufficient corroborating identity evidence in this pass.,,,,"For contributions to the study of graph-theoretic models of computation, emphasizing theoretical studies of parallel algorithms and architectures, VLSI design and layout, and data structures.",,,,Arnold L. Rosenberg,"affiliation: University of Massachusetts Amherst, USA",https://awards.acm.org/award-recipients/rosenberg_1037498
acm_fellows.csv,"Savage, John E",1996,,,no_candidate,No candidate with sufficient corroborating identity evidence in this pass.,,,,"For fundamental contributions to theoretical computer science, information theory, and VLSI design, analysis and synthesis.",,,,John E. Savage,"affiliation: Brown University, Providence, USA",https://awards.acm.org/award-recipients/savage_1091867
acm_fellows.csv,"Shaw, Mary M",1996,Mary Shaw,2026-09-18,scholar_id_and_identity_context,Same nonempty Scholar ID as the reviewed Y-rated roster link; candidate name and institution context reviewed for compatible identity.,Mary Shaw,Carnegie Mellon University,http://www.cs.cmu.edu/~shaw,"For significant contributions to software engineering, especially in the areas of software architecture, abstract data types, and software engineering education.",Mary Shaw,"A.J. Perlis University Professor of Computer Science, Carnegie Mellon Univeristy","[""Software Engineering"", ""Software Architecture"", ""Software Design"", ""Computer Science Education""]",Mary Shaw,"affiliation: Carnegie Mellon University, Pittsburgh, USA award (2012): National Medal of Technology and Innovation",https://awards.acm.org/award-recipients/shaw_1037829 | https://scholar.google.com/citations?user=CTXoO1AAAAAJ
acm_fellows.csv,"Vernon, Mary K",1996,,,no_candidate,No candidate with sufficient corroborating identity evidence in this pass.,,,,For fundamental contributions to performance analysis of parallel computer architectures and for leadership in the computing research community.,,,,Mary K. Vernon,"affiliation: University of Wisconsin-Madison, Madison, USA",https://awards.acm.org/award-recipients/vernon_1777267
acm_fellows.csv,"Vitter, Jeffrey S.",1996,,,no_candidate,No candidate with sufficient corroborating identity evidence in this pass.,,,,For contributions to the theory of information storage and retrieval and to the design and mathematical analysis of computer algorithms.,Jeffrey S. Vitter,Distinguished Professor Emeritus and 17th Chancellor of Univ. of Mississippi,"[""Algorithms"", ""External Memory"", ""Compressed Data Structures"", ""Data Compression"", ""Databases""]",Jeffrey Scott Vitter,"affiliation: University of Mississippi, Oxford, USA affiliation: University of Kansas, Department of Electrical Engineering and Computer Science, USA affiliation: Texas A&M University, College Station, Department of Computer Science and Engineering, USA affiliation: Purdue University, West Lafayette, Department of Computer Sciences, USA affiliation: Duke University, Durham, Department of Computer Science, USA award (1985): Presidential Young Investigator Award",https://awards.acm.org/award-recipients/vitter_1852276
acm_fellows.csv,"Wasserman, Anthony I",1996,,,no_candidate,No candidate with sufficient corroborating identity evidence in this pass.,,,,For technical and professional contributions to the field of software engineering.,,,,Anthony I. Wasserman,"affiliation: Carnegie Mellon Silicon Valley, USA",https://awards.acm.org/award-recipients/wasserman_1068543
acm_fellows.csv,"Wegman, Mark",1996,,,no_candidate,No candidate with sufficient corroborating identity evidence in this pass.,,,,"For contributions to compiler technology and to the design, implementation, and analysis of algorithms.",Mark Wegman,UC Berkeley and IBM,"[""computer science""]",Mark N. Wegman,affiliation: IBM Research award (2006): Programming Languages Achievement Award,https://awards.acm.org/award-recipients/wegman_3183738
acm_fellows.csv,"Weingarten, Fred W",1996,,,no_candidate,No candidate with sufficient corroborating identity evidence in this pass.,,,,For contributions in shaping government science and technology policy regarding computer science and engineering and understanding and raising community awareness of broader policy issues raised by information technology.,,,,Fred W. Weingarten,,https://awards.acm.org/award-recipients/weingarten_3747433
acm_fellows.csv,"Witten, Ian",1996,Ian H. Witten,2026-09-18,scholar_id_and_identity_context,Same nonempty Scholar ID as the reviewed Y-rated roster link; candidate name and institution context reviewed for compatible identity.,Ian H. Witten,University of Waikato,http://www.cs.waikato.ac.nz/~ihw,"For contributions to the study of how past behavior can expedite future interaction, in particular adaptive data compression, programming by demonstration, and machine learning.",Ian H. Witten,"Professor of Computer Science, University of Waikato, New Zealand","[""data mining"", ""machine learning"", ""digital libraries""]",Ian H. Witten,"affiliation: University of Waikato, Hamilton, New Zealand",https://awards.acm.org/award-recipients/witten_2046142 | https://scholar.google.com/citations?user=BSFdGw0AAAAJ
acm_fellows.csv,"Yovits, Marshall C",1996,,,no_candidate,No candidate with sufficient corroborating identity evidence in this pass.,,,,"For efforts in establishing the Computer Science Conferences, for development of educational programs in Computer Science, and for the early support of seminal computer research.",,,,Marshall C. Yovits,award (1989): Computer Pioneer Award,https://awards.acm.org/award-recipients/yovits_1134352
acm_fellows.csv,"Abrahams, Paul W",1995,,,no_candidate,No candidate with sufficient corroborating identity evidence in this pass.,,,,For his leadership as ACM President and in other offices; for contributions to programming language design and standardization; and to computing as author and lecturer.,,,,Paul W. Abrahams,,https://awards.acm.org/award-recipients/abrahams_1012285
acm_fellows.csv,"Ashenhurst, R L",1995,,,no_candidate,No candidate with sufficient corroborating identity evidence in this pass.,,,,Ashenhurst's most notable contributions in 31 years of ACM leadership were 14 years as Monograph Series editor and 17 years as editor of CACM Forum.,,,,Robert L. Ashenhurst,,https://awards.acm.org/award-recipients/ashenhurst_1004811
acm_fellows.csv,"Bernstein, Lawrence",1995,,,no_candidate,No candidate with sufficient corroborating identity evidence in this pass.,,,,Mr. Bernstein is one of the founders of network management as a technology and as a scientific discipline. His systems currently support over 100 million customers.,,,,Lawrence Bernstein,,https://awards.acm.org/award-recipients/bernstein_2486959
acm_fellows.csv,"Booch, Grady Ernest",1995,,,no_candidate,No candidate with sufficient corroborating identity evidence in this pass.,,,,Booch has pioneered the development of object-oriented analysis and design methods. He has also offered seminal contributions in software architecture and reusable software components.,,,,Grady Booch,award (2016): Computer Pioneer Award,https://awards.acm.org/award-recipients/booch_2030153
acm_fellows.csv,"Brandin, David H",1995,,,no_candidate,No candidate with sufficient corroborating identity evidence in this pass.,,,,"For his 20 years of ACM leadership, his research management in theoretical and applied computer science, and his contributions to the public use of computing.",,,,David H. Brandin,,https://awards.acm.org/award-recipients/brandin_1065960
acm_fellows.csv,"Brent, Richard P",1995,,,no_candidate,No candidate with sufficient corroborating identity evidence in this pass.,,,,"For research in the areas of parallel algorithms, computational number theory, multiple-precision arithmetic, computational complexity and numerical analysis, and leadership in Australian Computer Science.",Richard P Brent,Australian National University,"[""analysis of algorithms"", ""combinatorics"", ""number theory"", ""numerical analysis""]",Richard P. Brent,"affiliation: Australian National University, Acton, USA",https://awards.acm.org/award-recipients/brent_1107689
acm_fellows.csv,"Carpenter, Loren C",1995,,,no_candidate,No candidate with sufficient corroborating identity evidence in this pass.,,,,Loren Carpenter is a pioneer in the design of algorithms for generating faster computer graphics; his images approach photographic realism. He has continued his work in large scale computer generated visuals.,,,,Loren C. Carpenter,,https://awards.acm.org/award-recipients/carpenter_1507284
acm_fellows.csv,"Catmull, Edwin",1995,,,no_candidate,No candidate with sufficient corroborating identity evidence in this pass.,,,,"Dr. Edwin E. Catmull has made many and noteworthy advances in computer graphics as an individual researcher, as an inspiring leader in the field, as a director of organizations, and as a mentor for many.",Edwin Catmull,"Pixar, Disney, retired","[""animation"", ""creativity"", ""management""]",Edwin E. Catmull,award (2019): Turing Award award (2006): IEEE John von Neumann Medal,https://awards.acm.org/award-recipients/catmull_1244219
acm_fellows.csv,Chris S Wallace,1995,,,rejected_identity_conflict,The shared Scholar ID points from CSRankings Christopher Stewart at Ohio State to the stored C S Wallace profile. The names and institutions conflict: Wallace is the Monash researcher (1933-2004). Reject the ID-only candidate.,Christopher Stewart | Charles R. Wallace | Charles Wallace 0001,,,"For research in a number of areas in Computer Science including fast multiplication algorithm, minimum message length principle and its applications, random number generation, computer architecture, numerical solution of ODE's, and contribution to Australian Computer Science.",C S Wallace,"Christopher (Chris) Stewart Wallace (1933-2004), Foundation Professor of Computer Science, Monash","[""computer hardware"", ""inference"", ""minimum message length"", ""MML"", ""MDL""]",Chris S. Wallace,,https://scholar.google.com/citations?user=d7k7_7wAAAAJ | https://users.monash.edu.au/~dld/CSWallacePublications/
acm_fellows.csv,"Constable, Robert",1995,,,no_candidate,No candidate with sufficient corroborating identity evidence in this pass.,,,,"For fundamental contributions to the field of logic and its computational aspects, especially his work on providing mechanical assistance in problem solving through the software system Nuprl.",,,,,,https://awards.acm.org/award-recipients/constable_1117506
acm_fellows.csv,"Denning, Dorothy E",1995,,,no_candidate,No candidate with sufficient corroborating identity evidence in this pass.,,,,For technical leadership and professional contributions that advanced the field of computer and communications security and promoted the open exchange of ideas and information.,,,,Dorothy E. Denning,"affiliation: Naval Postgraduate School, Department of Defense Analysis, Monterey, CA, USA",https://awards.acm.org/award-recipients/denning_1239516
acm_fellows.csv,"DeWitt, David",1995,,,no_candidate,No candidate with sufficient corroborating identity evidence in this pass.,,,,"For fundamental contributions to the areas of parallel database systems, database system benchmarking, and object-oriented database systems, and for outstanding service as an educator and a technical leader.",David DeWitt,"John P. Morgridge Professor, Emeritus, University of Wisconsin. Technical Fellow, Microsoft","[""database systems""]",David J. DeWitt,"affiliation: University of Wisconsin-Madison, Madison, USA award (2009): IEEE Emanuel R. Piore Award award (2008): ACM Software System Award award (1995): SIGMOD Edgar F. Codd Innovations Award",https://awards.acm.org/award-recipients/dewitt_1251768
acm_fellows.csv,"Druffel, Larry",1995,,,no_candidate,No candidate with sufficient corroborating identity evidence in this pass.,,,,For leadership in advancing the state of software engineering practice and technical contributions to design automation and software development environments.,,,,Larry E. Druffel,,https://awards.acm.org/award-recipients/druffel_2047611
acm_fellows.csv,"Engeler, Erwin",1995,,,no_candidate,No candidate with sufficient corroborating identity evidence in this pass.,,,,"Erwin Engeler is honored for his pioneering work on the interrelations between logic, computer science and scientific computation.",,,,Erwin Engeler,,https://awards.acm.org/award-recipients/engeler_1192251
acm_fellows.csv,"Feldman, Stuart",1995,,,no_candidate,No candidate with sufficient corroborating identity evidence in this pass.,,,,For outstanding contributions to the research and practice of software development environments and for leadership and innovation in ACM's Special Interest Group on Programming Languages.,,,,Stuart I. Feldman,"affiliation: Schmidt Futures, NY, USA award (2003): ACM Software System Award President of the ACM, 2006 to 2008",https://awards.acm.org/award-recipients/feldman_1240498
acm_fellows.csv,"Garey, Michael R",1995,,,no_candidate,No candidate with sufficient corroborating identity evidence in this pass.,,,,For fundamental contributions to the theory of complexity and algorithms and for outstanding service to ACM.,Michael R Garey,Retired,"[""Algorithms"", ""complexity"", ""scheduling theory"", ""graph theory""]",M. R. Garey,affiliation: Bell Labs award (1979): Frederick W. Lanchester Prize,https://awards.acm.org/award-recipients/garey_1074483
acm_fellows.csv,"Ginsberg, Myron",1995,,,no_candidate,No candidate with sufficient corroborating identity evidence in this pass.,,,,Pioneering and sustained contributions to supercomputing research and its application to the automotive industry in addition to distinguished teaching and service in high-performance computing.,,,,Myron Ginsberg,,https://awards.acm.org/award-recipients/ginsberg_1241975
acm_fellows.csv,"Goodenough, John B",1995,,,no_candidate,No candidate with sufficient corroborating identity evidence in this pass.,,,,For technical contributions improving the state of the art and state of the practice of software engineering.,,,,,,https://awards.acm.org/award-recipients/goodenough_1028323
acm_fellows.csv,"Greenberg, Donald",1995,,,no_candidate,No candidate with sufficient corroborating identity evidence in this pass.,,,,Professor Greenberg is both an expert in structural engineering and computer science. He is one of the outstanding researchers and contributors in computer graphics.,,,,Donald P. Greenberg,"affiliation: Cornell University, Ithaca, NY, USA",https://awards.acm.org/award-recipients/greenberg_1489566
acm_fellows.csv,"Grosch, Herbert R J",1995,,,no_candidate,No candidate with sufficient corroborating identity evidence in this pass.,,,,"A computer pioneer who managed important space and technology projects, Grosch is respected for discovering and describing the relationship between speed and cost of computers.",,,,Herbert R. J. Grosch,,https://awards.acm.org/award-recipients/grosch_1000512
acm_fellows.csv,Harold J Highland,1995,,,no_candidate,No candidate with sufficient corroborating identity evidence in this pass.,,,,"For contributions to modeling and simulation theory, particularly the development and use of random number algorithms. For promotion of information security issues internationally. For service and leadership to ACM's SIG publications.",,,,Harold Joseph Highland,,
acm_fellows.csv,"Herzog, Bertram",1995,,,no_candidate,No candidate with sufficient corroborating identity evidence in this pass.,,,,"Dr. Herzog has been a pioneer in recognizing new ideas and applications with computing, via distributed computing, networking and computer graphics. He has had a distinguished career in research and education in academia, business, and industry.",,,,Bertram Herzog,,https://awards.acm.org/award-recipients/herzog_1035435
acm_fellows.csv,"Hoffman, Lance J",1995,,,no_candidate,No candidate with sufficient corroborating identity evidence in this pass.,,,,"Research and social impact of computing and facilitation of dialogue among concerned stakeholders, exemplified by institutionalizing within ACM the Conference on Computers, Freedom, and Privacy.",Lance Hoffman,"Distinguished Research Professor of Computer Science, The George WashingtonUniversity","[""cybersecurity"", ""social impact of computing""]",Lance J. Hoffman,,https://awards.acm.org/award-recipients/hoffman_1028737
acm_fellows.csv,"Ibarra, Oscar",1995,Oscar H. Ibarra,2026-09-18,reviewed_name_and_institution,Exact reviewed DBLP author name (including disambiguation number) plus matching current or historical institutional context in the retained Scholar/DBLP evidence.,Oscar H. Ibarra,Univ. of California - Santa Barbara,https://sites.cs.ucsb.edu/~ibarra,"For contributions to the design and analysis of algorithms, the theory of computation, computational complexity, and parallel computing.",,,,Oscar H. Ibarra,"affiliation: University of California, Santa Barbara, USA award (2001): Harry H. Goode Memorial Award",https://awards.acm.org/award-recipients/ibarra_1194323 | https://dblp.org/pid/i/OscarHIbarra
acm_fellows.csv,"Johnson, David S",1995,,,unresolved_candidates,No candidate with sufficient corroborating identity evidence in this pass.,David B. Johnson 0001 | David O. Johnson | David Orville Johnson,,,"For fundamental contributions to the theories of approximation algorithms and computational complexity, and for outstanding service to ACM.",,,,,,https://awards.acm.org/award-recipients/johnson_1325893
acm_fellows.csv,"Jones, Cliff B",1995,,,no_candidate,No candidate with sufficient corroborating identity evidence in this pass.,,,,"A longstanding originator and promoter of formal and rigorous methods for software design and construction, especially the Vienna Development Method (VDM).",Cliff B Jones,"Professor of Computing Science, Newcastle University, UK","[""Concurrency"", ""Semantics"", ""Formal Methods"", ""History""]",Cliff B. Jones,"affiliation: Newcastle University, Newcastle upon Tyne, UK",https://awards.acm.org/award-recipients/jones_1076850
acm_fellows.csv,"Kennedy, Kenneth W",1995,,,no_candidate,No candidate with sufficient corroborating identity evidence in this pass.,,,,"For outstanding contributions to the research and practice of achieving high performance on parallel computers, through innovations in programming language design and program optimization.",,,,,,https://awards.acm.org/award-recipients/kennedy_1099712
acm_fellows.csv,"Kim, Won",1995,,,unresolved_candidates,No candidate with sufficient corroborating identity evidence in this pass.,Won Hwa Kim,,,"For fundamental insights into query optimization in relational databases, support for engineering applications, and functionality and architecture of object-oriented databases, and for extensive editorial service.",,,,,,https://awards.acm.org/award-recipients/kim_3331865
acm_fellows.csv,"Kosaraju, Sambasiva",1995,S. Rao Kosaraju,2026-09-18,reviewed_name_and_institution,Exact reviewed DBLP author name (including disambiguation number) plus matching current or historical institutional context in the retained Scholar/DBLP evidence.,S. Rao Kosaraju,Johns Hopkins University,http://www.cs.jhu.edu/~kosaraju,For contributions to the Theory of Parallel Computing.,,,,S. Rao Kosaraju,"affiliation: Johns Hopkins University, USA",https://awards.acm.org/award-recipients/kosaraju_1130855 | https://dblp.org/pid/k/SRaoKosaraju
acm_fellows.csv,"Ladner, Richard E.",1995,,,no_candidate,No candidate with sufficient corroborating identity evidence in this pass.,,,,For seminal and significant contributions in theoretical computer science research.,Richard E Ladner,University of Washington,"[""Human Computer Interaction"", ""Accessibility"", ""Theoretical Computer Science"", ""Algorithms""]",Richard E. Ladner,"affiliation: University of Washington, Seattle, Washington, USA",https://awards.acm.org/award-recipients/ladner_1193366
acm_fellows.csv,"Lazowska, Edward",1995,,,no_candidate,No candidate with sufficient corroborating identity evidence in this pass.,,,,"For advancing the state of the art in computer systems and computer system performance analysis, and for significant technical, educational, and disciplinary leadership.",Ed Lazowska,"Bill & Melinda Gates Chair in Computer Science & Engineering, University of Washington","[""Computer Systems""]",Edward D. Lazowska,"affiliation: University of Washington, Seattle, USA award: ACM Distinguished Service Award, 2009",https://awards.acm.org/award-recipients/lazowska_1270677
acm_fellows.csv,"Leveson, Nancy",1995,,,no_candidate,No candidate with sufficient corroborating identity evidence in this pass.,,,,Nancy Leveson is the founder of the field of software safety and has developed safety techniques that are used by industry and other researchers worldwide.,N Leveson,MIT,[],Nancy G. Leveson,"affiliation: MIT, Cambridge, MA, USA award (1999): ACM - AAAI Allen Newell Award",https://awards.acm.org/award-recipients/leveson_1540475
acm_fellows.csv,"Misra, Jayadev",1995,,,unresolved_candidates,No candidate with sufficient corroborating identity evidence in this pass.,J. P. Misra,,,"For significant advancements in the theory and practice of distributed computing, in particular for work on Parallel Program Design and the development and use of UNITY.",Jayadev Misra,University of Texas at Austin,[],Jayadev Misra,"affiliation: University of Texas at Austin, USA",https://awards.acm.org/award-recipients/misra_2575603
acm_fellows.csv,"Nievergelt, J",1995,,,no_candidate,No candidate with sufficient corroborating identity evidence in this pass.,,,,"Outstanding educator, author of textbooks of exemplary clarity and innovative content. Influential contributions in data structures (trees, extendible hashing, gridfile) and software for geometry (GeoBench).",,,,,,https://awards.acm.org/award-recipients/nievergelt_1043728
acm_fellows.csv,"Oettinger, Anthony",1995,,,no_candidate,No candidate with sufficient corroborating identity evidence in this pass.,,,,For more than 42 years Professor Oettinger has served ACM and computing and led in the establishment of the national communications and information resources policy.,,,,Anthony G. Oettinger,"affiliation: Harvard University, Cambridge, USA",https://awards.acm.org/award-recipients/oettinger_1003284
acm_fellows.csv,"Preparata, Franco P",1995,,,no_candidate,No candidate with sufficient corroborating identity evidence in this pass.,,,,"For significant research contributions in Computational Geometry, Parallel Algorithms, Theory of VLSI Layouts, Fault Diagnosis in Computer Systems, and Algebraic Coding Theory.",,,,Franco P. Preparata,"affiliation: Brown University, Providence, USA",https://awards.acm.org/award-recipients/preparata_1481076
acm_fellows.csv,"Rada, Roy F",1995,,,no_candidate,No candidate with sufficient corroborating identity evidence in this pass.,,,,Author of over 100 journal articles and several books on information systems and leader in ACM SIG conference activities for over a decade.,Roy Rada,"Professor Emeritus of Information Systems, UMBC","[""artificial intelligence""]",Roy Rada,"affiliation: University of Maryland,Baltimore County, MD, USA",https://awards.acm.org/award-recipients/rada_3846565
acm_fellows.csv,"Rosenkrantz, Daniel J",1995,,,no_candidate,No candidate with sufficient corroborating identity evidence in this pass.,,,,"For pioneering contributions to formal languages, compiler design, algorithm analysis, databases, parallel and fault-tolerant computing and for exemplary ACM service including Editorship of JACM.",Daniel J. Rosenkrantz,"Biocomplexity Institute, University of Virginia","[""algorithms"", ""databases""]",Daniel J. Rosenkrantz,"affiliation: State University at Albany, NY, USA",https://awards.acm.org/award-recipients/rosenkrantz_1051721
acm_fellows.csv,"Salton, Gerard",1995,,,no_candidate,No candidate with sufficient corroborating identity evidence in this pass.,,,,For foundational and most influential contributions over 30 years to information organization and retrieval and for 25 years of distinguished service to the ACM.,Gerard Salton (1927-1995),"Professor of Computer Science, Cornell University","[""Information Retrieval""]",Gerard Salton,"affiliation: Cornell University, Ithaca, USA",https://awards.acm.org/award-recipients/salton_2316166
acm_fellows.csv,"Snyder, Larry",1995,,,no_candidate,No candidate with sufficient corroborating identity evidence in this pass.,,,,"For fundamental contributions to parallel computer programming, parallel computer architecture, and the theoretical foundations of computer science.",,,,Lawrence Snyder 0001,"affiliation: University of Washington, Seattle, Washington, USA",https://awards.acm.org/award-recipients/snyder_1237882
acm_fellows.csv,"Suzuki, Norihisa",1995,,,no_candidate,No candidate with sufficient corroborating identity evidence in this pass.,,,,"For contributions to object-oriented technologies by type inference for Smalltalk, microprocessor, fast interpreter, and a database, to multiprocessing by snoop cache, and to program verification.",,,,Norihisa Suzuki,,https://awards.acm.org/award-recipients/suzuki_1247055
acm_fellows.csv,"Ullman, Jeffrey D",1995,,,no_candidate,No candidate with sufficient corroborating identity evidence in this pass.,,,,"For seminal contributions to the foundations of computer science, compiler design, database systems, as well as outstanding contributions to computer science education.",Jeffrey Ullman,"Professor of Computer Science, Stanford University","[""Database Systems"", ""Data Mining""]",Jeffrey D. Ullman,"affiliation: Stanford University, USA award (2020): Turing Award award (2010): IEEE John von Neumann Medal award (2006): SIGMOD Edgar F. Codd Innovations Award award (2000): Knuth Prize",https://awards.acm.org/award-recipients/ullman_1054360
acm_fellows.csv,"Wegner, Peter",1995,,,no_candidate,No candidate with sufficient corroborating identity evidence in this pass.,,,,For many 27 years Professor Wegner has been an initiating leader in ACM's educational and publication efforts while inspiring several generations of computer scientists.,,,,Peter Wegner,"affiliation: Brown University, Providence, USA",https://awards.acm.org/award-recipients/wegner_1068550
acm_fellows.csv,"White, John R.",1995,,,no_candidate,No candidate with sufficient corroborating identity evidence in this pass.,,,,"For outstanding contributions to the advancement of computing science through his leadership in the Association for Computing Machinery (ACM), computing science research, and computing science education.",,,,John R. White,"award: ACM Presidential Award, 2015 President of the ACM, 1990 to 1992",https://awards.acm.org/award-recipients/white_1242262
acm_fellows.csv,"Whitted, J Turner",1995,,,no_candidate,No candidate with sufficient corroborating identity evidence in this pass.,,,,"Dr. Turner Whitted is being recognized for his important contribution to ray tracing. Instead, he contributed what so many wish to contribute: a simple and elegant algorithm.",,,,Turner Whitted,,https://awards.acm.org/award-recipients/whitted_1831023
acm_fellows.csv,"Wiederhold, Gio",1995,,,no_candidate,No candidate with sufficient corroborating identity evidence in this pass.,,,,"For seminal contributions to our understanding and use of database management systems and medical informatics, and for outstanding service to the computer science community.",Gio Wiederhold,"Emeritus Professor of Computer Science, Electrical Enginering, & Medicine, Stanford University","[""Databases"", ""Knowledge bases"", ""Software"", ""Intellectual capital"", ""Taxation""]",Gio Wiederhold,"affiliation: Stanford University, USA",https://awards.acm.org/award-recipients/wiederhold_1020734
acm_fellows.csv,"Wong, Chak-Kuen",1995,,,no_candidate,No candidate with sufficient corroborating identity evidence in this pass.,,,,"For contributions to the theory of mass storage systems, to the analysis and design of computer algorithms, and to the design of VLSI circuits.",,,,Chak-Kuen Wong,affiliation: Chinese University of Hong Kong,https://awards.acm.org/award-recipients/wong_1145432
acm_fellows.csv,"Young, Paul",1995,,,no_candidate,No candidate with sufficient corroborating identity evidence in this pass.,,,,For fundamental contributions to the theory of the complexity of algorithms and for a career of exceptional service to the computing research and education community.,,,,,,https://awards.acm.org/award-recipients/young_1473552
acm_fellows.csv,"Adams, James M",1994,,,no_candidate,No candidate with sufficient corroborating identity evidence in this pass.,,,,"For his outstanding contributions over many years in inspiring and supporting ACM's volunteers, in serving as ACM's collective conscience and memory, and in uniting the volunteers and the professional staff into a single team working to fulfill ACM's potential.",,,,,,https://awards.acm.org/award-recipients/adams_1021609
acm_fellows.csv,"Allen, Frances",1994,,,no_candidate,No candidate with sufficient corroborating identity evidence in this pass.,,,,"For co-authoring the paper ""A Program Data Flow Analysis Procedure""",,,,Frances E. Allen,award (2006): Turing Award award (2004): Computer Pioneer Award award (2004): Anita Borg Institute Women of Vision Awards award (1998): Programming Languages Achievement Award,https://awards.acm.org/award-recipients/allen_1012327
acm_fellows.csv,"Alt, Franz L",1994,,,no_candidate,No candidate with sufficient corroborating identity evidence in this pass.,,,,"The selection Committee for this award feels that Franz Alt's contributions to the computing community and to the ACM, as exemplified by the efforts he expended in the work of the early days of the Association, make him the most appropriate single individual to receive this first ACM Distinguished Service Award.",,,,Franz L. Alt,"award: ACM Distinguished Service Award, 1970 affiliation: National Institute of Standards and Technology, USA President of the ACM, 1950 to 1952",https://awards.acm.org/award-recipients/alt_1000199
acm_fellows.csv,"Atchison, William F.",1994,,,no_candidate,No candidate with sufficient corroborating identity evidence in this pass.,,,,,,,,William F. Atchison,"award: ACM Distinguished Service Award, 1973",https://awards.acm.org/award-recipients/atchison_1168636
acm_fellows.csv,"Austing, Richard H",1994,,,no_candidate,No candidate with sufficient corroborating identity evidence in this pass.,,,,For extensive guidance of ACM's influence on computer and information systems curricula at many levels.,,,,Richard H. Austing,,https://awards.acm.org/award-recipients/austing_1043397
acm_fellows.csv,"Batcher, Kenneth E",1994,,,no_candidate,No candidate with sufficient corroborating identity evidence in this pass.,,,,For the pioneering implementation of parallel computers and for contributions to interconnection network theory.,,,,Kenneth E. Batcher,"affiliation: Kent State University, OH, USA award (1990): Eckert-Mauchly Award",https://awards.acm.org/award-recipients/batcher_1044908
acm_fellows.csv,"Bell, C Gordon",1994,,,no_candidate,No candidate with sufficient corroborating identity evidence in this pass.,,,,"For his contributions to the formation of the minicomputer as embodied in the PDP-5 and PDP-8; the architecture and implementation of the first commercial, interactive timesharing computer; his pioneering work in the field of hardware descriptive languag",C G Bell,Microsoft (ret.),"[""computer architecture"", ""lifelogging"", ""computing history"", ""entrepreneurship""]",Gordon Bell,affiliation: Microsoft award (1992): IEEE John von Neumann Medal award (1991): National Medal of Technology and Innovation award (1982): Eckert-Mauchly Award award (1975): W. Wallace McDowell Award,https://awards.acm.org/award-recipients/bell_1145655
acm_fellows.csv,"Blasgen, Michael W",1994,,,no_candidate,No candidate with sufficient corroborating identity evidence in this pass.,,,,"For co-authoring of 'The Recovery Manager of the System R Database Manager', the best paper in the area of Programming Systems and Languages.",,,,,,https://awards.acm.org/award-recipients/blasgen_1420736
acm_fellows.csv,Bob O Evans,1994,,,no_candidate,No candidate with sufficient corroborating identity evidence in this pass.,,,,,,,,,,
acm_fellows.csv,"Bobrow, Daniel",1994,,,no_candidate,No candidate with sufficient corroborating identity evidence in this pass.,,,,"For their pioneering work in programming environments that integrated source-language debuggers, fully compatible integrated interpreter/compiler, automatic change management, structure-based editing, logging facilities, interactive graphics, and analysi",Daniel G. Bobrow,"Parc, Palo Alto Research Center","[""artificial intelligence"", ""programming languages"", ""qualitative reasoning"", ""community knowledge systems""]",Daniel G. Bobrow,"affiliation: Palo Alto Research Center Incorporated, PARC, California, USA affiliation: Bolt Beranek and Newman Inc, Cambridge, MA, USA award (1992): ACM Software System Award",https://awards.acm.org/award-recipients/bobrow_1039502
acm_fellows.csv,"Boggs, David R.",1994,,,no_candidate,No candidate with sufficient corroborating identity evidence in this pass.,,,,"Co-inventor of the Ethernet local area network. Developer of early prototypes of internet protocols, file servers, gateways and network interface cards.",,,,David R. Boggs,,https://awards.acm.org/award-recipients/boggs_1486315
acm_fellows.csv,"Borman, Lorraine",1994,,,no_candidate,No candidate with sufficient corroborating identity evidence in this pass.,,,,For her diligent work and commitment to the development and growth of SIGCHI and for her creative spark and skilled workmanship which guided the research and publication of the DataPlan Committee reports.,,,,Lorraine Borman,,https://awards.acm.org/award-recipients/borman_1120344
acm_fellows.csv,"Bradshaw, Charles L",1994,,,no_candidate,No candidate with sufficient corroborating identity evidence in this pass.,,,,"In recognition of over thirty-five years of distinguished, valuable, essential, and lasting contributions and service to the government, academic and professional computing community, as a computer scientist, educator, administrator, and ACM leader.",,,,,,https://awards.acm.org/award-recipients/bradshaw_1002732
acm_fellows.csv,"Bricklin, Daniel S",1994,,,no_candidate,No candidate with sufficient corroborating identity evidence in this pass.,,,,"For the invention of VisiCalc, a new metaphor for data manipulation that galvanized personal computing in industry.",,,,,,https://awards.acm.org/award-recipients/bricklin_2836799
acm_fellows.csv,"Brooks, Frederick",1994,,,no_candidate,No candidate with sufficient corroborating identity evidence in this pass.,,,,"For outstanding innovations in computer architecture, including pipelining, instruction look-ahead, and cache memory.",Frederick P. Brooks,"University of North Carolina at Chapel Hill, emeritus","[""Virtual reality"", ""comp. graphics"", ""comp. arch"", ""software eng."", ""design""]",Frederick P. Brooks Jr.,"affiliation: University of North Carolina at Chapel Hill, Department of Computer Science award: Turing Award, 1999 award (2004): Eckert-Mauchly Award award (1994): ACM - AAAI Allen Newell Award award (1993): IEEE John von Neumann Medal award (1985): National Medal of Technology and Innovation award (1970): W. Wallace McDowell Award",https://awards.acm.org/award-recipients/brooks_1002187
acm_fellows.csv,"Brotz, Douglas K",1994,,,no_candidate,No candidate with sufficient corroborating identity evidence in this pass.,,,,For the design of the PostScript page description language and its implementation.,,,,,,https://awards.acm.org/award-recipients/brotz_2046019
acm_fellows.csv,"Burton, Richard R.",1994,,,no_candidate,No candidate with sufficient corroborating identity evidence in this pass.,,,,"For their pioneering work in programming environments that integrated source-language debuggers, fully compatible integrated interpreter/compiler, automatic change management, structure-based editing, logging facilities, interactive graphics, and analysis",,,,Richard R. Burton,,https://awards.acm.org/award-recipients/burton_1914241
acm_fellows.csv,"Canning, Richard G",1994,,,no_candidate,No candidate with sufficient corroborating identity evidence in this pass.,,,,"For his very long and effective participation on computing community boards, on committees, in seminar and international activities, and also for his contributions to the interests and needs of systems analysts, programmers, and managers in the business data sector of computing.",,,,Richard G. Canning,"award: ACM Distinguished Service Award, 1976",https://awards.acm.org/award-recipients/canning_1002781
acm_fellows.csv,"Carlson, Walter",1994,,,no_candidate,No candidate with sufficient corroborating identity evidence in this pass.,,,,"For dedicated, tireless and unflagging leadership in service to ACM, its sister societies, AFIPS and IFIP, and for seeking to foster closer intellectual, political and social ties between all the members of the information processing profession.",,,,Walter M. Carlson,,https://awards.acm.org/award-recipients/carlson_1362268
acm_fellows.csv,"Cerf, Vinton",1994,,,no_candidate,No candidate with sufficient corroborating identity evidence in this pass.,,,,"For their vision and leadership in the design, implementation, evolution, and dissemination of the TCP/IP Computer Communication Protocol Suite.",,,,Vint Cerf,"award (2004): Turing Award award (2018): Benjamin Franklin Medal award (2010): Harold Pender Award award (1998): Marconi Prize award (1997): National Medal of Technology and Innovation award (1993): EFF Pioneer Award award (1991): ACM Software System Award President of the ACM, 2012 to 2014",https://awards.acm.org/award-recipients/cerf_1083211
acm_fellows.csv,"Chamberlin, Donald",1994,,,no_candidate,No candidate with sufficient corroborating identity evidence in this pass.,,,,The INGRES and System R systems demonstrated that a practical and efficient database management system (DBMS) could be implemented based on the relational data model. These systems were full-function DBMS's that supported non-procedural,,,,Donald D. Chamberlin,"affiliation: IBM Almaden Research Center, San Jose, USA award (2003): SIGMOD Edgar F. Codd Innovations Award award (1988): ACM Software System Award",https://awards.acm.org/award-recipients/chamberlin_1060045
acm_fellows.csv,"Codd, Edgar F",1994,,,no_candidate,No candidate with sufficient corroborating identity evidence in this pass.,,,,"For his fundamental and continuing contributions to the theory and practice of database management systems. He originated the relational approach to database management in a series of research papers published commencing in 1970. His paper 'A Relational Model of Data for Large Shared Data Banks' was a seminal paper, in a continuing and carefully developed series of papers. Dr. Codd built upon this space and in so doing has provided the impetus for widespread research into numerous related areas, including database languages, query subsystems, database semantics, locking and recovery, and inferential subsystems.",,,,E. F. Codd,award (1981): Turing Award award (1996): Computer Pioneer Award,https://awards.acm.org/award-recipients/codd_1000892
acm_fellows.csv,"Coffman, Ed",1994,,,no_candidate,No candidate with sufficient corroborating identity evidence in this pass.,,,,"For outstanding contributions to ACM Publications, having served on the Editorial Board of the Journal of the ACM from 1969 through 1985; four of these years as Editor-in-Chief.",E. G. Coffman,Retired,"[""all areas""]",Edward G. Coffman Jr.,"affiliation: Columbia University, New York City, USA award: ACM Distinguished Service Award, 2004",https://awards.acm.org/award-recipients/coffman_1016856
acm_fellows.csv,"Corbato, Fernando J",1994,,,no_candidate,No candidate with sufficient corroborating identity evidence in this pass.,,,,"For his pioneering work organizing the concepts and leading the development of the general-purpose, large-scale, time-sharing and resource-sharing computer systems, CTSS and Multics.",,,,Fernando J. Corbató,award (1990): Turing Award award (1966): W. Wallace McDowell Award,https://awards.acm.org/award-recipients/corbato_1009471
acm_fellows.csv,"Cragon, Harvey G",1994,,,no_candidate,No candidate with sufficient corroborating identity evidence in this pass.,,,,For major contributions to computer architecture and for pioneering the application of integrated circuits for computer purposes. For serving as architect of the Texas Instruments scientific computer and for playing a leading role in many other computing developments in that company.,,,,Harvey G. Cragon,"affiliation: University of Texas at Austin, USA award (1986): Eckert-Mauchly Award award (1984): IEEE Emanuel R. Piore Award",https://awards.acm.org/award-recipients/cragon_1079995
acm_fellows.csv,"D'Auria, Thomas A",1994,,,no_candidate,No candidate with sufficient corroborating identity evidence in this pass.,,,,"For helping shape the management structure and Headquarters operations of ACM to better serve the computing profession, for initiating innovative programs to attract members and improve ACM's ability to respond to member needs, and for making these programs work.",,,,,,https://awards.acm.org/award-recipients/dauria_1042845
acm_fellows.csv,David John Wheeler,1994,,,no_candidate,No candidate with sufficient corroborating identity evidence in this pass.,,,,"Designed the programming system of EDSAC (1949, Cambridge University) the first usable computer. Incorporated the experience gained in the coherent system (input, output, order codes and ROM facilities) for EDSAC 2 in 1956.",,,,David J. Wheeler,"affiliation: University of Cambridge, UK award (1985): Computer Pioneer Award",
acm_fellows.csv,"DeFanti, Thomas",1994,Thomas A. DeFanti,2026-09-18,reviewed_name_and_institution,Exact reviewed DBLP author name (including disambiguation number) plus matching current or historical institutional context in the retained Scholar/DBLP evidence.,Thomas A. DeFanti,University of Illinois at Chicago,https://www.cs.uic.edu/~tom,For recognizing the need for a new form of publication for video graphics; for originating the ACM Video Review; for doing the day-to-day work of preparing and distributing it over a period of years; for the impact on teaching of computer graphics and on the dissemination of the best work in that field.,,,,Thomas A. DeFanti,"affiliation: University of California, San Diego, Qualcomm Institute affiliation: University of Illinois at Chicago, Electronic Visualization Laboratory (EVL)",https://awards.acm.org/award-recipients/defanti_1354265 | https://dblp.org/pid/d/ThomasADeFanti
acm_fellows.csv,"Dennis, Jack",1994,,,no_candidate,No candidate with sufficient corroborating identity evidence in this pass.,,,,For contributions to the advancement of combined hardware and software design through innovations in data flow architectures.,,,,Jack B. Dennis,"affiliation: MIT, Cambridge, USA award (2013): IEEE John von Neumann Medal award (1984): Eckert-Mauchly Award",https://awards.acm.org/award-recipients/dennis_1022664
acm_fellows.csv,"Deutsch, L Peter",1994,,,no_candidate,No candidate with sufficient corroborating identity evidence in this pass.,,,,"For their pioneering work in programming environments that integrated source-language debuggers, fully compatible integrated interpreter/compiler, automatic change management, structure-based editing, logging facilities, interactive graphics, and analysi",,,,L. Peter Deutsch,award (1992): ACM Software System Award,https://awards.acm.org/award-recipients/deutsch_2925352
acm_fellows.csv,"Dijkstra, Edsger W",1994,,,no_candidate,No candidate with sufficient corroborating identity evidence in this pass.,,,,"Edsger Dijkstra was a principal contributor in the late 1950's to the development of the ALGOL, a high level programming language which has become a model of clarity and mathematical rigor. He is one of the principal exponents of the science and art of programming languages in general, and has greatly contributed to our understanding of their structure, representation, and implementation. His fifteen years of publications extend from theoretical articles on graph theory to basic manuals, expository texts, and philosophical contemplations in the field of programming languages.",,,,Edsger W. Dijkstra,award (1972): Turing Award award (2002): Dijkstra Prize award (1974): Harry H. Goode Memorial Award,https://awards.acm.org/award-recipients/dijkstra_1053701
acm_fellows.csv,"Dunwell, Stephen",1994,,,no_candidate,No candidate with sufficient corroborating identity evidence in this pass.,,,,For pioneering contributions to associative network and relational database systems and sustained leadership role and management of innovative research and development for computer applications in the automotive industry.,,,,,,https://awards.acm.org/award-recipients/dunwell_5032361
acm_fellows.csv,"Engel, Gerald L",1994,,,no_candidate,No candidate with sufficient corroborating identity evidence in this pass.,,,,"By his diligence and singular leadership in computer science curricula development and accreditation, national and international conferences, and technical journal founding and development, Gerald Engel has made lasting contributions to the computing profession throughout the last two decades.",,,,Gerald L. Engel,,https://awards.acm.org/award-recipients/engel_1104827
acm_fellows.csv,"Esbin, John H",1994,,,no_candidate,No candidate with sufficient corroborating identity evidence in this pass.,,,,"For his wisdom and skill as a principal architect of SIG and overall ACM finances over the past decade, and in addition for his leadership of the group that guided the choice of ACM's new Headquarters location.",,,,John H. Esbin,,https://awards.acm.org/award-recipients/esbin_1090935
acm_fellows.csv,"Feng, Tse-Yun",1994,,,no_candidate,No candidate with sufficient corroborating identity evidence in this pass.,,,,,,,,Tse-Yun Feng,,https://awards.acm.org/award-recipients/feng_1112010
acm_fellows.csv,"Finerman, Aaron",1994,,,no_candidate,No candidate with sufficient corroborating identity evidence in this pass.,,,,"In recognition of his extensive and productive participation in the management of professional society policies and operations. Dr. Finerman has been actively involved in the Space Program and other technical activities worldwide in addition to his years of service to such organizations such as SHARE, AFIPS, and ACM.",,,,Aaron Finerman,"award: ACM Distinguished Service Award, 1981",https://awards.acm.org/award-recipients/finerman_1598512
acm_fellows.csv,"Floyd, Robert W.",1994,,,no_candidate,No candidate with sufficient corroborating identity evidence in this pass.,,,,"For having a clear influence on methodologies for the creation of efficient and reliable software, and for helping to found the following important subfields of computer science: the theory of parsing, the semantics of programming languages, automatic program verification, automatic program synthesis, and analysis of algorithms.",,,,Robert W. Floyd,"affiliation: Stanford University, Computer Science Department, CA, USA award (1978): Turing Award award (1991): Computer Pioneer Award",https://awards.acm.org/award-recipients/floyd_3720707
acm_fellows.csv,"Flynn, Michael J",1994,,,no_candidate,No candidate with sufficient corroborating identity evidence in this pass.,,,,"For his important and seminal contribution to processor organization and classification, computer arithmetic, and performance evaluation.",,,,Michael J. Flynn,"affiliation: Stanford University, USA award: 2015 Computer Pioneer Award award (2015): Computer Pioneer Award award (1995): Harry H. Goode Memorial Award award (1992): Eckert-Mauchly Award",https://awards.acm.org/award-recipients/flynn_1033000
acm_fellows.csv,"Frankston, Robert M",1994,,,no_candidate,No candidate with sufficient corroborating identity evidence in this pass.,,,,"For the invention of VisiCalc, a new metaphor for data manipulation that galvanized personal computing industry.",,,,Bob Frankston,award (1985): ACM Software System Award,https://awards.acm.org/award-recipients/frankston_1237718
acm_fellows.csv,"Friedman, Frank L",1994,,,no_candidate,No candidate with sufficient corroborating identity evidence in this pass.,,,,For his dedicated and effective leadership as Chair of the Conference Board and in many other conference management posts over the past decade. His superb guidance of SIG and ACM conferences has greatly advanced this important area of SIG and ACM service to members and to the profession.,,,,,,https://awards.acm.org/award-recipients/friedman_1251891
acm_fellows.csv,"Galler, Bernard A",1994,,,no_candidate,No candidate with sufficient corroborating identity evidence in this pass.,,,,"Bernard Galler has served ACM in a number of capacities: as president from 1968-1970; chairman of the Turing Award Committee and the Government Organization Committee. He has been particularly active in AFIPS where he chaired their Special Committee on Electronic Funds Transfer Systems and is currently Editor- in-Chief of its Annals of the History of Computing. Galler was also a member of the Computer Science and Technology Board, National Academy of Sciences - National Research Council from 1977-1979; Member of the Advisory Committee for the NSF Office for Computing Activities (1971-1974); Member of the Steering Committee of the NSF COSERS Study since 1975.",,,,Bernard A. Galler,"award: ACM Distinguished Service Award, 1980",https://awards.acm.org/award-recipients/galler_1009877
acm_fellows.csv,"Gear, Charles W",1994,,,no_candidate,No candidate with sufficient corroborating identity evidence in this pass.,,,,For the development of automatic computational techniques for the solution of stiff differential equations.,,,,Charles William Gear,"affiliation: Princeton University, USA",https://awards.acm.org/award-recipients/gear_1039577
acm_fellows.csv,"Goldberg, Adele",1994,,,no_candidate,No candidate with sufficient corroborating identity evidence in this pass.,,,,"For seminal contributions to object-oriented programming and related programming techniques. The theories of languages and development systems known as Smalltalk laid the foundation for explorations in new software methodologies, graphical user interfa",,,,Adele Goldberg 0001,"affiliation: Xerox PARC, USA award (1987): ACM Software System Award President of the ACM, July 1, 1984 to June 30, 1986",https://awards.acm.org/award-recipients/goldberg_1110519
acm_fellows.csv,"Gotlieb, Calvin C.",1994,,,no_candidate,No candidate with sufficient corroborating identity evidence in this pass.,,,,,,,,Calvin C. Gotlieb,,https://awards.acm.org/award-recipients/gotlieb_1000942
acm_fellows.csv,"Graham, Susan L",1994,,,no_candidate,No candidate with sufficient corroborating identity evidence in this pass.,,,,,,,,Susan L. Graham,affiliation: University of California at Berkeley award (2009): IEEE John von Neumann Medal award (2006): ACM Distinguished Service Award,https://awards.acm.org/award-recipients/graham_1043579
acm_fellows.csv,"Gray, Jim",1994,,,no_candidate,No candidate with sufficient corroborating identity evidence in this pass.,,,,The INGRES and System R systems demonstrated that a practical and efficient database management system (DBMS) could be implemented based on the relational data model. These systems were full-function DBMS's that supported non-procedural query languages (,Jim Gray,"IBM, Tandem, DEC, Microsoft","[""databases""]",,,https://awards.acm.org/award-recipients/gray_3649936
acm_fellows.csv,"Green, Cordell",1994,,,no_candidate,No candidate with sufficient corroborating identity evidence in this pass.,,,,For establishing several key aspects of the theoretical basis for logic programming and providing a resolution theorem prover to carry out a programming task by constructing the result which the computer program is to compute. For proving the construc,,,,Cordell Green,,https://awards.acm.org/award-recipients/green_1063429
acm_fellows.csv,"Gries, David Joseph",1994,,,no_candidate,No candidate with sufficient corroborating identity evidence in this pass.,,,,"For co-authoring of 'An Axiomatic Proof Technique for Parallel Programs I', the best paper in the area of Programming Systems and Languages.",David Gries,"Professor Emeritus (as of 2012), Computer Science, Cornell University","[""Programming methodology"", ""programming languages"", ""CS education""]",David Gries,"affiliation: Cornell University, Ithaca, USA",https://awards.acm.org/award-recipients/gries_1028422
acm_fellows.csv,"Hammer, Carl",1994,,,no_candidate,No candidate with sufficient corroborating identity evidence in this pass.,,,,"For his outstanding service to the computing community through professional, managerial, and technical contributions, both nationally and internationally.",,,,Carl Hammer,"award: ACM Distinguished Service Award, 1979",https://awards.acm.org/award-recipients/hammer_1013325
acm_fellows.csv,"Hamming, Richard W",1994,,,no_candidate,No candidate with sufficient corroborating identity evidence in this pass.,,,,"For his work on numerical methods, automatic coding systems, and error- detecting and error-correcting codes.",,,,Richard Wesley Hamming,"award: Turing Award, 1968 award (1988): IEEE Richard W. Hamming Medal award (1979): IEEE Emanuel R. Piore Award President of the ACM, 1958 to 1960",https://awards.acm.org/award-recipients/hamming_1000652
acm_fellows.csv,"Harris, Fred H",1994,,,unresolved_candidates,No candidate with sufficient corroborating identity evidence in this pass.,Frederick C. Harris Jr.,,,For helping insure ACM's effective and valuable participation in establishing and operating the Institute for Certification of Computer Professionals.,,,,,,https://awards.acm.org/award-recipients/harris_1087477
acm_fellows.csv,"Hartmanis, Juris",1994,,,no_candidate,No candidate with sufficient corroborating identity evidence in this pass.,,,,In recognition of their seminal paper which established the foundations for the field of computational complexity theory.,,,,Juris Hartmanis,"award: Turing Award, 1993 award: ACM Distinguished Service Award, 2013 affiliation: Cornell University, Ithaca, NY, USA",https://awards.acm.org/award-recipients/hartmanis_1059260
acm_fellows.csv,"Hillis, William Daniel",1994,,,no_candidate,No candidate with sufficient corroborating identity evidence in this pass.,,,,"For his basic research on parallel algorithms and for he conception, design, implementation and commercialization of the Connection Machine.",,,,,,https://awards.acm.org/award-recipients/hillis_4558874
acm_fellows.csv,"Hopcroft, John E",1994,,,no_candidate,No candidate with sufficient corroborating identity evidence in this pass.,,,,For fundamental achievements in the design and analysis of algorithms and data structures.,John Hopcroft,Cornell University,[],John E. Hopcroft,"award (1986): Turing Award affiliation: Cornell University, Ithaca, NY, USA award (2010): IEEE John von Neumann Medal award (2005): Harry H. Goode Memorial Award",https://awards.acm.org/award-recipients/hopcroft_1053917
acm_fellows.csv,"Hull, Tom",1994,,,no_candidate,No candidate with sufficient corroborating identity evidence in this pass.,,,,,,,,Thomas E. Hull,"affiliation: University of Toronto, ONT, Canada affiliation (former): University of British Columbia, Vancouver, BC, Canada",https://awards.acm.org/award-recipients/hull_5090634
acm_fellows.csv,"Hume, J N",1994,,,no_candidate,No candidate with sufficient corroborating identity evidence in this pass.,,,,,,,,J. N. Patterson Hume,,https://awards.acm.org/award-recipients/hume_4213526
acm_fellows.csv,"Huskey, Harry D",1994,,,no_candidate,No candidate with sufficient corroborating identity evidence in this pass.,,,,"For his work on ENIAC; design and construction of ACE-Pilot Model, SWAC, Bendix G15, and UC Berkeley Time-sharing Computer; edited Computer Handbook, and is a Past President of the ACM.",,,,Harry D. Huskey,,https://awards.acm.org/award-recipients/huskey_1000678
acm_fellows.csv,J Presper Eckert,1994,,,no_candidate,No candidate with sufficient corroborating identity evidence in this pass.,,,,,,,,J. Presper Eckert,award (1978): IEEE Emanuel R. Piore Award award (1968): National Medal of Science award (1966): Harry H. Goode Memorial Award award: National Inventors Hall of Fame,
acm_fellows.csv,"Kahan, William",1994,,,no_candidate,No candidate with sufficient corroborating identity evidence in this pass.,,,,For his fundamental contributions to numerical analysis. One of the foremost experts on floating-point computations. Kahan has dedicated himself to 'making the world safe for numerical computations.,,,,William Kahan,award (1989): Turing Award award (2000): IEEE Emanuel R. Piore Award,https://awards.acm.org/award-recipients/kahan_1023746
acm_fellows.csv,"Kaplan, Ronald M",1994,,,no_candidate,No candidate with sufficient corroborating identity evidence in this pass.,,,,"For their pioneering work in programming environments that integrated source-language debuggers, fully compatible integrated interpreter/compiler, automatic change management, structure-based editing, logging facilities, interactive graphics, and analysi",Ronald Kaplan,Stanford University,"[""Natural language"", ""linguistics"", ""computational linguistics"", ""artificial intelligence""]",Ronald M. Kaplan,"affiliation: Nuance Communications, Inc. award (1992): ACM Software System Award",https://awards.acm.org/award-recipients/kaplan_1244318
acm_fellows.csv,"Karp, Richard",1994,,,no_candidate,No candidate with sufficient corroborating identity evidence in this pass.,,,,"For his continuing contributions to the theory of algorithms including the development of efficient algorithms for network flow and other combinatorial optimization problems, the identification of polynomial -time computability with the intuitive notion",Richard M. Karp,"University of California, Berkeley",[],,,https://awards.acm.org/award-recipients/karp_3256708
acm_fellows.csv,"Knuth, Donald E",1994,,,no_candidate,No candidate with sufficient corroborating identity evidence in this pass.,,,,"For the design and implementation of TEX, an innovative tool for the computer composition of documents of high typographical quality.",Donald E. Knuth,Stanford University,[],Donald E. Knuth,"affiliation: Stanford University, Computer Science Department, CA, USA award (1974): Turing Award award (2010): BBVA Foundation Frontiers of Knowledge Award award (1995): IEEE John von Neumann Medal award (1986): ACM Software System Award award (1980): W. Wallace McDowell Award award (1979): National Medal of Science award (1971): Grace Murray Hopper Award",https://awards.acm.org/award-recipients/knuth_1013846
acm_fellows.csv,"Kuck, David J",1994,,,no_candidate,No candidate with sufficient corroborating identity evidence in this pass.,,,,"For his impact on the field of supercomputing, including his work in shared memory multiprocessing, clustered memory hierarchies, computer technology, and application/library tuning.",,,,David J. Kuck,award (2011): Computer Pioneer Award award (1993): Eckert-Mauchly Award award (1987): IEEE Emanuel R. Piore Award,https://awards.acm.org/award-recipients/kuck_1018449
acm_fellows.csv,"Kurtz, Thomas E",1994,,,no_candidate,No candidate with sufficient corroborating identity evidence in this pass.,,,,"Invented, along with John G. Kemeny, the BASIC computer programming language, and contributed to its growth and standardization.",,,,Thomas E. Kurtz,award (1991): Computer Pioneer Award,https://awards.acm.org/award-recipients/kurtz_1404417
acm_fellows.csv,"Kurzweil, Ray",1994,,,no_candidate,No candidate with sufficient corroborating identity evidence in this pass.,,,,,,,,Raymond Kurzweil,"affiliation: Google AI, Mountain View, CA, USA award (1999): National Medal of Technology and Innovation award (1978): Grace Murray Hopper Award award: National Inventors Hall of Fame",https://awards.acm.org/award-recipients/kurzweil_2921211
acm_fellows.csv,"Lampson, Butler W",1994,,,no_candidate,No candidate with sufficient corroborating identity evidence in this pass.,,,,"For contributions to the development of distributed, personal computing environments and the technology for their implementation: workstations, networks, operating systems, programming systems, displays, security, and document publishing.",Butler Lampson,"Technical Fellow, Microsoft Research","[""Cybersecurity"", ""computer systems""]",Butler W. Lampson,"affiliation: Microsoft Research, Cambridge, MA, USA award (2001): IEEE John von Neumann Medal award (1995): Computer Pioneer Award award (1992): Turing Award award (1984): ACM Software System Award",https://awards.acm.org/award-recipients/lampson_1142421
acm_fellows.csv,"Lavenberg, Stephen S",1994,,,no_candidate,No candidate with sufficient corroborating identity evidence in this pass.,,,,For contributions to the theory and practice of computer performance modeling.,,,,Stephen S. Lavenberg,"affiliation: Thomas J. Watson Research Center, Yorktown Heights, USA",https://awards.acm.org/award-recipients/lavenberg_1174150
acm_fellows.csv,"Lederberg, Joshua",1994,,,no_candidate,No candidate with sufficient corroborating identity evidence in this pass.,,,,,,,,Joshua Lederberg,award (1958): Nobel Prize in Physiology or Medicine award (1995): ACM - AAAI Allen Newell Award award (1989): National Medal of Science,https://awards.acm.org/award-recipients/lederberg_1048305
acm_fellows.csv,"Lee, John A",1994,,,unresolved_candidates,No candidate with sufficient corroborating identity evidence in this pass.,J. H. M. Lee | John Lee 0004 | Jong Taek Lee | Jong-eun Lee | Jong-Hwan Lee | Jong-Hyeok Lee | Jong-Seok Lee,,,"For many years of dedicated service to ACM and the computing community with special contributions in the areas of computing standards, history of computing, and advancing computer science professionalism.",,,,John A. N. Lee,"affiliation: Virginia Tech, Blacksburg, Virginia, USA",https://awards.acm.org/award-recipients/lee_1187137
acm_fellows.csv,"Lehman, Meir",1994,,,no_candidate,No candidate with sufficient corroborating identity evidence in this pass.,,,,"Since 1969, Lehman has developed the study of Software Evolution, laws governing it and a Principle of Software Uncertainty all confirmed in his FEAST project.",,,,Meir M. Lehman,"affiliation: Imperial College London, UK",https://awards.acm.org/award-recipients/lehman_1008853
acm_fellows.csv,"Lindsay, Bruce",1994,,,no_candidate,No candidate with sufficient corroborating identity evidence in this pass.,,,,"For co-authoring of 'The Recovery Manager of the System R Database Manager', the best paper in the area of Programming Systems and Languages.",,,,,,https://awards.acm.org/award-recipients/lindsay_1238732
acm_fellows.csv,"Little, Joyce Currie",1994,,,no_candidate,No candidate with sufficient corroborating identity evidence in this pass.,,,,"Her service to the broad computing community spans some twenty years and includes significant contributions to curriculum development, certification standards, vocational education professional ethics.",,,,Joyce Currie Little,"affiliation: Towson University, MD, USA",https://awards.acm.org/award-recipients/little_1152974
acm_fellows.csv,"Liu, C.L.",1994,,,unresolved_candidates,No candidate with sufficient corroborating identity evidence in this pass.,C. Karen Liu | Changliu Liu | Chao Liu 0002 | Chao Liu 0014 | Chen Liu 0027 | Chen-Ching Liu | Chengjun Liu | Chengwei Liu | Chi Harold Liu | Chong Liu 0007 | Chuanyi Liu | Chubo Liu | Chun Liu 0008 | Chun-Lei Liu | Chunlei Liu | Chunping Liu | Chunwei Liu | Cong Liu 0005,,,"Professor Liu is an educator in the truest sense of the word. He is a highly regarded author of computer science textbooks, a superb teacher, inside and outside the classroom, and has contributed significantly to computer science educational programs at both the national and international levels.",,,,,,https://awards.acm.org/award-recipients/liu_1746825
acm_fellows.csv,"Lynn, M Stuart",1994,,,no_candidate,No candidate with sufficient corroborating identity evidence in this pass.,,,,In recognition of his chairing and directing the Publications Planning Committee which produced a long term policy framework and the current implementation plan for ACM publications.,,,,M. Stuart Lynn,"affiliation: Rice University, Houston, TX, USA affiliation (former): IBM Scientific Center, Houston, TX, USA affiliation (former): National Physical Laboratory, Teddington, UK",https://awards.acm.org/award-recipients/lynn_1121771
acm_fellows.csv,"Maisel, Herbert",1994,,,no_candidate,No candidate with sufficient corroborating identity evidence in this pass.,,,,"For lengthy, effective and dedicated service to ACM in many roles including Chairman of the External Activities Board and, in particular, for his service as Chair of the Intersociety Liaison Committee.",,,,,,https://awards.acm.org/award-recipients/maisel_1705730
acm_fellows.csv,"Manna, Zohar",1994,,,no_candidate,No candidate with sufficient corroborating identity evidence in this pass.,,,,,,,,Zohar Manna,"affiliation: Stanford University, USA award (2016): Herbrand Award",https://awards.acm.org/award-recipients/manna_1207521
acm_fellows.csv,"McCarthy, John",1994,,,no_candidate,No candidate with sufficient corroborating identity evidence in this pass.,,,,Dr. McCarthy's lecture 'The Present State of Research on Artificial Intelligence' is a topic that covers the area in which he has achieved considerable recognition for his own work.,,,,John McCarthy 0001,"affiliation: Stanford University, Stanford, CA, USA affiliation: Massachusetts Institute of Technology, Cambridge, MA, USA award (1971): Turing Award award (2003): Benjamin Franklin Medal award (2002): Programming Languages Achievement Award award (1990): National Medal of Science award (1988): Kyoto Prize award (1985): Computer Pioneer Award",https://awards.acm.org/award-recipients/mccarthy_1118322
acm_fellows.csv,"McCluskey, Edward",1994,,,no_candidate,No candidate with sufficient corroborating identity evidence in this pass.,,,,,,,,Edward J. McCluskey,"affiliation: Stanford University, USA award (2012): IEEE John von Neumann Medal award (2008): Computer Pioneer Award award (1996): IEEE Emanuel R. Piore Award",https://awards.acm.org/award-recipients/mccluskey_1007814
acm_fellows.csv,"McCracken, Daniel D",1994,,,no_candidate,No candidate with sufficient corroborating identity evidence in this pass.,,,,,,,,,,https://awards.acm.org/award-recipients/mccracken_1003201
acm_fellows.csv,"McJones, Paul R",1994,,,no_candidate,No candidate with sufficient corroborating identity evidence in this pass.,,,,"For co-authoring of 'The Recovery Manager of the System R Database Manager', the best paper in the area of Programming Systems and Languages.",Paul McJones,Retired,"[""History of software""]",Paul R. McJones,,https://awards.acm.org/award-recipients/mcjones_1169911
acm_fellows.csv,"Milner, A J",1994,,,no_candidate,No candidate with sufficient corroborating identity evidence in this pass.,,,,"For three distinct and complete achievements: 1) LCF, the mechanization of Scott's Logic of Computable Functions, probably the first theoretically based yet practical tool for machine-assisted proof construction; 2) ML, the first language to include polymorphic type inference together with a type-safe exception-handling mechanism; 3) CCS, a general theory of concurrency. In addition, he formulated and strongly advanced full abstraction, the study of the relationship between operational and denotational semantics.",,,,Robin Milner,award (1991): Turing Award award (2001): Programming Languages Achievement Award,https://awards.acm.org/award-recipients/milner_1569367
acm_fellows.csv,"Minker, Jack",1994,,,no_candidate,No candidate with sufficient corroborating identity evidence in this pass.,,,,"For championing the rights of scientists to practice their profession freely and openly, for bringing to public attention the names of scientists deprived of their scientific freedom and human rights, and for giving these victims hope and making them aware of ACM's support.",,,,Jack Minker,"affiliation: University of Maryland, College Park, USA award (2005): ACM - AAAI Allen Newell Award",https://awards.acm.org/award-recipients/minker_1010784
acm_fellows.csv,"Neumann, Peter G",1994,,,no_candidate,No candidate with sufficient corroborating identity evidence in this pass.,,,,"For his dedicated service as founder and moderator of the ACM Forum on Risks to the Public in the Use of Computers and Related Systems. His work with RISKS Forum on-line, in the Software Engineering Notes, and in CACM has increased awareness of security",,,,Peter G. Neumann,"affiliation: SRI International, Menlo Park, California, USA award (1996): EFF Pioneer Award",https://awards.acm.org/award-recipients/neumann_1006303
acm_fellows.csv,"Newborn, Monroe",1994,,,no_candidate,No candidate with sufficient corroborating identity evidence in this pass.,,,,"In recognition of his organization of and continuing efforts in the annual ACM Computer Chess Championship. Throughout the 20 years of the event, he has been a major force in its operation, has authored one of the competitors (OSTRICH), and has encouraged young ACM members to develop computer chess programs and to compete.",,,,Monty Newborn,"affiliation: McGill University, Montreal, Canada",https://awards.acm.org/award-recipients/newborn_1210657
acm_fellows.csv,"Ousterhout, John",1994,,,no_candidate,No candidate with sufficient corroborating identity evidence in this pass.,,,,"For his contribution to very large scale integrated circuit computer aided design. His systems, Caesar and Magic, have demonstrated that effective CAD systems need not be expensive, hard to learn, or slow.",John Ousterhout,"Professor of Computer Science, Stanford University","[""Operating systems"", ""storage systems"", ""distributed systems"", ""datacenter computing"", ""Web applications""]",John K. Ousterhout,"affiliation: Stanford University, USA award (1997): ACM Software System Award award (1987): Grace Murray Hopper Award",https://awards.acm.org/award-recipients/ousterhout_1957745
acm_fellows.csv,"Owicki, Susan S",1994,,,no_candidate,No candidate with sufficient corroborating identity evidence in this pass.,,,,"For co-authoring of 'An Axiomatic Proof Technique for Parallel Programs I', the best paper in the area of Programming Systems and Languages.",Susan Owicki,Unknown affiliation,[],Susan S. Owicki,,https://awards.acm.org/award-recipients/owicki_1219047
acm_fellows.csv,"Parnas, David Lorge",1994,,,no_candidate,No candidate with sufficient corroborating identity evidence in this pass.,,,,For the richness of insights¿provided into system software design characteristics that provide for system change. The award winning work is entitled Design Software for Ease of Extension and Contraction.,David Lorge Parnas,"Middle Road Software, McMaster University, University of Limerick","[""Software Engineering""]",David Lorge Parnas,,https://awards.acm.org/award-recipients/parnas_1043744
acm_fellows.csv,"Patterson, David",1994,,,no_candidate,No candidate with sufficient corroborating identity evidence in this pass.,,,,"Professor Patterson is a quintessential example of a professor who combines highest intellectual ability and technical expertise with a total dedication to his role as a teacher, mentor, and friend of his students.",David Patterson,"Professor of Computer Science, UC Berkeley","[""computer systems""]",,,https://awards.acm.org/award-recipients/patterson_2316693
acm_fellows.csv,Peter Elias,1994,,,no_candidate,No candidate with sufficient corroborating identity evidence in this pass.,,,,"For contributions to information theory, including data compression and error correction applicable to digital communications and to computation.",,,,Peter Elias 0001,award (2002): IEEE Richard W. Hamming Medal,
acm_fellows.csv,"Poucher, William B",1994,,,no_candidate,No candidate with sufficient corroborating identity evidence in this pass.,,,,"For outstanding contributions over an extended period to the ACM Scholastic Programming Contest, resulting in a well-funded program, widespread university participation, and enhanced visibility for the Contest. These contribtuions have served ACM and the public by generating excitement in computing professional activities.",,,,,,https://awards.acm.org/award-recipients/poucher_1761550
acm_fellows.csv,"Ralston, Anthony",1994,,,no_candidate,No candidate with sufficient corroborating identity evidence in this pass.,,,,"For a range of accomplishments as an author, educator, human rights advocate, and in the management of technical societies.",,,,Anthony Ralston,"award: ACM Distinguished Service Award, 1982",https://awards.acm.org/award-recipients/ralston_1005818
acm_fellows.csv,Roger M Needham,1994,,,no_candidate,No candidate with sufficient corroborating identity evidence in this pass.,,,,,,,,Roger M. Needham,"affiliation: Microsoft Research affiliation: University of Cambridge, UK",
acm_fellows.csv,"Rosenfeld, Azriel",1994,,,no_candidate,No candidate with sufficient corroborating identity evidence in this pass.,,,,For pioneering and fundamental contributions to computer vision and image analysis.,,,,Azriel Rosenfeld,"affiliation: University of Maryland, College Park, USA award (1985): IEEE Emanuel R. Piore Award",https://awards.acm.org/award-recipients/rosenfeld_1037506
acm_fellows.csv,"Rulifson, Jeff",1994,,,no_candidate,No candidate with sufficient corroborating identity evidence in this pass.,,,,"For their pioneering work on augmenting human intellect with hypertext, outline processors, and video conferencing that was implemented in the NLS System [On Line System] (1968).",,,,Jeff Rulifson,"affiliation: Sun Microsystems, Palo Alto, CA, USA affiliation: Stanford Research Institute, Menlo Park, CA, USA award (1990): ACM Software System Award",https://awards.acm.org/award-recipients/rulifson_1481993
acm_fellows.csv,"Sammet, Jean E",1994,,,no_candidate,No candidate with sufficient corroborating identity evidence in this pass.,,,,"For dedicated, tireless and dynamic leadership in service to ACM and the computing community. For advancing the art and science of computer programing languages and recording its history.",,,,Jean E. Sammet,award (2009): Computer Pioneer Award award (1985): ACM Distinguished Service Award,https://awards.acm.org/award-recipients/sammet_1004423
acm_fellows.csv,"Scott, Dana S",1994,,,no_candidate,No candidate with sufficient corroborating identity evidence in this pass.,,,,"For their joint paper 'Finite Automataand Their Decision Problem,' which introduced the idea of nondeterministic machines, which has proved to be an enormously valuable concept. Their (Scott & Rabin) classic paper has been a continuous source of inspiration for subsequent work in this field.",Dana Scott,"Visiting Scholar, UC Berkeley","[""Logic"", ""Semantics of Programming Languages""]",Dana S. Scott,"award: Turing Award, 1976",https://awards.acm.org/award-recipients/scott_1193622
acm_fellows.csv,"Siewiorek, Daniel",1994,Daniel P. Siewiorek,2026-09-18,scholar_id_and_identity_context,Same nonempty Scholar ID as the reviewed Y-rated roster link; candidate name and institution context reviewed for compatible identity.,Daniel P. Siewiorek,Carnegie Mellon University,https://www.cs.cmu.edu/~dps,In recognition of outstanding technical and professional achievements in the field of information technology.,Daniel Siewiorek,Carnegie Mellon University,"[""Wearable computing"", ""computer reliability"", ""computer architecture"", ""human computer interaction"", ""computer aided design""]",Daniel P. Siewiorek,"affiliation: Carnegie Mellon University, Pittsburgh, USA award (1988): Eckert-Mauchly Award",https://awards.acm.org/award-recipients/siewiorek_1202035 | https://scholar.google.com/citations?user=B13SvmAAAAAJ
acm_fellows.csv,"Simon, Herbert A",1994,,,no_candidate,No candidate with sufficient corroborating identity evidence in this pass.,,,,"In joint scientific efforts extending over twenty years, initially in collaboration with J.C. Shaw at the RAND Corporation, and subsequently with numerous faculty and student collegues at Carnegie-Mellon University, they have made basic contributions to artificial intelligence, the psychology of human cognition, and list processing.",,,,Herbert A. Simon,award (1975): Turing Award award (1978): Prize in Economic Sciences in Memory of Alfred Nobel award (1988): John von Neumann Theory Prize award (1986): National Medal of Science,https://awards.acm.org/award-recipients/simon_1031467
acm_fellows.csv,"Simons, Barbara B",1994,,,no_candidate,No candidate with sufficient corroborating identity evidence in this pass.,,,,,,,,Barbara B. Simons,"award (2019): ACM Policy Award award (2001): Outstanding Contribution to ACM Award award (1998): EFF Pioneer Award President of the ACM, 1998 to 2000",https://awards.acm.org/award-recipients/simons_2101418
acm_fellows.csv,"Sloan, Martha",1994,,,no_candidate,No candidate with sufficient corroborating identity evidence in this pass.,,,,,,,,Martha E. Sloan,,https://awards.acm.org/award-recipients/sloan_1304641
acm_fellows.csv,"Slutz, Donald R",1994,,,no_candidate,No candidate with sufficient corroborating identity evidence in this pass.,,,,"The paper by Matson, Gecsel, Slutz and Traiger advances the art of performance evaluation of computing systems by intorducing a method of computing a large number of different performance measures in a single pass through a computer program.",,,,Donald R. Slutz,,https://awards.acm.org/award-recipients/slutz_1111400
acm_fellows.csv,"Smith, Burton",1994,,,no_candidate,No candidate with sufficient corroborating identity evidence in this pass.,,,,For pioneering work in the design and implementation of scalable shared memory multiprocessors.,,,,Burton Smith,,https://awards.acm.org/award-recipients/smith_1148832
acm_fellows.csv,"Stearns, Richard E",1994,,,no_candidate,No candidate with sufficient corroborating identity evidence in this pass.,,,,In recognition of their seminal paper which established the foundations for their field of computation theory.,,,,Richard Edwin Stearns,award (1993): Turing Award award (1995): Frederick W. Lanchester Prize,https://awards.acm.org/award-recipients/stearns_1081900
acm_fellows.csv,"Steel, Thomas B",1994,,,no_candidate,No candidate with sufficient corroborating identity evidence in this pass.,,,,"Steel has provided significant service to many organizations in the computer field, particularly ACM, ANSI, IFIP, and SHARE.",,,,Thomas B. Steel Jr.,"award: ACM Distinguished Service Award, 1977",https://awards.acm.org/award-recipients/steel_1486257
acm_fellows.csv,"Steele, Guy L",1994,,,no_candidate,No candidate with sufficient corroborating identity evidence in this pass.,,,,"For his general contributions to the development of Higher Order Symbolic Programming, principally for his advancement of lexical scoping in LISP.",Guy L. Steele Jr.,Oracle Labs,"[""computer science"", ""programming languages"", ""compilers"", ""algorithms"", ""computer architecture""]",Guy L. Steele Jr.,award (2007): Harry H. Goode Memorial Award award (1997): Programming Languages Achievement Award award (1988): Grace Murray Hopper Award,https://awards.acm.org/award-recipients/steele_1261585
acm_fellows.csv,"Stone, Harold",1994,,,no_candidate,No candidate with sufficient corroborating identity evidence in this pass.,,,,,Harold Stone,"Fellow Emeritus, NEC Research Laboratory","[""Computer Architecture"", ""Optical Interconnections. Image Search and Registration""]",Harold S. Stone,,https://awards.acm.org/award-recipients/stone_8310369
acm_fellows.csv,"Stonebraker, Michael",1994,,,no_candidate,No candidate with sufficient corroborating identity evidence in this pass.,,,,The INGRES and System R systems demonstrated that a practical and efficient database management system (DBMS) could be implemented based on the relational data model.,,,,Michael Stonebraker,"award (2014): Turing Award affiliation: Massachusetts Institute of Technology, Cambridge, USA award (2005): IEEE John von Neumann Medal award (1992): SIGMOD Edgar F. Codd Innovations Award award (1988): ACM Software System Award",https://awards.acm.org/award-recipients/stonebraker_1172121
acm_fellows.csv,"Strecker, William",1994,,,no_candidate,No candidate with sufficient corroborating identity evidence in this pass.,,,,,,,,William D. Strecker,"affiliation: Digital Equipment Corporation, Littleton, MA, USA award (1985): W. Wallace McDowell Award",https://awards.acm.org/award-recipients/strecker_1174465
acm_fellows.csv,"Stroustrup, Bjarne",1994,,,no_candidate,No candidate with sufficient corroborating identity evidence in this pass.,,,,"For his early work laying the foundations for the C++ programming language. Based on the foundations and Dr. Stroustrup's continuing efforts, C++ has become one of the most influential programming languages in the history of computing.",Bjarne Stroustrup,Mrgan Stanley and Columbia University,[],Bjarne Stroustrup,affiliation: AT&T Inc award (2018): Computer Pioneer Award award (1993): Grace Murray Hopper Award,https://awards.acm.org/award-recipients/stroustrup_1652833
acm_fellows.csv,"Suppes, Patrick",1994,,,no_candidate,No candidate with sufficient corroborating identity evidence in this pass.,,,,,,,,Patrick Suppes,award (1990): National Medal of Science,https://awards.acm.org/award-recipients/suppes_1094853
acm_fellows.csv,"Sussman, Gerald",1994,Gerald J. Sussman,2026-09-18,reviewed_name_and_institution,Exact reviewed DBLP author name (including disambiguation number) plus matching current or historical institutional context in the retained Scholar/DBLP evidence.,Gerald J. Sussman | Gerald Jay Sussman,Massachusetts Inst. of Technology,https://www.csail.mit.edu/user/1512,"For his important and pioneering work in teaching introductory computer science. Among his many contributions in this area ate the Scheme programming language, and the well known text Structure and Interpretation of Computer Programs, written with Harold Abelson.",,,,Gerald J. Sussman,"affiliation: Massachusetts Institute of Technology, CSAIL, Cambridge, MA, USA",https://awards.acm.org/award-recipients/sussman_1929868 | https://dblp.org/pid/s/GeraldJSussman
acm_fellows.csv,"Sutherland, Ivan",1994,,,no_candidate,No candidate with sufficient corroborating identity evidence in this pass.,,,,"For his pioneering and visionary contributions to computer graphics, starting with Sketchpad, and continuing after. Sketchpad, though written twenty-five years ago, introduced many techniques still important today. These include a display file for screen",,,,Ivan E. Sutherland,award (1988): Turing Award award (1998): IEEE John von Neumann Medal award (1994): EFF Pioneer Award award (1993): ACM Software System Award award (1986): IEEE Emanuel R. Piore Award award (1985): Computer Pioneer Award award: National Inventors Hall of Fame award: Kyoto Prize,https://awards.acm.org/award-recipients/sutherland_3467412
acm_fellows.csv,"Taft, Edward A",1994,,,no_candidate,No candidate with sufficient corroborating identity evidence in this pass.,,,,For the design of the PostScript page description language and its implementation.,,,,Edward A. Taft,,https://awards.acm.org/award-recipients/taft_2615318
acm_fellows.csv,"Taylor, Robert W",1994,,,no_candidate,No candidate with sufficient corroborating identity evidence in this pass.,,,,For conceiving and guiding the development of the Xerox Alto System demonstrating that a distributed personal computer system can provide a desirable and practical alternative to time-sharing.,,,,,,https://awards.acm.org/award-recipients/taylor_1076264
acm_fellows.csv,"Thacker, Charles P",1994,,,no_candidate,No candidate with sufficient corroborating identity evidence in this pass.,,,,For conceiving and guiding the development of the Xerox Alto System demonstrating that a distributed personal computer system can provide a desirable and practical alternative to time-sharing.,,,,Charles P. Thacker,award (2009): Turing Award award (2017): Eckert-Mauchly Award award (2007): IEEE John von Neumann Medal award (1984): ACM Software System Award,https://awards.acm.org/award-recipients/thacker_1336106
acm_fellows.csv,"Traiger, Irv",1994,,,no_candidate,No candidate with sufficient corroborating identity evidence in this pass.,,,,"The INGRES and System R systems demonstrated that a practical and efficient database management system (DBMS) could be implemented based on the relational data model. These systems were full-function DBMS's that supported non-procedural query languages (QUEL and SQL), automatic query optimization, alternative storage structures, transactions, crash recovery, views, integrity, and protection. They have revolutionized the database system industry by showing how data stored in a computer can be conveniently accessed by end users and while at the same time it can be used by production application programs.",,,,Irving L. Traiger,,https://awards.acm.org/award-recipients/traiger_N012401
acm_fellows.csv,"Traub, Joseph",1994,,,no_candidate,No candidate with sufficient corroborating identity evidence in this pass.,,,,"For pioneering research on information-based complexity, computational finance, optimal iteration theory, parallel computing, national science policy, and for leadership in computing education.",J. F. Traub,"Edwin Howard Armstrong Professor of Computer Science, Columbia University","[""Theoretical computer science"", ""Information-Based Complexity"", ""Quantum Computing"", ""Financial Computation"", ""Scientific Computation""]",Joseph F. Traub,"affiliation: Columbia University, Computer Science Department award (1991): IEEE Emanuel R. Piore Award",https://awards.acm.org/award-recipients/traub_1015205
acm_fellows.csv,"Tucker, Allen",1994,,,unresolved_candidates,No candidate with sufficient corroborating identity evidence in this pass.,Allan Tucker,,,"Dr. Allen B. Tucker was Co-Chair of the ACM/IEEE Computer Society Joint Curriculum Task Force, and Editor of the Task Force Report, Computing Curricula '91. This and mark report provides a framework for evolving computer science curricula through the '90's, serving as both a practical tool and a theoretical foundation for curriculum design. Dr. Tucker has also been a major contributor to previous computer science curriculum efforts and is widely recognized for his dedication and leadership in the development of computer science as an academic discipline.",,,,,,https://awards.acm.org/award-recipients/tucker_1098797
acm_fellows.csv,"Ware, Willis H",1994,,,no_candidate,No candidate with sufficient corroborating identity evidence in this pass.,,,,,,,,Willis H. Ware,"affiliation (former): RAND Corporation, Santa Monica, CA, USA award (1995): EFF Pioneer Award award (1994): Computer Pioneer Award",https://awards.acm.org/award-recipients/ware_1000876
acm_fellows.csv,"Wecker, Stuart",1994,,,no_candidate,No candidate with sufficient corroborating identity evidence in this pass.,,,,,,,,Stuart Wecker,,https://awards.acm.org/award-recipients/wecker_1143205
acm_fellows.csv,"Wegbreit, Ben",1994,,,no_candidate,No candidate with sufficient corroborating identity evidence in this pass.,,,,,,,,Ben Wegbreit,,https://awards.acm.org/award-recipients/wegbreit_1073675
acm_fellows.csv,"Weiss, Eric A",1994,,,no_candidate,No candidate with sufficient corroborating identity evidence in this pass.,,,,"For his contribution to ACM and to the computing community, particularly in the field of publications and publications policy.",,,,Eric A. Weiss,"award: ACM Distinguished Service Award, 1978",https://awards.acm.org/award-recipients/weiss_1004613
acm_fellows.csv,"Wilkes, Maurice V.",1994,,,no_candidate,No candidate with sufficient corroborating identity evidence in this pass.,,,,"Professor Wilkes is best known as the builder and designer of the EDSAC, the first computer with an internally stored program. Built in 1949, the EDSAC used a mercury delay line memory. He is also known as the author, with Wheeler and Gill, of a volume on 'Preparation of Programs for Electronic Digital Computers' in 1951, in which program libraries were effectively introduced.",,,,Maurice V. Wilkes,award (1967): Turing Award award (1997): IEEE John von Neumann Medal award (1981): W. Wallace McDowell Award award (1980): Eckert-Mauchly Award award (1968): Harry H. Goode Memorial Award,https://awards.acm.org/award-recipients/wilkes_1001395
acm_fellows.csv,"Winograd, Shmuel",1994,,,no_candidate,No candidate with sufficient corroborating identity evidence in this pass.,,,,,,,,Shmuel Winograd,award (1974): W. Wallace McDowell Award,https://awards.acm.org/award-recipients/winograd_1345305
acm_fellows.csv,"Wirth, Niklaus E",1994,,,no_candidate,No candidate with sufficient corroborating identity evidence in this pass.,,,,"For developing a sequence of innovative computer languages, EULER, ALGOL-W, MODULA and PASCAL. PASCAL has become pedagogically significant and has provided a foundation for future computer language, systems, and architectural research.",,,,Niklaus Wirth,"affiliation: ETH Zürich, Switzerland award (1984): Turing Award award (2007): Programming Languages Achievement Award award (1987): Computer Pioneer Award award (1983): IEEE Emanuel R. Piore Award",https://awards.acm.org/award-recipients/wirth_1025774
acm_fellows.csv,"Wolfson, Seymour J",1994,,,no_candidate,No candidate with sufficient corroborating identity evidence in this pass.,,,,"For diligent and effective administration of ACM's conferences, meetings, and symposia responsibilities.",,,,,,https://awards.acm.org/award-recipients/wolfson_1111640
acm_fellows.csv,"Wulf, William A",1994,,,no_candidate,No candidate with sufficient corroborating identity evidence in this pass.,,,,,,,,William A. Wulf,"affiliation: University of Virginia, Charlottesville, USA award: ACM Distinguished Service Award, 2011",https://awards.acm.org/award-recipients/wulf_1025840
acm_fellows.csv,"Zadeh, L A",1994,,,no_candidate,No candidate with sufficient corroborating identity evidence in this pass.,,,,,Lotfi A. Zadeh,"Professor Emeritus, EECS, UC Berkeley","[""Fuzzy Logic"", ""Soft Computing"", ""Artificial Intelligence"", ""Human-Level Machine Intelligence""]",Lotfi A. Zadeh,"affiliation: University of California, Berkeley, USA award (2012): BBVA Foundation Frontiers of Knowledge Award award (2009): Benjamin Franklin Medal award (2000): ACM - AAAI Allen Newell Award award (1995): IEEE Medal of Honor award (1992): IEEE Richard W. Hamming Medal award (1973): IEEE James H. Mulligan, Jr. Education Medal",https://awards.acm.org/award-recipients/zadeh_1006543
turing_award_winners.csv,"Bennett, Charles Henry",2025,,,no_candidate,No candidate with sufficient corroborating identity evidence in this pass.,,,,For their essential role in establishing the foundations of quantum information science and transforming secure communication and computing.,Charles H. Bennett,"Fellow, IBM Research Division","[""physics of information""]",Charles H. Bennett,,https://awards.acm.org/award-recipients/bennett_1202470
turing_award_winners.csv,"Barto, Andrew",2024,,,no_candidate,No candidate with sufficient corroborating identity evidence in this pass.,,,,For developing the conceptual and algorithmic foundations of reinforcement learning.,Andrew Barto,University of Massachusetts Amherst,"[""Reinforcement learning""]",Andrew G. Barto,"affiliation: University of Massachusetts Amherst, Department of Computer Science, MA, USA award (2024): Turing Award",https://awards.acm.org/award-recipients/barto_9471663
turing_award_winners.csv,"Sutton, Richard",2024,Richard S. Sutton,2026-09-18,reviewed_name_and_institution,Exact reviewed DBLP author name (including disambiguation number) plus matching current or historical institutional context in the retained Scholar/DBLP evidence. The Alberta directory corroborates the institutional identity and reinforcement-learning research.,Richard S. Sutton,University of Alberta,https://webdocs.cs.ualberta.ca/~sutton,For developing the conceptual and algorithmic foundations of reinforcement learning.,Richard S. Sutton,"Keen, Amii, and University of Alberta","[""artificial intelligence"", ""reinforcement learning"", ""machine learning"", ""cognitive science"", ""computer science""]",Richard S. Sutton,"affiliation: DeepMind Alberta, Edmonton, AB, Canada affiliation: University of Alberta, Department of Computing Science, Edmonton, AB, Canada affiliation (PhD 1984): University of Massachusetts Amherst, MA, USA award (2024): Turing Award",https://awards.acm.org/award-recipients/sutton_0160594 | https://dblp.org/pid/48/6070 | https://scholar.google.com/citations?user=6m4wv6gAAAAJ | https://apps.ualberta.ca/directory/person/rsutton
turing_award_winners.csv,"Wigderson, Avi",2023,,,no_candidate,No candidate with sufficient corroborating identity evidence in this pass.,,,,"For foundational contributions to the theory of computation, including reshaping our understanding of the role of randomness in computation and mathematics, and for his decades of intellectual leadership in theoretical computer science.",,,,Avi Wigderson,"affiliation: Princeton, New Jersey, USA award (2023): Turing Award award (2021): Abel Prize award (2019): Knuth Prize award (2009): Gödel Prize award (2008): Josiah Willard Gibbs Lectureship",https://awards.acm.org/award-recipients/wigderson_3844537
turing_award_winners.csv,"Metcalfe, Robert Melancton",2022,,,no_candidate,No candidate with sufficient corroborating identity evidence in this pass.,,,,"For the invention, standardization, and commercialization of Ethernet.",Robert Metcalfe,The University of Texas at Austin,"[""Innovation and Entrepreneurship"", ""Internet""]",Robert Metcalfe,award (2022): Turing Award award (2013): Internet Hall of Fame award (2007): National Inventors Hall of Fame award (2003): National Medal of Technology and Innovation award (2003): Marconi Prize award (1996): EFF Pioneer Award award (1996): IEEE Medal of Honor award (1980): Grace Murray Hopper Award,https://awards.acm.org/award-recipients/metcalfe_3968158
turing_award_winners.csv,"Aho, Alfred V",2020,,,no_candidate,No candidate with sufficient corroborating identity evidence in this pass.,,,,"For fundamental algorithms and theory underlying programming language implementation and for synthesizing these results and those of others in their highly influential books, which educated generations of computer scientists.",Alfred Aho,"Lawrence Gussman Professor of Computer Science, Columbia University","[""Programming languages and compilers"", ""theory"", ""software"", ""quantum computing..""]",Alfred V. Aho,"affiliation: Columbia University, New York City, USA award (2020): Turing Award award (2003): IEEE John von Neumann Medal",https://awards.acm.org/award-recipients/aho_1046358
turing_award_winners.csv,"Ullman, Jeffrey D",2020,,,no_candidate,No candidate with sufficient corroborating identity evidence in this pass.,,,,"For fundamental algorithms and theory underlying programming language implementation and for synthesizing these results and those of others in their highly influential books, which educated generations of computer scientists.",Jeffrey Ullman,"Professor of Computer Science, Stanford University","[""Database Systems"", ""Data Mining""]",Jeffrey D. Ullman,"affiliation: Stanford University, USA award (2020): Turing Award award (2010): IEEE John von Neumann Medal award (2006): SIGMOD Edgar F. Codd Innovations Award award (2000): Knuth Prize",https://awards.acm.org/award-recipients/ullman_1054360
turing_award_winners.csv,"Catmull, Edwin",2019,,,no_candidate,No candidate with sufficient corroborating identity evidence in this pass.,,,,"For fundamental contributions to 3D computer graphics, and the impact of computer-generated imagery (CGI) in filmmaking and other applications.",Edwin Catmull,"Pixar, Disney, retired","[""animation"", ""creativity"", ""management""]",Edwin E. Catmull,award (2019): Turing Award award (2006): IEEE John von Neumann Medal,https://awards.acm.org/award-recipients/catmull_1244219
turing_award_winners.csv,"Hanrahan, Pat",2019,,,no_candidate,No candidate with sufficient corroborating identity evidence in this pass.,,,,"For fundamental contributions to 3D computer graphics, and the impact of computer-generated imagery (CGI) in filmmaking and other applications.",Patrick Hanrahan,Stanford University,"[""computer graphics"", ""visualization"", ""parallel computing""]",Pat Hanrahan,"affiliation: Stanford University, USA award (2019): Turing Award",https://awards.acm.org/award-recipients/hanrahan_4652251
turing_award_winners.csv,"Hinton, Geoffrey E",2018,,,no_candidate,No candidate with sufficient corroborating identity evidence in this pass.,,,,For conceptual and engineering breakthroughs that have made deep neural networks a critical component of computing.,Geoffrey Hinton,"Emeritus Prof. Computer Science, University of Toronto","[""machine learning"", ""psychology"", ""artificial intelligence"", ""cognitive science"", ""computer science""]",Geoffrey E. Hinton,"affiliation: Google DeepMind, London, UK affiliation: University of Toronto, Department of Computer Science, ON, Canada award (2018): Turing Award award (2016): BBVA Foundation Frontiers of Knowledge Award award (2024): Nobel Prize in Physics",https://awards.acm.org/award-recipients/hinton_4791679
turing_award_winners.csv,"LeCun, Yann",2018,,,no_candidate,No candidate with sufficient corroborating identity evidence in this pass.,,,,For conceptual and engineering breakthroughs that have made deep neural networks a critical component of computing.,Yann LeCun,"Executive Chairman AMI Labs & Jacob T Schwarz Professor, Courant Institute, New York University","[""AI"", ""machine learning"", ""computer vision"", ""robotics"", ""image compression""]",Yann LeCun,"affiliation: New York University, Courant Institute of Mathematical Sciences, USA affiliation: Facebook award (2018): Turing Award",https://awards.acm.org/award-recipients/lecun_6017366
turing_award_winners.csv,"Patterson, David",2017,,,no_candidate,No candidate with sufficient corroborating identity evidence in this pass.,,,,"For pioneering a systematic, quantitative approach to the design and evaluation of computer architectures with enduring impact on the microprocessor industry.",David Patterson,"Professor of Computer Science, UC Berkeley","[""computer systems""]",,,https://awards.acm.org/award-recipients/patterson_2316693
turing_award_winners.csv,"Berners-Lee, Tim",2016,,,no_candidate,No candidate with sufficient corroborating identity evidence in this pass.,,,,"For inventing the World Wide Web, the first web browser, and the fundamental protocols and algorithms allowing the Web to scale.",,,,Tim Berners-Lee,"affiliation: Massachusetts Institiute of Technology, Cambridge, MA, USA affiliation: University of Southampton, School of Electronics and Computer Science, UK affiliation: CERN, Geneva, Switzerland award (2016): Turing Award award (2012): Internet Hall of Fame award (2002): Marconi Prize award (2000): EFF Pioneer Award award (1996): W. Wallace McDowell Award award (1995): ACM Software System Award",https://awards.acm.org/award-recipients/berners-lee_8087960
turing_award_winners.csv,"Diffie, Whitfield",2015,,,no_candidate,No candidate with sufficient corroborating identity evidence in this pass.,,,,"For inventing and promulgating both asymmetric public-key cryptography, including its application to digital signatures, and a practical cryptographic key-exchange method.",,,,Whitfield Diffie,award (2015): Turing Award award (2010): IEEE Richard W. Hamming Medal award (2000): Marconi Prize award (1996): Paris Kanellakis Award award (1994): EFF Pioneer Award award: National Inventors Hall of Fame,https://awards.acm.org/award-recipients/diffie_8371646
turing_award_winners.csv,"Hellman, Martin",2015,,,no_candidate,No candidate with sufficient corroborating identity evidence in this pass.,,,,"For inventing and promulgating both asymmetric public-key cryptography, including its application to digital signatures, and a practical cryptographic key-exchange method.",,,,Martin E. Hellman,"award (2015): Turing Award affiliation: Stanford University, USA award (2010): IEEE Richard W. Hamming Medal award (2000): Marconi Prize award (1996): Paris Kanellakis Award award (1994): EFF Pioneer Award award: National Inventors Hall of Fame",https://awards.acm.org/award-recipients/hellman_4055781
turing_award_winners.csv,"Stonebraker, Michael",2014,,,no_candidate,No candidate with sufficient corroborating identity evidence in this pass.,,,,For fundamental contributions to the concepts and practices underlying modern database systems.,,,,Michael Stonebraker,"award (2014): Turing Award affiliation: Massachusetts Institute of Technology, Cambridge, USA award (2005): IEEE John von Neumann Medal award (1992): SIGMOD Edgar F. Codd Innovations Award award (1988): ACM Software System Award",https://awards.acm.org/award-recipients/stonebraker_1172121
turing_award_winners.csv,"Lamport, Leslie Barry",2013,,,no_candidate,No candidate with sufficient corroborating identity evidence in this pass.,,,,"For fundamental contributions to the theory and practice of distributed and concurrent systems, notably the invention of concepts such as causality and logical clocks, safety and liveness, replicated state machines, and sequential consistency.",Leslie Lamport,Unknown affiliation,[],Leslie Lamport,"affiliation: Microsoft Research, Mountain View award (2013): Turing Award award (2008): IEEE John von Neumann Medal award (2004): IEEE Emanuel R. Piore Award award (2000, 2005, 2014): Dijkstra Prize",https://awards.acm.org/award-recipients/lamport_1205376
turing_award_winners.csv,"Pearl, Judea",2011,,,no_candidate,No candidate with sufficient corroborating identity evidence in this pass.,,,,For fundamental contributions to artificial intelligence through the development of a calculus for probabilistic and causal reasoning.,Judea Pearl,"Professor of Computer Science, University of California, Los Angeles","[""causality"", ""artificial intelligence"", ""structural equations"", ""counterfactuals""]",Judea Pearl,"affiliation: University of California, Los Angeles, CA, USA award (2011): Turing Award award (2008): Benjamin Franklin Medal award (2003): ACM - AAAI Allen Newell Award",https://awards.acm.org/award-recipients/pearl_2658896
turing_award_winners.csv,"Thacker, Charles P",2009,,,no_candidate,No candidate with sufficient corroborating identity evidence in this pass.,,,,"For the pioneering design and realization of the first modern personal computer -- the Alto at Xerox PARC -- and seminal inventions and contributions to local area networks (including the Ethernet), multiprocessor workstations, snooping cache coherence protocols, and tablet personal computers.",,,,Charles P. Thacker,award (2009): Turing Award award (2017): Eckert-Mauchly Award award (2007): IEEE John von Neumann Medal award (1984): ACM Software System Award,https://awards.acm.org/award-recipients/thacker_1336106
turing_award_winners.csv,"Clarke, Edmund",2007,,,no_candidate,No candidate with sufficient corroborating identity evidence in this pass.,,,,"Together with E. Allen Emerson and Joseph Sifakis, for their role in developing Model-Checking into a highly effective verification technology that is widely adopted in the hardware and software industries.",Edmund Clarke,University Professor Emeritus at Carnegie Mellon University,"[""Formal methods"", ""Model Checking""]",Edmund M. Clarke,"award (2007): Turing Award affiliation: Carnegie Mellon University, Pittsburgh, USA award (2014): Benjamin Franklin Medal award (2008): Herbrand Award award (2004): Harry H. Goode Memorial Award award (1999): Paris Kanellakis Award",https://awards.acm.org/award-recipients/clarke_1167964
turing_award_winners.csv,"Emerson, E. Allen",2007,,,no_candidate,No candidate with sufficient corroborating identity evidence in this pass.,,,,"Together with Edmund Clarke and Joseph Sifakis, for their role in developing Model-Checking into a highly effective verification technology that is widely adopted in the hardware and software industries.",,,,E. Allen Emerson,award (2007): Turing Award award (1998): Paris Kanellakis Award,https://awards.acm.org/award-recipients/emerson_1671460
turing_award_winners.csv,"Sifakis, Joseph",2007,,,no_candidate,No candidate with sufficient corroborating identity evidence in this pass.,,,,"Together with Edmund Clarke and E. Allen Emerson, for their role in developing Model-Checking into a highly effective verification technology that is widely adopted in the hardware and software industries.",Joseph Sifakis,"Reseracher at Verimag laboratory, Grenoble","[""software engineering"", ""formal methods"", ""web services"", ""middleware"", ""networks""]",Joseph Sifakis,award (2007): Turing Award,https://awards.acm.org/award-recipients/sifakis_1701095
turing_award_winners.csv,"Allen, Frances",2006,,,no_candidate,No candidate with sufficient corroborating identity evidence in this pass.,,,,For pioneering contributions to the theory and practice of optimizing compiler techniques that laid the foundation for modern optimizing compilers and automatic parallel execution.,,,,Frances E. Allen,award (2006): Turing Award award (2004): Computer Pioneer Award award (2004): Anita Borg Institute Women of Vision Awards award (1998): Programming Languages Achievement Award,https://awards.acm.org/award-recipients/allen_1012327
turing_award_winners.csv,"Naur, Peter",2005,,,no_candidate,No candidate with sufficient corroborating identity evidence in this pass.,,,,"For fundamental contributions to programming language design and the definition of Algol 60, to compiler design, and to the art and practice of computer programming.",,,,Peter Naur,"affiliation: University of Copenhagen, Denmark award (2005): Turing Award award (1986): Computer Pioneer Award",https://awards.acm.org/award-recipients/naur_1024454
turing_award_winners.csv,"Cerf, Vinton",2004,,,no_candidate,No candidate with sufficient corroborating identity evidence in this pass.,,,,"For pioneering work on internetworking, including the design and implementation of the Internet's basic communications protocols, TCP/IP, and for inspired leadership in networking.",,,,Vint Cerf,"award (2004): Turing Award award (2018): Benjamin Franklin Medal award (2010): Harold Pender Award award (1998): Marconi Prize award (1997): National Medal of Technology and Innovation award (1993): EFF Pioneer Award award (1991): ACM Software System Award President of the ACM, 2012 to 2014",https://awards.acm.org/award-recipients/cerf_1083211
turing_award_winners.csv,"Kahn, Robert E",2004,,,no_candidate,No candidate with sufficient corroborating identity evidence in this pass.,,,,"For pioneering work on internetworking, including the design and implementation of the Internet's basic communications protocols, TCP/IP, and for inspired leadership in networking.",,,,Robert E. Kahn,award (2004): Turing Award award (2012): Internet Hall of Fame award (1997): National Medal of Technology and Innovation award (1996): Computer Pioneer Award award (1994): Marconi Prize award (1993): SIGCOMM Award award (1992): EFF Pioneer Award award (1991): ACM Software System Award award: National Inventors Hall of Fame award: Benjamin Franklin Medal,https://awards.acm.org/award-recipients/kahn_4598637
turing_award_winners.csv,"Kay, Alan",2003,,,no_candidate,No candidate with sufficient corroborating identity evidence in this pass.,,,,"For pioneering many of the ideas at the root of contemporary object-oriented programming languages, leading the team that developed Smalltalk, and for fundamental contributions to personal computing.",,,,Alan C. Kay,"affiliation: University of California, Los Angeles, CA, USA affiliation: Viewpoints Research Institute, Los Angeles, CA, USA award (2004): Kyoto Prize award (2003): Turing Award award (1987): ACM Software System Award",https://awards.acm.org/award-recipients/kay_3972189
turing_award_winners.csv,"Dahl, Ole-Johan",2001,,,no_candidate,No candidate with sufficient corroborating identity evidence in this pass.,,,,"With Kristen Nygaard, for ideas fundamental to the emergence of object oriented programming, through their design of the programming languages Simula I and Simula 67.",,,,Ole-Johan Dahl,award (2001): Turing Award award (2001): IEEE John von Neumann Medal,https://awards.acm.org/award-recipients/dahl_6917600
turing_award_winners.csv,"Nygaard, Kristen",2001,,,no_candidate,No candidate with sufficient corroborating identity evidence in this pass.,,,,"With Ole-Johan Dahl, for ideas fundamental to the emergence of object oriented programming, through their design of the programming languages Simula I and Simula 67.",,,,Kristen Nygaard,award (2001): Turing Award award (2001): IEEE John von Neumann Medal,https://awards.acm.org/award-recipients/nygaard_5916220
turing_award_winners.csv,"Brooks, Frederick",1999,,,no_candidate,No candidate with sufficient corroborating identity evidence in this pass.,,,,"For landmark contributions to computer architecture, operating systems, and software engineering.",Frederick P. Brooks,"University of North Carolina at Chapel Hill, emeritus","[""Virtual reality"", ""comp. graphics"", ""comp. arch"", ""software eng."", ""design""]",Frederick P. Brooks Jr.,"affiliation: University of North Carolina at Chapel Hill, Department of Computer Science award: Turing Award, 1999 award (2004): Eckert-Mauchly Award award (1994): ACM - AAAI Allen Newell Award award (1993): IEEE John von Neumann Medal award (1985): National Medal of Technology and Innovation award (1970): W. Wallace McDowell Award",https://awards.acm.org/award-recipients/brooks_1002187
turing_award_winners.csv,"Gray, Jim",1998,,,no_candidate,No candidate with sufficient corroborating identity evidence in this pass.,,,,For seminal contributions to database and transaction processing research and technical leadership in system implementation.,Jim Gray,"IBM, Tandem, DEC, Microsoft","[""databases""]",,,https://awards.acm.org/award-recipients/gray_3649936
turing_award_winners.csv,"Engelbart, Douglas",1997,,,no_candidate,No candidate with sufficient corroborating identity evidence in this pass.,,,,For an inspiring vision of the future of interactive computing and the invention of key technologies to help realize this vision.,Douglas Engelbart,"SRI, Bootstrap Institute","[""human-computer interaction"", ""interactive computing""]",Douglas C. Engelbart,"affiliation: Stanford Research Institute (SRI), CA, USA affiliation: Stanford University, CA, USA affiliation (PhD): University of California at Berkeley, CA, USA award (2014): Internet Hall of Fame award (2000): National Medal of Technology and Innovation award (1999): IEEE John von Neumann Medal award (1999): Benjamin Franklin Medal award (1998): National Inventors Hall of Fame award (1997): Turing Award, 1997 award (1992): EFF Pioneer Award award (1992): Computer Pioneer Award award (1990): ACM Software System Award",https://awards.acm.org/award-recipients/engelbart_5078811
turing_award_winners.csv,"Pnueli, Amir",1996,,,no_candidate,No candidate with sufficient corroborating identity evidence in this pass.,,,,For seminal work introducing temporal logic into computing science and for outstanding contributions to program and system verification.,,,,Amir Pnueli,award (1996): Turing Award award (2007): ACM Software System Award,https://awards.acm.org/award-recipients/pnueli_4725172
turing_award_winners.csv,"Feigenbaum, Edward A",1994,,,no_candidate,No candidate with sufficient corroborating identity evidence in this pass.,,,,"For pioneering the design and construction of large scale artificial intelligence systems, demonstrating the practical importance and potential commercial impact of artificial intelligence technology.",,,,Edward A. Feigenbaum,"affiliation: Stanford University, USA award (1994): Turing Award award (2013): Computer Pioneer Award",https://awards.acm.org/award-recipients/feigenbaum_4167235
turing_award_winners.csv,"Hartmanis, Juris",1993,,,no_candidate,No candidate with sufficient corroborating identity evidence in this pass.,,,,"With Richard E. Stearns, in recognition of their seminal paper which established the foundations for the field of computational complexity theory.",,,,Juris Hartmanis,"award: Turing Award, 1993 award: ACM Distinguished Service Award, 2013 affiliation: Cornell University, Ithaca, NY, USA",https://awards.acm.org/award-recipients/hartmanis_1059260
turing_award_winners.csv,"Stearns, Richard E",1993,,,no_candidate,No candidate with sufficient corroborating identity evidence in this pass.,,,,"With Juris Hartmanis, in recognition of their seminal paper which established the foundations for the field of computational complexity theory.",,,,Richard Edwin Stearns,award (1993): Turing Award award (1995): Frederick W. Lanchester Prize,https://awards.acm.org/award-recipients/stearns_1081900
turing_award_winners.csv,"Lampson, Butler W",1992,,,no_candidate,No candidate with sufficient corroborating identity evidence in this pass.,,,,"For contributions to the development of distributed, personal computing environments and the technology for their implementation: workstations, networks, operating systems, programming systems, displays, security and document publishing.",Butler Lampson,"Technical Fellow, Microsoft Research","[""Cybersecurity"", ""computer systems""]",Butler W. Lampson,"affiliation: Microsoft Research, Cambridge, MA, USA award (2001): IEEE John von Neumann Medal award (1995): Computer Pioneer Award award (1992): Turing Award award (1984): ACM Software System Award",https://awards.acm.org/award-recipients/lampson_1142421
turing_award_winners.csv,"Milner, A J",1991,,,no_candidate,No candidate with sufficient corroborating identity evidence in this pass.,,,,"For three distinct and complete achievements: LCF, the mechanization of Scott's Logic of Computable Functions, probably the first theoretically based yet practical tool for machine assisted proof construction; ML, the first language to include polymorphic type inference together with a type-safe exception-handling mechanism; CCS, a general theory of concurrency. In addition, he formulated and strongly advanced full abstraction, the study of the relationship between operational and denotational semantics.",,,,Robin Milner,award (1991): Turing Award award (2001): Programming Languages Achievement Award,https://awards.acm.org/award-recipients/milner_1569367
turing_award_winners.csv,"Corbato, Fernando J",1990,,,no_candidate,No candidate with sufficient corroborating identity evidence in this pass.,,,,"For his pioneering work organizing the concepts and leading the development of the general-purpose, large-scale, time-sharing and resource-sharing computer systems, CTSS and Multics.",,,,Fernando J. Corbató,award (1990): Turing Award award (1966): W. Wallace McDowell Award,https://awards.acm.org/award-recipients/corbato_1009471
turing_award_winners.csv,"Kahan, William",1989,,,no_candidate,No candidate with sufficient corroborating identity evidence in this pass.,,,,"For his fundamental contributions to numerical analysis. One of the foremost experts on floating-point computations. Kahan has dedicated himself to ""making the world safe for numerical computations!""",,,,William Kahan,award (1989): Turing Award award (2000): IEEE Emanuel R. Piore Award,https://awards.acm.org/award-recipients/kahan_1023746
turing_award_winners.csv,"Sutherland, Ivan",1988,,,no_candidate,No candidate with sufficient corroborating identity evidence in this pass.,,,,"For his pioneering and visionary contributions to computer graphics, starting with Sketchpad, and continuing after.",,,,Ivan E. Sutherland,award (1988): Turing Award award (1998): IEEE John von Neumann Medal award (1994): EFF Pioneer Award award (1993): ACM Software System Award award (1986): IEEE Emanuel R. Piore Award award (1985): Computer Pioneer Award award: National Inventors Hall of Fame award: Kyoto Prize,https://awards.acm.org/award-recipients/sutherland_3467412
turing_award_winners.csv,"Cocke, John",1987,,,no_candidate,No candidate with sufficient corroborating identity evidence in this pass.,,,,"For significant contributions in the design and theory of compilers, the architecture of large systems and the development of reduced instruction set computers (RISC); for discovering and systematizing many fundamental transformations now used in optimizing compilers including reduction of operator strength, elimination of common subexpressions, register allocation, constant propagation, and dead code elimination.",,,,John Cocke,"affiliation: IBM Thomas J. Watson Research Center, Yorktown Heights, NY, USA award (2000): Benjamin Franklin Medal award (1994): IEEE John von Neumann Medal award (1994): National Medal of Science award (1991): National Medal of Technology and Innovation award (1989): Computer Pioneer Award award (1987): Turing Award award (1985): Eckert-Mauchly Award",https://awards.acm.org/award-recipients/cocke_2083115
turing_award_winners.csv,"Hopcroft, John E",1986,,,no_candidate,No candidate with sufficient corroborating identity evidence in this pass.,,,,For fundamental achievements in the design and analysis of algorithms and data structures.,John Hopcroft,Cornell University,[],John E. Hopcroft,"award (1986): Turing Award affiliation: Cornell University, Ithaca, NY, USA award (2010): IEEE John von Neumann Medal award (2005): Harry H. Goode Memorial Award",https://awards.acm.org/award-recipients/hopcroft_1053917
turing_award_winners.csv,"Karp, Richard",1985,,,no_candidate,No candidate with sufficient corroborating identity evidence in this pass.,,,,"For his continuing contributions to the theory of algorithms including the development of efficient algorithms for network flow and other combinatorial optimization problems, the identification of polynomial-time computability with the intuitive notion of algorithmic efficiency, and, most notably, contributions to the theory of NP-completeness. Karp introduced the now standard methodology for proving problems to be NP-complete which has led to the identification of many theoretical and practical problems as being computationally difficult.",Richard M. Karp,"University of California, Berkeley",[],,,https://awards.acm.org/award-recipients/karp_3256708
turing_award_winners.csv,"Wirth, Niklaus E",1984,,,no_candidate,No candidate with sufficient corroborating identity evidence in this pass.,,,,"For developing a sequence of innovative computer languages, EULER, ALGOL-W, MODULA and PASCAL. PASCAL has become pedagogically significant and has provided a foundation for future computer language, systems, and architectural research.",,,,Niklaus Wirth,"affiliation: ETH Zürich, Switzerland award (1984): Turing Award award (2007): Programming Languages Achievement Award award (1987): Computer Pioneer Award award (1983): IEEE Emanuel R. Piore Award",https://awards.acm.org/award-recipients/wirth_1025774
turing_award_winners.csv,"Ritchie, Dennis M.",1983,,,no_candidate,No candidate with sufficient corroborating identity evidence in this pass.,,,,"With Ken Thompson, for their development of generic operating systems theory and specifically for the implementation of the UNIX operating system.",Dennis Ritchie,Bell Labs,"[""Operating Systems"", ""Programming Languages""]",Dennis Ritchie,award (1983): Turing Award award (2003): Harold Pender Award award (1998): National Medal of Technology and Innovation award (1994): Computer Pioneer Award award (1990): IEEE Richard W. Hamming Medal award (1983): ACM Software System Award award (1982): IEEE Emanuel R. Piore Award,https://awards.acm.org/award-recipients/ritchie_1506389
turing_award_winners.csv,"Thompson, Kenneth Lane",1983,,,unresolved_candidates,No candidate with sufficient corroborating identity evidence in this pass.,Kevyn Collins-Thompson,,,"With Dennis M. Ritchie, for their development of generic operating systems theory and specifically for the implementation of the UNIX operating system.",Ken Thompson,Retired,"[""Computer Science""]",Ken Thompson,award (1983): Turing Award award (1998): National Medal of Technology and Innovation award (1994): Computer Pioneer Award award (1990): IEEE Richard W. Hamming Medal award (1983): ACM Software System Award award (1982): IEEE Emanuel R. Piore Award,https://awards.acm.org/award-recipients/thompson_4588371
turing_award_winners.csv,"Cook, Stephen A",1982,,,no_candidate,No candidate with sufficient corroborating identity evidence in this pass.,,,,"For his advancement of our understanding of the complexity of computation in a significant and profound way. His seminal paper, ""The Complexity of Theorem Proving Procedures,"" presented at the 1971 ACM SIGACT Symposium on the Theory of Computing, laid the foundations for the theory of NP-Completeness. The ensuing exploration of the boundaries and nature of NP-complete class of problems has been one of the most active and important research activities in computer science for the last decade.",Stephen Cook,"Department of Computer Science, University of Toronto","[""Computational Complexity"", ""Proof Complexity""]",Stephen A. Cook,"affiliation: University of Toronto, Canada award: Turing Award, 1982",https://awards.acm.org/award-recipients/cook_N991950
turing_award_winners.csv,"Codd, Edgar F",1981,,,no_candidate,No candidate with sufficient corroborating identity evidence in this pass.,,,,For his fundamental and continuing contributions to the theory and practice of database management systems.,,,,E. F. Codd,award (1981): Turing Award award (1996): Computer Pioneer Award,https://awards.acm.org/award-recipients/codd_1000892
turing_award_winners.csv,"Hoare, C. Antony R.",1980,,,no_candidate,No candidate with sufficient corroborating identity evidence in this pass.,,,,For his fundamental contributions to the definition and design of programming languages.,,,,Tony Hoare,"affiliation: University of Cambridge, UK affiliation: Microsoft Research, Cambridge, UK award (1980): Turing Award award (2011): IEEE John von Neumann Medal award (2011): Programming Languages Achievement Award award (1990): Computer Pioneer Award award (1981): Harry H. Goode Memorial Award award: Kyoto Prize",https://awards.acm.org/award-recipients/hoare_4622167
turing_award_winners.csv,"Iverson, Kenneth E.",1979,,,no_candidate,No candidate with sufficient corroborating identity evidence in this pass.,,,,"For his pioneering effort in programming languages and mathematical notation resulting in what the computing field now knows as APL, for his contributions to the implementation of interactive systems, to educational uses of APL, and to programming language theory and practice.",,,,Kenneth E. Iverson,award (1979): Turing Award award (1975): Harry H. Goode Memorial Award,https://awards.acm.org/award-recipients/iverson_9147499
turing_award_winners.csv,"Floyd, Robert W.",1978,,,no_candidate,No candidate with sufficient corroborating identity evidence in this pass.,,,,"For having a clear influence on methodologies for the creation of efficient and reliable software, and for helping to found the following important subfields of computer science: the theory of parsing, the semantics of programming languages, automatic program verification, automatic program synthesis, and analysis of algorithms.",,,,Robert W. Floyd,"affiliation: Stanford University, Computer Science Department, CA, USA award (1978): Turing Award award (1991): Computer Pioneer Award",https://awards.acm.org/award-recipients/floyd_3720707
turing_award_winners.csv,"Backus, John",1977,,,no_candidate,No candidate with sufficient corroborating identity evidence in this pass.,,,,"For profound, influential, and lasting contributions to the design of practical high-level programming systems, notably through his work on FORTRAN, and for seminal publication of formal procedures for the specification of programming languages.",,,,John W. Backus,award (1977): Turing Award award (2004): Programming Languages Achievement Award award (1975): National Medal of Science award (1967): W. Wallace McDowell Award,https://awards.acm.org/award-recipients/backus_0703524
turing_award_winners.csv,"Scott, Dana S",1976,,,no_candidate,No candidate with sufficient corroborating identity evidence in this pass.,,,,"Along with Michael O. Rabin, for their joint paper ""Finite Automata and Their Decision Problem,"" which introduced the idea of nondeterministic machines, which has proved to be an enormously valuable concept. Their (Scott & Rabin) classic paper has been a continuous source of inspiration for subsequent work in this field.",Dana Scott,"Visiting Scholar, UC Berkeley","[""Logic"", ""Semantics of Programming Languages""]",Dana S. Scott,"award: Turing Award, 1976",https://awards.acm.org/award-recipients/scott_1193622
turing_award_winners.csv,"Newell, Allen",1975,,,no_candidate,No candidate with sufficient corroborating identity evidence in this pass.,,,,"In joint scientific efforts extending over twenty years, initially in collaboration with J. C. Shaw at the RAND Corporation, and subsequentially with numerous faculty and student colleagues at Carnegie-Mellon University, Newell and co-recipient Herbert A. Simon made basic contributions to artificial intelligence, the psychology of human cognition, and list processing.",Allen Newell,"Professor of Computer Science, Carnegie Mellon","[""Artificial Intelligence""]",Allen Newell,"affiliation: Carnegie Mellon University, Department of Computer Science, Pittsburgh, PA, USA award (1975): Turing Award award (1992): National Medal of Science award (1990): IEEE Emanuel R. Piore Award",https://awards.acm.org/award-recipients/newell_3167755
turing_award_winners.csv,"Simon, Herbert A",1975,,,no_candidate,No candidate with sufficient corroborating identity evidence in this pass.,,,,"In joint scientific efforts extending over twenty years, initially in collaboration with J. C. Shaw at the RAND Corporation, and subsequentially with numerous faculty and student colleagues at Carnegie-Mellon University, Simon and co-recipient Allen Newell made basic contributions to artificial intelligence, the psychology of human cognition, and list processing.",,,,Herbert A. Simon,award (1975): Turing Award award (1978): Prize in Economic Sciences in Memory of Alfred Nobel award (1988): John von Neumann Theory Prize award (1986): National Medal of Science,https://awards.acm.org/award-recipients/simon_1031467
turing_award_winners.csv,"Knuth, Donald E",1974,,,no_candidate,No candidate with sufficient corroborating identity evidence in this pass.,,,,"For his major contributions to the analysis of algorithms and the design of programming languages, and in particular for his contributions to the ""art of computer programming"" through his well-known books in a continuous series by this title.",Donald E. Knuth,Stanford University,[],Donald E. Knuth,"affiliation: Stanford University, Computer Science Department, CA, USA award (1974): Turing Award award (2010): BBVA Foundation Frontiers of Knowledge Award award (1995): IEEE John von Neumann Medal award (1986): ACM Software System Award award (1980): W. Wallace McDowell Award award (1979): National Medal of Science award (1971): Grace Murray Hopper Award",https://awards.acm.org/award-recipients/knuth_1013846
turing_award_winners.csv,"Bachman, Charles W",1973,,,no_candidate,No candidate with sufficient corroborating identity evidence in this pass.,,,,For his outstanding contributions to database technology.,,,,Charles W. Bachman,award (1973): Turing Award award (2012): National Medal of Technology and Innovation,https://awards.acm.org/award-recipients/bachman_9385610
turing_award_winners.csv,"Dijkstra, Edsger W",1972,,,no_candidate,No candidate with sufficient corroborating identity evidence in this pass.,,,,"For fundamental contributions to programming as a high, intellectual challenge; for eloquent insistence and practical demonstration that programs should be composed correctly, not just debugged into correctness; for illuminating perception of problems at the foundations of program design.",,,,Edsger W. Dijkstra,award (1972): Turing Award award (2002): Dijkstra Prize award (1974): Harry H. Goode Memorial Award,https://awards.acm.org/award-recipients/dijkstra_1053701
turing_award_winners.csv,"McCarthy, John",1971,,,no_candidate,No candidate with sufficient corroborating identity evidence in this pass.,,,,"Dr. McCarthy's lecture ""The Present State of Research on Artificial Intelligence"" is a topic that covers the area in which he has achieved considerable recognition for his work.",,,,John McCarthy 0001,"affiliation: Stanford University, Stanford, CA, USA affiliation: Massachusetts Institute of Technology, Cambridge, MA, USA award (1971): Turing Award award (2003): Benjamin Franklin Medal award (2002): Programming Languages Achievement Award award (1990): National Medal of Science award (1988): Kyoto Prize award (1985): Computer Pioneer Award",https://awards.acm.org/award-recipients/mccarthy_1118322
turing_award_winners.csv,"Wilkinson, J. H.",1970,,,no_candidate,No candidate with sufficient corroborating identity evidence in this pass.,,,,"For his research in numerical analysis to facilitate the use of the high-speed digital computer, having received special recognition for his work in computations in linear algebra and ""backward"" error analysis.",James Hardy Wilkinson,National Physical Laboratory (deceased),"[""Numerical Linear Algebra""]",,,https://awards.acm.org/award-recipients/wilkinson_0671216
turing_award_winners.csv,"Minsky, Marvin",1969,,,no_candidate,No candidate with sufficient corroborating identity evidence in this pass.,,,,"For his central role in creating, shaping, promoting, and advancing the field of Artificial Intelligence.",Marvin L. Minsky,MIT,"[""Artificial Intelligence"", ""Cognitive Psychology""]",Marvin Minsky,award (1969): Turing Award award (2013): BBVA Foundation Frontiers of Knowledge Award award (2001): Benjamin Franklin Medal award (1995): Computer Pioneer Award,https://awards.acm.org/award-recipients/minsky_7440781
turing_award_winners.csv,"Hamming, Richard W",1968,,,no_candidate,No candidate with sufficient corroborating identity evidence in this pass.,,,,"For his work on numerical methods, automatic coding systems, and error-detecting and error-correcting codes.",,,,Richard Wesley Hamming,"award: Turing Award, 1968 award (1988): IEEE Richard W. Hamming Medal award (1979): IEEE Emanuel R. Piore Award President of the ACM, 1958 to 1960",https://awards.acm.org/award-recipients/hamming_1000652
turing_award_winners.csv,"Wilkes, Maurice V.",1967,,,no_candidate,No candidate with sufficient corroborating identity evidence in this pass.,,,,"Professor Wilkes is best known as the builder and designer of the EDSAC, the first computer with an internally stored program. Built in 1949, the EDSAC used a mercury delay line memory. He is also known as the author, with Wheeler and Gill, of a volume on ""Preparation of Programs for Electronic Digital Computers"" in 1951, in which program libraries were effectively introduced.",,,,Maurice V. Wilkes,award (1967): Turing Award award (1997): IEEE John von Neumann Medal award (1981): W. Wallace McDowell Award award (1980): Eckert-Mauchly Award award (1968): Harry H. Goode Memorial Award,https://awards.acm.org/award-recipients/wilkes_1001395
turing_award_winners.csv,"Perlis, A. J.",1966,,,no_candidate,No candidate with sufficient corroborating identity evidence in this pass.,,,,For his influence in the area of advanced programming techniques and compiler construction.,,,,Alan J. Perlis,award (1966): Turing Award award (1985): Computer Pioneer Award,https://awards.acm.org/award-recipients/perlis_0132439
